datetime,open,high,low,close,volume
2025-01-02 00:00:00,2625.44,2634.4,2621.69,2632.92,13358.0
2025-01-02 04:00:00,2632.93,2636.52,2631.13,2634.01,20808.0
2025-01-02 08:00:00,2634.01,2639.91,2631.15,2636.05,21264.0
2025-01-02 12:00:00,2636.06,2647.32,2632.67,2642.95,27692.0
2025-01-02 16:00:00,2642.83,2660.42,2640.34,2656.48,32427.0
2025-01-02 20:00:00,2656.49,2660.4,2653.74,2657.28,16320.0
2025-01-03 00:00:00,2657.46,2662.39,2656.64,2659.35,10032.0
2025-01-03 04:00:00,2659.45,2665.14,2655.95,2658.54,20837.0
2025-01-03 08:00:00,2658.54,2660.24,2649.87,2653.59,19991.0
2025-01-03 12:00:00,2653.58,2659.21,2643.4,2649.77,21566.0
2025-01-03 16:00:00,2649.74,2652.64,2638.98,2641.81,31223.0
2025-01-03 20:00:00,2641.78,2642.95,2636.69,2639.19,16389.0
2025-01-06 00:00:00,2639.19,2647.42,2638.64,2641.33,13004.0
2025-01-06 04:00:00,2641.26,2645.37,2631.64,2633.96,22260.0
2025-01-06 08:00:00,2633.93,2635.73,2625.12,2632.7,21760.0
2025-01-06 12:00:00,2632.72,2649.41,2621.85,2624.21,29074.0
2025-01-06 16:00:00,2624.04,2641.32,2614.28,2636.72,32667.0
2025-01-06 20:00:00,2636.75,2638.59,2632.64,2635.88,14899.0
2025-01-07 00:00:00,2635.21,2641.2,2632.9,2639.05,10971.0
2025-01-07 04:00:00,2639.05,2645.74,2636.99,2644.47,15759.0
2025-01-07 08:00:00,2644.47,2646.82,2638.04,2641.31,20329.0
2025-01-07 12:00:00,2641.29,2664.33,2641.29,2662.51,24150.0
2025-01-07 16:00:00,2662.52,2663.01,2642.08,2652.38,35122.0
2025-01-07 20:00:00,2652.38,2652.39,2646.95,2648.62,19132.0
2025-01-08 00:00:00,2648.0,2651.53,2647.16,2648.82,10578.0
2025-01-08 04:00:00,2648.86,2650.77,2645.27,2650.1,16905.0
2025-01-08 08:00:00,2650.05,2654.94,2648.94,2653.51,21330.0
2025-01-08 12:00:00,2653.5,2660.25,2645.86,2660.23,24766.0
2025-01-08 16:00:00,2660.18,2669.97,2649.48,2655.54,30803.0
2025-01-08 20:00:00,2655.57,2664.04,2651.52,2661.42,18516.0
2025-01-09 00:00:00,2661.41,2663.13,2657.27,2658.42,7683.0
2025-01-09 04:00:00,2658.37,2662.15,2655.48,2658.34,13786.0
2025-01-09 08:00:00,2658.34,2666.88,2658.34,2665.0,16907.0
2025-01-09 12:00:00,2665.01,2678.29,2664.45,2672.73,20037.0
2025-01-09 16:00:00,2672.74,2675.76,2662.66,2665.93,22725.0
2025-01-09 20:00:00,2665.93,2672.44,2665.14,2670.11,12539.0
2025-01-10 00:00:00,2670.29,2671.92,2668.41,2671.05,8846.0
2025-01-10 04:00:00,2671.05,2675.85,2670.46,2674.9,13361.0
2025-01-10 08:00:00,2674.9,2682.25,2673.41,2678.56,19408.0
2025-01-10 12:00:00,2678.6,2683.63,2663.83,2682.46,25087.0
2025-01-10 16:00:00,2682.22,2697.98,2680.85,2696.08,42302.0
2025-01-10 20:00:00,2696.07,2697.27,2684.3,2688.97,23979.0
2025-01-13 00:00:00,2689.64,2693.32,2679.42,2685.47,15052.0
2025-01-13 04:00:00,2685.41,2690.71,2683.13,2686.75,23874.0
2025-01-13 08:00:00,2686.87,2691.34,2682.79,2684.66,26080.0
2025-01-13 12:00:00,2684.58,2684.97,2663.58,2668.85,30596.0
2025-01-13 16:00:00,2668.85,2673.93,2659.04,2660.66,33814.0
2025-01-13 20:00:00,2660.67,2663.9,2656.59,2663.46,18529.0
2025-01-14 00:00:00,2662.59,2672.06,2661.37,2670.55,14119.0
2025-01-14 04:00:00,2670.67,2675.14,2667.21,2668.4,24210.0
2025-01-14 08:00:00,2668.37,2674.14,2664.56,2666.99,23871.0
2025-01-14 12:00:00,2667.13,2674.19,2660.85,2662.79,26496.0
2025-01-14 16:00:00,2662.76,2674.02,2659.65,2669.05,33583.0
2025-01-14 20:00:00,2669.06,2678.22,2666.75,2676.89,18549.0
2025-01-15 00:00:00,2677.5,2679.52,2669.92,2669.93,8667.0
2025-01-15 04:00:00,2669.94,2679.41,2669.4,2679.41,19540.0
2025-01-15 08:00:00,2679.39,2688.52,2679.15,2685.94,22716.0
2025-01-15 12:00:00,2685.93,2694.22,2682.12,2693.93,28327.0
2025-01-15 16:00:00,2693.85,2696.09,2676.76,2692.63,35499.0
2025-01-15 20:00:00,2692.86,2697.61,2691.14,2696.87,18166.0
2025-01-16 00:00:00,2695.8,2702.07,2692.72,2696.15,14032.0
2025-01-16 04:00:00,2696.39,2698.6,2693.67,2694.63,19868.0
2025-01-16 08:00:00,2694.62,2706.09,2690.03,2705.26,24031.0
2025-01-16 12:00:00,2705.25,2718.23,2699.93,2715.42,26445.0
2025-01-16 16:00:00,2715.43,2724.76,2712.65,2721.77,34129.0
2025-01-16 20:00:00,2721.78,2723.28,2712.33,2714.38,19457.0
2025-01-17 00:00:00,2713.88,2716.1,2709.88,2714.66,11911.0
2025-01-17 04:00:00,2714.62,2717.37,2711.25,2711.71,17016.0
2025-01-17 08:00:00,2711.7,2714.63,2703.88,2704.73,21146.0
2025-01-17 12:00:00,2704.7,2712.14,2702.82,2705.01,26222.0
2025-01-17 16:00:00,2704.98,2717.3,2702.7,2712.53,31693.0
2025-01-17 20:00:00,2712.62,2713.27,2699.25,2702.48,20815.0
2025-01-20 00:00:00,2702.08,2703.18,2689.25,2693.74,13532.0
2025-01-20 04:00:00,2693.91,2707.54,2693.63,2707.31,20475.0
2025-01-20 08:00:00,2707.37,2713.8,2702.84,2706.14,19749.0
2025-01-20 12:00:00,2706.13,2712.52,2701.87,2705.08,23721.0
2025-01-20 16:00:00,2705.67,2712.61,2703.35,2707.4,23527.0
2025-01-20 20:00:00,2707.4,2711.26,2705.16,2707.46,2253.0
2025-01-21 00:00:00,2706.01,2719.23,2702.72,2717.98,15687.0
2025-01-21 04:00:00,2717.97,2729.15,2717.83,2725.95,24719.0
2025-01-21 08:00:00,2726.0,2732.75,2716.95,2720.68,28733.0
2025-01-21 12:00:00,2720.59,2729.98,2716.21,2726.17,28929.0
2025-01-21 16:00:00,2726.19,2745.95,2725.1,2740.18,33262.0
2025-01-21 20:00:00,2740.18,2746.0,2739.76,2744.23,17705.0
2025-01-22 00:00:00,2744.08,2750.01,2741.99,2748.14,13645.0
2025-01-22 04:00:00,2748.01,2758.65,2746.22,2758.09,21646.0
2025-01-22 08:00:00,2758.1,2762.35,2745.54,2758.36,27076.0
2025-01-22 12:00:00,2758.4,2763.44,2750.86,2757.61,25415.0
2025-01-22 16:00:00,2757.64,2760.38,2750.36,2756.45,31991.0
2025-01-22 20:00:00,2756.44,2759.34,2754.48,2756.02,17078.0
2025-01-23 00:00:00,2755.75,2756.31,2750.6,2752.65,9147.0
2025-01-23 04:00:00,2752.65,2754.91,2749.5,2751.96,18246.0
2025-01-23 08:00:00,2751.95,2755.54,2740.79,2745.83,22536.0
2025-01-23 12:00:00,2745.82,2754.45,2735.77,2741.48,31824.0
2025-01-23 16:00:00,2741.75,2759.02,2740.27,2757.73,34891.0
2025-01-23 20:00:00,2757.74,2758.22,2751.27,2754.15,20664.0
2025-01-24 00:00:00,2753.74,2762.53,2753.52,2762.28,11989.0
2025-01-24 04:00:00,2762.27,2777.46,2762.27,2775.21,26505.0
2025-01-24 08:00:00,2775.19,2778.3,2770.0,2772.78,23163.0
2025-01-24 12:00:00,2772.78,2784.57,2771.39,2782.33,26204.0
2025-01-24 16:00:00,2782.51,2786.0,2769.96,2773.34,34389.0
2025-01-24 20:00:00,2773.34,2775.3,2770.52,2771.65,18114.0
2025-01-27 00:00:00,2770.11,2772.56,2762.88,2762.92,15726.0
2025-01-27 04:00:00,2762.91,2763.64,2752.84,2753.28,25613.0
2025-01-27 08:00:00,2753.16,2764.63,2747.02,2763.13,27042.0
2025-01-27 12:00:00,2763.22,2771.69,2752.05,2757.16,30662.0
2025-01-27 16:00:00,2756.96,2757.8,2730.27,2733.42,36325.0
2025-01-27 20:00:00,2733.31,2743.74,2732.76,2740.14,20663.0
2025-01-28 00:00:00,2739.18,2745.13,2738.88,2741.29,11653.0
2025-01-28 04:00:00,2741.25,2744.77,2737.55,2741.51,21380.0
2025-01-28 08:00:00,2741.27,2745.01,2734.44,2743.16,22902.0
2025-01-28 12:00:00,2743.16,2749.32,2740.06,2748.49,24796.0
2025-01-28 16:00:00,2748.51,2759.99,2748.51,2759.71,32035.0
2025-01-28 20:00:00,2759.7,2765.08,2759.1,2763.2,20099.0
2025-01-29 00:00:00,2762.36,2766.22,2761.71,2763.79,8723.0
2025-01-29 04:00:00,2763.76,2765.68,2760.02,2760.76,18852.0
2025-01-29 08:00:00,2760.81,2765.98,2757.44,2762.79,22658.0
2025-01-29 12:00:00,2762.83,2763.43,2752.23,2758.74,28713.0
2025-01-29 16:00:00,2758.95,2761.09,2748.39,2752.93,31615.0
2025-01-29 20:00:00,2752.88,2759.39,2744.75,2758.75,24609.0
2025-01-30 00:00:00,2759.41,2762.56,2758.08,2760.14,10081.0
2025-01-30 04:00:00,2760.12,2763.41,2758.71,2760.51,16719.0
2025-01-30 08:00:00,2760.45,2776.71,2760.25,2774.35,24046.0
2025-01-30 12:00:00,2774.36,2786.03,2773.83,2785.66,26232.0
2025-01-30 16:00:00,2785.79,2798.35,2780.02,2795.57,39061.0
2025-01-30 20:00:00,2795.56,2798.48,2790.43,2793.38,22683.0
2025-01-31 00:00:00,2794.16,2799.64,2792.27,2796.26,12621.0
2025-01-31 04:00:00,2796.35,2798.26,2793.92,2795.49,22080.0
2025-01-31 08:00:00,2795.47,2801.2,2791.68,2793.68,24163.0
2025-01-31 12:00:00,2793.62,2808.59,2791.06,2806.37,28917.0
2025-01-31 16:00:00,2806.58,2817.1,2802.94,2808.72,36814.0
2025-01-31 20:00:00,2808.72,2809.01,2794.3,2800.71,28644.0
2025-02-03 00:00:00,2800.77,2804.17,2778.33,2782.25,20066.0
2025-02-03 04:00:00,2782.24,2785.1,2772.2,2783.12,31290.0
2025-02-03 08:00:00,2783.11,2800.77,2782.88,2796.29,29452.0
2025-02-03 12:00:00,2796.3,2811.91,2793.0,2811.0,28144.0
2025-02-03 16:00:00,2811.01,2830.4,2810.09,2817.25,38914.0
2025-02-03 20:00:00,2817.35,2822.91,2812.29,2814.48,23732.0
2025-02-04 00:00:00,2813.89,2824.14,2811.45,2823.37,10413.0
2025-02-04 04:00:00,2823.26,2824.78,2813.36,2815.8,28329.0
2025-02-04 08:00:00,2815.69,2821.89,2807.23,2820.07,31392.0
2025-02-04 12:00:00,2820.03,2837.09,2812.85,2831.67,29767.0
2025-02-04 16:00:00,2831.68,2845.48,2829.06,2843.99,38395.0
2025-02-04 20:00:00,2844.01,2844.98,2840.64,2841.91,21620.0
2025-02-05 00:00:00,2842.22,2849.03,2839.6,2844.48,15190.0
2025-02-05 04:00:00,2844.46,2860.63,2843.95,2859.35,20311.0
2025-02-05 08:00:00,2859.14,2872.17,2854.85,2870.33,24503.0
2025-02-05 12:00:00,2870.35,2877.17,2858.69,2861.64,29423.0
2025-02-05 16:00:00,2861.63,2882.56,2860.64,2872.97,37323.0
2025-02-05 20:00:00,2872.9,2873.56,2859.94,2867.11,24303.0
2025-02-06 00:00:00,2866.15,2871.93,2863.71,2871.64,12939.0
2025-02-06 04:00:00,2871.83,2873.26,2864.37,2868.37,23681.0
2025-02-06 08:00:00,2868.36,2871.41,2848.93,2859.42,29409.0
2025-02-06 12:00:00,2859.43,2870.16,2855.47,2856.7,29434.0
2025-02-06 16:00:00,2856.67,2859.79,2834.01,2852.16,36912.0
2025-02-06 20:00:00,2852.23,2857.25,2849.83,2856.12,22848.0
2025-02-07 00:00:00,2855.07,2868.25,2855.07,2866.28,11931.0
2025-02-07 04:00:00,2866.29,2870.65,2862.03,2862.08,19671.0
2025-02-07 08:00:00,2861.96,2870.73,2859.01,2868.97,24476.0
2025-02-07 12:00:00,2868.96,2871.11,2852.24,2862.38,27876.0
2025-02-07 16:00:00,2862.42,2886.64,2853.29,2860.17,38255.0
2025-02-07 20:00:00,2860.12,2865.16,2858.95,2861.86,18207.0
2025-02-10 00:00:00,2857.98,2876.55,2856.48,2871.91,16444.0
2025-02-10 04:00:00,2871.93,2880.13,2871.26,2879.3,20575.0
2025-02-10 08:00:00,2879.29,2903.27,2878.91,2902.96,29803.0
2025-02-10 12:00:00,2903.07,2911.03,2898.21,2901.04,33405.0
2025-02-10 16:00:00,2900.95,2911.55,2896.41,2903.24,33469.0
2025-02-10 20:00:00,2903.25,2908.58,2900.91,2907.95,24291.0
2025-02-11 00:00:00,2907.19,2936.12,2906.89,2933.96,19463.0
2025-02-11 04:00:00,2933.97,2942.6,2904.57,2922.7,35376.0
2025-02-11 08:00:00,2922.53,2929.27,2902.91,2903.16,33914.0
2025-02-11 12:00:00,2903.28,2907.14,2881.66,2896.15,39100.0
2025-02-11 16:00:00,2896.24,2908.41,2890.7,2905.41,37375.0
2025-02-11 20:00:00,2905.4,2906.93,2893.82,2897.53,25571.0
2025-02-12 00:00:00,2896.46,2900.72,2883.65,2893.21,15416.0
2025-02-12 04:00:00,2893.25,2897.48,2883.59,2886.07,27177.0
2025-02-12 08:00:00,2885.96,2895.61,2885.26,2886.57,27767.0
2025-02-12 12:00:00,2886.56,2889.72,2863.63,2884.56,30560.0
2025-02-12 16:00:00,2884.76,2909.01,2881.76,2902.66,34343.0
2025-02-12 20:00:00,2902.67,2904.14,2893.36,2903.92,21280.0
2025-02-13 00:00:00,2903.96,2908.94,2900.32,2905.98,12418.0
2025-02-13 04:00:00,2905.95,2922.72,2905.19,2917.89,20853.0
2025-02-13 08:00:00,2917.88,2920.25,2909.26,2915.16,26537.0
2025-02-13 12:00:00,2915.16,2921.16,2905.7,2908.35,25897.0
2025-02-13 16:00:00,2908.36,2920.76,2906.28,2918.87,32128.0
2025-02-13 20:00:00,2918.85,2929.5,2913.98,2928.45,21908.0
2025-02-14 00:00:00,2926.53,2933.91,2926.53,2929.89,13595.0
2025-02-14 04:00:00,2929.91,2932.44,2923.05,2931.01,24875.0
2025-02-14 08:00:00,2930.76,2938.73,2929.88,2935.15,28793.0
2025-02-14 12:00:00,2935.14,2940.05,2917.46,2920.5,30802.0
2025-02-14 16:00:00,2920.66,2928.58,2885.19,2886.81,43417.0
2025-02-14 20:00:00,2886.78,2887.76,2876.82,2882.82,27317.0
2025-02-17 00:00:00,2883.32,2896.19,2877.88,2895.08,16942.0
2025-02-17 04:00:00,2895.07,2905.06,2893.62,2895.76,20403.0
2025-02-17 08:00:00,2895.77,2906.22,2887.95,2902.63,26383.0
2025-02-17 12:00:00,2902.38,2903.68,2895.2,2896.51,25410.0
2025-02-17 16:00:00,2896.52,2903.98,2896.23,2898.27,23993.0
2025-02-17 20:00:00,2898.23,2899.25,2896.66,2899.1,3921.0
2025-02-18 00:00:00,2900.0,2900.2,2891.75,2895.48,7810.0
2025-02-18 04:00:00,2895.48,2915.35,2895.14,2910.42,19240.0
2025-02-18 08:00:00,2910.43,2915.23,2908.19,2912.6,16702.0
2025-02-18 12:00:00,2912.6,2921.22,2906.96,2918.85,22462.0
2025-02-18 16:00:00,2918.8,2933.69,2917.65,2931.12,30607.0
2025-02-18 20:00:00,2931.13,2937.0,2928.26,2935.09,19090.0
2025-02-19 00:00:00,2933.83,2939.54,2927.59,2938.29,9550.0
2025-02-19 04:00:00,2938.29,2939.55,2924.07,2932.79,22725.0
2025-02-19 08:00:00,2932.73,2946.61,2930.24,2945.45,23773.0
2025-02-19 12:00:00,2945.54,2947.08,2931.11,2936.3,27273.0
2025-02-19 16:00:00,2936.27,2940.62,2921.53,2923.78,35449.0
2025-02-19 20:00:00,2923.77,2937.54,2918.64,2933.0,27428.0
2025-02-20 00:00:00,2932.35,2942.46,2932.33,2937.22,12862.0
2025-02-20 04:00:00,2937.22,2946.86,2933.9,2946.82,20166.0
2025-02-20 08:00:00,2946.84,2954.94,2943.99,2951.53,23342.0
2025-02-20 12:00:00,2951.48,2954.86,2933.82,2933.99,28649.0
2025-02-20 16:00:00,2933.95,2946.95,2924.16,2940.52,33957.0
2025-02-20 20:00:00,2940.34,2942.5,2933.63,2939.43,23252.0
2025-02-21 00:00:00,2938.61,2949.69,2926.81,2928.8,12529.0
2025-02-21 04:00:00,2928.75,2940.95,2924.31,2930.23,27499.0
2025-02-21 08:00:00,2930.23,2933.04,2916.67,2929.35,22526.0
2025-02-21 12:00:00,2929.3,2936.07,2926.9,2930.91,23780.0
2025-02-21 16:00:00,2930.9,2941.57,2921.71,2939.82,32486.0
2025-02-21 20:00:00,2939.75,2942.7,2932.06,2936.16,21120.0
2025-02-24 00:00:00,2934.81,2940.61,2921.33,2928.16,16100.0
2025-02-24 04:00:00,2928.03,2944.85,2925.04,2936.37,24234.0
2025-02-24 08:00:00,2936.34,2948.75,2935.34,2944.23,20881.0
2025-02-24 12:00:00,2944.22,2954.6,2934.49,2954.4,23478.0
2025-02-24 16:00:00,2954.41,2956.49,2930.72,2943.36,34327.0
2025-02-24 20:00:00,2943.23,2953.09,2942.81,2952.0,18506.0
2025-02-25 00:00:00,2951.83,2953.94,2945.31,2949.59,13689.0
2025-02-25 04:00:00,2949.61,2952.49,2935.03,2938.08,25719.0
2025-02-25 08:00:00,2938.04,2942.41,2929.5,2938.96,24366.0
2025-02-25 12:00:00,2938.98,2941.48,2923.87,2937.24,28855.0
2025-02-25 16:00:00,2937.13,2944.93,2888.09,2907.3,40121.0
2025-02-25 20:00:00,2907.39,2917.23,2905.27,2914.37,22794.0
2025-02-26 00:00:00,2914.26,2929.91,2912.65,2917.56,14611.0
2025-02-26 04:00:00,2917.57,2922.97,2912.48,2915.22,17373.0
2025-02-26 08:00:00,2915.21,2918.79,2905.66,2913.13,22688.0
2025-02-26 12:00:00,2913.12,2916.7,2905.29,2905.76,22289.0
2025-02-26 16:00:00,2905.74,2916.63,2890.49,2913.74,33413.0
2025-02-26 20:00:00,2913.6,2918.86,2912.08,2915.81,16902.0
2025-02-27 00:00:00,2915.5,2920.81,2911.14,2912.69,11280.0
2025-02-27 04:00:00,2912.68,2914.81,2888.67,2891.02,26959.0
2025-02-27 08:00:00,2891.07,2898.44,2876.85,2887.2,30420.0
2025-02-27 12:00:00,2887.14,2894.7,2880.93,2888.77,28505.0
2025-02-27 16:00:00,2888.73,2892.13,2867.66,2882.99,35812.0
2025-02-27 20:00:00,2883.04,2887.57,2871.16,2876.78,22448.0
2025-02-28 00:00:00,2877.62,2884.86,2873.7,2874.64,15233.0
2025-02-28 04:00:00,2874.63,2877.76,2856.82,2863.82,31407.0
2025-02-28 08:00:00,2863.98,2866.5,2850.89,2862.24,28534.0
2025-02-28 12:00:00,2862.23,2864.8,2848.12,2848.43,26720.0
2025-02-28 16:00:00,2848.48,2853.79,2832.51,2844.9,36741.0
2025-02-28 20:00:00,2844.87,2859.07,2837.88,2858.97,22800.0
2025-03-03 00:00:00,2856.39,2876.75,2855.37,2870.67,18374.0
2025-03-03 04:00:00,2870.67,2871.77,2859.03,2863.66,26386.0
2025-03-03 08:00:00,2863.62,2871.32,2858.64,2867.27,27324.0
2025-03-03 12:00:00,2867.29,2877.62,2867.02,2872.6,22182.0
2025-03-03 16:00:00,2872.45,2893.07,2871.27,2890.84,30878.0
2025-03-03 20:00:00,2890.86,2895.31,2878.35,2892.69,25960.0
2025-03-04 00:00:00,2891.09,2893.83,2881.99,2888.37,10933.0
2025-03-04 04:00:00,2888.3,2894.46,2884.71,2889.69,19994.0
2025-03-04 08:00:00,2889.69,2921.37,2884.39,2918.15,22907.0
2025-03-04 12:00:00,2918.13,2927.84,2912.18,2922.61,24726.0
2025-03-04 16:00:00,2922.74,2923.14,2900.36,2911.63,36062.0
2025-03-04 20:00:00,2911.57,2920.53,2908.29,2917.44,21721.0
2025-03-05 00:00:00,2917.15,2918.26,2903.55,2907.23,11391.0
2025-03-05 04:00:00,2907.22,2918.76,2902.19,2918.68,22149.0
2025-03-05 08:00:00,2918.67,2922.55,2913.1,2918.82,27445.0
2025-03-05 12:00:00,2918.84,2919.27,2894.16,2899.75,28924.0
2025-03-05 16:00:00,2899.81,2929.99,2897.46,2915.9,39630.0
2025-03-05 20:00:00,2915.98,2923.13,2911.24,2918.75,22516.0
2025-03-06 00:00:00,2917.9,2925.65,2916.02,2924.56,10823.0
2025-03-06 04:00:00,2924.64,2926.53,2914.58,2919.82,16907.0
2025-03-06 08:00:00,2919.84,2923.09,2891.12,2894.09,27518.0
2025-03-06 12:00:00,2894.11,2909.26,2891.78,2904.28,29638.0
2025-03-06 16:00:00,2904.21,2922.8,2903.27,2915.56,33511.0
2025-03-06 20:00:00,2915.54,2920.57,2908.34,2910.67,19880.0
2025-03-07 00:00:00,2911.5,2913.59,2895.28,2906.78,14890.0
2025-03-07 04:00:00,2906.72,2912.6,2901.18,2909.56,27300.0
2025-03-07 08:00:00,2909.57,2923.05,2907.76,2921.55,24212.0
2025-03-07 12:00:00,2921.55,2926.45,2910.33,2913.87,32689.0
2025-03-07 16:00:00,2913.76,2930.37,2903.76,2908.23,36801.0
2025-03-07 20:00:00,2908.24,2912.42,2902.05,2912.18,22662.0
2025-03-10 00:00:00,2911.0,2918.31,2909.52,2912.19,17678.0
2025-03-10 04:00:00,2912.18,2914.56,2906.99,2909.92,21951.0
2025-03-10 08:00:00,2909.93,2915.38,2896.59,2911.26,27928.0
2025-03-10 12:00:00,2911.25,2911.44,2895.51,2903.52,31862.0
2025-03-10 16:00:00,2903.17,2910.5,2882.66,2885.93,37497.0
2025-03-10 20:00:00,2885.86,2890.82,2880.02,2889.11,17663.0
2025-03-11 00:00:00,2888.26,2890.84,2880.2,2890.49,14456.0
2025-03-11 04:00:00,2890.5,2900.37,2889.8,2895.7,17267.0
2025-03-11 08:00:00,2895.69,2912.44,2893.32,2911.76,21346.0
2025-03-11 12:00:00,2911.78,2922.11,2906.94,2917.72,25456.0
2025-03-11 16:00:00,2917.9,2920.95,2911.9,2917.82,28243.0
2025-03-11 20:00:00,2917.76,2921.32,2915.16,2915.54,12645.0
2025-03-12 00:00:00,2913.97,2919.59,2910.85,2914.92,13596.0
2025-03-12 04:00:00,2914.91,2919.94,2912.01,2916.02,19628.0
2025-03-12 08:00:00,2916.04,2925.45,2909.0,2914.83,26735.0
2025-03-12 12:00:00,2914.78,2923.06,2906.14,2915.61,29512.0
2025-03-12 16:00:00,2915.6,2940.54,2914.29,2936.04,34022.0
2025-03-12 20:00:00,2936.05,2937.46,2930.79,2933.06,15882.0
2025-03-13 00:00:00,2932.82,2941.58,2932.82,2937.9,12761.0
2025-03-13 04:00:00,2937.91,2947.13,2937.55,2940.05,19482.0
2025-03-13 08:00:00,2940.04,2948.86,2932.99,2947.79,21674.0
2025-03-13 12:00:00,2947.78,2952.38,2939.08,2950.36,29016.0
2025-03-13 16:00:00,2950.35,2985.36,2949.75,2979.48,37166.0
2025-03-13 20:00:00,2979.51,2989.33,2979.13,2988.71,14879.0
2025-03-14 00:00:00,2988.73,2990.16,2981.78,2987.92,18272.0
2025-03-14 04:00:00,2987.91,2993.93,2981.91,2986.32,25527.0
2025-03-14 08:00:00,2986.31,2999.45,2980.82,2998.8,25958.0
2025-03-14 12:00:00,2998.78,3004.82,2983.27,2986.2,31976.0
2025-03-14 16:00:00,2985.45,2993.41,2978.46,2986.57,31068.0
2025-03-14 20:00:00,2986.59,2988.82,2981.7,2984.45,14546.0
2025-03-17 00:00:00,2984.19,2993.98,2983.07,2990.72,13641.0
2025-03-17 04:00:00,2990.74,2991.88,2982.1,2986.05,15664.0
2025-03-17 08:00:00,2986.06,2996.83,2983.06,2995.65,16916.0
2025-03-17 12:00:00,2995.64,3001.18,2984.72,2988.37,24116.0
2025-03-17 16:00:00,2988.32,3000.56,2987.08,2997.74,25847.0
2025-03-17 20:00:00,2997.73,3002.01,2996.81,3000.66,13597.0
2025-03-18 00:00:00,3000.3,3008.43,2999.51,3005.65,13671.0
2025-03-18 04:00:00,3005.65,3017.1,3002.92,3012.02,20890.0
2025-03-18 08:00:00,3012.0,3028.48,3010.68,3020.26,24093.0
2025-03-18 12:00:00,3020.24,3038.25,3019.49,3033.2,28441.0
2025-03-18 16:00:00,3032.76,3036.85,3024.7,3032.62,30874.0
2025-03-18 20:00:00,3032.59,3037.88,3032.4,3033.8,12500.0
2025-03-19 00:00:00,3033.47,3035.15,3027.39,3029.43,9269.0
2025-03-19 04:00:00,3029.42,3045.35,3029.01,3044.54,21756.0
2025-03-19 08:00:00,3044.55,3044.79,3022.82,3030.21,24917.0
2025-03-19 12:00:00,3030.22,3041.16,3027.66,3033.26,22008.0
2025-03-19 16:00:00,3033.32,3038.33,3026.01,3030.61,26470.0
2025-03-19 20:00:00,3029.51,3052.0,3029.48,3047.06,19585.0
2025-03-20 00:00:00,3046.97,3056.19,3045.7,3049.7,17207.0
2025-03-20 04:00:00,3049.68,3057.43,3044.91,3046.73,25996.0
2025-03-20 08:00:00,3046.78,3051.5,3038.59,3041.52,25330.0
2025-03-20 12:00:00,3041.5,3042.09,3025.43,3032.39,31587.0
2025-03-20 16:00:00,3032.3,3043.05,3030.49,3041.75,29427.0
2025-03-20 20:00:00,3041.74,3046.07,3040.97,3044.46,14356.0
2025-03-21 00:00:00,3044.21,3047.42,3035.95,3035.95,12747.0
2025-03-21 04:00:00,3035.95,3037.01,3021.6,3028.01,22970.0
2025-03-21 08:00:00,3028.03,3034.74,3027.18,3029.67,22356.0
2025-03-21 12:00:00,3029.66,3038.17,3004.21,3006.67,26422.0
2025-03-21 16:00:00,3006.59,3018.01,2999.36,3013.49,31363.0
2025-03-21 20:00:00,3013.51,3024.28,3013.33,3023.45,14657.0
2025-03-24 00:00:00,3020.76,3026.28,3017.17,3020.87,19084.0
2025-03-24 04:00:00,3020.98,3024.53,3013.62,3022.14,21761.0
2025-03-24 08:00:00,3022.07,3031.04,3017.31,3023.61,26956.0
2025-03-24 12:00:00,3023.72,3033.28,3019.19,3022.63,30219.0
2025-03-24 16:00:00,3022.54,3024.05,3005.81,3007.08,33219.0
2025-03-24 20:00:00,3007.05,3014.63,3002.49,3012.06,14989.0
2025-03-25 00:00:00,3010.72,3014.67,3008.81,3011.66,13097.0
2025-03-25 04:00:00,3011.7,3020.86,3007.44,3018.12,21040.0
2025-03-25 08:00:00,3018.09,3023.51,3010.29,3023.26,20013.0
2025-03-25 12:00:00,3023.27,3030.61,3014.12,3028.64,26794.0
2025-03-25 16:00:00,3028.53,3035.92,3018.09,3022.68,28774.0
2025-03-25 20:00:00,3022.67,3022.86,3017.79,3019.6,11711.0
2025-03-26 00:00:00,3019.1,3025.5,3016.4,3024.88,13141.0
2025-03-26 04:00:00,3024.87,3026.98,3013.28,3022.86,23183.0
2025-03-26 08:00:00,3022.8,3032.07,3017.46,3018.5,24277.0
2025-03-26 12:00:00,3018.49,3030.21,3015.98,3016.77,26765.0
2025-03-26 16:00:00,3016.48,3021.49,3012.23,3018.52,25850.0
2025-03-26 20:00:00,3018.55,3021.57,3015.62,3018.79,13096.0
2025-03-27 00:00:00,3018.04,3028.19,3017.44,3023.38,15343.0
2025-03-27 04:00:00,3023.36,3038.55,3023.05,3029.72,22823.0
2025-03-27 08:00:00,3029.73,3041.02,3026.79,3039.95,24860.0
2025-03-27 12:00:00,3040.0,3055.92,3033.46,3040.5,30669.0
2025-03-27 16:00:00,3040.58,3059.62,3040.58,3052.86,33794.0
2025-03-27 20:00:00,3052.9,3057.86,3052.74,3056.35,13805.0
2025-03-28 00:00:00,3055.89,3074.07,3054.2,3073.93,17338.0
2025-03-28 04:00:00,3073.93,3081.95,3069.73,3077.81,25509.0
2025-03-28 08:00:00,3077.82,3086.01,3066.24,3072.91,25714.0
2025-03-28 12:00:00,3072.94,3084.07,3067.44,3083.42,29499.0
2025-03-28 16:00:00,3083.3,3086.8,3067.33,3077.42,32749.0
2025-03-28 20:00:00,3077.43,3086.63,3073.56,3085.06,14349.0
2025-03-31 00:00:00,3085.53,3097.85,3077.49,3079.07,12973.0
2025-03-31 04:00:00,3079.08,3115.95,3076.83,3113.36,26539.0
2025-03-31 08:00:00,3113.35,3128.25,3107.6,3122.25,26771.0
2025-03-31 12:00:00,3122.27,3126.64,3111.86,3124.58,25631.0
2025-03-31 16:00:00,3124.63,3127.2,3099.94,3117.53,36776.0
2025-03-31 20:00:00,3117.49,3124.73,3115.86,3123.68,21186.0
2025-04-01 00:00:00,3122.75,3127.91,3120.1,3127.22,8607.0
2025-04-01 04:00:00,3127.24,3147.91,3126.57,3144.68,29718.0
2025-04-01 08:00:00,3144.68,3149.0,3124.19,3130.89,31352.0
2025-04-01 12:00:00,3130.93,3138.76,3127.54,3133.13,25742.0
2025-04-01 16:00:00,3133.19,3136.84,3100.62,3106.43,36431.0
2025-04-01 20:00:00,3106.45,3120.8,3105.51,3114.06,17939.0
2025-04-02 00:00:00,3113.38,3123.55,3107.61,3122.78,9898.0
2025-04-02 04:00:00,3122.79,3135.49,3115.39,3115.98,24867.0
2025-04-02 08:00:00,3115.99,3133.77,3109.44,3131.2,25966.0
2025-04-02 12:00:00,3131.26,3131.56,3110.06,3122.47,24992.0
2025-04-02 16:00:00,3122.43,3134.33,3116.7,3131.47,30739.0
2025-04-02 20:00:00,3131.46,3137.42,3104.75,3132.55,23357.0
2025-04-03 00:00:00,3139.45,3167.59,3121.73,3151.17,23805.0
2025-04-03 04:00:00,3151.37,3162.97,3138.97,3140.36,26085.0
2025-04-03 08:00:00,3140.42,3140.94,3116.32,3128.96,27958.0
2025-04-03 12:00:00,3128.89,3129.37,3061.87,3076.14,36228.0
2025-04-03 16:00:00,3076.1,3135.27,3053.98,3107.47,41160.0
2025-04-03 20:00:00,3107.44,3119.65,3100.1,3113.95,22860.0
2025-04-04 00:00:00,3114.36,3116.73,3106.0,3110.58,11030.0
2025-04-04 04:00:00,3110.58,3115.78,3087.06,3100.13,24357.0
2025-04-04 08:00:00,3099.95,3109.88,3078.55,3083.99,27939.0
2025-04-04 12:00:00,3083.89,3136.45,3069.79,3071.05,39765.0
2025-04-04 16:00:00,3071.17,3087.49,3016.83,3030.77,44304.0
2025-04-04 20:00:00,3030.78,3040.79,3015.71,3036.87,29480.0
2025-04-07 00:00:00,3016.04,3032.18,2971.0,2978.61,20279.0
2025-04-07 04:00:00,2978.61,3055.1,2971.81,3035.3,31689.0
2025-04-07 08:00:00,3035.29,3044.34,3013.13,3031.0,36761.0
2025-04-07 12:00:00,3031.01,3045.86,3014.57,3031.1,36543.0
2025-04-07 16:00:00,3031.04,3037.81,2969.77,2970.28,47480.0
2025-04-07 20:00:00,2970.42,2985.42,2956.07,2981.56,32547.0
2025-04-08 00:00:00,2981.8,2992.38,2978.31,2985.16,12913.0
2025-04-08 04:00:00,2985.14,3004.59,2983.42,3001.99,25584.0
2025-04-08 08:00:00,3001.69,3015.52,2999.31,3007.26,24959.0
2025-04-08 12:00:00,3007.13,3019.24,2994.74,3002.4,22016.0
2025-04-08 16:00:00,3002.39,3022.56,2984.19,2985.78,32436.0
2025-04-08 20:00:00,2985.79,2992.21,2974.58,2981.89,23149.0
2025-04-09 00:00:00,2983.22,2990.88,2970.0,2980.34,13171.0
2025-04-09 04:00:00,2980.26,3014.08,2972.4,3012.31,26002.0
2025-04-09 08:00:00,3012.24,3052.21,3005.29,3043.67,27522.0
2025-04-09 12:00:00,3043.74,3073.13,3036.15,3047.23,28579.0
2025-04-09 16:00:00,3047.43,3094.82,3047.39,3092.46,32014.0
2025-04-09 20:00:00,3092.51,3099.65,3048.56,3083.05,28234.0
2025-04-10 00:00:00,3083.57,3101.38,3071.48,3097.13,15867.0
2025-04-10 04:00:00,3097.14,3131.6,3078.47,3125.32,24988.0
2025-04-10 08:00:00,3125.35,3132.63,3104.82,3105.12,24966.0
2025-04-10 12:00:00,3105.11,3133.96,3103.17,3123.07,26546.0
2025-04-10 16:00:00,3123.09,3174.88,3116.17,3158.57,32955.0
2025-04-10 20:00:00,3158.46,3176.49,3151.59,3175.22,21368.0
2025-04-11 00:00:00,3175.67,3217.85,3175.63,3205.54,17036.0
2025-04-11 04:00:00,3205.39,3220.22,3201.05,3208.54,27447.0
2025-04-11 08:00:00,3208.62,3227.44,3187.2,3216.03,30173.0
2025-04-11 12:00:00,3216.01,3237.83,3210.13,3233.61,26719.0
2025-04-11 16:00:00,3233.64,3245.36,3219.61,3223.31,34291.0
2025-04-11 20:00:00,3223.35,3238.34,3223.35,3238.25,20959.0
2025-04-14 00:00:00,3229.89,3229.89,3209.38,3220.95,14992.0
2025-04-14 04:00:00,3220.95,3245.68,3215.27,3227.42,24063.0
2025-04-14 08:00:00,3227.4,3238.03,3216.57,3226.94,23819.0
2025-04-14 12:00:00,3226.92,3231.66,3200.43,3206.52,25016.0
2025-04-14 16:00:00,3206.72,3215.71,3193.67,3207.54,29968.0
2025-04-14 20:00:00,3207.53,3216.58,3201.49,3210.23,17766.0
2025-04-15 00:00:00,3211.25,3215.21,3210.48,3211.93,8515.0
2025-04-15 04:00:00,3211.88,3232.72,3210.11,3231.95,19355.0
2025-04-15 08:00:00,3231.85,3232.19,3217.46,3227.74,21049.0
2025-04-15 12:00:00,3227.72,3230.14,3214.05,3221.29,20150.0
2025-04-15 16:00:00,3221.28,3226.68,3211.44,3221.22,26073.0
2025-04-15 20:00:00,3221.2,3233.66,3220.2,3229.09,16930.0
2025-04-16 00:00:00,3230.98,3268.04,3229.99,3264.46,13637.0
2025-04-16 04:00:00,3264.49,3287.62,3256.06,3283.72,23319.0
2025-04-16 08:00:00,3283.73,3317.86,3283.68,3307.0,26893.0
2025-04-16 12:00:00,3306.97,3313.76,3293.14,3307.38,24390.0
2025-04-16 16:00:00,3307.4,3333.05,3296.96,3327.27,31204.0
2025-04-16 20:00:00,3327.33,3342.93,3324.47,3342.7,21967.0
2025-04-17 00:00:00,3343.21,3357.75,3342.07,3345.39,14314.0
2025-04-17 04:00:00,3345.51,3356.27,3320.85,3341.6,25794.0
2025-04-17 08:00:00,3341.53,3345.43,3312.78,3324.22,25359.0
2025-04-17 12:00:00,3324.26,3342.15,3320.65,3328.21,22131.0
2025-04-17 16:00:00,3328.26,3331.98,3283.67,3315.91,32500.0
2025-04-17 20:00:00,3315.95,3328.57,3310.86,3326.53,18662.0
2025-04-21 00:00:00,3332.98,3370.51,3328.92,3368.72,17463.0
2025-04-21 04:00:00,3368.8,3385.22,3367.35,3376.33,24465.0
2025-04-21 08:00:00,3376.34,3395.95,3376.0,3392.85,25006.0
2025-04-21 12:00:00,3392.77,3415.71,3386.47,3414.94,25039.0
2025-04-21 16:00:00,3414.89,3430.29,3405.44,3414.57,31084.0
2025-04-21 20:00:00,3414.61,3430.53,3406.09,3423.62,21598.0
2025-04-22 00:00:00,3424.06,3444.28,3412.49,3425.48,16756.0
2025-04-22 04:00:00,3425.49,3494.8,3421.66,3484.33,25912.0
2025-04-22 08:00:00,3484.39,3500.02,3443.21,3444.13,29784.0
2025-04-22 12:00:00,3444.17,3468.25,3424.31,3431.39,28160.0
2025-04-22 16:00:00,3431.37,3449.37,3371.91,3392.67,33272.0
2025-04-22 20:00:00,3392.75,3410.11,3366.65,3381.16,23705.0
2025-04-23 00:00:00,3323.3,3370.75,3312.97,3367.69,18017.0
2025-04-23 04:00:00,3367.82,3386.43,3329.09,3346.52,25608.0
2025-04-23 08:00:00,3346.49,3349.16,3291.67,3321.28,26829.0
2025-04-23 12:00:00,3321.35,3340.28,3310.48,3310.58,23469.0
2025-04-23 16:00:00,3310.56,3313.46,3259.98,3294.89,36380.0
2025-04-23 20:00:00,3294.94,3301.3,3277.62,3288.01,22492.0
2025-04-24 00:00:00,3288.38,3338.89,3288.26,3331.63,14382.0
2025-04-24 04:00:00,3331.55,3367.26,3320.41,3325.96,25580.0
2025-04-24 08:00:00,3326.0,3341.43,3314.64,3335.81,24230.0
2025-04-24 12:00:00,3335.96,3344.43,3325.32,3335.77,22601.0
2025-04-24 16:00:00,3335.76,3336.08,3306.67,3331.35,30132.0
2025-04-24 20:00:00,3331.57,3349.85,3329.87,3348.48,18024.0
2025-04-25 00:00:00,3350.22,3370.31,3346.64,3357.56,14246.0
2025-04-25 04:00:00,3357.53,3362.69,3316.28,3324.62,24685.0
2025-04-25 08:00:00,3324.61,3326.92,3286.98,3303.49,28225.0
2025-04-25 12:00:00,3303.73,3308.5,3287.81,3292.48,23779.0
2025-04-25 16:00:00,3292.51,3292.66,3265.03,3285.17,28667.0
2025-04-25 20:00:00,3285.19,3316.01,3281.73,3316.01,17950.0
2025-04-28 00:00:00,3324.74,3330.84,3298.5,3313.99,15451.0
2025-04-28 04:00:00,3313.93,3314.99,3268.16,3298.75,22289.0
2025-04-28 08:00:00,3298.81,3300.77,3277.45,3282.43,22233.0
2025-04-28 12:00:00,3282.42,3302.03,3273.1,3295.84,24604.0
2025-04-28 16:00:00,3295.76,3339.07,3286.76,3336.48,30340.0
2025-04-28 20:00:00,3336.55,3352.84,3333.04,3343.68,19320.0
2025-04-29 00:00:00,3344.44,3348.42,3327.84,3329.93,13576.0
2025-04-29 04:00:00,3329.95,3340.06,3306.87,3309.35,24605.0
2025-04-29 08:00:00,3309.34,3324.88,3305.16,3311.96,21785.0
2025-04-29 12:00:00,3311.84,3316.02,3300.54,3312.85,22826.0
2025-04-29 16:00:00,3312.73,3329.97,3299.73,3328.69,28646.0
2025-04-29 20:00:00,3328.79,3329.63,3313.32,3316.92,17354.0
2025-04-30 00:00:00,3314.31,3327.85,3311.03,3312.93,10536.0
2025-04-30 04:00:00,3312.92,3322.51,3301.18,3307.87,21483.0
2025-04-30 08:00:00,3307.9,3314.5,3280.15,3284.31,23179.0
2025-04-30 12:00:00,3284.35,3304.52,3266.98,3298.45,27397.0
2025-04-30 16:00:00,3298.49,3319.54,3292.73,3310.53,30281.0
2025-04-30 20:00:00,3310.5,3313.33,3282.96,3287.84,20328.0
2025-05-01 00:00:00,3287.5,3290.01,3241.11,3246.42,15957.0
2025-05-01 04:00:00,3246.39,3251.14,3221.06,3226.57,21413.0
2025-05-01 08:00:00,3226.55,3243.02,3223.3,3235.0,22088.0
2025-05-01 12:00:00,3235.06,3235.98,3201.81,3226.63,26346.0
2025-05-01 16:00:00,3226.48,3233.04,3204.86,3219.29,29042.0
2025-05-01 20:00:00,3219.31,3239.66,3209.79,3237.38,18934.0
2025-05-02 00:00:00,3238.77,3244.1,3227.38,3231.2,12488.0
2025-05-02 04:00:00,3231.37,3258.49,3231.25,3251.63,21564.0
2025-05-02 08:00:00,3251.54,3262.98,3246.29,3257.92,21341.0
2025-05-02 12:00:00,3257.9,3269.11,3250.12,3250.24,25272.0
2025-05-02 16:00:00,3250.16,3264.31,3222.65,3224.68,32026.0
2025-05-02 20:00:00,3224.75,3241.06,3223.43,3240.54,20553.0
2025-05-05 00:00:00,3238.45,3252.04,3237.37,3246.56,12874.0
2025-05-05 04:00:00,3246.61,3272.12,3246.43,3256.34,21292.0
2025-05-05 08:00:00,3256.35,3282.71,3253.9,3282.13,22115.0
2025-05-05 12:00:00,3282.48,3322.3,3282.02,3319.38,27691.0
2025-05-05 16:00:00,3319.37,3328.58,3305.47,3309.59,27713.0
2025-05-05 20:00:00,3309.55,3337.55,3309.04,3333.41,19883.0
2025-05-06 00:00:00,3336.3,3337.79,3323.52,3329.67,11370.0
2025-05-06 04:00:00,3329.62,3387.04,3329.62,3363.2,28728.0
2025-05-06 08:00:00,3363.21,3383.12,3350.31,3377.31,25767.0
2025-05-06 12:00:00,3377.2,3392.29,3371.44,3391.01,24747.0
2025-05-06 16:00:00,3391.08,3411.63,3378.2,3408.86,29512.0
2025-05-06 20:00:00,3408.89,3434.99,3407.52,3430.33,21814.0
2025-05-07 00:00:00,3439.0,3439.0,3361.09,3379.69,22066.0
2025-05-07 04:00:00,3379.47,3393.82,3360.2,3382.19,25700.0
2025-05-07 08:00:00,3382.17,3397.43,3378.23,3382.81,23478.0
2025-05-07 12:00:00,3382.8,3393.78,3369.29,3390.86,24994.0
2025-05-07 16:00:00,3390.88,3398.09,3375.73,3386.87,26960.0
2025-05-07 20:00:00,3386.89,3398.04,3363.8,3364.12,23607.0
2025-05-08 00:00:00,3365.95,3386.98,3364.57,3380.43,10919.0
2025-05-08 04:00:00,3380.46,3414.8,3379.01,3381.95,25051.0
2025-05-08 08:00:00,3382.02,3384.04,3320.18,3339.1,28307.0
2025-05-08 12:00:00,3339.12,3358.38,3330.24,3355.95,24172.0
2025-05-08 16:00:00,3355.96,3369.17,3304.23,3310.18,30635.0
2025-05-08 20:00:00,3310.13,3310.97,3288.62,3305.68,21397.0
2025-05-09 00:00:00,3304.52,3323.86,3304.35,3321.96,13396.0
2025-05-09 04:00:00,3321.98,3327.33,3274.55,3324.47,27175.0
2025-05-09 08:00:00,3324.41,3331.98,3312.75,3328.33,24861.0
2025-05-09 12:00:00,3328.31,3338.02,3321.84,3333.31,21648.0
2025-05-09 16:00:00,3333.27,3347.35,3320.2,3336.77,28540.0
2025-05-09 20:00:00,3336.64,3342.8,3324.83,3325.11,16852.0
2025-05-12 00:00:00,3273.03,3311.18,3265.6,3278.71,19507.0
2025-05-12 04:00:00,3278.8,3284.42,3258.56,3278.72,27890.0
2025-05-12 08:00:00,3278.73,3281.36,3215.97,3231.19,30418.0
2025-05-12 12:00:00,3231.23,3234.05,3207.58,3233.52,28695.0
2025-05-12 16:00:00,3233.34,3248.43,3223.19,3224.03,31187.0
2025-05-12 20:00:00,3224.04,3238.65,3220.13,3234.54,19808.0
2025-05-13 00:00:00,3236.01,3242.98,3229.76,3239.74,11210.0
2025-05-13 04:00:00,3239.76,3253.29,3215.8,3252.35,23278.0
2025-05-13 08:00:00,3252.58,3265.43,3247.19,3255.4,23664.0
2025-05-13 12:00:00,3255.3,3258.35,3237.17,3241.91,23097.0
2025-05-13 16:00:00,3241.62,3257.61,3225.3,3250.83,29737.0
2025-05-13 20:00:00,3250.82,3254.65,3241.9,3249.93,17281.0
2025-05-14 00:00:00,3249.31,3256.9,3240.39,3243.59,10336.0
2025-05-14 04:00:00,3243.61,3251.49,3222.39,3223.78,24234.0
2025-05-14 08:00:00,3223.76,3243.85,3221.49,3232.56,24957.0
2025-05-14 12:00:00,3232.59,3239.2,3184.08,3184.53,27091.0
2025-05-14 16:00:00,3184.59,3198.09,3173.61,3188.31,31175.0
2025-05-14 20:00:00,3188.28,3190.27,3167.91,3177.14,19766.0
2025-05-15 00:00:00,3177.54,3187.68,3177.27,3187.57,9602.0
2025-05-15 04:00:00,3187.57,3192.52,3135.43,3138.41,25282.0
2025-05-15 08:00:00,3138.43,3164.1,3120.47,3162.43,27760.0
2025-05-15 12:00:00,3162.38,3189.63,3159.17,3188.66,24858.0
2025-05-15 16:00:00,3188.64,3222.47,3185.07,3222.26,29075.0
2025-05-15 20:00:00,3222.28,3240.58,3216.5,3239.65,19080.0
2025-05-16 00:00:00,3239.41,3252.16,3232.07,3243.11,14584.0
2025-05-16 04:00:00,3243.17,3244.49,3206.58,3219.66,24484.0
2025-05-16 08:00:00,3219.59,3231.3,3195.42,3207.24,23338.0
2025-05-16 12:00:00,3207.23,3212.7,3154.18,3177.25,26364.0
2025-05-16 16:00:00,3177.3,3189.55,3166.01,3189.13,27035.0
2025-05-16 20:00:00,3189.12,3202.58,3183.28,3200.69,16888.0
2025-05-19 00:00:00,3219.19,3249.56,3206.56,3246.27,17267.0
2025-05-19 04:00:00,3246.21,3246.58,3206.52,3215.74,22227.0
2025-05-19 08:00:00,3215.71,3244.72,3214.72,3244.26,22896.0
2025-05-19 12:00:00,3244.28,3248.27,3228.73,3229.11,21611.0
2025-05-19 16:00:00,3229.2,3241.45,3217.14,3231.63,26399.0
2025-05-19 20:00:00,3231.62,3235.61,3224.99,3229.91,16516.0
2025-05-20 00:00:00,3229.5,3231.08,3214.06,3222.62,10510.0
2025-05-20 04:00:00,3222.67,3232.55,3204.41,3217.11,23291.0
2025-05-20 08:00:00,3217.08,3235.64,3207.78,3235.64,22994.0
2025-05-20 12:00:00,3235.66,3250.56,3230.42,3242.47,23451.0
2025-05-20 16:00:00,3242.57,3285.75,3232.61,3278.98,28990.0
2025-05-20 20:00:00,3278.88,3295.7,3278.32,3289.61,19388.0
2025-05-21 00:00:00,3289.84,3304.18,3288.4,3303.28,14173.0
2025-05-21 04:00:00,3303.28,3314.49,3285.39,3301.94,24623.0
2025-05-21 08:00:00,3301.94,3320.44,3298.28,3308.29,24682.0
2025-05-21 12:00:00,3308.37,3318.05,3290.76,3302.42,25081.0
2025-05-21 16:00:00,3302.52,3315.01,3295.19,3302.89,27921.0
2025-05-21 20:00:00,3302.91,3324.67,3302.61,3315.09,21098.0
2025-05-22 00:00:00,3319.27,3325.91,3315.44,3323.59,11420.0
2025-05-22 04:00:00,3323.57,3345.23,3320.31,3338.4,22733.0
2025-05-22 08:00:00,3338.4,3339.25,3310.05,3311.14,24567.0
2025-05-22 12:00:00,3311.06,3314.53,3282.87,3303.85,29187.0
2025-05-22 16:00:00,3303.92,3315.49,3279.16,3301.35,30826.0
2025-05-22 20:00:00,3301.37,3301.57,3288.92,3294.45,19107.0
2025-05-23 00:00:00,3294.58,3308.69,3286.93,3300.76,13107.0
2025-05-23 04:00:00,3300.77,3315.98,3290.85,3313.42,27388.0
2025-05-23 08:00:00,3313.36,3334.2,3312.36,3326.18,29785.0
2025-05-23 12:00:00,3326.19,3360.32,3323.27,3356.96,33010.0
2025-05-23 16:00:00,3357.11,3364.43,3336.35,3358.83,37379.0
2025-05-23 20:00:00,3358.84,3365.68,3356.27,3359.79,21017.0
2025-05-26 00:00:00,3355.89,3356.07,3331.34,3341.78,16064.0
2025-05-26 04:00:00,3341.85,3356.6,3335.45,3349.65,26191.0
2025-05-26 08:00:00,3349.65,3351.63,3330.91,3334.29,25683.0
2025-05-26 12:00:00,3334.48,3335.91,3323.36,3334.21,19477.0
2025-05-26 16:00:00,3334.22,3343.41,3331.34,3341.92,20189.0
2025-05-26 20:00:00,3341.96,3342.97,3340.29,3342.03,3359.0
2025-05-27 00:00:00,3342.5,3349.75,3342.31,3344.9,11499.0
2025-05-27 04:00:00,3344.93,3347.17,3330.52,3330.73,24497.0
2025-05-27 08:00:00,3330.76,3332.47,3292.37,3298.38,31169.0
2025-05-27 12:00:00,3298.36,3309.45,3287.61,3293.63,33047.0
2025-05-27 16:00:00,3293.56,3304.68,3285.09,3297.6,34526.0
2025-05-27 20:00:00,3297.65,3307.77,3296.67,3300.27,20782.0
2025-05-28 00:00:00,3301.0,3315.59,3297.89,3308.38,11026.0
2025-05-28 04:00:00,3308.37,3313.31,3291.54,3296.27,25426.0
2025-05-28 08:00:00,3296.28,3323.6,3295.86,3321.4,28791.0
2025-05-28 12:00:00,3321.39,3325.29,3305.21,3312.07,26139.0
2025-05-28 16:00:00,3312.04,3316.19,3288.42,3293.25,34731.0
2025-05-28 20:00:00,3293.3,3302.87,3276.57,3287.89,24180.0
2025-05-29 00:00:00,3286.98,3294.98,3250.14,3264.81,22506.0
2025-05-29 04:00:00,3264.85,3279.89,3245.31,3268.95,30533.0
2025-05-29 08:00:00,3269.01,3289.09,3265.85,3281.49,28480.0
2025-05-29 12:00:00,3281.42,3317.2,3276.05,3316.27,31161.0
2025-05-29 16:00:00,3316.28,3330.81,3304.81,3322.28,34852.0
2025-05-29 20:00:00,3322.29,3325.81,3315.32,3317.64,21617.0
2025-05-30 00:00:00,3317.51,3321.0,3309.65,3312.53,12560.0
2025-05-30 04:00:00,3312.54,3322.74,3291.29,3296.3,27533.0
2025-05-30 08:00:00,3296.34,3305.04,3287.44,3295.77,28006.0
2025-05-30 12:00:00,3295.68,3306.82,3283.07,3304.06,28341.0
2025-05-30 16:00:00,3304.0,3308.26,3271.57,3293.41,36470.0
2025-05-30 20:00:00,3293.39,3295.73,3289.82,3290.85,18973.0
2025-06-02 00:00:00,3298.4,3316.62,3295.86,3311.37,15750.0
2025-06-02 04:00:00,3311.35,3318.24,3301.46,3313.89,23051.0
2025-06-02 08:00:00,3313.97,3358.91,3313.95,3352.09,27232.0
2025-06-02 12:00:00,3352.08,3363.61,3344.49,3355.45,27766.0
2025-06-02 16:00:00,3355.61,3379.21,3350.34,3371.55,35233.0
2025-06-02 20:00:00,3371.5,3382.93,3370.81,3381.43,23817.0
2025-06-03 00:00:00,3384.07,3392.25,3373.85,3375.86,15086.0
2025-06-03 04:00:00,3375.87,3377.99,3359.26,3362.77,28922.0
2025-06-03 08:00:00,3362.75,3367.71,3351.21,3360.96,28256.0
2025-06-03 12:00:00,3360.9,3362.91,3348.89,3359.18,26179.0
2025-06-03 16:00:00,3359.19,3362.91,3332.93,3348.24,33577.0
2025-06-03 20:00:00,3348.21,3355.3,3347.19,3353.0,18584.0
2025-06-04 00:00:00,3353.1,3361.49,3349.67,3350.15,11658.0
2025-06-04 04:00:00,3350.1,3372.45,3346.33,3354.63,25703.0
2025-06-04 08:00:00,3354.65,3365.09,3347.84,3362.57,27202.0
2025-06-04 12:00:00,3362.61,3364.78,3343.55,3358.64,27429.0
2025-06-04 16:00:00,3358.7,3384.44,3350.65,3374.88,31834.0
2025-06-04 20:00:00,3374.83,3381.96,3370.52,3371.68,17753.0
2025-06-05 00:00:00,3374.24,3381.49,3372.19,3380.05,10395.0
2025-06-05 04:00:00,3380.04,3383.89,3363.86,3368.26,23264.0
2025-06-05 08:00:00,3368.31,3376.92,3361.01,3375.23,24114.0
2025-06-05 12:00:00,3375.25,3403.46,3374.09,3382.83,33252.0
2025-06-05 16:00:00,3382.88,3388.25,3339.24,3353.93,40192.0
2025-06-05 20:00:00,3354.22,3361.2,3348.76,3352.49,22814.0
2025-06-06 00:00:00,3353.5,3363.86,3352.92,3359.21,12313.0
2025-06-06 04:00:00,3359.2,3374.3,3356.0,3373.48,24547.0
2025-06-06 08:00:00,3373.47,3375.4,3352.66,3365.13,28589.0
2025-06-06 12:00:00,3365.16,3365.22,3343.35,3353.24,28112.0
2025-06-06 16:00:00,3353.19,3360.72,3316.26,3322.58,38010.0
2025-06-06 20:00:00,3322.72,3326.62,3306.89,3311.72,20384.0
2025-06-09 00:00:00,3311.98,3320.99,3298.18,3305.23,16224.0
2025-06-09 04:00:00,3305.24,3313.26,3293.36,3311.56,25770.0
2025-06-09 08:00:00,3311.55,3328.32,3309.43,3319.62,26739.0
2025-06-09 12:00:00,3319.67,3323.27,3311.95,3319.83,25809.0
2025-06-09 16:00:00,3319.84,3337.57,3310.53,3337.43,32130.0
2025-06-09 20:00:00,3337.44,3337.99,3324.78,3325.4,18109.0
2025-06-10 00:00:00,3324.62,3327.73,3314.45,3316.42,11853.0
2025-06-10 04:00:00,3316.43,3319.72,3301.74,3307.07,24468.0
2025-06-10 08:00:00,3307.12,3334.65,3306.57,3329.14,28486.0
2025-06-10 12:00:00,3329.15,3342.3,3326.98,3337.04,25916.0
2025-06-10 16:00:00,3336.95,3348.89,3319.93,3321.15,32862.0
2025-06-10 20:00:00,3321.13,3334.34,3319.26,3322.19,20124.0
2025-06-11 00:00:00,3323.28,3335.05,3315.36,3332.19,13906.0
2025-06-11 04:00:00,3332.17,3342.72,3326.96,3341.68,21199.0
2025-06-11 08:00:00,3341.65,3348.38,3332.33,3344.38,24556.0
2025-06-11 12:00:00,3344.35,3360.5,3325.94,3336.55,29058.0
2025-06-11 16:00:00,3336.61,3344.24,3327.75,3330.0,32777.0
2025-06-11 20:00:00,3330.09,3355.55,3319.09,3354.75,25411.0
2025-06-12 00:00:00,3357.52,3373.25,3356.16,3365.57,17817.0
2025-06-12 04:00:00,3365.61,3377.57,3362.28,3370.26,25296.0
2025-06-12 08:00:00,3370.27,3375.6,3338.52,3356.57,28477.0
2025-06-12 12:00:00,3356.56,3390.07,3355.26,3387.87,30148.0
2025-06-12 16:00:00,3387.97,3398.84,3377.72,3383.65,34829.0
2025-06-12 20:00:00,3383.54,3389.06,3377.98,3386.42,20399.0
2025-06-13 00:00:00,3385.18,3419.75,3379.52,3416.0,17775.0
2025-06-13 04:00:00,3416.45,3444.17,3413.74,3425.13,31628.0
2025-06-13 08:00:00,3425.23,3428.62,3407.7,3424.14,29238.0
2025-06-13 12:00:00,3424.15,3437.97,3411.45,3436.46,30221.0
2025-06-13 16:00:00,3436.38,3446.61,3419.08,3429.81,35420.0
2025-06-13 20:00:00,3429.82,3439.31,3427.25,3432.38,23117.0
2025-06-16 00:00:00,3451.68,3452.7,3432.43,3436.08,19898.0
2025-06-16 04:00:00,3436.18,3446.16,3426.71,3427.37,24261.0
2025-06-16 08:00:00,3427.38,3430.2,3409.33,3413.67,29307.0
2025-06-16 12:00:00,3413.82,3422.41,3410.56,3415.44,27009.0
2025-06-16 16:00:00,3415.37,3417.78,3382.7,3399.22,33290.0
2025-06-16 20:00:00,3399.21,3400.03,3382.64,3384.69,20620.0
2025-06-17 00:00:00,3385.19,3403.06,3385.19,3394.26,14816.0
2025-06-17 04:00:00,3394.07,3402.28,3373.52,3393.89,24099.0
2025-06-17 08:00:00,3393.86,3395.29,3377.62,3378.72,24266.0
2025-06-17 12:00:00,3378.7,3399.89,3375.6,3386.51,29424.0
2025-06-17 16:00:00,3386.55,3397.27,3365.99,3382.72,33548.0
2025-06-17 20:00:00,3382.71,3392.23,3381.14,3388.26,20569.0
2025-06-18 00:00:00,3390.24,3396.07,3382.83,3385.5,10807.0
2025-06-18 04:00:00,3385.58,3399.81,3370.42,3394.95,22256.0
2025-06-18 08:00:00,3395.04,3395.48,3376.9,3383.36,24251.0
2025-06-18 12:00:00,3383.34,3389.67,3375.29,3386.44,24876.0
2025-06-18 16:00:00,3386.48,3396.6,3373.67,3390.79,30390.0
2025-06-18 20:00:00,3390.76,3395.61,3362.4,3368.85,27673.0
2025-06-19 00:00:00,3369.94,3383.1,3369.37,3379.28,11881.0
2025-06-19 04:00:00,3379.25,3387.77,3369.55,3374.33,18867.0
2025-06-19 08:00:00,3374.35,3375.08,3347.41,3368.49,29632.0
2025-06-19 12:00:00,3368.47,3378.72,3363.5,3367.77,26321.0
2025-06-19 16:00:00,3367.79,3372.73,3361.37,3370.89,24349.0
2025-06-19 20:00:00,3370.88,3375.24,3365.72,3370.45,5884.0
2025-06-20 00:00:00,3368.78,3370.26,3361.89,3367.96,11330.0
2025-06-20 04:00:00,3367.96,3368.13,3344.67,3354.11,23360.0
2025-06-20 08:00:00,3354.14,3355.11,3340.16,3350.81,24256.0
2025-06-20 12:00:00,3350.8,3359.02,3341.82,3344.29,24137.0
2025-06-20 16:00:00,3344.3,3374.31,3342.86,3371.33,28287.0
2025-06-20 20:00:00,3371.35,3371.58,3364.41,3368.51,14393.0
2025-06-23 00:00:00,3391.19,3396.2,3358.22,3365.47,18480.0
2025-06-23 04:00:00,3365.46,3367.89,3351.79,3358.31,21902.0
2025-06-23 08:00:00,3358.31,3362.1,3346.89,3361.69,24208.0
2025-06-23 12:00:00,3361.68,3381.77,3355.68,3360.25,25805.0
2025-06-23 16:00:00,3360.21,3393.34,3359.66,3389.64,32357.0
2025-06-23 20:00:00,3389.58,3391.27,3367.13,3368.82,22551.0
2025-06-24 00:00:00,3367.67,3369.82,3333.07,3350.9,19091.0
2025-06-24 04:00:00,3350.91,3357.67,3342.07,3348.35,21838.0
2025-06-24 08:00:00,3348.33,3348.58,3315.87,3326.84,29498.0
2025-06-24 12:00:00,3327.11,3328.71,3304.44,3314.5,26967.0
2025-06-24 16:00:00,3314.45,3320.27,3295.26,3318.25,32559.0
2025-06-24 20:00:00,3318.29,3324.99,3315.52,3322.34,18138.0
2025-06-25 00:00:00,3324.59,3329.81,3320.81,3326.77,7963.0
2025-06-25 04:00:00,3326.87,3335.02,3325.62,3327.33,17455.0
2025-06-25 08:00:00,3327.29,3336.87,3326.3,3327.05,20450.0
2025-06-25 12:00:00,3327.02,3329.31,3318.02,3320.44,23011.0
2025-06-25 16:00:00,3320.47,3334.92,3311.77,3334.6,28374.0
2025-06-25 20:00:00,3334.63,3335.83,3324.66,3331.72,19378.0
2025-06-26 00:00:00,3334.36,3339.8,3331.12,3333.81,10514.0
2025-06-26 04:00:00,3333.86,3342.95,3329.09,3333.81,19623.0
2025-06-26 08:00:00,3333.77,3350.08,3330.84,3348.03,22383.0
2025-06-26 12:00:00,3348.04,3348.54,3321.56,3321.83,25040.0
2025-06-26 16:00:00,3321.85,3333.12,3309.79,3331.14,31581.0
2025-06-26 20:00:00,3331.15,3336.23,3327.5,3327.63,17520.0
2025-06-27 00:00:00,3326.96,3328.08,3313.07,3318.63,10670.0
2025-06-27 04:00:00,3318.63,3321.85,3290.95,3293.79,25416.0
2025-06-27 08:00:00,3293.77,3300.78,3281.73,3289.17,28783.0
2025-06-27 12:00:00,3289.15,3290.72,3269.37,3269.87,28778.0
2025-06-27 16:00:00,3269.9,3278.38,3255.62,3277.48,32901.0
2025-06-27 20:00:00,3277.49,3282.57,3268.23,3274.27,20695.0
2025-06-30 00:00:00,3271.55,3281.64,3248.12,3264.46,16961.0
2025-06-30 04:00:00,3264.35,3286.15,3259.34,3285.51,22172.0
2025-06-30 08:00:00,3285.46,3296.58,3284.53,3288.95,23414.0
2025-06-30 12:00:00,3288.94,3288.94,3274.33,3281.76,24543.0
2025-06-30 16:00:00,3281.74,3297.26,3277.76,3297.13,28218.0
2025-06-30 20:00:00,3297.04,3309.19,3291.84,3302.34,18757.0
2025-07-01 00:00:00,3303.93,3314.58,3302.19,3314.55,11636.0
2025-07-01 04:00:00,3314.5,3322.88,3313.72,3322.77,20897.0
2025-07-01 08:00:00,3322.77,3342.13,3322.74,3339.33,26054.0
2025-07-01 12:00:00,3339.34,3357.68,3337.99,3354.27,27020.0
2025-07-01 16:00:00,3354.41,3355.35,3336.99,3341.76,32044.0
2025-07-01 20:00:00,3341.75,3342.19,3336.86,3338.74,19591.0
2025-07-02 00:00:00,3338.84,3344.91,3334.57,3338.97,13328.0
2025-07-02 04:00:00,3338.94,3342.91,3328.73,3340.11,21986.0
2025-07-02 08:00:00,3340.08,3343.87,3327.6,3333.56,23428.0
2025-07-02 12:00:00,3333.52,3351.12,3333.08,3346.65,23359.0
2025-07-02 16:00:00,3346.66,3349.03,3333.89,3348.65,28819.0
2025-07-02 20:00:00,3348.64,3360.03,3347.4,3356.68,18328.0
2025-07-03 00:00:00,3357.42,3365.75,3343.53,3344.71,14453.0
2025-07-03 04:00:00,3344.77,3351.79,3341.92,3350.79,18431.0
2025-07-03 08:00:00,3350.75,3363.72,3350.16,3356.23,23272.0
2025-07-03 12:00:00,3356.22,3356.35,3311.38,3324.27,26421.0
2025-07-03 16:00:00,3324.28,3338.25,3321.92,3333.72,31085.0
2025-07-03 20:00:00,3333.67,3334.59,3325.18,3325.68,8261.0
2025-07-04 00:00:00,3326.82,3331.82,3323.39,3328.82,10448.0
2025-07-04 04:00:00,3328.75,3342.09,3325.95,3340.63,20816.0
2025-07-04 08:00:00,3340.62,3344.87,3336.34,3342.64,20870.0
2025-07-04 12:00:00,3342.62,3342.86,3331.18,3333.71,18279.0
2025-07-04 16:00:00,3333.74,3337.8,3330.66,3334.77,14998.0
2025-07-07 00:00:00,3333.49,3342.58,3321.57,3326.34,14843.0
2025-07-07 04:00:00,3326.37,3327.48,3305.08,3307.53,27382.0
2025-07-07 08:00:00,3307.52,3314.94,3300.47,3309.92,26424.0
2025-07-07 12:00:00,3309.91,3312.4,3296.26,3309.41,29202.0
2025-07-07 16:00:00,3309.39,3327.85,3306.01,3327.23,28696.0
2025-07-07 20:00:00,3327.36,3340.17,3327.21,3336.19,20274.0
2025-07-08 00:00:00,3338.26,3345.59,3331.05,3334.05,12484.0
2025-07-08 04:00:00,3334.05,3337.79,3327.22,3329.4,20071.0
2025-07-08 08:00:00,3329.39,3339.26,3323.09,3323.5,23684.0
2025-07-08 12:00:00,3323.47,3329.65,3319.85,3328.01,22192.0
2025-07-08 16:00:00,3328.0,3328.44,3286.87,3300.26,34153.0
2025-07-08 20:00:00,3300.34,3310.19,3299.17,3301.44,21591.0
2025-07-09 00:00:00,3302.19,3307.79,3297.08,3306.96,11596.0
2025-07-09 04:00:00,3306.95,3307.11,3284.75,3293.81,20997.0
2025-07-09 08:00:00,3293.8,3297.62,3282.51,3284.86,25082.0
2025-07-09 12:00:00,3284.84,3297.3,3283.04,3296.19,22334.0
2025-07-09 16:00:00,3296.21,3313.06,3291.69,3311.69,29161.0
2025-07-09 20:00:00,3311.68,3316.61,3307.84,3313.21,19664.0
2025-07-10 00:00:00,3314.19,3321.73,3313.15,3317.51,10303.0
2025-07-10 04:00:00,3317.28,3326.12,3314.65,3322.04,16943.0
2025-07-10 08:00:00,3322.06,3329.91,3319.69,3328.43,20909.0
2025-07-10 12:00:00,3328.45,3330.05,3317.76,3323.63,24076.0
2025-07-10 16:00:00,3323.65,3329.28,3309.9,3314.91,30470.0
2025-07-10 20:00:00,3314.85,3325.71,3314.55,3323.9,19359.0
2025-07-11 00:00:00,3323.41,3336.02,3321.6,3330.48,11738.0
2025-07-11 04:00:00,3330.42,3335.82,3325.08,3331.82,20768.0
2025-07-11 08:00:00,3331.8,3343.61,3330.92,3332.84,28690.0
2025-07-11 12:00:00,3332.85,3356.84,3332.58,3354.92,28816.0
2025-07-11 16:00:00,3354.91,3368.58,3349.94,3353.57,37614.0
2025-07-11 20:00:00,3353.46,3359.52,3349.04,3357.1,22512.0
2025-07-14 00:00:00,3363.97,3374.04,3359.6,3367.67,18124.0
2025-07-14 04:00:00,3367.69,3370.19,3353.73,3359.77,28616.0
2025-07-14 08:00:00,3359.78,3374.95,3354.04,3365.96,30196.0
2025-07-14 12:00:00,3365.93,3374.62,3349.17,3349.87,29089.0
2025-07-14 16:00:00,3349.88,3358.77,3340.91,3347.57,31506.0
2025-07-14 20:00:00,3347.61,3351.49,3340.89,3343.2,20317.0
2025-07-15 00:00:00,3344.2,3349.15,3341.07,3347.39,7366.0
2025-07-15 04:00:00,3347.47,3361.17,3345.67,3360.03,17454.0
2025-07-15 08:00:00,3360.06,3365.53,3356.53,3360.86,23007.0
2025-07-15 12:00:00,3360.84,3366.16,3346.2,3348.6,26553.0
2025-07-15 16:00:00,3348.61,3352.18,3320.0,3329.07,34928.0
2025-07-15 20:00:00,3329.07,3331.71,3324.66,3324.74,19400.0
2025-07-16 00:00:00,3324.2,3332.58,3323.49,3330.34,8525.0
2025-07-16 04:00:00,3330.33,3338.43,3324.91,3338.13,20294.0
2025-07-16 08:00:00,3338.11,3342.65,3335.52,3341.93,20769.0
2025-07-16 12:00:00,3341.91,3342.79,3330.81,3334.38,24940.0
2025-07-16 16:00:00,3334.4,3377.33,3319.42,3348.82,40081.0
2025-07-16 20:00:00,3348.83,3357.11,3345.93,3347.22,21411.0
2025-07-17 00:00:00,3347.49,3352.01,3339.5,3340.71,9287.0
2025-07-17 04:00:00,3340.65,3344.56,3335.84,3342.49,18224.0
2025-07-17 08:00:00,3342.48,3342.71,3324.98,3328.65,23657.0
2025-07-17 12:00:00,3328.63,3332.32,3309.7,3312.89,27424.0
2025-07-17 16:00:00,3312.87,3339.91,3311.11,3338.84,32256.0
2025-07-17 20:00:00,3338.86,3341.05,3335.64,3338.95,17553.0
2025-07-18 00:00:00,3341.0,3343.98,3338.06,3339.89,9286.0
2025-07-18 04:00:00,3339.91,3344.29,3333.81,3336.98,17412.0
2025-07-18 08:00:00,3337.07,3350.38,3331.79,3347.45,21746.0
2025-07-18 12:00:00,3347.43,3361.26,3347.43,3359.98,23035.0
2025-07-18 16:00:00,3359.99,3360.32,3351.16,3353.62,29509.0
2025-07-18 20:00:00,3353.69,3353.74,3347.65,3350.65,15988.0
2025-07-21 00:00:00,3349.38,3354.38,3344.82,3352.09,8801.0
2025-07-21 04:00:00,3352.06,3358.48,3350.53,3357.59,15862.0
2025-07-21 08:00:00,3357.6,3370.56,3357.44,3365.74,24327.0
2025-07-21 12:00:00,3365.77,3388.41,3362.64,3386.96,24218.0
2025-07-21 16:00:00,3387.07,3401.54,3383.51,3395.64,36439.0
2025-07-21 20:00:00,3395.65,3399.74,3391.56,3396.93,22523.0
2025-07-22 00:00:00,3396.39,3402.67,3390.55,3394.62,10387.0
2025-07-22 04:00:00,3394.63,3395.8,3385.22,3391.09,20258.0
2025-07-22 08:00:00,3391.13,3391.92,3383.26,3388.99,22848.0
2025-07-22 12:00:00,3388.97,3407.89,3384.54,3407.67,21030.0
2025-07-22 16:00:00,3407.54,3432.97,3405.13,3432.22,37270.0
2025-07-22 20:00:00,3432.24,3433.53,3426.54,3431.53,24587.0
2025-07-23 00:00:00,3432.62,3438.84,3426.28,3428.86,12399.0
2025-07-23 04:00:00,3428.88,3430.61,3419.26,3423.52,26170.0
2025-07-23 08:00:00,3423.58,3429.65,3416.42,3428.44,27051.0
2025-07-23 12:00:00,3428.45,3433.87,3419.74,3419.78,21855.0
2025-07-23 16:00:00,3419.77,3420.32,3381.22,3386.93,34031.0
2025-07-23 20:00:00,3387.13,3395.7,3385.51,3386.97,20993.0
2025-07-24 00:00:00,3387.99,3393.01,3386.26,3391.24,8469.0
2025-07-24 04:00:00,3391.27,3393.17,3374.63,3382.61,26126.0
2025-07-24 08:00:00,3382.45,3382.83,3365.68,3369.49,22809.0
2025-07-24 12:00:00,3369.38,3369.87,3352.43,3353.21,21057.0
2025-07-24 16:00:00,3353.27,3377.19,3351.2,3366.8,28530.0
2025-07-24 20:00:00,3366.74,3373.23,3366.03,3368.49,15062.0
2025-07-25 00:00:00,3368.88,3373.41,3365.08,3372.08,9143.0
2025-07-25 04:00:00,3372.13,3372.55,3357.59,3360.84,17263.0
2025-07-25 08:00:00,3360.82,3362.19,3344.33,3345.32,17993.0
2025-07-25 12:00:00,3345.26,3348.72,3336.15,3340.6,17705.0
2025-07-25 16:00:00,3340.62,3347.29,3324.79,3329.48,31081.0
2025-07-25 20:00:00,3329.48,3340.06,3329.4,3336.3,14655.0
2025-07-28 00:00:00,3317.03,3337.22,3317.03,3333.15,13906.0
2025-07-28 04:00:00,3333.2,3343.82,3329.76,3339.45,18680.0
2025-07-28 08:00:00,3339.36,3345.02,3332.19,3335.78,19146.0
2025-07-28 12:00:00,3335.79,3340.53,3325.31,3328.26,18543.0
2025-07-28 16:00:00,3328.22,3330.42,3301.57,3312.03,30020.0
2025-07-28 20:00:00,3312.01,3318.65,3308.59,3314.32,17779.0
2025-07-29 00:00:00,3314.66,3315.62,3307.54,3311.49,9812.0
2025-07-29 04:00:00,3311.42,3320.62,3308.39,3316.36,19040.0
2025-07-29 08:00:00,3316.38,3329.64,3311.09,3326.21,22122.0
2025-07-29 12:00:00,3326.19,3328.04,3314.75,3323.11,20880.0
2025-07-29 16:00:00,3323.12,3333.92,3311.73,3322.92,30193.0
2025-07-29 20:00:00,3322.9,3330.63,3322.49,3326.2,18293.0
2025-07-30 00:00:00,3326.7,3333.47,3325.77,3330.03,7159.0
2025-07-30 04:00:00,3329.92,3333.14,3321.74,3327.02,18269.0
2025-07-30 08:00:00,3327.02,3333.2,3322.96,3332.03,18755.0
2025-07-30 12:00:00,3332.02,3333.82,3310.41,3313.05,21971.0
2025-07-30 16:00:00,3313.17,3315.84,3288.57,3297.92,29471.0
2025-07-30 20:00:00,3297.98,3304.57,3268.02,3274.89,29790.0
2025-07-31 00:00:00,3275.31,3288.28,3273.79,3286.27,11258.0
2025-07-31 04:00:00,3286.35,3298.38,3285.04,3297.95,20051.0
2025-07-31 08:00:00,3297.95,3314.6,3294.51,3309.77,21478.0
2025-07-31 12:00:00,3309.68,3312.94,3293.62,3307.39,25864.0
2025-07-31 16:00:00,3307.41,3310.11,3289.46,3294.84,32489.0
2025-07-31 20:00:00,3294.83,3298.19,3289.75,3289.87,19684.0
2025-08-01 00:00:00,3289.9,3294.97,3286.26,3290.1,9296.0
2025-08-01 04:00:00,3290.1,3296.92,3281.36,3291.89,19508.0
2025-08-01 08:00:00,3291.9,3300.18,3285.11,3294.06,21052.0
2025-08-01 12:00:00,3294.09,3345.02,3292.59,3341.07,23961.0
2025-08-01 16:00:00,3341.05,3354.89,3338.66,3347.08,36484.0
2025-08-01 20:00:00,3347.07,3363.42,3345.35,3363.18,20021.0
2025-08-04 00:00:00,3363.89,3369.15,3350.32,3352.17,12490.0
2025-08-04 04:00:00,3352.18,3362.2,3345.07,3359.0,18905.0
2025-08-04 08:00:00,3358.99,3362.66,3351.7,3358.43,21114.0
2025-08-04 12:00:00,3358.44,3371.48,3353.05,3367.81,23811.0
2025-08-04 16:00:00,3367.83,3385.33,3367.09,3370.96,29326.0
2025-08-04 20:00:00,3370.95,3377.1,3370.7,3373.28,15746.0
2025-08-05 00:00:00,3374.74,3381.34,3373.71,3379.85,7768.0
2025-08-05 04:00:00,3379.92,3382.41,3371.09,3371.17,14574.0
2025-08-05 08:00:00,3371.16,3375.47,3365.73,3366.1,20072.0
2025-08-05 12:00:00,3366.08,3366.97,3349.97,3365.99,22413.0
2025-08-05 16:00:00,3366.09,3390.19,3365.9,3382.07,28706.0
2025-08-05 20:00:00,3382.11,3382.76,3378.13,3380.52,14416.0
2025-08-06 00:00:00,3380.21,3385.35,3378.21,3383.47,7252.0
2025-08-06 04:00:00,3383.5,3383.66,3372.18,3372.28,15135.0
2025-08-06 08:00:00,3372.27,3378.61,3364.87,3365.12,17982.0
2025-08-06 12:00:00,3365.1,3369.24,3358.21,3367.56,20701.0
2025-08-06 16:00:00,3367.58,3379.73,3365.45,3375.82,28217.0
2025-08-06 20:00:00,3375.88,3377.33,3366.96,3369.21,20530.0
2025-08-07 00:00:00,3368.05,3374.78,3365.13,3372.16,15300.0
2025-08-07 04:00:00,3372.19,3384.09,3370.05,3377.42,24869.0
2025-08-07 08:00:00,3377.41,3397.23,3371.39,3377.92,33817.0
2025-08-07 12:00:00,3377.93,3389.44,3371.53,3380.61,34002.0
2025-08-07 16:00:00,3380.59,3393.59,3375.27,3388.82,35127.0
2025-08-07 20:00:00,3388.8,3401.82,3384.31,3395.73,27219.0
2025-08-08 00:00:00,3404.26,3408.9,3387.85,3389.88,24074.0
2025-08-08 04:00:00,3389.98,3399.24,3381.19,3394.33,37072.0
2025-08-08 08:00:00,3394.36,3404.25,3388.71,3394.36,37660.0
2025-08-08 12:00:00,3394.38,3401.88,3380.47,3391.57,44672.0
2025-08-08 16:00:00,3391.67,3401.64,3381.23,3397.54,38746.0
2025-08-08 20:00:00,3397.52,3404.27,3377.25,3397.02,32069.0
2025-08-11 00:00:00,3397.62,3405.21,3381.61,3381.65,15852.0
2025-08-11 04:00:00,3381.62,3384.1,3367.81,3375.91,29738.0
2025-08-11 08:00:00,3375.92,3380.1,3357.06,3361.71,30872.0
2025-08-11 12:00:00,3361.73,3363.6,3344.24,3356.66,31693.0
2025-08-11 16:00:00,3356.65,3362.62,3341.24,3343.92,31924.0
2025-08-11 20:00:00,3343.96,3358.66,3341.18,3342.49,22734.0
2025-08-12 00:00:00,3343.67,3355.55,3342.16,3354.33,9948.0
2025-08-12 04:00:00,3354.33,3357.23,3346.05,3354.23,19592.0
2025-08-12 08:00:00,3354.26,3357.93,3342.09,3347.71,22731.0
2025-08-12 12:00:00,3347.72,3357.71,3335.85,3349.68,24993.0
2025-08-12 16:00:00,3349.68,3358.9,3330.87,3349.27,36223.0
2025-08-12 20:00:00,3349.26,3350.61,3345.41,3347.86,17668.0
2025-08-13 00:00:00,3347.42,3353.57,3342.53,3343.36,8828.0
2025-08-13 04:00:00,3343.38,3354.19,3342.69,3351.65,18560.0
2025-08-13 08:00:00,3351.65,3363.4,3345.58,3360.19,22181.0
2025-08-13 12:00:00,3360.22,3367.09,3355.33,3357.83,22553.0
2025-08-13 16:00:00,3357.89,3370.76,3354.03,3357.91,25395.0
2025-08-13 20:00:00,3357.91,3359.36,3349.99,3355.79,12707.0
2025-08-14 00:00:00,3357.06,3375.04,3356.71,3369.65,10381.0
2025-08-14 04:00:00,3369.6,3370.95,3355.42,3360.49,20864.0
2025-08-14 08:00:00,3360.51,3366.35,3341.36,3345.97,24099.0
2025-08-14 12:00:00,3345.96,3358.89,3341.77,3350.4,24670.0
2025-08-14 16:00:00,3350.31,3355.83,3329.64,3334.18,32151.0
2025-08-14 20:00:00,3334.18,3340.84,3331.7,3335.22,14394.0
2025-08-15 00:00:00,3337.19,3338.57,3332.03,3336.96,8342.0
2025-08-15 04:00:00,3336.98,3346.44,3333.15,3345.28,17684.0
2025-08-15 08:00:00,3345.27,3348.5,3338.19,3341.02,20247.0
2025-08-15 12:00:00,3340.99,3344.71,3333.35,3342.46,22581.0
2025-08-15 16:00:00,3342.5,3345.71,3332.69,3337.96,26077.0
2025-08-15 20:00:00,3338.03,3339.4,3334.22,3335.81,13225.0
2025-08-18 00:00:00,3336.15,3342.6,3323.4,3340.39,12399.0
2025-08-18 04:00:00,3340.36,3357.98,3339.47,3357.34,18699.0
2025-08-18 08:00:00,3357.33,3358.2,3344.4,3348.45,22250.0
2025-08-18 12:00:00,3348.43,3351.48,3342.96,3344.57,19905.0
2025-08-18 16:00:00,3344.34,3344.74,3331.56,3334.12,26100.0
2025-08-18 20:00:00,3334.15,3334.66,3330.05,3332.62,12032.0
2025-08-19 00:00:00,3332.8,3339.0,3325.85,3334.98,9602.0
2025-08-19 04:00:00,3334.97,3341.43,3329.45,3337.5,19373.0
2025-08-19 08:00:00,3337.5,3341.55,3334.26,3337.8,18623.0
2025-08-19 12:00:00,3337.79,3345.06,3334.12,3334.52,18780.0
2025-08-19 16:00:00,3334.64,3339.05,3316.84,3317.25,29462.0
2025-08-19 20:00:00,3317.27,3320.05,3314.69,3315.39,15545.0
2025-08-20 00:00:00,3315.81,3317.35,3312.44,3315.85,8637.0
2025-08-20 04:00:00,3315.86,3320.77,3311.33,3318.51,18993.0
2025-08-20 08:00:00,3318.52,3327.36,3317.97,3324.7,20323.0
2025-08-20 12:00:00,3324.75,3344.86,3323.31,3342.89,24858.0
2025-08-20 16:00:00,3342.85,3350.22,3338.91,3345.11,25617.0
2025-08-20 20:00:00,3345.12,3349.23,3344.04,3348.18,13726.0
2025-08-21 00:00:00,3350.47,3352.1,3341.47,3342.31,9390.0
2025-08-21 04:00:00,3342.36,3346.33,3338.0,3338.28,15327.0
2025-08-21 08:00:00,3338.3,3341.47,3334.29,3339.59,17921.0
2025-08-21 12:00:00,3339.6,3344.88,3325.13,3341.7,23122.0
2025-08-21 16:00:00,3341.72,3347.86,3335.95,3339.53,27953.0
2025-08-21 20:00:00,3339.54,3341.82,3336.43,3338.48,11696.0
2025-08-22 00:00:00,3338.5,3340.39,3334.89,3339.36,7132.0
2025-08-22 04:00:00,3339.48,3340.02,3327.8,3328.27,16825.0
2025-08-22 08:00:00,3328.25,3334.83,3325.17,3328.49,20355.0
2025-08-22 12:00:00,3328.56,3331.49,3321.23,3323.26,20079.0
2025-08-22 16:00:00,3323.3,3378.83,3323.0,3370.56,34211.0
2025-08-22 20:00:00,3370.57,3375.55,3368.93,3371.91,14534.0
2025-08-25 00:00:00,3370.52,3372.09,3363.28,3364.89,9185.0
2025-08-25 04:00:00,3364.92,3368.12,3359.83,3366.1,15169.0
2025-08-25 08:00:00,3366.05,3369.8,3363.08,3363.74,14800.0
2025-08-25 12:00:00,3363.66,3371.27,3361.78,3364.5,15247.0
2025-08-25 16:00:00,3364.49,3376.22,3361.98,3373.81,23882.0
2025-08-25 20:00:00,3373.83,3374.83,3364.21,3365.59,13252.0
2025-08-26 00:00:00,3365.73,3386.47,3351.34,3383.33,16508.0
2025-08-26 04:00:00,3383.36,3384.86,3369.8,3377.35,23670.0
2025-08-26 08:00:00,3377.4,3379.89,3367.3,3376.64,24463.0
2025-08-26 12:00:00,3376.63,3380.22,3367.09,3371.95,27013.0
2025-08-26 16:00:00,3371.97,3389.4,3370.38,3382.98,29551.0
2025-08-26 20:00:00,3383.01,3393.54,3380.31,3393.52,15816.0
2025-08-27 00:00:00,3392.78,3394.36,3388.77,3389.63,10481.0
2025-08-27 04:00:00,3389.7,3390.03,3373.89,3375.02,20594.0
2025-08-27 08:00:00,3375.06,3384.99,3373.8,3384.53,23897.0
2025-08-27 12:00:00,3384.55,3385.43,3374.02,3381.13,26809.0
2025-08-27 16:00:00,3381.2,3398.85,3375.56,3395.49,28813.0
2025-08-27 20:00:00,3395.48,3398.07,3392.32,3396.91,15940.0
2025-08-28 00:00:00,3398.97,3399.7,3391.38,3391.98,10898.0
2025-08-28 04:00:00,3392.0,3392.96,3384.61,3390.15,22866.0
2025-08-28 08:00:00,3390.17,3401.05,3387.71,3400.72,25076.0
2025-08-28 12:00:00,3400.73,3408.75,3393.95,3397.09,28737.0
2025-08-28 16:00:00,3397.17,3417.73,3394.29,3415.51,33687.0
2025-08-28 20:00:00,3415.49,3423.18,3414.66,3416.79,22887.0
2025-08-29 00:00:00,3417.63,3418.47,3413.08,3413.53,9613.0
2025-08-29 04:00:00,3413.54,3413.96,3407.63,3408.94,23613.0
2025-08-29 08:00:00,3408.95,3414.84,3406.57,3410.35,24187.0
2025-08-29 12:00:00,3410.37,3416.86,3404.16,3416.49,29170.0
2025-08-29 16:00:00,3416.53,3449.38,3413.68,3449.19,38194.0
2025-08-29 20:00:00,3449.08,3453.87,3441.01,3448.22,25279.0
2025-09-01 00:00:00,3449.01,3452.54,3442.47,3444.16,12552.0
2025-09-01 04:00:00,3444.11,3486.12,3437.14,3475.08,36173.0
2025-09-01 08:00:00,3475.1,3489.88,3467.88,3477.0,34477.0
2025-09-01 12:00:00,3476.99,3477.12,3466.39,3469.45,35312.0
2025-09-01 16:00:00,3469.5,3481.27,3468.95,3477.35,26695.0
2025-09-01 20:00:00,3477.36,3478.88,3476.13,3476.38,5121.0
2025-09-02 00:00:00,3477.68,3485.11,3474.56,3479.29,16589.0
2025-09-02 04:00:00,3479.3,3508.72,3476.99,3496.73,34673.0
2025-09-02 08:00:00,3496.71,3497.85,3470.08,3477.43,35836.0
2025-09-02 12:00:00,3477.47,3493.89,3473.81,3481.89,38202.0
2025-09-02 16:00:00,3482.02,3528.74,3478.12,3527.71,40874.0
2025-09-02 20:00:00,3527.74,3540.19,3521.87,3533.47,28118.0
2025-09-03 00:00:00,3533.32,3546.85,3526.36,3536.18,17035.0
2025-09-03 04:00:00,3536.16,3545.99,3529.37,3536.89,31741.0
2025-09-03 08:00:00,3536.93,3541.28,3527.03,3540.05,31771.0
2025-09-03 12:00:00,3540.08,3551.46,3532.37,3550.41,35576.0
2025-09-03 16:00:00,3550.37,3572.55,3549.44,3572.47,39471.0
2025-09-03 20:00:00,3572.53,3578.47,3558.79,3559.04,32367.0
2025-09-04 00:00:00,3560.62,3564.26,3552.19,3561.59,20490.0
2025-09-04 04:00:00,3561.62,3563.46,3511.48,3533.11,36883.0
2025-09-04 08:00:00,3533.11,3545.28,3524.38,3541.05,33304.0
2025-09-04 12:00:00,3541.07,3552.7,3536.49,3548.12,35299.0
2025-09-04 16:00:00,3548.05,3558.81,3535.08,3552.52,38204.0
2025-09-04 20:00:00,3552.51,3555.39,3542.63,3545.63,21858.0
2025-09-05 00:00:00,3546.17,3556.47,3539.81,3552.12,15887.0
2025-09-05 04:00:00,3551.97,3559.16,3546.13,3558.5,26940.0
2025-09-05 08:00:00,3558.51,3561.13,3544.76,3546.06,28682.0
2025-09-05 12:00:00,3546.07,3586.79,3545.99,3580.27,33602.0
2025-09-05 16:00:00,3580.35,3600.1,3573.05,3595.29,42906.0
2025-09-05 20:00:00,3595.4,3597.42,3586.26,3587.22,25367.0
2025-09-08 00:00:00,3581.27,3596.78,3578.53,3594.26,24097.0
2025-09-08 04:00:00,3594.17,3597.09,3579.65,3581.58,34014.0
2025-09-08 08:00:00,3581.65,3617.33,3581.22,3611.36,33950.0
2025-09-08 12:00:00,3611.32,3626.15,3608.67,3624.15,32459.0
2025-09-08 16:00:00,3624.33,3646.35,3620.48,3640.59,40487.0
2025-09-08 20:00:00,3640.58,3641.09,3631.76,3635.65,25131.0
2025-09-09 00:00:00,3635.55,3640.93,3628.2,3638.6,15974.0
2025-09-09 04:00:00,3638.61,3657.08,3636.02,3655.11,34470.0
2025-09-09 08:00:00,3655.01,3659.31,3636.59,3648.19,35708.0
2025-09-09 12:00:00,3648.18,3656.61,3643.9,3647.44,32438.0
2025-09-09 16:00:00,3647.43,3674.35,3626.61,3644.75,42865.0
2025-09-09 20:00:00,3644.74,3646.21,3625.59,3625.74,26591.0
2025-09-10 00:00:00,3619.9,3640.6,3618.89,3623.74,20774.0
2025-09-10 04:00:00,3623.73,3643.09,3620.02,3642.82,28900.0
2025-09-10 08:00:00,3642.79,3648.19,3639.78,3645.62,29513.0
2025-09-10 12:00:00,3645.65,3657.57,3640.41,3644.02,34789.0
2025-09-10 16:00:00,3643.99,3655.29,3638.44,3642.88,37016.0
2025-09-10 20:00:00,3642.79,3649.71,3634.98,3640.66,23424.0
2025-09-11 00:00:00,3642.09,3647.14,3638.22,3643.94,13260.0
2025-09-11 04:00:00,3643.97,3649.11,3629.8,3630.62,25526.0
2025-09-11 08:00:00,3630.7,3638.05,3622.75,3626.18,30576.0
2025-09-11 12:00:00,3626.22,3644.03,3612.84,3628.9,32945.0
2025-09-11 16:00:00,3628.91,3641.85,3618.45,3636.18,38392.0
2025-09-11 20:00:00,3636.26,3637.65,3630.31,3633.82,20920.0
2025-09-12 00:00:00,3633.42,3638.24,3630.57,3636.59,10931.0
2025-09-12 04:00:00,3636.62,3655.98,3636.61,3654.91,27066.0
2025-09-12 08:00:00,3654.9,3656.64,3639.69,3641.1,28029.0
2025-09-12 12:00:00,3641.03,3652.15,3637.57,3645.18,33176.0
2025-09-12 16:00:00,3644.8,3654.22,3641.95,3649.15,34690.0
2025-09-12 20:00:00,3649.12,3650.6,3641.3,3643.36,20607.0
2025-09-15 00:00:00,3642.45,3646.47,3632.08,3633.38,13801.0
2025-09-15 04:00:00,3633.43,3646.85,3626.7,3645.64,25622.0
2025-09-15 08:00:00,3645.66,3646.27,3633.61,3645.24,27929.0
2025-09-15 12:00:00,3645.22,3650.83,3635.6,3650.12,33768.0
2025-09-15 16:00:00,3650.1,3685.58,3646.65,3679.18,40183.0
2025-09-15 20:00:00,3679.21,3682.78,3675.85,3678.9,26419.0
2025-09-16 00:00:00,3679.43,3686.85,3676.13,3686.38,13975.0
2025-09-16 04:00:00,3686.42,3689.42,3674.7,3684.32,28239.0
2025-09-16 08:00:00,3684.32,3697.21,3680.35,3694.27,30428.0
2025-09-16 12:00:00,3694.26,3699.48,3686.53,3689.23,34598.0
2025-09-16 16:00:00,3689.25,3703.15,3678.87,3689.56,43591.0
2025-09-16 20:00:00,3689.53,3693.58,3686.15,3689.61,23640.0
2025-09-17 00:00:00,3689.51,3695.15,3689.47,3691.38,12365.0
2025-09-17 04:00:00,3691.29,3691.96,3674.11,3680.59,31015.0
2025-09-17 08:00:00,3680.58,3685.73,3662.27,3664.64,36485.0
2025-09-17 12:00:00,3664.59,3679.16,3659.54,3678.48,39216.0
2025-09-17 16:00:00,3678.51,3688.55,3672.73,3684.71,38360.0
2025-09-17 20:00:00,3684.72,3707.45,3646.12,3659.96,41789.0
2025-09-18 00:00:00,3660.05,3672.05,3655.66,3665.21,18375.0
2025-09-18 04:00:00,3665.23,3668.75,3652.05,3653.72,31356.0
2025-09-18 08:00:00,3653.71,3665.68,3633.84,3665.53,37784.0
2025-09-18 12:00:00,3665.55,3672.9,3662.87,3663.35,32985.0
2025-09-18 16:00:00,3663.37,3664.19,3627.58,3646.36,40430.0
2025-09-18 20:00:00,3646.36,3646.92,3640.47,3643.96,23011.0
2025-09-19 00:00:00,3643.26,3644.08,3636.14,3639.88,11276.0
2025-09-19 04:00:00,3639.87,3659.93,3631.97,3658.72,30614.0
2025-09-19 08:00:00,3658.72,3661.05,3643.36,3655.69,30531.0
2025-09-19 12:00:00,3655.66,3659.16,3644.68,3649.23,28762.0
2025-09-19 16:00:00,3649.11,3676.11,3643.82,3668.28,38827.0
2025-09-19 20:00:00,3668.26,3685.2,3668.14,3685.06,24883.0
2025-09-22 00:00:00,3685.92,3692.4,3683.7,3690.73,15348.0
2025-09-22 04:00:00,3690.72,3697.48,3685.58,3692.2,28294.0
2025-09-22 08:00:00,3692.21,3722.66,3691.94,3720.44,31337.0
2025-09-22 12:00:00,3720.46,3728.23,3712.05,3721.65,32552.0
2025-09-22 16:00:00,3721.73,3739.59,3713.86,3737.14,39628.0
2025-09-22 20:00:00,3737.15,3748.75,3737.15,3746.58,24846.0
2025-09-23 00:00:00,3746.18,3751.37,3738.26,3747.26,15975.0
2025-09-23 04:00:00,3747.27,3759.39,3737.0,3744.79,35520.0
2025-09-23 08:00:00,3744.8,3775.19,3743.16,3774.31,33561.0
2025-09-23 12:00:00,3774.25,3791.13,3774.24,3784.13,37667.0
2025-09-23 16:00:00,3784.05,3788.62,3764.89,3778.97,40307.0
2025-09-23 20:00:00,3778.96,3785.43,3751.56,3763.94,30664.0
2025-09-24 00:00:00,3765.7,3770.1,3758.71,3765.06,15871.0
2025-09-24 04:00:00,3765.07,3771.65,3750.58,3768.03,32256.0
2025-09-24 08:00:00,3768.0,3779.02,3766.89,3769.92,31062.0
2025-09-24 12:00:00,3769.92,3771.49,3759.52,3767.81,31658.0
2025-09-24 16:00:00,3767.79,3772.88,3732.12,3735.58,41245.0
2025-09-24 20:00:00,3735.65,3738.58,3717.35,3735.78,27814.0
2025-09-25 00:00:00,3736.77,3751.46,3736.63,3748.82,16215.0
2025-09-25 04:00:00,3748.79,3750.26,3729.05,3737.95,31256.0
2025-09-25 08:00:00,3737.92,3761.5,3733.95,3756.18,31666.0
2025-09-25 12:00:00,3756.04,3760.8,3730.39,3738.59,34475.0
2025-09-25 16:00:00,3738.62,3745.2,3721.67,3733.84,39870.0
2025-09-25 20:00:00,3733.83,3758.23,3732.41,3749.02,27944.0
2025-09-26 00:00:00,3749.81,3751.62,3738.05,3749.55,16023.0
2025-09-26 04:00:00,3749.62,3753.4,3734.6,3747.72,27984.0
2025-09-26 08:00:00,3747.71,3755.14,3739.22,3752.95,30690.0
2025-09-26 12:00:00,3752.94,3757.49,3743.01,3752.08,30963.0
2025-09-26 16:00:00,3752.12,3783.84,3751.38,3774.21,40115.0
2025-09-26 20:00:00,3774.23,3783.16,3761.05,3761.42,25471.0
2025-09-29 00:00:00,3758.81,3787.47,3756.35,3787.13,19859.0
2025-09-29 04:00:00,3787.11,3808.82,3767.9,3805.06,42117.0
2025-09-29 08:00:00,3805.05,3819.87,3801.3,3818.58,39662.0
2025-09-29 12:00:00,3818.55,3831.38,3806.39,3813.59,38504.0
2025-09-29 16:00:00,3813.73,3833.36,3808.94,3830.06,40497.0
2025-09-29 20:00:00,3830.07,3834.02,3822.43,3833.68,27731.0
2025-09-30 00:00:00,3833.86,3840.28,3825.4,3838.74,14435.0
2025-09-30 04:00:00,3838.66,3867.06,3837.79,3867.0,35027.0
2025-09-30 08:00:00,3866.97,3871.47,3807.42,3816.12,40487.0
2025-09-30 12:00:00,3815.99,3821.47,3792.98,3819.14,40308.0
2025-09-30 16:00:00,3819.12,3854.33,3811.26,3845.73,40525.0
2025-09-30 20:00:00,3845.83,3860.58,3839.57,3858.11,26528.0
2025-10-01 00:00:00,3858.97,3865.15,3854.43,3860.76,14966.0
2025-10-01 04:00:00,3860.46,3875.43,3855.37,3864.73,30863.0
2025-10-01 08:00:00,3864.65,3895.18,3853.16,3892.81,33786.0
2025-10-01 12:00:00,3892.83,3895.23,3864.39,3870.19,34434.0
2025-10-01 16:00:00,3870.2,3878.57,3855.73,3870.69,41284.0
2025-10-01 20:00:00,3870.71,3871.68,3854.66,3865.08,29677.0
2025-10-02 00:00:00,3865.93,3870.26,3855.64,3855.88,15767.0
2025-10-02 04:00:00,3855.85,3869.79,3852.68,3864.05,22036.0
2025-10-02 08:00:00,3864.07,3878.48,3861.49,3874.45,28852.0
2025-10-02 12:00:00,3874.44,3891.76,3873.14,3884.2,29881.0
2025-10-02 16:00:00,3884.32,3896.64,3819.1,3844.64,46644.0
2025-10-02 20:00:00,3844.6,3859.11,3840.46,3856.28,28621.0
2025-10-03 00:00:00,3855.14,3863.63,3852.01,3856.74,13591.0
2025-10-03 04:00:00,3856.76,3862.36,3837.93,3843.85,28456.0
2025-10-03 08:00:00,3843.87,3865.42,3843.79,3864.58,27941.0
2025-10-03 12:00:00,3864.52,3874.73,3854.51,3873.59,32207.0
2025-10-03 16:00:00,3873.6,3891.38,3866.12,3883.67,42737.0
2025-10-03 20:00:00,3883.47,3889.02,3876.8,3886.33,27372.0
2025-10-06 00:00:00,3887.51,3920.19,3883.91,3900.21,25517.0
2025-10-06 04:00:00,3900.69,3940.1,3899.48,3938.49,33098.0
2025-10-06 08:00:00,3938.5,3949.42,3922.42,3942.24,39098.0
2025-10-06 12:00:00,3942.24,3946.67,3926.45,3933.79,34807.0
2025-10-06 16:00:00,3933.95,3969.67,3927.11,3953.81,42628.0
2025-10-06 20:00:00,3953.8,3964.74,3951.0,3960.52,27865.0
2025-10-07 00:00:00,3960.25,3977.31,3958.28,3962.66,24070.0
2025-10-07 04:00:00,3962.61,3976.71,3955.62,3975.87,29357.0
2025-10-07 08:00:00,3975.74,3976.63,3940.73,3951.11,37925.0
2025-10-07 12:00:00,3951.1,3979.87,3951.1,3979.25,34119.0
2025-10-07 16:00:00,3979.28,3990.8,3961.71,3976.33,44844.0
2025-10-07 20:00:00,3976.34,3987.51,3974.05,3984.24,30688.0
2025-10-08 00:00:00,3984.25,3999.06,3982.88,3992.06,16535.0
2025-10-08 04:00:00,3992.14,4027.01,3984.44,4026.55,33561.0
2025-10-08 08:00:00,4026.54,4040.17,4021.23,4036.09,35314.0
2025-10-08 12:00:00,4036.1,4049.38,4030.66,4039.78,35334.0
2025-10-08 16:00:00,4039.78,4059.05,4026.29,4056.38,43169.0
2025-10-08 20:00:00,4056.4,4057.87,4031.93,4040.81,35801.0
2025-10-09 00:00:00,4040.21,4040.92,4001.08,4022.6,27431.0
2025-10-09 04:00:00,4022.79,4040.83,4002.25,4038.83,39845.0
2025-10-09 08:00:00,4038.83,4043.52,4022.58,4037.95,34806.0
2025-10-09 12:00:00,4037.89,4053.55,4033.38,4053.28,31841.0
2025-10-09 16:00:00,4053.27,4057.75,3963.72,3968.17,50039.0
2025-10-09 20:00:00,3968.56,3982.02,3944.27,3975.97,40602.0
2025-10-10 00:00:00,3974.02,3994.24,3958.19,3990.87,19570.0
2025-10-10 04:00:00,3990.74,3992.28,3946.63,3966.2,40493.0
2025-10-10 08:00:00,3966.21,3994.66,3952.4,3991.8,41198.0
2025-10-10 12:00:00,3991.86,4006.57,3980.09,3985.51,39032.0
2025-10-10 16:00:00,3985.51,4022.3,3970.44,3983.16,47910.0
2025-10-10 20:00:00,3983.27,4021.02,3974.82,4018.47,34121.0
2025-10-13 00:00:00,3999.31,4060.17,3998.87,4043.65,27866.0
2025-10-13 04:00:00,4043.55,4059.2,4035.68,4056.16,33645.0
2025-10-13 08:00:00,4056.17,4079.0,4055.27,4077.56,38066.0
2025-10-13 12:00:00,4077.57,4085.48,4070.22,4079.43,34115.0
2025-10-13 16:00:00,4079.48,4116.81,4078.01,4105.52,42429.0
2025-10-13 20:00:00,4105.53,4115.12,4090.52,4110.47,31831.0
2025-10-14 00:00:00,4110.84,4131.91,4106.34,4124.25,22635.0
2025-10-14 04:00:00,4124.34,4169.82,4122.82,4168.1,41962.0
2025-10-14 08:00:00,4167.87,4179.47,4090.44,4143.76,45429.0
2025-10-14 12:00:00,4143.77,4144.01,4103.39,4106.38,40842.0
2025-10-14 16:00:00,4106.44,4155.17,4097.53,4140.29,46197.0
2025-10-14 20:00:00,4140.21,4152.63,4134.08,4142.01,33272.0
2025-10-15 00:00:00,4143.96,4169.47,4140.4,4162.36,21079.0
2025-10-15 04:00:00,4162.37,4190.46,4161.87,4179.56,34951.0
2025-10-15 08:00:00,4179.54,4217.92,4176.42,4207.94,35555.0
2025-10-15 12:00:00,4207.97,4211.77,4164.34,4190.17,39244.0
2025-10-15 16:00:00,4190.09,4212.14,4179.45,4198.72,42893.0
2025-10-15 20:00:00,4198.81,4212.86,4182.4,4207.92,33541.0
2025-10-16 00:00:00,4208.53,4227.02,4199.47,4210.46,21458.0
2025-10-16 04:00:00,4210.49,4241.97,4210.49,4233.15,35418.0
2025-10-16 08:00:00,4233.31,4235.58,4203.32,4232.67,37681.0
2025-10-16 12:00:00,4232.81,4250.98,4221.96,4235.74,36241.0
2025-10-16 16:00:00,4235.83,4291.75,4234.64,4282.61,45068.0
2025-10-16 20:00:00,4282.63,4330.39,4273.59,4325.84,38055.0
2025-10-17 00:00:00,4328.98,4379.25,4328.9,4358.32,32925.0
2025-10-17 04:00:00,4358.42,4377.02,4278.55,4376.28,45366.0
2025-10-17 08:00:00,4376.15,4378.52,4311.56,4347.74,44957.0
2025-10-17 12:00:00,4347.72,4348.51,4283.65,4314.56,43354.0
2025-10-17 16:00:00,4314.5,4317.65,4200.78,4204.54,51390.0
2025-10-17 20:00:00,4204.75,4250.34,4186.25,4246.81,36966.0
2025-10-20 00:00:00,4246.45,4274.37,4218.85,4249.31,29142.0
2025-10-20 04:00:00,4249.32,4270.99,4229.72,4266.17,38822.0
2025-10-20 08:00:00,4266.16,4266.46,4221.45,4258.46,40924.0
2025-10-20 12:00:00,4258.54,4327.09,4245.48,4323.66,41072.0
2025-10-20 16:00:00,4324.0,4355.53,4292.68,4347.63,45699.0
2025-10-20 20:00:00,4347.69,4381.57,4337.3,4355.71,41714.0
2025-10-21 00:00:00,4354.46,4375.43,4353.16,4368.87,24484.0
2025-10-21 04:00:00,4368.86,4372.28,4333.07,4342.04,40147.0
2025-10-21 08:00:00,4342.0,4344.29,4244.68,4273.86,44378.0
2025-10-21 12:00:00,4273.87,4278.03,4205.95,4211.1,44145.0
2025-10-21 16:00:00,4210.91,4225.19,4080.37,4113.26,52649.0
2025-10-21 20:00:00,4113.35,4130.71,4093.34,4124.49,43238.0
2025-10-22 00:00:00,4125.42,4132.42,4004.04,4074.93,28933.0
2025-10-22 04:00:00,4074.96,4142.82,4064.42,4127.99,37961.0
2025-10-22 08:00:00,4128.0,4161.06,4059.77,4070.32,42117.0
2025-10-22 12:00:00,4070.35,4101.49,4014.91,4033.6,45782.0
2025-10-22 16:00:00,4033.62,4085.03,4010.75,4059.09,48762.0
2025-10-22 20:00:00,4058.58,4113.28,4043.75,4098.23,37893.0
2025-10-23 00:00:00,4095.42,4116.31,4065.76,4081.64,28122.0
2025-10-23 04:00:00,4081.87,4100.47,4071.71,4089.54,38639.0
2025-10-23 08:00:00,4089.54,4137.41,4083.73,4115.87,41796.0
2025-10-23 12:00:00,4115.96,4129.21,4099.97,4127.03,40940.0
2025-10-23 16:00:00,4126.83,4154.45,4125.38,4132.79,44709.0
2025-10-23 20:00:00,4132.77,4143.22,4107.2,4125.83,35447.0
2025-10-24 00:00:00,4127.8,4133.49,4105.72,4132.41,20078.0
2025-10-24 04:00:00,4132.46,4143.97,4102.69,4111.6,36061.0
2025-10-24 08:00:00,4111.82,4117.88,4047.29,4065.06,39649.0
2025-10-24 12:00:00,4065.04,4092.64,4043.96,4081.84,41070.0
2025-10-24 16:00:00,4081.86,4138.31,4078.99,4129.0,45153.0
2025-10-24 20:00:00,4129.08,4134.05,4096.58,4113.0,34495.0
2025-10-27 00:00:00,4102.31,4109.05,4058.17,4081.62,39228.0
2025-10-27 04:00:00,4081.53,4084.31,4053.5,4079.46,40006.0
2025-10-27 08:00:00,4079.47,4084.37,4024.36,4039.48,39391.0
2025-10-27 12:00:00,4039.49,4049.79,4013.02,4021.65,45307.0
2025-10-27 16:00:00,4021.81,4022.91,3971.08,4006.25,47167.0
2025-10-27 20:00:00,4006.24,4009.97,3978.92,3981.24,28521.0
2025-10-28 00:00:00,3984.46,4019.6,3972.7,4010.86,32517.0
2025-10-28 04:00:00,4010.85,4013.83,3958.84,3966.34,35757.0
2025-10-28 08:00:00,3966.37,3968.47,3886.39,3904.56,42885.0
2025-10-28 12:00:00,3904.52,3940.24,3899.91,3938.46,46170.0
2025-10-28 16:00:00,3938.46,3970.09,3934.46,3962.24,43887.0
2025-10-28 20:00:00,3962.21,3963.85,3945.12,3952.32,25270.0
2025-10-29 00:00:00,3954.9,3981.95,3915.71,3973.53,35130.0
2025-10-29 04:00:00,3973.49,3974.27,3944.33,3962.31,38704.0
2025-10-29 08:00:00,3962.32,4029.32,3959.63,4023.81,42337.0
2025-10-29 12:00:00,4023.83,4030.05,4002.37,4012.22,43805.0
2025-10-29 16:00:00,4012.04,4022.13,3985.47,3994.54,40543.0
2025-10-29 20:00:00,3994.41,4007.0,3927.78,3929.63,33717.0
2025-10-30 00:00:00,3930.42,3966.24,3915.29,3947.76,36107.0
2025-10-30 04:00:00,3947.75,3982.02,3914.89,3963.48,39557.0
2025-10-30 08:00:00,3963.47,4011.71,3955.77,3998.35,39834.0
2025-10-30 12:00:00,3997.82,4000.81,3959.94,3995.11,43083.0
2025-10-30 16:00:00,3995.07,4017.65,3986.32,4004.56,43011.0
2025-10-30 20:00:00,4004.81,4027.18,4000.09,4024.12,25190.0
2025-10-31 00:00:00,4023.09,4045.6,4012.55,4018.56,46504.0
2025-10-31 04:00:00,4018.61,4018.85,3988.72,4004.92,47529.0
2025-10-31 08:00:00,4005.0,4026.57,3998.7,4008.3,38969.0
2025-10-31 12:00:00,4008.25,4036.14,4001.57,4016.44,40572.0
2025-10-31 16:00:00,4016.57,4027.22,3972.48,3997.49,44334.0
2025-10-31 20:00:00,3997.48,4009.99,3991.13,4001.83,23991.0
2025-11-03 00:00:00,3981.05,4001.62,3962.43,3995.68,29077.0
2025-11-03 04:00:00,3995.61,4018.6,3990.26,4013.89,37266.0
2025-11-03 08:00:00,4013.9,4027.46,3993.17,4000.56,38640.0
2025-11-03 12:00:00,4000.66,4020.4,3994.01,4015.88,39165.0
2025-11-03 16:00:00,4015.9,4030.63,3994.95,4006.03,42626.0
2025-11-03 20:00:00,4005.98,4014.59,3994.66,4000.99,30246.0
2025-11-04 00:00:00,4001.57,4005.93,3977.73,3987.22,25919.0
2025-11-04 04:00:00,3987.19,3999.21,3972.89,3973.28,36945.0
2025-11-04 08:00:00,3973.26,4000.49,3966.67,3990.97,36593.0
2025-11-04 12:00:00,3990.95,4000.06,3971.7,3975.52,36117.0
2025-11-04 16:00:00,3975.46,3977.44,3928.55,3954.85,43304.0
2025-11-04 20:00:00,3954.82,3956.65,3930.31,3931.51,32083.0
2025-11-05 00:00:00,3931.84,3949.24,3928.76,3936.89,25432.0
2025-11-05 04:00:00,3936.85,3978.39,3935.32,3964.62,33147.0
2025-11-05 08:00:00,3964.67,3987.24,3961.72,3971.76,35266.0
2025-11-05 12:00:00,3971.73,3979.71,3955.99,3975.81,35133.0
2025-11-05 16:00:00,3975.82,3990.35,3963.67,3982.02,40246.0
2025-11-05 20:00:00,3982.06,3990.15,3977.95,3978.94,26775.0
2025-11-06 00:00:00,3979.44,3979.44,3964.71,3976.63,22929.0
2025-11-06 04:00:00,3976.62,3991.07,3974.2,3987.73,30256.0
2025-11-06 08:00:00,3987.81,4016.69,3982.17,4011.02,35144.0
2025-11-06 12:00:00,4011.03,4019.57,4003.19,4012.1,34889.0
2025-11-06 16:00:00,4012.12,4013.84,3965.54,3986.2,44646.0
2025-11-06 20:00:00,3986.19,3995.02,3976.31,3976.57,31442.0
2025-11-07 00:00:00,3976.15,4002.6,3973.98,4001.54,18980.0
2025-11-07 04:00:00,4001.61,4003.37,3985.43,3995.05,26294.0
2025-11-07 08:00:00,3994.99,4013.97,3992.28,4006.29,31040.0
2025-11-07 12:00:00,4006.28,4012.14,3991.11,3997.5,34200.0
2025-11-07 16:00:00,3997.48,4027.56,3984.08,4005.18,43119.0
2025-11-07 20:00:00,4005.27,4008.82,3994.02,4001.22,26870.0
2025-11-10 00:00:00,4000.51,4053.12,3997.64,4043.9,24326.0
2025-11-10 04:00:00,4043.8,4069.43,4037.4,4069.0,32741.0
2025-11-10 08:00:00,4069.01,4085.88,4066.94,4076.45,35570.0
2025-11-10 12:00:00,4076.53,4105.77,4075.55,4091.7,37014.0
2025-11-10 16:00:00,4091.73,4102.33,4074.7,4102.2,41736.0
2025-11-10 20:00:00,4102.19,4116.48,4101.25,4115.53,32270.0
2025-11-11 00:00:00,4115.26,4140.83,4114.63,4136.15,24829.0
2025-11-11 04:00:00,4136.09,4148.52,4123.98,4130.81,34016.0
2025-11-11 08:00:00,4130.74,4145.96,4124.65,4141.84,34046.0
2025-11-11 12:00:00,4141.64,4146.43,4133.05,4142.24,34483.0
2025-11-11 16:00:00,4142.3,4142.94,4096.92,4114.09,42198.0
2025-11-11 20:00:00,4114.18,4131.84,4106.55,4126.01,30556.0
2025-11-12 00:00:00,4126.5,4145.22,4125.48,4131.43,26352.0
2025-11-12 04:00:00,4131.41,4135.26,4098.8,4104.53,38526.0
2025-11-12 08:00:00,4104.49,4133.37,4103.07,4124.45,39238.0
2025-11-12 12:00:00,4124.47,4139.57,4117.99,4126.91,40339.0
2025-11-12 16:00:00,4126.98,4206.23,4125.07,4199.08,47449.0
2025-11-12 20:00:00,4199.06,4211.71,4190.71,4195.22,37274.0
2025-11-13 00:00:00,4201.8,4209.08,4179.69,4192.21,28767.0
2025-11-13 04:00:00,4192.16,4219.43,4183.45,4212.09,42883.0
2025-11-13 08:00:00,4211.92,4239.36,4203.13,4232.93,38092.0
2025-11-13 12:00:00,4232.9,4245.24,4219.27,4231.6,39826.0
2025-11-13 16:00:00,4231.71,4232.26,4184.52,4201.55,46389.0
2025-11-13 20:00:00,4201.74,4203.08,4145.12,4170.81,37728.0
2025-11-14 00:00:00,4171.12,4193.52,4169.88,4189.95,27395.0
2025-11-14 04:00:00,4190.07,4211.08,4183.84,4189.82,39737.0
2025-11-14 08:00:00,4189.77,4193.09,4158.6,4169.07,40531.0
2025-11-14 12:00:00,4169.08,4170.74,4040.7,4055.72,44156.0
2025-11-14 16:00:00,4055.72,4111.18,4031.88,4099.63,46273.0
2025-11-14 20:00:00,4099.62,4103.47,4075.11,4084.89,32018.0
2025-11-17 00:00:00,4086.11,4106.62,4074.15,4091.05,27488.0
2025-11-17 04:00:00,4090.97,4093.49,4049.5,4058.18,39081.0
2025-11-17 08:00:00,4058.18,4095.56,4054.3,4081.74,38465.0
2025-11-17 12:00:00,4081.76,4091.99,4060.84,4065.1,37784.0
2025-11-17 16:00:00,4064.85,4081.85,4052.06,4073.16,42813.0
2025-11-17 20:00:00,4073.26,4076.14,4006.81,4045.1,35496.0
2025-11-18 00:00:00,4044.02,4055.35,4022.2,4024.88,27336.0
2025-11-18 04:00:00,4024.88,4035.74,4004.96,4018.73,36670.0
2025-11-18 08:00:00,4018.83,4046.95,3997.96,4040.01,37453.0
2025-11-18 12:00:00,4040.02,4070.03,4028.71,4065.01,38228.0
2025-11-18 16:00:00,4064.99,4081.9,4040.33,4071.16,46642.0
2025-11-18 20:00:00,4071.19,4082.0,4062.93,4067.31,32906.0
2025-11-19 00:00:00,4067.97,4078.13,4056.06,4058.88,22418.0
2025-11-19 04:00:00,4058.88,4097.34,4055.49,4095.29,35326.0
2025-11-19 08:00:00,4095.36,4116.38,4077.96,4113.2,34890.0
2025-11-19 12:00:00,4113.19,4119.89,4100.62,4110.21,38865.0
2025-11-19 16:00:00,4110.26,4132.33,4055.66,4078.73,48432.0
2025-11-19 20:00:00,4078.63,4091.05,4065.38,4077.65,36821.0
2025-11-20 00:00:00,4079.44,4110.23,4078.77,4081.18,26576.0
2025-11-20 04:00:00,4081.18,4085.58,4041.11,4066.52,37513.0
2025-11-20 08:00:00,4066.5,4077.36,4038.35,4063.9,40211.0
2025-11-20 12:00:00,4064.04,4096.17,4051.03,4080.22,38321.0
2025-11-20 16:00:00,4080.08,4107.05,4043.49,4065.89,50871.0
2025-11-20 20:00:00,4065.73,4087.2,4056.09,4077.13,36018.0
2025-11-21 00:00:00,4076.16,4088.47,4060.38,4068.28,22148.0
2025-11-21 04:00:00,4068.24,4079.77,4039.78,4058.4,36407.0
2025-11-21 08:00:00,4058.44,4064.32,4021.99,4050.38,40974.0
2025-11-21 12:00:00,4050.36,4080.8,4030.85,4079.24,44467.0
2025-11-21 16:00:00,4079.26,4101.09,4054.87,4085.32,49182.0
2025-11-21 20:00:00,4085.25,4092.1,4054.42,4065.73,33104.0
2025-11-24 00:00:00,4071.69,4077.59,4042.48,4044.07,25042.0
2025-11-24 04:00:00,4043.98,4060.98,4039.46,4046.12,34706.0
2025-11-24 08:00:00,4046.18,4074.0,4044.99,4071.66,37970.0
2025-11-24 12:00:00,4071.71,4085.88,4062.95,4077.53,36322.0
2025-11-24 16:00:00,4077.48,4100.2,4068.27,4093.03,42094.0
2025-11-24 20:00:00,4092.61,4139.76,4087.74,4134.25,31874.0
2025-11-25 00:00:00,4133.37,4144.16,4122.47,4134.53,29880.0
2025-11-25 04:00:00,4134.51,4155.69,4132.31,4150.81,39796.0
2025-11-25 08:00:00,4150.86,4151.81,4108.72,4128.27,41098.0
2025-11-25 12:00:00,4128.25,4150.7,4116.02,4147.63,40933.0
2025-11-25 16:00:00,4147.53,4159.15,4111.02,4145.72,39998.0
2025-11-25 20:00:00,4145.72,4150.41,4127.47,4130.16,30197.0
2025-11-26 00:00:00,4131.46,4152.49,4129.36,4147.89,21673.0
2025-11-26 04:00:00,4147.9,4169.24,4146.83,4162.09,35526.0
2025-11-26 08:00:00,4162.07,4168.42,4146.6,4162.69,23684.0
2025-11-26 12:00:00,4162.9,4173.26,4148.85,4153.22,20585.0
2025-11-26 16:00:00,4153.36,4169.76,4136.51,4167.13,23984.0
2025-11-26 20:00:00,4167.16,4171.49,4158.01,4163.74,17454.0
2025-11-27 00:00:00,4165.3,4168.55,4148.63,4154.14,11253.0
2025-11-27 04:00:00,4154.46,4156.09,4142.64,4146.97,17134.0
2025-11-27 08:00:00,4146.99,4167.08,4146.96,4158.67,18809.0
2025-11-27 12:00:00,4158.7,4162.43,4149.14,4154.98,15828.0
2025-11-27 16:00:00,4155.11,4161.66,4151.38,4157.72,13896.0
2025-11-27 20:00:00,4157.73,4158.44,4155.71,4156.24,1182.0
2025-11-28 00:00:00,4160.28,4193.0,4158.18,4191.08,10439.0
2025-11-28 04:00:00,4191.03,4191.9,4175.13,4182.41,8365.0
2025-11-28 08:00:00,4182.19,4188.67,4153.79,4165.08,5701.0
2025-11-28 12:00:00,4165.02,4182.78,4160.77,4182.35,7096.0
2025-11-28 16:00:00,4182.42,4216.51,4182.42,4216.51,15012.0
2025-11-28 20:00:00,4216.32,4225.99,4211.02,4218.55,4853.0
2025-12-01 00:00:00,4222.54,4255.82,4205.78,4255.32,20046.0
2025-12-01 04:00:00,4255.46,4256.24,4215.79,4229.63,25118.0
2025-12-01 08:00:00,4229.73,4253.29,4226.25,4249.88,17582.0
2025-12-01 12:00:00,4249.87,4264.54,4244.17,4247.27,21143.0
2025-12-01 16:00:00,4247.14,4249.23,4219.56,4232.32,29156.0
2025-12-01 20:00:00,4232.54,4244.52,4229.25,4232.1,20143.0
2025-12-02 00:00:00,4231.64,4235.82,4199.29,4219.48,14811.0
2025-12-02 04:00:00,4219.4,4226.27,4214.11,4224.83,18933.0
2025-12-02 08:00:00,4224.86,4226.15,4181.16,4191.86,19829.0
2025-12-02 12:00:00,4191.79,4215.08,4182.29,4212.29,19576.0
2025-12-02 16:00:00,4212.26,4230.42,4163.7,4193.75,28468.0
2025-12-02 20:00:00,4193.68,4212.17,4183.18,4205.6,18475.0
2025-12-03 00:00:00,4208.87,4220.95,4202.68,4214.32,14431.0
2025-12-03 04:00:00,4214.29,4228.8,4203.45,4207.53,18517.0
2025-12-03 08:00:00,4207.64,4211.69,4196.98,4202.02,18969.0
2025-12-03 12:00:00,4202.02,4238.21,4194.53,4237.1,20362.0
2025-12-03 16:00:00,4237.08,4241.42,4195.79,4211.02,27822.0
2025-12-03 20:00:00,4211.34,4212.7,4195.14,4203.05,18719.0
2025-12-04 00:00:00,4204.01,4216.8,4202.57,4209.16,12884.0
2025-12-04 04:00:00,4209.13,4209.13,4175.25,4181.01,21114.0
2025-12-04 08:00:00,4181.04,4202.14,4178.53,4199.81,22208.0
2025-12-04 12:00:00,4199.8,4206.45,4185.5,4198.27,20812.0
2025-12-04 16:00:00,4198.32,4219.42,4191.31,4216.41,26661.0
2025-12-04 20:00:00,4216.3,4217.31,4199.63,4208.64,19061.0
2025-12-05 00:00:00,4208.19,4210.27,4194.71,4203.05,12454.0
2025-12-05 04:00:00,4203.01,4221.01,4196.67,4220.29,18625.0
2025-12-05 08:00:00,4220.35,4230.77,4215.91,4223.22,18345.0
2025-12-05 12:00:00,4223.21,4238.92,4219.96,4234.45,17593.0
2025-12-05 16:00:00,4234.96,4259.16,4198.59,4217.46,28175.0
2025-12-05 20:00:00,4217.16,4219.06,4191.95,4195.97,19682.0
2025-12-08 00:00:00,4198.88,4211.6,4194.06,4201.1,14580.0
2025-12-08 04:00:00,4200.88,4216.96,4198.6,4216.96,17672.0
2025-12-08 08:00:00,4216.96,4218.88,4203.05,4207.96,18692.0
2025-12-08 12:00:00,4207.91,4215.4,4197.92,4201.64,18834.0
2025-12-08 16:00:00,4201.71,4211.55,4176.39,4194.69,26231.0
2025-12-08 20:00:00,4195.23,4195.59,4184.17,4190.52,17674.0
2025-12-09 00:00:00,4190.93,4197.34,4188.75,4196.04,11173.0
2025-12-09 04:00:00,4195.97,4198.62,4178.1,4179.72,18833.0
2025-12-09 08:00:00,4179.8,4212.73,4169.98,4202.88,21768.0
2025-12-09 12:00:00,4202.7,4208.27,4195.78,4201.25,20518.0
2025-12-09 16:00:00,4201.38,4221.13,4189.46,4202.96,27879.0
2025-12-09 20:00:00,4202.96,4215.91,4201.24,4208.13,20146.0
2025-12-10 00:00:00,4209.68,4217.97,4206.8,4213.71,11791.0
2025-12-10 04:00:00,4213.69,4218.68,4201.68,4211.39,16940.0
2025-12-10 08:00:00,4211.33,4211.61,4192.56,4194.26,19516.0
2025-12-10 12:00:00,4194.28,4204.98,4187.72,4200.65,20047.0
2025-12-10 16:00:00,4200.66,4206.76,4188.89,4199.62,24871.0
2025-12-10 20:00:00,4199.73,4238.55,4181.9,4228.4,23801.0
2025-12-11 00:00:00,4228.67,4247.53,4223.83,4238.2,13901.0
2025-12-11 04:00:00,4238.19,4240.62,4206.06,4207.4,19746.0
2025-12-11 08:00:00,4207.53,4221.48,4204.23,4218.45,17983.0
2025-12-11 12:00:00,4218.46,4225.82,4205.35,4220.91,18985.0
2025-12-11 16:00:00,4221.05,4281.73,4217.86,4278.59,27870.0
2025-12-11 20:00:00,4278.49,4285.84,4263.17,4279.65,19948.0
2025-12-12 00:00:00,4281.72,4283.39,4264.59,4270.91,13310.0
2025-12-12 04:00:00,4270.74,4280.45,4266.01,4278.84,16816.0
2025-12-12 08:00:00,4278.85,4320.11,4276.7,4318.09,20120.0
2025-12-12 12:00:00,4318.18,4346.04,4314.68,4340.87,23463.0
2025-12-12 16:00:00,4340.88,4353.35,4257.71,4294.16,30907.0
2025-12-12 20:00:00,4294.91,4304.11,4288.49,4300.29,20365.0
2025-12-15 00:00:00,4300.21,4325.56,4294.53,4322.47,14002.0
2025-12-15 04:00:00,4322.25,4344.23,4319.36,4343.42,19033.0
2025-12-15 08:00:00,4343.44,4350.17,4333.49,4342.74,19457.0
2025-12-15 12:00:00,4342.49,4348.23,4330.77,4332.07,19552.0
2025-12-15 16:00:00,4331.77,4336.61,4285.33,4304.37,29504.0
2025-12-15 20:00:00,4304.26,4317.64,4299.61,4305.01,19702.0
2025-12-16 00:00:00,4305.91,4317.76,4299.12,4308.84,13546.0
2025-12-16 04:00:00,4308.87,4312.08,4271.67,4284.03,21872.0
2025-12-16 08:00:00,4284.11,4292.1,4275.19,4280.33,19467.0
2025-12-16 12:00:00,4280.38,4313.18,4273.8,4312.94,20233.0
2025-12-16 16:00:00,4312.96,4334.89,4291.21,4303.68,28144.0
2025-12-16 20:00:00,4303.51,4315.76,4297.28,4302.28,19473.0
2025-12-17 00:00:00,4302.67,4326.71,4301.5,4326.6,11976.0
2025-12-17 04:00:00,4326.57,4342.14,4311.12,4333.8,21186.0
2025-12-17 08:00:00,4334.0,4337.64,4308.38,4316.81,20406.0
2025-12-17 12:00:00,4316.79,4343.96,4306.67,4341.98,19779.0
2025-12-17 16:00:00,4342.01,4348.76,4320.27,4342.29,29841.0
2025-12-17 20:00:00,4342.4,4346.25,4328.86,4338.22,21088.0
2025-12-18 00:00:00,4339.96,4342.96,4324.45,4331.45,13405.0
2025-12-18 04:00:00,4331.4,4337.62,4328.58,4333.22,19335.0
2025-12-18 08:00:00,4333.26,4337.57,4320.83,4323.46,18178.0
2025-12-18 12:00:00,4323.41,4342.81,4314.58,4336.5,18154.0
2025-12-18 16:00:00,4335.34,4374.41,4308.69,4333.22,30289.0
2025-12-18 20:00:00,4333.34,4341.24,4322.77,4332.6,21774.0
2025-12-19 00:00:00,4333.96,4336.78,4309.18,4323.23,11432.0
2025-12-19 04:00:00,4323.21,4328.91,4312.61,4325.86,17105.0
2025-12-19 08:00:00,4325.9,4333.5,4321.02,4329.41,17306.0
2025-12-19 12:00:00,4329.3,4335.18,4320.61,4328.27,18944.0
2025-12-19 16:00:00,4328.34,4355.88,4319.79,4353.41,26628.0
2025-12-19 20:00:00,4353.25,4356.45,4336.59,4338.51,16494.0
2025-12-22 00:00:00,4339.74,4384.67,4337.94,4382.92,13938.0
2025-12-22 04:00:00,4382.44,4409.4,4378.48,4399.92,18460.0
2025-12-22 08:00:00,4400.06,4420.28,4398.77,4411.01,17279.0
2025-12-22 12:00:00,4411.23,4427.24,4406.06,4423.63,18110.0
2025-12-22 16:00:00,4424.16,4442.03,4412.03,4438.45,24717.0
2025-12-22 20:00:00,4438.93,4448.97,4428.84,4443.62,15468.0
2025-12-23 00:00:00,4447.45,4490.6,4445.36,4486.62,14197.0
2025-12-23 04:00:00,4486.59,4497.65,4474.86,4475.18,19803.0
2025-12-23 08:00:00,4475.12,4493.14,4469.45,4480.35,18209.0
2025-12-23 12:00:00,4480.41,4497.23,4473.21,4479.0,18707.0
2025-12-23 16:00:00,4478.66,4479.82,4430.58,4472.64,28047.0
2025-12-23 20:00:00,4472.87,4499.73,4472.8,4484.57,18625.0
2025-12-24 00:00:00,4487.25,4525.66,4483.39,4518.66,15706.0
2025-12-24 04:00:00,4518.69,4519.11,4471.15,4488.37,21189.0
2025-12-24 08:00:00,4488.37,4498.02,4478.13,4494.6,19400.0
2025-12-24 12:00:00,4494.6,4499.84,4474.72,4487.75,19455.0
2025-12-24 16:00:00,4487.8,4489.31,4448.31,4480.53,27549.0
2025-12-26 00:00:00,4495.17,4530.87,4469.38,4503.95,16045.0
2025-12-26 04:00:00,4503.78,4514.83,4492.29,4509.94,20884.0
2025-12-26 08:00:00,4509.83,4520.31,4507.18,4512.68,17758.0
2025-12-26 12:00:00,4512.66,4528.34,4503.07,4525.18,20388.0
2025-12-26 16:00:00,4525.36,4549.86,4510.12,4519.14,27880.0
2025-12-26 20:00:00,4518.83,4535.58,4514.85,4531.87,21401.0
2025-12-29 00:00:00,4539.3,4549.55,4472.63,4497.32,20539.0
2025-12-29 04:00:00,4497.17,4520.2,4496.5,4506.37,20470.0
2025-12-29 08:00:00,4506.7,4510.54,4447.21,4472.11,24892.0
2025-12-29 12:00:00,4472.08,4474.42,4407.17,4421.58,22633.0
2025-12-29 16:00:00,4421.0,4421.0,4303.02,4328.06,29650.0
2025-12-29 20:00:00,4328.58,4344.38,4322.91,4331.84,20543.0
2025-12-30 00:00:00,4333.38,4360.1,4323.6,4360.1,15967.0
2025-12-30 04:00:00,4360.04,4380.1,4348.75,4377.5,19904.0
2025-12-30 08:00:00,4377.49,4383.31,4350.16,4371.93,22063.0
2025-12-30 12:00:00,4371.93,4404.18,4367.63,4388.42,22552.0
2025-12-30 16:00:00,4388.33,4391.96,4354.77,4370.14,28155.0
2025-12-30 20:00:00,4370.11,4378.56,4334.76,4338.55,21693.0
2025-12-31 00:00:00,4340.5,4373.2,4328.84,4366.02,15435.0
2025-12-31 04:00:00,4366.25,4371.02,4276.1,4285.84,24356.0
2025-12-31 08:00:00,4285.83,4337.13,4274.24,4325.71,21446.0
2025-12-31 12:00:00,4325.68,4348.22,4303.07,4345.64,20419.0
2025-12-31 16:00:00,4345.72,4353.31,4317.05,4321.77,27077.0
2025-12-31 20:00:00,4321.57,4331.32,4304.45,4313.14,17429.0
2026-01-02 00:00:00,4325.4,4355.89,4324.23,4347.84,13301.0
2026-01-02 04:00:00,4347.82,4381.59,4344.94,4380.59,18118.0
2026-01-02 08:00:00,4380.58,4397.35,4371.9,4385.34,18890.0
2026-01-02 12:00:00,4385.48,4402.17,4361.93,4365.95,20730.0
2026-01-02 16:00:00,4365.99,4373.51,4314.99,4322.94,28900.0
2026-01-02 20:00:00,4322.9,4333.22,4309.89,4332.89,20858.0
2026-01-05 00:00:00,4353.81,4419.88,4344.94,4401.89,18309.0
2026-01-05 04:00:00,4401.79,4414.31,4388.6,4412.44,21068.0
2026-01-05 08:00:00,4412.33,4437.83,4411.24,4434.75,20542.0
2026-01-05 12:00:00,4434.77,4439.71,4396.12,4416.72,23399.0
2026-01-05 16:00:00,4416.87,4455.58,4416.87,4443.47,28044.0
2026-01-05 20:00:00,4443.41,4449.11,4435.03,4448.86,19367.0
2026-01-06 00:00:00,4449.14,4459.87,4427.89,4450.49,14814.0
2026-01-06 04:00:00,4450.86,4474.06,4448.57,4452.17,20534.0
2026-01-06 08:00:00,4452.77,4475.7,4444.78,4446.21,20831.0
2026-01-06 12:00:00,4446.16,4470.37,4442.74,4467.88,20979.0
2026-01-06 16:00:00,4468.12,4491.3,4463.24,4489.38,27543.0
2026-01-06 20:00:00,4489.14,4497.2,4477.3,4494.62,20020.0
2026-01-07 00:00:00,4495.38,4500.42,4461.09,4465.41,15222.0
2026-01-07 04:00:00,4465.36,4480.14,4443.47,4454.3,22113.0
2026-01-07 08:00:00,4454.28,4474.54,4441.42,4463.49,20257.0
2026-01-07 12:00:00,4463.12,4467.6,4427.84,4452.86,21622.0
2026-01-07 16:00:00,4452.65,4468.24,4423.44,4451.84,27326.0
2026-01-07 20:00:00,4451.53,4461.63,4445.34,4456.33,19543.0
2026-01-08 00:00:00,4455.78,4466.16,4441.96,4448.32,13898.0
2026-01-08 04:00:00,4448.29,4449.44,4415.63,4425.56,22645.0
2026-01-08 08:00:00,4425.42,4439.63,4415.93,4432.68,22225.0
2026-01-08 12:00:00,4432.69,4435.91,4407.74,4423.68,22147.0
2026-01-08 16:00:00,4422.49,4465.21,4419.14,4463.4,27523.0
2026-01-08 20:00:00,4463.1,4479.38,4444.69,4477.34,19983.0
2026-01-09 00:00:00,4479.71,4483.88,4452.8,4468.83,13917.0
2026-01-09 04:00:00,4468.86,4476.35,4458.24,4467.95,18599.0
2026-01-09 08:00:00,4468.47,4477.44,4464.07,4471.07,18185.0
2026-01-09 12:00:00,4471.06,4491.62,4459.44,4482.67,19877.0
2026-01-09 16:00:00,4482.8,4517.01,4479.34,4484.52,27953.0
2026-01-09 20:00:00,4483.5,4511.08,4483.05,4509.81,18490.0
2026-01-12 00:00:00,4520.67,4600.99,4513.13,4570.5,19071.0
2026-01-12 04:00:00,4569.74,4584.76,4561.7,4580.68,21636.0
2026-01-12 08:00:00,4580.63,4599.18,4569.69,4589.01,21213.0
2026-01-12 12:00:00,4589.23,4620.09,4578.46,4615.75,20855.0
2026-01-12 16:00:00,4615.71,4630.09,4584.98,4616.37,27593.0
2026-01-12 20:00:00,4616.41,4618.79,4589.16,4597.31,20761.0
2026-01-13 00:00:00,4596.41,4607.76,4575.53,4577.76,15960.0
2026-01-13 04:00:00,4577.1,4602.03,4576.58,4591.95,19840.0
2026-01-13 08:00:00,4591.82,4596.99,4573.6,4586.01,19579.0
2026-01-13 12:00:00,4586.05,4620.75,4577.72,4611.39,19733.0
2026-01-13 16:00:00,4611.25,4634.57,4586.61,4590.3,28226.0
2026-01-13 20:00:00,4590.2,4601.92,4569.8,4586.42,22729.0
2026-01-14 00:00:00,4589.4,4619.78,4587.49,4619.08,14754.0
2026-01-14 04:00:00,4619.09,4639.47,4613.32,4620.09,21484.0
2026-01-14 08:00:00,4619.52,4639.48,4618.5,4630.33,21668.0
2026-01-14 12:00:00,4630.43,4641.58,4624.69,4635.6,21794.0
2026-01-14 16:00:00,4635.69,4638.85,4599.36,4614.21,29524.0
2026-01-14 20:00:00,4613.61,4642.71,4612.69,4626.35,24019.0
2026-01-15 00:00:00,4630.2,4632.51,4583.64,4599.93,17695.0
2026-01-15 04:00:00,4599.94,4614.52,4581.04,4595.2,24244.0
2026-01-15 08:00:00,4594.93,4613.44,4593.59,4612.53,21254.0
2026-01-15 12:00:00,4612.44,4622.92,4582.41,4587.78,21595.0
2026-01-15 16:00:00,4588.07,4624.67,4583.26,4616.41,27753.0
2026-01-15 20:00:00,4616.55,4621.39,4600.81,4615.76,21259.0
2026-01-16 00:00:00,4618.68,4620.55,4593.91,4600.63,15280.0
2026-01-16 04:00:00,4600.47,4615.92,4591.31,4611.4,19628.0
2026-01-16 08:00:00,4611.39,4612.21,4594.1,4600.63,18918.0
2026-01-16 12:00:00,4600.67,4615.78,4582.59,4601.82,19613.0
2026-01-16 16:00:00,4601.79,4620.21,4536.74,4581.33,28999.0
2026-01-16 20:00:00,4580.93,4598.27,4580.03,4595.46,20798.0
2026-01-19 00:00:00,4629.18,4690.36,4619.61,4657.24,19558.0
2026-01-19 04:00:00,4657.05,4674.15,4653.11,4669.76,18348.0
2026-01-19 08:00:00,4669.79,4678.92,4661.75,4668.28,17778.0
2026-01-19 12:00:00,4668.2,4673.65,4659.72,4665.95,16168.0
2026-01-19 16:00:00,4665.98,4678.77,4661.55,4676.17,16948.0
2026-01-19 20:00:00,4676.09,4680.08,4667.08,4670.68,4443.0
2026-01-20 00:00:00,4671.98,4676.73,4659.47,4669.55,12178.0
2026-01-20 04:00:00,4669.47,4716.55,4665.38,4714.45,20057.0
2026-01-20 08:00:00,4714.49,4737.27,4705.53,4732.34,20852.0
2026-01-20 12:00:00,4732.36,4738.2,4715.4,4737.09,20689.0
2026-01-20 16:00:00,4736.11,4762.36,4722.43,4759.19,27735.0
2026-01-20 20:00:00,4758.99,4766.17,4747.55,4763.36,22155.0
2026-01-21 00:00:00,4762.12,4843.95,4757.75,4835.06,14855.0
2026-01-21 04:00:00,4835.28,4878.05,4817.19,4869.57,22636.0
2026-01-21 08:00:00,4869.82,4888.25,4832.52,4860.27,23665.0
2026-01-21 12:00:00,4860.2,4880.15,4855.08,4879.28,21148.0
2026-01-21 16:00:00,4879.21,4880.8,4802.56,4826.15,30929.0
2026-01-21 20:00:00,4825.92,4853.77,4755.88,4831.05,26261.0
2026-01-22 00:00:00,4835.16,4835.16,4772.34,4797.89,16852.0
2026-01-22 04:00:00,4797.66,4821.52,4774.73,4821.18,20550.0
2026-01-22 08:00:00,4821.17,4838.15,4814.01,4823.02,20371.0
2026-01-22 12:00:00,4823.18,4836.28,4810.69,4822.16,20757.0
2026-01-22 16:00:00,4821.74,4906.14,4820.36,4904.5,27816.0
2026-01-22 20:00:00,4904.3,4940.55,4901.45,4936.21,22745.0
2026-01-23 00:00:00,4939.08,4967.12,4930.79,4953.27,16302.0
2026-01-23 04:00:00,4953.29,4967.16,4938.02,4960.53,16214.0
2026-01-23 08:00:00,4960.48,4962.99,4899.76,4918.62,22366.0
2026-01-23 12:00:00,4918.63,4947.87,4912.21,4938.95,22395.0
2026-01-23 16:00:00,4938.89,4988.03,4932.95,4965.45,28139.0
2026-01-23 20:00:00,4965.66,4989.69,4958.49,4986.07,21296.0
2026-01-26 00:00:00,5012.68,5085.48,5002.0,5070.83,20431.0
2026-01-26 04:00:00,5070.78,5092.78,5052.27,5074.29,24695.0
2026-01-26 08:00:00,5074.22,5110.94,5065.6,5083.89,24375.0
2026-01-26 12:00:00,5084.3,5096.75,5054.67,5068.49,24094.0
2026-01-26 16:00:00,5068.52,5104.75,5058.45,5100.8,30294.0
2026-01-26 20:00:00,5100.86,5103.0,4990.04,5008.04,31065.0
2026-01-27 00:00:00,5013.71,5075.67,5012.77,5060.18,19095.0
2026-01-27 04:00:00,5059.72,5085.05,5049.69,5082.73,24771.0
2026-01-27 08:00:00,5082.74,5100.44,5073.31,5098.74,25022.0
2026-01-27 12:00:00,5098.29,5098.29,5066.75,5077.32,25490.0
2026-01-27 16:00:00,5077.48,5103.02,5046.71,5081.3,31401.0
2026-01-27 20:00:00,5081.74,5190.25,5076.28,5181.1,27867.0
2026-01-28 00:00:00,5179.76,5225.13,5157.21,5204.58,20093.0
2026-01-28 04:00:00,5204.83,5266.06,5201.54,5261.12,25802.0
2026-01-28 08:00:00,5261.14,5311.43,5251.82,5278.05,25593.0
2026-01-28 12:00:00,5278.19,5289.31,5239.09,5266.42,25247.0
2026-01-28 16:00:00,5266.64,5306.84,5236.22,5298.02,30920.0
2026-01-28 20:00:00,5298.38,5418.96,5268.69,5417.39,30590.0
2026-01-29 00:00:00,5420.49,5596.58,5419.49,5545.51,23647.0
2026-01-29 04:00:00,5545.63,5564.28,5504.09,5561.94,28717.0
2026-01-29 08:00:00,5562.22,5595.2,5474.65,5514.04,29092.0
2026-01-29 12:00:00,5514.1,5543.0,5470.92,5509.87,27174.0
2026-01-29 16:00:00,5510.74,5549.32,5101.72,5335.43,32545.0
2026-01-29 20:00:00,5334.69,5425.86,5282.78,5370.52,30240.0
2026-01-30 00:00:00,5388.79,5450.97,5291.15,5300.56,21905.0
2026-01-30 04:00:00,5300.79,5312.18,5112.35,5184.65,28779.0
2026-01-30 08:00:00,5184.54,5204.92,4942.96,5013.32,29475.0
2026-01-30 12:00:00,5011.93,5145.32,4992.17,5019.16,28944.0
2026-01-30 16:00:00,5019.49,5113.23,4800.59,4849.29,31655.0
2026-01-30 20:00:00,4848.94,4947.53,4692.11,4883.85,28496.0
2026-02-02 00:00:00,4779.68,4884.44,4583.91,4736.66,23281.0
2026-02-02 04:00:00,4736.46,4772.6,4498.81,4548.93,31861.0
2026-02-02 08:00:00,4549.05,4730.4,4403.25,4719.41,30544.0
2026-02-02 12:00:00,4719.23,4812.16,4657.1,4705.81,30151.0
2026-02-02 16:00:00,4705.83,4793.12,4596.41,4674.47,32556.0
2026-02-02 20:00:00,4673.93,4712.18,4618.86,4660.83,28435.0
2026-02-03 00:00:00,4673.23,4855.81,4666.32,4841.31,22087.0
2026-02-03 04:00:00,4841.1,4841.88,4745.4,4824.98,28777.0
2026-02-03 08:00:00,4825.19,4948.61,4816.39,4915.98,27418.0
2026-02-03 12:00:00,4915.97,4950.82,4884.02,4932.67,25407.0
2026-02-03 16:00:00,4932.97,4993.61,4894.17,4929.13,31353.0
2026-02-03 20:00:00,4928.89,4963.91,4880.81,4946.81,27581.0
2026-02-04 00:00:00,4945.42,5053.01,4910.44,5046.74,20834.0
2026-02-04 04:00:00,5046.74,5090.16,5035.43,5079.13,23528.0
2026-02-04 08:00:00,5079.22,5091.67,5043.33,5060.03,23316.0
2026-02-04 12:00:00,5060.09,5064.15,5013.6,5053.81,23041.0
2026-02-04 16:00:00,5053.85,5058.67,4851.72,4898.11,31885.0
2026-02-04 20:00:00,4897.95,4970.69,4872.94,4964.76,24280.0
2026-02-05 00:00:00,4975.58,5023.56,4935.97,4958.75,19308.0
2026-02-05 04:00:00,4958.39,4961.39,4789.15,4895.79,30444.0
2026-02-05 08:00:00,4895.97,4943.41,4849.38,4854.82,28080.0
2026-02-05 12:00:00,4854.69,4894.21,4802.22,4835.5,27280.0
2026-02-05 16:00:00,4835.56,4906.46,4800.55,4869.22,31317.0
2026-02-05 20:00:00,4869.35,4875.21,4759.64,4779.4,26034.0
2026-02-06 00:00:00,4786.88,4795.76,4655.08,4773.77,22521.0
2026-02-06 04:00:00,4774.06,4897.58,4761.14,4897.44,26268.0
2026-02-06 08:00:00,4897.39,4902.73,4825.86,4866.7,24248.0
2026-02-06 12:00:00,4866.69,4938.18,4851.65,4929.05,22318.0
2026-02-06 16:00:00,4929.0,4968.45,4894.3,4960.28,27030.0
2026-02-06 20:00:00,4960.3,4971.14,4936.56,4964.08,16541.0
2026-02-09 00:00:00,4980.95,5046.7,4965.03,4982.25,20154.0
2026-02-09 04:00:00,4982.37,5041.47,4969.26,5036.77,22835.0
2026-02-09 08:00:00,5036.28,5045.22,4997.47,5007.82,22356.0
2026-02-09 12:00:00,5008.13,5024.44,4982.56,5006.99,21574.0
2026-02-09 16:00:00,5006.95,5080.66,5002.34,5046.16,24937.0
2026-02-09 20:00:00,5046.16,5086.26,5044.09,5058.26,19287.0
2026-02-10 00:00:00,5059.18,5075.16,4987.85,5032.7,18888.0
2026-02-10 04:00:00,5032.7,5055.93,5011.22,5039.59,21316.0
2026-02-10 08:00:00,5039.21,5062.96,5018.53,5046.64,20453.0
2026-02-10 12:00:00,5046.65,5058.27,5019.74,5050.98,19171.0
2026-02-10 16:00:00,5051.55,5078.45,4998.89,5026.15,25960.0
2026-02-10 20:00:00,5026.14,5045.03,5004.83,5025.29,18609.0
2026-02-11 00:00:00,5026.04,5054.5,5024.38,5052.42,13169.0
2026-02-11 04:00:00,5052.36,5063.87,5032.59,5052.16,16989.0
2026-02-11 08:00:00,5052.66,5071.98,5045.82,5062.67,18698.0
2026-02-11 12:00:00,5062.78,5119.17,5019.64,5065.98,23567.0
2026-02-11 16:00:00,5065.57,5098.73,5035.74,5091.4,27554.0
2026-02-11 20:00:00,5091.12,5094.17,5067.37,5084.42,18970.0
2026-02-12 00:00:00,5084.94,5099.73,5044.97,5063.28,15800.0
2026-02-12 04:00:00,5063.74,5078.02,5050.89,5075.41,16195.0
2026-02-12 08:00:00,5075.68,5080.66,5047.17,5073.07,17178.0
2026-02-12 12:00:00,5073.02,5083.65,5048.65,5075.16,16557.0
2026-02-12 16:00:00,5075.13,5077.53,4878.56,4941.04,28549.0
2026-02-12 20:00:00,4940.9,4957.63,4907.01,4921.73,24742.0
2026-02-13 00:00:00,4923.6,4988.56,4887.04,4980.65,16908.0
2026-02-13 04:00:00,4980.53,4997.19,4944.78,4945.95,17722.0
2026-02-13 08:00:00,4946.32,4989.41,4946.06,4970.18,20267.0
2026-02-13 12:00:00,4970.17,4999.2,4933.78,4986.97,19449.0
2026-02-13 16:00:00,4987.08,5033.83,4965.3,5021.03,27285.0
2026-02-13 20:00:00,5021.07,5045.95,5015.43,5043.08,19294.0
2026-02-16 00:00:00,5036.98,5050.56,5004.86,5028.83,14077.0
2026-02-16 04:00:00,5028.82,5031.1,4966.34,4990.57,16368.0
2026-02-16 08:00:00,4990.22,5017.22,4984.78,5013.41,14632.0
2026-02-16 12:00:00,5013.38,5017.16,4989.75,4997.3,14076.0
2026-02-16 16:00:00,4997.31,4999.44,4969.05,4991.48,15383.0
2026-02-16 20:00:00,4991.49,4997.5,4988.89,4993.31,4884.0
2026-02-17 00:00:00,4994.97,5000.33,4923.08,4957.41,13175.0
2026-02-17 04:00:00,4957.04,4970.94,4862.36,4888.75,17210.0
2026-02-17 08:00:00,4888.77,4932.48,4886.68,4925.86,18079.0
2026-02-17 12:00:00,4925.38,4943.99,4870.15,4870.57,18669.0
2026-02-17 16:00:00,4870.38,4906.94,4843.12,4865.0,29155.0
2026-02-17 20:00:00,4864.97,4910.1,4862.47,4877.34,20281.0
2026-02-18 00:00:00,4869.14,4892.48,4854.05,4889.81,12963.0
2026-02-18 04:00:00,4889.77,4940.25,4886.89,4933.24,13154.0
2026-02-18 08:00:00,4933.45,4942.13,4912.96,4917.21,13641.0
2026-02-18 12:00:00,4917.23,4968.87,4906.32,4954.35,16335.0
2026-02-18 16:00:00,4954.62,5010.89,4952.25,4999.21,21892.0
2026-02-18 20:00:00,4999.21,5003.11,4972.99,4977.31,18123.0
2026-02-19 00:00:00,4978.14,4988.77,4960.7,4972.97,11550.0
2026-02-19 04:00:00,4972.81,4998.44,4965.63,4996.78,11713.0
2026-02-19 08:00:00,4996.77,5021.81,4992.93,4995.5,15074.0
2026-02-19 12:00:00,4995.46,4998.3,4972.16,4996.9,16340.0
2026-02-19 16:00:00,4996.8,5022.02,4963.91,4984.72,24150.0
2026-02-19 20:00:00,4984.86,5004.06,4975.18,4996.06,15623.0
2026-02-20 00:00:00,4999.02,5014.54,4985.24,4996.8,10101.0
2026-02-20 04:00:00,4996.82,5011.7,4981.64,5011.7,11474.0
2026-02-20 08:00:00,5012.1,5042.4,5004.82,5027.48,15726.0
2026-02-20 12:00:00,5027.56,5048.53,5006.84,5043.2,16812.0
2026-02-20 16:00:00,5043.43,5075.97,4990.13,5072.66,27829.0
2026-02-20 20:00:00,5072.95,5106.88,5054.48,5103.62,19182.0
2026-02-23 00:00:00,5106.92,5171.7,5098.86,5157.29,17666.0
2026-02-23 04:00:00,5156.98,5176.4,5152.26,5158.1,16441.0
2026-02-23 08:00:00,5158.08,5161.01,5122.28,5149.36,17607.0
2026-02-23 12:00:00,5149.45,5165.23,5143.63,5146.2,17352.0
2026-02-23 16:00:00,5146.19,5218.63,5141.53,5207.71,26870.0
2026-02-23 20:00:00,5207.71,5237.5,5200.9,5227.35,19116.0
2026-02-24 00:00:00,5227.28,5249.61,5145.1,5177.2,17169.0
2026-02-24 04:00:00,5177.41,5191.51,5160.96,5182.32,18268.0
2026-02-24 08:00:00,5182.38,5184.65,5156.2,5171.21,18267.0
2026-02-24 12:00:00,5171.17,5180.97,5111.14,5115.04,19034.0
2026-02-24 16:00:00,5114.56,5163.63,5094.16,5163.56,26994.0
2026-02-24 20:00:00,5163.58,5172.96,5140.33,5143.67,19487.0
2026-02-25 00:00:00,5142.64,5189.75,5122.68,5176.63,13838.0
2026-02-25 04:00:00,5176.61,5210.3,5166.61,5201.51,17776.0
2026-02-25 08:00:00,5201.51,5201.51,5176.53,5192.99,17418.0
2026-02-25 12:00:00,5193.15,5194.9,5154.99,5184.97,18116.0
2026-02-25 16:00:00,5184.78,5217.34,5158.81,5206.68,25044.0
2026-02-25 20:00:00,5206.69,5208.09,5146.37,5164.75,19931.0
2026-02-26 00:00:00,5164.69,5198.23,5155.41,5191.52,15816.0
2026-02-26 04:00:00,5191.18,5205.11,5174.16,5198.16,17452.0
2026-02-26 08:00:00,5198.17,5199.41,5167.73,5186.21,18105.0
2026-02-26 12:00:00,5186.21,5189.97,5157.79,5166.13,18675.0
2026-02-26 16:00:00,5165.65,5192.66,5130.5,5167.09,27374.0
2026-02-26 20:00:00,5167.38,5200.58,5160.7,5184.97,18383.0
2026-02-27 00:00:00,5184.92,5194.69,5166.75,5193.95,12761.0
2026-02-27 04:00:00,5193.91,5200.2,5173.47,5197.7,17455.0
2026-02-27 08:00:00,5197.49,5199.04,5172.13,5175.82,17781.0
2026-02-27 12:00:00,5175.93,5240.17,5168.71,5222.81,18650.0
2026-02-27 16:00:00,5222.84,5257.55,5213.61,5234.81,27739.0
2026-02-27 20:00:00,5234.7,5281.05,5222.61,5280.29,19319.0
2026-03-02 00:00:00,5315.99,5392.89,5303.15,5324.79,21592.0
2026-03-02 04:00:00,5324.72,5366.74,5316.84,5365.81,21242.0
2026-03-02 08:00:00,5365.77,5418.9,5363.31,5391.67,23690.0
2026-03-02 12:00:00,5391.8,5416.41,5374.29,5393.81,22666.0
2026-03-02 16:00:00,5393.71,5394.84,5260.64,5306.47,31533.0
2026-03-02 20:00:00,5306.72,5346.12,5289.4,5321.81,22595.0
2026-03-03 00:00:00,5331.13,5379.65,5329.19,5338.78,14527.0
2026-03-03 04:00:00,5339.06,5375.29,5305.71,5319.04,21723.0
2026-03-03 08:00:00,5319.34,5335.76,5226.6,5275.0,26587.0
2026-03-03 12:00:00,5275.01,5287.76,5074.49,5156.71,29774.0
2026-03-03 16:00:00,5156.43,5175.08,4996.85,5079.02,31581.0
2026-03-03 20:00:00,5079.14,5148.51,5079.03,5088.17,26714.0
2026-03-04 00:00:00,5109.46,5178.11,5084.62,5174.81,17499.0
2026-03-04 04:00:00,5174.44,5190.59,5141.17,5159.54,25201.0
2026-03-04 08:00:00,5159.53,5184.83,5122.34,5181.99,22973.0
2026-03-04 12:00:00,5181.98,5206.01,5156.58,5167.65,22931.0
2026-03-04 16:00:00,5167.09,5184.77,5119.99,5140.98,29158.0
2026-03-04 20:00:00,5140.95,5146.37,5109.31,5141.09,20852.0
2026-03-05 00:00:00,5150.22,5186.26,5144.56,5172.51,13532.0
2026-03-05 04:00:00,5172.54,5194.79,5148.21,5148.32,19115.0
2026-03-05 08:00:00,5148.42,5180.24,5120.63,5160.76,23943.0
2026-03-05 12:00:00,5160.59,5171.49,5084.64,5117.95,20990.0
2026-03-05 16:00:00,5117.57,5129.71,5054.2,5062.81,30494.0
2026-03-05 20:00:00,5062.95,5094.46,5051.1,5080.83,24523.0
2026-03-06 00:00:00,5084.03,5143.3,5066.56,5134.46,15372.0
2026-03-06 04:00:00,5134.16,5141.29,5114.33,5117.02,18014.0
2026-03-06 08:00:00,5117.33,5122.96,5083.25,5085.52,20137.0
2026-03-06 12:00:00,5085.57,5130.75,5062.72,5084.98,24151.0
2026-03-06 16:00:00,5085.06,5171.39,5081.23,5140.54,29523.0
2026-03-06 20:00:00,5140.34,5174.34,5138.59,5171.24,20195.0
2026-03-09 00:00:00,5190.98,5191.87,5014.96,5070.04,29045.0
2026-03-09 04:00:00,5070.29,5140.46,5055.24,5124.13,23594.0
2026-03-09 08:00:00,5124.06,5133.8,5087.01,5105.09,24826.0
2026-03-09 12:00:00,5105.07,5111.95,5067.34,5074.11,23997.0
2026-03-09 16:00:00,5073.41,5115.78,5061.06,5095.8,26972.0
2026-03-09 20:00:00,5095.84,5147.76,5092.29,5136.56,15870.0
2026-03-10 00:00:00,5148.85,5186.1,5117.33,5184.0,21656.0
2026-03-10 04:00:00,5184.02,5186.38,5154.19,5177.76,19494.0
2026-03-10 08:00:00,5177.89,5194.92,5158.35,5182.33,20428.0
2026-03-10 12:00:00,5182.32,5228.51,5156.31,5205.4,24912.0
2026-03-10 16:00:00,5205.83,5238.46,5185.29,5227.47,25671.0
2026-03-10 20:00:00,5227.63,5227.76,5160.7,5192.62,17412.0
2026-03-11 00:00:00,5190.03,5222.93,5183.34,5208.44,17100.0
2026-03-11 04:00:00,5208.33,5220.26,5190.41,5199.42,16488.0
2026-03-11 08:00:00,5199.54,5210.61,5175.36,5187.48,19872.0
2026-03-11 12:00:00,5187.66,5196.21,5149.69,5176.76,22849.0
2026-03-11 16:00:00,5176.48,5195.83,5154.82,5169.62,26990.0
2026-03-11 20:00:00,5169.6,5183.27,5169.02,5175.77,11818.0
2026-03-12 00:00:00,5182.11,5182.16,5125.71,5168.35,19910.0
2026-03-12 04:00:00,5168.62,5174.85,5137.08,5154.38,17481.0
2026-03-12 08:00:00,5154.37,5190.03,5147.17,5188.09,18307.0
2026-03-12 12:00:00,5187.66,5191.43,5145.97,5151.14,22207.0
2026-03-12 16:00:00,5151.03,5163.12,5102.51,5105.24,28460.0
2026-03-12 20:00:00,5105.11,5112.5,5055.1,5078.82,16991.0
2026-03-13 00:00:00,5075.61,5123.83,5072.59,5123.77,16565.0
2026-03-13 04:00:00,5124.07,5128.3,5098.06,5102.83,16244.0
2026-03-13 08:00:00,5102.93,5107.59,5061.56,5089.4,22641.0
2026-03-13 12:00:00,5089.43,5121.66,5079.8,5101.62,22635.0
2026-03-13 16:00:00,5101.64,5107.76,5018.94,5046.15,29494.0
2026-03-13 20:00:00,5045.69,5051.6,5009.43,5021.46,15995.0
2026-03-16 00:00:00,5011.61,5030.53,4967.82,5015.78,25557.0
2026-03-16 04:00:00,5015.85,5026.07,4997.66,5017.36,18613.0
2026-03-16 08:00:00,5017.35,5035.79,4972.68,4975.35,22618.0
2026-03-16 12:00:00,4975.31,5034.04,4970.1,5029.61,24596.0
2026-03-16 16:00:00,5029.61,5037.59,4974.0,4991.21,26846.0
2026-03-16 20:00:00,4991.2,5021.43,4989.82,5006.06,14458.0
2026-03-17 00:00:00,5010.67,5027.78,4994.9,5027.72,16169.0
2026-03-17 04:00:00,5027.66,5044.31,5019.73,5020.49,17649.0
2026-03-17 08:00:00,5020.66,5029.38,5005.06,5010.18,19636.0
2026-03-17 12:00:00,5009.61,5031.23,4991.98,5016.41,21831.0
2026-03-17 16:00:00,5016.59,5020.22,4973.43,5002.25,25923.0
2026-03-17 20:00:00,5002.29,5008.91,4996.37,5005.39,11621.0
2026-03-18 00:00:00,5005.32,5015.65,4991.13,4998.73,13761.0
2026-03-18 04:00:00,4998.62,5006.82,4981.74,4997.52,16902.0
2026-03-18 08:00:00,4997.25,5016.12,4977.19,4991.97,17991.0
2026-03-18 12:00:00,4991.99,4991.99,4834.13,4878.16,27566.0
2026-03-18 16:00:00,4878.08,4898.74,4856.58,4890.42,27092.0
2026-03-18 20:00:00,4890.54,4899.03,4806.75,4818.56,20145.0
2026-03-19 00:00:00,4829.49,4866.96,4804.59,4849.73,20849.0
2026-03-19 04:00:00,4849.75,4865.61,4826.86,4827.4,18563.0
2026-03-19 08:00:00,4827.04,4841.93,4686.66,4698.86,29573.0
2026-03-19 12:00:00,4698.79,4719.59,4502.22,4619.89,30501.0
2026-03-19 16:00:00,4620.78,4648.67,4566.2,4615.91,32300.0
2026-03-19 20:00:00,4615.15,4663.11,4596.24,4650.2,19555.0
2026-03-20 00:00:00,4658.65,4699.09,4634.29,4677.14,21670.0
2026-03-20 04:00:00,4677.66,4735.65,4670.32,4688.28,21459.0
2026-03-20 08:00:00,4688.42,4734.56,4659.93,4667.46,25490.0
2026-03-20 12:00:00,4667.39,4695.3,4612.7,4616.34,28552.0
2026-03-20 16:00:00,4616.18,4622.36,4540.64,4573.34,31914.0
2026-03-20 20:00:00,4574.12,4578.22,4477.35,4497.38,21292.0
2026-03-23 00:00:00,4488.23,4536.11,4319.78,4387.29,29241.0
2026-03-23 04:00:00,4388.14,4421.82,4302.08,4309.98,28022.0
2026-03-23 08:00:00,4309.78,4309.98,4098.94,4253.25,32902.0
2026-03-23 12:00:00,4254.07,4492.33,4241.6,4453.78,31955.0
2026-03-23 16:00:00,4454.76,4512.68,4351.22,4426.09,32893.0
2026-03-23 20:00:00,4425.97,4466.86,4382.65,4406.34,20368.0
2026-03-24 00:00:00,4417.85,4447.96,4308.62,4321.88,26656.0
2026-03-24 04:00:00,4322.28,4379.07,4305.97,4347.06,28627.0
2026-03-24 08:00:00,4346.81,4432.62,4342.99,4426.19,29469.0
2026-03-24 12:00:00,4426.31,4441.81,4351.5,4381.42,30007.0
2026-03-24 16:00:00,4380.79,4433.32,4372.47,4388.43,31982.0
2026-03-24 20:00:00,4388.4,4483.96,4383.92,4473.98,21209.0
2026-03-25 00:00:00,4476.46,4600.89,4455.75,4594.78,25905.0
2026-03-25 04:00:00,4594.9,4602.13,4549.22,4555.62,21718.0
2026-03-25 08:00:00,4555.69,4567.38,4527.72,4551.69,24531.0
2026-03-25 12:00:00,4552.46,4585.35,4522.13,4544.58,26621.0
2026-03-25 16:00:00,4545.03,4579.01,4525.22,4550.44,29866.0
2026-03-25 20:00:00,4550.45,4568.68,4486.85,4506.3,18775.0
2026-03-26 00:00:00,4517.74,4543.77,4488.86,4535.29,22670.0
2026-03-26 04:00:00,4535.43,4535.56,4438.81,4438.81,21668.0
2026-03-26 08:00:00,4438.98,4463.47,4412.75,4423.55,28092.0
2026-03-26 12:00:00,4423.5,4460.25,4416.56,4452.6,28051.0
2026-03-26 16:00:00,4453.89,4478.84,4367.4,4381.41,31408.0
2026-03-26 20:00:00,4381.2,4420.33,4351.11,4378.21,20981.0
2026-03-27 00:00:00,4385.15,4420.19,4375.56,4417.13,19311.0
2026-03-27 04:00:00,4417.38,4474.94,4416.82,4454.44,20019.0
2026-03-27 08:00:00,4453.99,4472.63,4420.64,4428.76,23204.0
2026-03-27 12:00:00,4428.76,4444.99,4404.15,4432.28,25251.0
2026-03-27 16:00:00,4430.92,4554.98,4430.82,4486.47,30408.0
2026-03-27 20:00:00,4486.59,4528.44,4486.59,4495.17,17192.0
2026-03-30 00:00:00,4486.22,4515.21,4419.56,4432.01,19088.0
2026-03-30 04:00:00,4432.79,4517.35,4432.2,4496.72,24856.0
2026-03-30 08:00:00,4496.71,4550.32,4496.71,4537.96,23974.0
2026-03-30 12:00:00,4538.12,4580.41,4523.59,4569.16,23631.0
2026-03-30 16:00:00,4569.73,4578.5,4512.31,4539.79,29936.0
2026-03-30 20:00:00,4539.65,4541.95,4492.93,4510.86,23881.0
2026-03-31 00:00:00,4514.61,4547.97,4482.61,4547.06,14884.0
2026-03-31 04:00:00,4547.58,4619.21,4532.18,4564.56,25334.0
2026-03-31 08:00:00,4563.95,4581.36,4543.51,4568.43,23570.0
2026-03-31 12:00:00,4568.65,4597.36,4529.6,4574.67,25223.0
2026-03-31 16:00:00,4575.01,4650.94,4567.78,4637.91,30617.0
2026-03-31 20:00:00,4638.04,4686.88,4636.22,4666.84,26312.0
2026-04-01 00:00:00,4681.54,4722.32,4661.84,4710.58,15148.0
2026-04-01 04:00:00,4711.19,4724.0,4666.85,4676.35,21676.0
2026-04-01 08:00:00,4676.48,4747.52,4674.73,4728.6,24462.0
2026-04-01 12:00:00,4728.7,4762.85,4713.18,4724.95,22576.0
2026-04-01 16:00:00,4724.94,4790.58,4716.56,4787.33,28809.0
2026-04-01 20:00:00,4787.25,4792.97,4742.09,4758.04,23039.0
2026-04-02 00:00:00,4758.57,4800.43,4752.4,4784.54,14127.0
2026-04-02 04:00:00,4784.26,4786.11,4649.85,4672.51,26507.0
2026-04-02 08:00:00,4672.68,4680.38,4553.61,4620.7,26502.0
2026-04-02 12:00:00,4620.39,4634.93,4592.92,4601.41,23634.0
2026-04-02 16:00:00,4601.76,4699.88,4580.66,4659.07,32122.0
2026-04-02 20:00:00,4658.8,4681.61,4645.68,4675.95,23278.0
2026-04-06 00:00:00,4633.17,4665.48,4600.8,4622.2,16856.0
2026-04-06 04:00:00,4622.26,4671.39,4620.43,4658.82,20364.0
2026-04-06 08:00:00,4658.89,4697.96,4643.76,4695.54,19475.0
2026-04-06 12:00:00,4695.82,4706.29,4659.63,4675.65,19549.0
2026-04-06 16:00:00,4676.33,4697.3,4651.85,4660.28,27109.0
2026-04-06 20:00:00,4660.24,4666.14,4645.43,4650.34,18498.0
2026-04-07 00:00:00,4658.63,4667.74,4648.89,4654.9,10107.0
2026-04-07 04:00:00,4654.91,4664.25,4616.28,4659.32,22163.0
2026-04-07 08:00:00,4660.25,4690.73,4623.18,4682.97,24108.0
2026-04-07 12:00:00,4683.26,4694.41,4628.93,4651.34,24561.0
2026-04-07 16:00:00,4651.96,4668.35,4607.48,4656.85,26690.0
2026-04-07 20:00:00,4656.88,4718.46,4653.98,4705.35,23206.0
2026-04-08 00:00:00,4747.1,4854.4,4714.27,4817.44,18790.0
2026-04-08 04:00:00,4817.84,4825.16,4788.24,4803.55,19778.0
2026-04-08 08:00:00,4803.42,4843.34,4790.41,4793.64,21312.0
2026-04-08 12:00:00,4793.6,4806.96,4768.6,4799.47,20525.0
2026-04-08 16:00:00,4799.19,4806.4,4732.32,4760.33,26059.0
2026-04-08 20:00:00,4760.3,4764.21,4699.85,4719.11,21718.0
2026-04-09 00:00:00,4728.41,4732.31,4698.78,4706.65,11754.0
2026-04-09 04:00:00,4706.98,4732.74,4698.95,4720.68,17586.0
2026-04-09 08:00:00,4720.65,4732.71,4703.35,4725.98,20323.0
2026-04-09 12:00:00,4725.7,4759.48,4722.75,4745.74,18612.0
2026-04-09 16:00:00,4745.6,4800.8,4738.62,4788.71,25783.0
2026-04-09 20:00:00,4789.15,4800.91,4760.87,4765.37,19145.0
2026-04-10 00:00:00,4776.09,4779.51,4750.53,4762.81,9249.0
2026-04-10 04:00:00,4762.8,4776.57,4737.91,4758.35,17856.0
2026-04-10 08:00:00,4758.38,4768.92,4730.72,4740.54,18100.0
2026-04-10 12:00:00,4740.59,4782.07,4740.47,4771.69,18213.0
2026-04-10 16:00:00,4771.68,4794.85,4747.37,4763.43,24763.0
2026-04-10 20:00:00,4763.86,4773.02,4741.22,4748.48,17663.0
2026-04-13 00:00:00,4670.07,4698.02,4644.33,4694.94,13057.0
2026-04-13 04:00:00,4694.43,4727.79,4693.6,4722.81,16865.0
2026-04-13 08:00:00,4722.87,4739.78,4716.24,4723.22,18058.0
2026-04-13 12:00:00,4723.23,4728.86,4703.47,4723.33,17664.0
2026-04-13 16:00:00,4723.35,4746.05,4699.93,4732.84,24197.0
2026-04-13 20:00:00,4732.85,4749.86,4723.28,4740.03,17066.0
2026-04-14 00:00:00,4751.74,4775.49,4745.56,4769.66,9658.0
2026-04-14 04:00:00,4769.54,4776.8,4761.68,4773.95,14444.0
2026-04-14 08:00:00,4773.97,4795.7,4757.97,4786.62,18037.0
2026-04-14 12:00:00,4786.9,4789.28,4756.5,4771.32,17772.0
2026-04-14 16:00:00,4771.33,4820.1,4771.16,4810.29,22842.0
2026-04-14 20:00:00,4810.25,4846.29,4809.6,4841.7,16456.0
2026-04-15 00:00:00,4840.22,4850.67,4827.47,4835.46,9650.0
2026-04-15 04:00:00,4835.43,4871.36,4817.11,4824.88,17387.0
2026-04-15 08:00:00,4824.97,4830.54,4803.94,4818.19,18955.0
2026-04-15 12:00:00,4818.2,4819.24,4786.22,4811.4,19026.0
2026-04-15 16:00:00,4811.39,4830.29,4786.85,4803.8,22938.0
2026-04-15 20:00:00,4803.93,4808.46,4787.64,4790.54,16764.0
2026-04-16 00:00:00,4797.2,4837.36,4790.84,4832.86,9116.0
2026-04-16 04:00:00,4832.84,4836.07,4811.21,4832.88,14888.0
2026-04-16 08:00:00,4832.89,4837.99,4806.46,4813.57,18485.0
2026-04-16 12:00:00,4813.52,4822.79,4804.97,4815.99,16462.0
2026-04-16 16:00:00,4816.71,4823.6,4772.95,4791.86,23706.0
2026-04-16 20:00:00,4791.89,4798.38,4781.18,4790.54,17363.0
2026-04-17 00:00:00,4794.57,4800.86,4785.63,4794.63,7874.0
2026-04-17 04:00:00,4794.55,4804.25,4767.46,4802.94,15447.0
2026-04-17 08:00:00,4802.82,4806.01,4778.63,4795.75,16917.0
2026-04-17 12:00:00,4795.86,4847.64,4782.09,4846.41,16990.0
2026-04-17 16:00:00,4846.59,4889.39,4834.95,4867.05,24281.0
2026-04-17 20:00:00,4867.07,4869.52,4831.26,4833.86,18899.0
2026-04-20 00:00:00,4764.24,4794.77,4736.88,4772.34,15352.0
2026-04-20 04:00:00,4772.08,4814.13,4771.86,4788.69,17721.0
2026-04-20 08:00:00,4788.71,4805.58,4779.45,4796.04,20515.0
2026-04-20 12:00:00,4795.96,4821.95,4783.28,4803.22,18961.0
2026-04-20 16:00:00,4803.89,4827.55,4792.46,4805.38,24967.0
2026-04-20 20:00:00,4805.64,4821.71,4803.62,4820.47,15693.0
2026-04-21 00:00:00,4824.41,4832.78,4816.61,4823.8,10567.0
2026-04-21 04:00:00,4824.46,4824.46,4788.56,4788.87,17259.0
2026-04-21 08:00:00,4789.1,4796.7,4772.54,4785.78,19937.0
2026-04-21 12:00:00,4785.86,4797.67,4766.54,4778.53,18596.0
2026-04-21 16:00:00,4778.57,4794.21,4708.14,4710.82,27122.0
2026-04-21 20:00:00,4710.9,4721.43,4668.36,4719.89,24660.0
2026-04-22 00:00:00,4722.15,4746.93,4715.41,4739.66,10607.0
2026-04-22 04:00:00,4739.32,4764.77,4735.79,4754.38,15760.0
2026-04-22 08:00:00,4754.42,4771.88,4751.97,4757.08,18411.0
2026-04-22 12:00:00,4757.08,4762.45,4742.86,4744.24,18968.0
2026-04-22 16:00:00,4744.27,4760.72,4723.71,4728.45,25059.0
2026-04-22 20:00:00,4728.63,4749.16,4728.37,4739.96,17326.0
2026-04-23 00:00:00,4745.49,4753.63,4694.0,4747.89,11658.0
2026-04-23 04:00:00,4748.01,4749.61,4698.04,4704.17,21273.0
2026-04-23 08:00:00,4704.21,4724.53,4692.6,4703.09,21203.0
2026-04-23 12:00:00,4703.09,4743.24,4684.05,4740.19,22366.0
2026-04-23 16:00:00,4740.77,4741.16,4715.65,4733.0,24959.0
2026-04-23 20:00:00,4732.99,4734.51,4664.15,4694.02,23872.0
2026-04-24 00:00:00,4699.15,4707.64,4686.74,4704.29,11687.0
2026-04-24 04:00:00,4704.39,4710.83,4657.62,4674.28,20717.0
2026-04-24 08:00:00,4674.27,4697.14,4666.63,4690.3,20357.0
2026-04-24 12:00:00,4690.66,4717.1,4674.45,4700.57,21600.0
2026-04-24 16:00:00,4701.04,4740.06,4689.61,4726.72,25858.0
2026-04-24 20:00:00,4726.68,4729.82,4705.19,4707.98,18022.0
2026-04-27 00:00:00,4692.8,4699.44,4671.84,4697.64,11892.0
2026-04-27 04:00:00,4697.65,4729.82,4690.61,4724.73,19022.0
2026-04-27 08:00:00,4724.82,4725.25,4705.18,4706.54,19699.0
2026-04-27 12:00:00,4706.66,4712.4,4696.85,4699.02,18595.0
2026-04-27 16:00:00,4699.52,4703.12,4667.0,4676.48,24235.0
2026-04-27 20:00:00,4676.61,4685.95,4668.1,4681.61,16034.0
2026-04-28 00:00:00,4684.0,4701.03,4682.26,4690.4,8868.0
2026-04-28 04:00:00,4690.09,4691.17,4666.38,4667.45,17436.0
2026-04-28 08:00:00,4667.38,4667.74,4614.5,4629.45,23342.0
2026-04-28 12:00:00,4629.41,4629.79,4554.77,4593.75,23896.0
2026-04-28 16:00:00,4593.28,4594.54,4557.12,4592.13,26745.0
2026-04-28 20:00:00,4592.31,4601.27,4587.11,4596.93,18119.0
2026-04-29 00:00:00,4599.85,4609.9,4587.71,4600.04,8062.0
2026-04-29 04:00:00,4600.17,4605.35,4575.92,4604.55,17719.0
2026-04-29 08:00:00,4604.5,4607.37,4557.15,4572.96,21246.0
2026-04-29 12:00:00,4573.04,4580.59,4542.12,4544.69,22282.0
2026-04-29 16:00:00,4544.75,4564.73,4510.05,4545.23,26381.0
2026-04-29 20:00:00,4545.29,4554.23,4518.13,4543.32,24149.0
2026-04-30 00:00:00,4544.16,4573.79,4539.15,4569.76,10579.0
2026-04-30 04:00:00,4569.44,4582.26,4540.68,4542.04,19665.0
2026-04-30 08:00:00,4541.96,4629.79,4541.95,4616.48,22361.0
2026-04-30 12:00:00,4616.47,4646.78,4614.24,4639.59,23266.0
2026-04-30 16:00:00,4639.85,4645.81,4605.41,4607.61,25398.0
2026-04-30 20:00:00,4607.67,4627.11,4607.67,4621.72,19156.0
2026-05-01 00:00:00,4628.34,4633.98,4618.66,4619.76,10217.0
2026-05-01 04:00:00,4619.73,4635.88,4609.21,4609.22,14351.0
2026-05-01 08:00:00,4609.17,4616.0,4564.97,4568.74,18467.0
2026-05-01 12:00:00,4569.04,4607.52,4560.18,4590.95,18521.0
2026-05-01 16:00:00,4590.98,4659.96,4586.36,4638.71,25051.0
2026-05-01 20:00:00,4638.6,4642.49,4606.78,4616.26,17683.0
2026-05-04 00:00:00,4620.28,4629.11,4601.79,4612.83,11827.0
2026-05-04 04:00:00,4612.85,4618.21,4590.93,4605.7,17143.0
2026-05-04 08:00:00,4605.68,4612.66,4573.55,4576.79,19886.0
2026-05-04 12:00:00,4576.77,4584.24,4525.87,4568.49,21962.0
2026-05-04 16:00:00,4567.84,4583.0,4500.6,4510.39,26845.0
2026-05-04 20:00:00,4511.33,4531.22,4509.69,4523.61,19275.0
2026-05-05 00:00:00,4523.33,4530.14,4513.4,4529.87,8200.0
2026-05-05 04:00:00,4529.51,4546.39,4525.2,4533.41,13811.0
2026-05-05 08:00:00,4533.4,4559.43,4531.22,4558.14,19325.0
2026-05-05 12:00:00,4558.64,4574.42,4539.77,4564.65,19923.0
2026-05-05 16:00:00,4564.33,4586.36,4553.77,4561.29,23108.0
2026-05-05 20:00:00,4561.46,4565.74,4551.56,4557.46,14712.0
2026-05-06 00:00:00,4558.34,4619.65,4546.32,4618.72,12692.0
2026-05-06 04:00:00,4618.7,4653.6,4609.45,4648.98,18188.0
2026-05-06 08:00:00,4648.88,4702.41,4644.68,4700.11,20555.0
2026-05-06 12:00:00,4700.53,4722.92,4660.36,4683.11,25084.0
2026-05-06 16:00:00,4683.12,4717.38,4668.76,4683.15,25336.0
2026-05-06 20:00:00,4683.09,4700.25,4679.03,4690.91,17115.0
2026-05-07 00:00:00,4696.68,4701.13,4685.5,4688.55,10573.0
2026-05-07 04:00:00,4688.56,4721.04,4685.13,4696.37,17870.0
2026-05-07 08:00:00,4696.27,4753.38,4694.67,4730.81,21331.0
2026-05-07 12:00:00,4730.84,4752.38,4721.66,4749.89,21214.0
2026-05-07 16:00:00,4749.95,4764.51,4704.22,4714.85,26373.0
2026-05-07 20:00:00,4715.3,4719.3,4686.04,4686.97,23975.0
2026-05-08 00:00:00,4687.0,4709.21,4681.54,4701.18,12462.0
2026-05-08 04:00:00,4701.15,4732.47,4700.9,4710.82,19373.0
2026-05-08 08:00:00,4710.93,4734.31,4696.87,4715.57,21294.0
2026-05-08 12:00:00,4715.9,4731.85,4702.7,4724.21,20080.0
2026-05-08 16:00:00,4723.73,4749.14,4701.87,4712.23,24817.0
2026-05-08 20:00:00,4712.18,4728.76,4712.07,4715.2,15376.0
2026-05-11 00:00:00,4697.68,4701.72,4670.02,4683.33,12983.0
2026-05-11 04:00:00,4683.18,4705.25,4668.27,4671.79,20666.0
2026-05-11 08:00:00,4671.78,4680.44,4647.91,4667.31,20349.0
2026-05-11 12:00:00,4667.33,4700.75,4650.38,4699.77,19574.0
2026-05-11 16:00:00,4699.88,4748.52,4698.91,4716.45,24212.0
2026-05-11 20:00:00,4716.46,4738.43,4715.93,4734.73,16291.0
2026-05-12 00:00:00,4740.28,4773.32,4737.54,4749.42,11522.0
2026-05-12 04:00:00,4749.28,4755.5,4711.06,4713.57,19895.0
2026-05-12 08:00:00,4713.58,4721.77,4687.19,4703.1,21440.0
2026-05-12 12:00:00,4702.98,4711.33,4685.04,4705.5,20757.0
2026-05-12 16:00:00,4705.43,4708.63,4638.5,4670.99,25737.0
2026-05-12 20:00:00,4671.07,4718.96,4671.07,4715.09,18273.0
2026-05-13 00:00:00,4715.04,4726.27,4712.55,4714.3,12421.0
2026-05-13 04:00:00,4714.51,4716.49,4687.58,4699.38,18015.0
2026-05-13 08:00:00,4699.29,4715.21,4693.54,4700.47,19366.0
2026-05-13 12:00:00,4700.48,4710.36,4676.13,4683.62,20420.0
2026-05-13 16:00:00,4683.89,4709.6,4669.25,4695.53,24266.0
2026-05-13 20:00:00,4695.69,4701.08,4677.45,4688.63,17334.0
2026-05-14 00:00:00,4692.85,4706.55,4688.92,4704.86,9856.0
2026-05-14 04:00:00,4704.81,4712.38,4668.75,4702.3,21063.0
2026-05-14 08:00:00,4702.49,4718.35,4685.9,4693.12,20887.0
2026-05-14 12:00:00,4693.13,4709.81,4688.3,4705.18,19765.0
2026-05-14 16:00:00,4704.78,4707.59,4666.8,4678.37,24333.0
2026-05-14 20:00:00,4678.75,4682.83,4644.23,4652.13,17642.0
2026-05-15 00:00:00,4649.58,4665.04,4613.53,4629.95,12991.0
2026-05-15 04:00:00,4630.1,4631.28,4604.17,4605.62,22387.0
2026-05-15 08:00:00,4605.58,4606.16,4550.18,4553.66,25138.0
2026-05-15 12:00:00,4554.15,4572.26,4531.68,4545.7,23952.0
2026-05-15 16:00:00,4545.68,4566.26,4511.58,4544.55,26774.0
2026-05-15 20:00:00,4544.15,4564.24,4532.94,4538.16,19969.0
2026-05-18 00:00:00,4531.77,4554.72,4480.4,4515.7,16186.0
2026-05-18 04:00:00,4514.52,4549.43,4489.24,4540.48,24260.0
2026-05-18 08:00:00,4540.58,4559.46,4529.57,4549.8,22790.0
2026-05-18 12:00:00,4549.65,4574.58,4529.97,4571.21,21884.0
2026-05-18 16:00:00,4571.93,4583.98,4532.02,4550.0,26211.0
2026-05-18 20:00:00,4549.53,4566.43,4534.12,4565.95,19952.0
2026-05-19 00:00:00,4569.08,4589.06,4561.12,4563.1,11307.0
2026-05-19 04:00:00,4562.73,4571.96,4537.73,4542.27,19885.0
2026-05-19 08:00:00,4542.44,4559.15,4530.89,4542.54,21778.0
2026-05-19 12:00:00,4542.41,4547.71,4525.37,4537.0,20881.0
2026-05-19 16:00:00,4536.91,4537.02,4464.84,4507.54,26323.0
2026-05-19 20:00:00,4507.48,4510.8,4480.83,4481.81,19214.0
2026-05-20 00:00:00,4481.62,4508.6,4477.36,4500.74,12444.0
2026-05-20 04:00:00,4500.74,4505.31,4453.46,4461.89,22537.0
2026-05-20 08:00:00,4461.77,4489.85,4461.43,4484.1,22290.0
2026-05-20 12:00:00,4483.72,4505.37,4472.9,4496.1,19224.0
2026-05-20 16:00:00,4496.19,4552.31,4466.93,4534.21,26210.0
2026-05-20 20:00:00,4534.29,4550.11,4529.27,4543.53,18709.0
2026-05-21 00:00:00,4546.76,4553.03,4534.37,4545.06,11585.0
2026-05-21 04:00:00,4545.76,4570.45,4526.99,4538.26,19103.0
2026-05-21 08:00:00,4538.24,4540.01,4511.87,4532.3,21581.0
2026-05-21 12:00:00,4531.98,4543.0,4502.32,4504.03,22219.0
2026-05-21 16:00:00,4502.89,4520.64,4488.56,4519.46,25640.0
2026-05-21 20:00:00,4519.72,4559.24,4514.13,4543.0,21206.0
2026-05-22 00:00:00,4541.7,4545.78,4525.37,4526.48,9462.0
2026-05-22 04:00:00,4526.42,4535.91,4518.55,4526.97,17408.0
2026-05-22 08:00:00,4526.86,4534.0,4507.17,4521.68,19931.0
2026-05-22 12:00:00,4521.65,4536.58,4509.98,4528.06,19601.0
2026-05-22 16:00:00,4529.16,4534.04,4490.96,4514.65,23936.0
2026-05-22 20:00:00,4514.73,4527.48,4503.97,4506.98,17464.0
2026-05-25 00:00:00,4543.23,4579.69,4542.18,4569.47,13172.0
2026-05-25 04:00:00,4568.96,4576.17,4556.83,4564.75,17668.0
2026-05-25 08:00:00,4564.76,4565.7,4550.46,4556.14,17068.0
2026-05-25 12:00:00,4556.09,4576.95,4552.85,4567.47,14816.0
2026-05-25 16:00:00,4567.52,4574.58,4560.0,4573.59,15205.0
2026-05-25 20:00:00,4573.46,4577.58,4563.33,4570.41,2479.0
2026-05-26 00:00:00,4572.16,4580.16,4539.57,4549.57,11747.0
2026-05-26 04:00:00,4549.83,4550.03,4523.45,4525.24,16758.0
2026-05-26 08:00:00,4525.1,4538.86,4520.06,4523.57,19175.0
2026-05-26 12:00:00,4523.59,4540.3,4500.42,4520.22,20518.0
2026-05-26 16:00:00,4519.53,4531.26,4499.94,4504.7,22918.0
2026-05-26 20:00:00,4504.77,4510.19,4482.44,4507.36,16135.0
2026-05-27 00:00:00,4512.45,4527.61,4498.01,4514.9,10498.0
2026-05-27 04:00:00,4514.87,4520.86,4495.87,4509.76,15157.0
2026-05-27 08:00:00,4509.96,4513.51,4475.66,4497.66,19999.0
2026-05-27 12:00:00,4497.42,4497.42,4424.9,4438.69,20986.0
2026-05-27 16:00:00,4438.66,4455.23,4401.29,4450.62,24527.0
2026-05-27 20:00:00,4450.68,4458.69,4441.28,4456.05,14835.0
2026-05-28 00:00:00,4463.43,4465.75,4443.56,4456.87,10200.0
2026-05-28 04:00:00,4457.21,4458.44,4366.61,4372.8,22372.0
2026-05-28 08:00:00,4372.82,4395.92,4367.1,4386.96,20020.0
2026-05-28 12:00:00,4386.75,4433.22,4375.49,4432.21,20101.0
2026-05-28 16:00:00,4432.02,4511.15,4418.08,4511.02,25376.0
2026-05-28 20:00:00,4511.03,4516.52,4494.92,4495.69,16866.0
2026-05-29 00:00:00,4499.37,4500.42,4489.09,4495.98,9332.0
2026-05-29 04:00:00,4496.09,4520.7,4492.5,4514.11,17566.0
2026-05-29 08:00:00,4514.1,4526.01,4502.79,4514.73,18188.0
2026-05-29 12:00:00,4514.74,4543.08,4512.63,4522.81,18735.0
2026-05-29 16:00:00,4522.86,4595.24,4516.92,4566.77,24795.0
2026-05-29 20:00:00,4567.01,4568.27,4539.19,4539.63,16709.0
2026-06-01 00:00:00,4522.18,4545.69,4517.86,4540.45,11203.0
2026-06-01 04:00:00,4540.81,4541.16,4508.48,4514.19,17090.0
2026-06-01 08:00:00,4514.22,4524.89,4490.52,4497.88,17923.0
2026-06-01 12:00:00,4497.9,4512.71,4488.94,4501.71,17230.0
2026-06-01 16:00:00,4502.71,4503.61,4447.54,4479.92,24229.0
2026-06-01 20:00:00,4480.42,4495.18,4471.4,4484.59,15159.0
2026-06-02 00:00:00,4486.01,4496.99,4476.77,4481.56,9528.0
2026-06-02 04:00:00,4481.25,4517.99,4462.84,4517.12,18436.0
2026-06-02 08:00:00,4517.16,4541.46,4515.0,4526.77,18173.0
2026-06-02 12:00:00,4526.78,4535.35,4513.29,4514.62,16034.0
2026-06-02 16:00:00,4514.59,4524.58,4486.13,4491.56,22014.0
2026-06-02 20:00:00,4491.69,4492.87,4478.63,4487.71,14471.0
2026-06-03 00:00:00,4491.91,4496.43,4462.14,4486.1,11760.0
2026-06-03 04:00:00,4485.97,4487.83,4463.57,4469.25,15377.0
2026-06-03 08:00:00,4469.21,4473.97,4440.07,4443.78,19369.0
2026-06-03 12:00:00,4443.56,4467.86,4438.79,4460.26,19401.0
2026-06-03 16:00:00,4460.13,4465.42,4426.28,4441.67,24086.0
2026-06-03 20:00:00,4442.16,4451.99,4430.31,4434.23,16963.0
2026-06-04 00:00:00,4436.86,4464.97,4423.93,4448.24,12173.0
2026-06-04 04:00:00,4448.18,4483.77,4442.79,4480.53,18053.0
2026-06-04 08:00:00,4480.87,4482.13,4458.41,4463.11,18804.0
2026-06-04 12:00:00,4463.08,4514.59,4460.79,4503.94,20468.0
2026-06-04 16:00:00,4503.87,4515.08,4457.11,4482.61,22828.0
2026-06-04 20:00:00,4482.59,4483.16,4472.58,4475.13,15015.0
2026-06-05 00:00:00,4474.02,4481.21,4450.49,4459.43,11098.0
2026-06-05 04:00:00,4459.24,4469.55,4435.05,4444.78,19358.0
2026-06-05 08:00:00,4444.79,4468.02,4428.68,4462.61,19221.0
2026-06-05 12:00:00,4462.37,4475.54,4404.65,4405.88,18158.0
2026-06-05 16:00:00,4404.86,4420.68,4323.38,4344.36,27878.0
2026-06-05 20:00:00,4345.11,4347.1,4311.61,4327.54,24249.0
2026-06-08 00:00:00,4328.8,4353.12,4310.05,4342.26,15658.0
2026-06-08 04:00:00,4341.99,4345.57,4300.05,4312.43,23018.0
2026-06-08 08:00:00,4312.74,4316.64,4268.6,4288.65,23701.0
2026-06-08 12:00:00,4288.93,4339.09,4272.91,4332.95,22075.0
2026-06-08 16:00:00,4332.93,4346.37,4315.02,4340.48,25629.0
2026-06-08 20:00:00,4340.48,4345.73,4323.21,4329.62,18775.0
2026-06-09 00:00:00,4330.5,4330.86,4312.76,4319.73,10313.0
2026-06-09 04:00:00,4319.6,4341.91,4318.49,4332.16,18137.0
2026-06-09 08:00:00,4332.17,4351.21,4321.09,4326.41,19301.0
2026-06-09 12:00:00,4326.36,4343.88,4324.0,4341.16,16864.0
2026-06-09 16:00:00,4341.3,4363.19,4236.64,4251.98,28496.0
2026-06-09 20:00:00,4252.23,4274.1,4249.78,4259.23,22914.0
2026-06-10 00:00:00,4255.71,4257.24,4199.0,4217.56,14653.0
2026-06-10 04:00:00,4218.49,4218.59,4172.54,4174.6,22092.0
2026-06-10 08:00:00,4174.96,4221.58,4161.25,4168.46,23086.0
2026-06-10 12:00:00,4168.86,4179.25,4131.3,4146.89,24421.0
2026-06-10 16:00:00,4146.87,4185.93,4106.63,4121.71,28765.0
2026-06-10 20:00:00,4122.11,4134.73,4066.93,4071.18,23495.0
2026-06-11 00:00:00,4070.56,4077.66,4023.77,4076.21,17701.0
2026-06-11 04:00:00,4075.73,4117.78,4052.08,4082.55,23632.0
2026-06-11 08:00:00,4082.54,4112.36,4072.54,4084.35,22417.0
2026-06-11 12:00:00,4084.26,4096.23,4057.44,4081.89,21070.0
2026-06-11 16:00:00,4081.87,4107.14,4052.94,4079.98,27547.0
2026-06-11 20:00:00,4080.04,4219.76,4071.78,4210.59,25227.0
2026-06-12 00:00:00,4218.91,4246.42,4200.65,4207.7,15177.0
2026-06-12 04:00:00,4208.04,4210.02,4171.21,4189.78,21031.0
2026-06-12 08:00:00,4189.73,4225.77,4170.1,4219.36,22544.0
2026-06-12 12:00:00,4219.42,4227.7,4188.29,4191.58,21033.0
2026-06-12 16:00:00,4191.58,4235.24,4177.09,4216.16,27083.0
2026-06-12 20:00:00,4215.8,4235.17,4201.68,4216.82,19039.0
2026-06-15 00:00:00,4267.8,4308.81,4265.45,4292.29,13967.0
2026-06-15 04:00:00,4292.38,4335.21,4285.25,4328.04,17971.0
2026-06-15 08:00:00,4328.02,4345.1,4300.91,4334.25,19496.0
2026-06-15 12:00:00,4334.3,4349.36,4324.7,4348.98,18727.0
2026-06-15 16:00:00,4348.6,4369.1,4334.59,4338.97,23257.0
2026-06-15 20:00:00,4339.07,4339.07,4306.19,4309.14,17160.0
2026-06-16 00:00:00,4311.06,4320.53,4305.74,4319.0,10560.0
2026-06-16 04:00:00,4319.02,4332.91,4307.38,4322.31,18429.0
2026-06-16 08:00:00,4322.33,4347.76,4313.42,4346.84,18731.0
2026-06-16 12:00:00,4346.79,4354.87,4335.45,4354.69,17587.0
2026-06-16 16:00:00,4354.67,4354.8,4313.09,4340.63,23967.0
2026-06-16 20:00:00,4340.64,4342.86,4325.39,4331.24,17039.0
2026-06-17 00:00:00,4334.17,4341.6,4328.54,4337.03,8137.0
2026-06-17 04:00:00,4337.08,4349.56,4317.85,4326.39,17119.0
2026-06-17 08:00:00,4326.72,4333.92,4317.83,4324.81,18502.0
2026-06-17 12:00:00,4324.76,4335.55,4319.85,4333.67,17278.0
2026-06-17 16:00:00,4333.66,4366.47,4324.13,4359.57,22562.0
2026-06-17 20:00:00,4359.5,4382.18,4218.79,4257.57,26293.0
2026-06-18 00:00:00,4256.4,4315.03,4254.33,4308.46,13458.0
2026-06-18 04:00:00,4308.25,4329.63,4306.86,4315.84,19712.0
2026-06-18 08:00:00,4315.81,4324.41,4265.41,4266.52,21529.0
2026-06-18 12:00:00,4267.14,4273.06,4239.91,4246.46,22143.0
2026-06-18 16:00:00,4246.44,4276.27,4213.86,4219.21,25661.0
2026-06-18 20:00:00,4219.32,4232.92,4201.53,4208.92,19343.0
2026-06-19 00:00:00,4212.57,4213.22,4184.08,4190.05,10910.0
2026-06-19 04:00:00,4190.11,4194.31,4124.88,4125.53,18403.0
2026-06-19 08:00:00,4125.5,4178.28,4121.66,4168.9,20913.0
2026-06-19 12:00:00,4168.87,4179.83,4141.69,4178.77,19450.0
2026-06-19 16:00:00,4179.0,4182.64,4142.39,4155.37,18112.0
2026-06-22 00:00:00,4148.74,4200.68,4136.41,4200.58,14264.0
2026-06-22 04:00:00,4201.13,4220.25,4170.54,4181.56,20951.0
2026-06-22 08:00:00,4181.43,4207.07,4179.18,4197.21,20253.0
2026-06-22 12:00:00,4197.82,4214.86,4192.07,4193.18,18554.0
2026-06-22 16:00:00,4193.25,4210.43,4169.69,4189.6,24848.0
2026-06-22 20:00:00,4189.73,4193.55,4176.94,4191.16,16527.0
2026-06-23 00:00:00,4191.95,4195.1,4178.17,4193.08,9272.0
2026-06-23 04:00:00,4193.04,4198.04,4114.93,4117.94,21738.0
2026-06-23 08:00:00,4118.26,4137.15,4090.8,4105.1,23852.0
2026-06-23 12:00:00,4105.05,4133.0,4103.83,4113.29,21499.0
2026-06-23 16:00:00,4113.07,4144.82,4105.25,4134.06,25026.0
2026-06-23 20:00:00,4134.02,4139.51,4107.26,4110.04,18347.0
2026-06-24 00:00:00,4112.98,4114.89,4080.91,4097.16,14637.0
2026-06-24 04:00:00,4097.43,4102.02,4050.29,4064.28,23519.0
2026-06-24 08:00:00,4064.5,4097.34,4060.55,4076.09,21901.0
2026-06-24 12:00:00,4076.09,4078.89,3987.51,3987.51,22553.0
2026-06-24 16:00:00,3987.54,4041.75,3964.36,4006.48,27065.0
2026-06-24 20:00:00,4006.56,4011.02,3959.14,3998.97,23707.0
2026-06-25 00:00:00,4006.65,4018.44,3978.38,3991.3,13816.0
2026-06-25 04:00:00,3991.32,4005.57,3963.56,3995.85,23801.0
2026-06-25 08:00:00,3995.81,4001.83,3971.3,3989.01,22262.0
2026-06-25 12:00:00,3989.01,4018.67,3973.51,4012.19,20234.0
2026-06-25 16:00:00,4012.17,4043.85,3998.97,4028.53,27137.0
2026-06-25 20:00:00,4028.55,4044.01,4021.73,4026.47,19489.0
2026-06-26 00:00:00,4028.67,4036.33,4011.01,4020.06,13517.0
2026-06-26 04:00:00,4020.21,4029.22,3982.9,4011.12,22546.0
2026-06-26 08:00:00,4011.53,4039.49,4005.68,4030.75,21578.0
2026-06-26 12:00:00,4030.81,4061.24,4029.45,4058.83,19854.0
2026-06-26 16:00:00,4059.84,4095.92,4043.3,4085.09,24825.0
2026-06-26 20:00:00,4085.13,4088.17,4064.58,4080.88,17543.0
2026-06-29 00:00:00,4079.36,4085.94,4048.11,4069.49,14866.0
2026-06-29 04:00:00,4068.93,4075.39,4049.44,4052.04,21524.0
2026-06-29 08:00:00,4051.58,4068.29,4039.2,4046.8,20787.0
2026-06-29 12:00:00,4046.82,4055.01,4025.38,4043.38,19370.0
2026-06-29 16:00:00,4043.78,4051.47,4000.56,4023.72,23104.0
2026-06-29 20:00:00,4023.78,4031.86,4005.08,4016.44,14146.0
2026-06-30 00:00:00,4018.43,4022.19,3979.96,3987.35,11898.0
2026-06-30 04:00:00,3986.94,3997.46,3943.54,3985.31,22304.0
2026-06-30 08:00:00,3985.33,4037.33,3975.1,4015.42,21745.0
2026-06-30 12:00:00,4015.1,4037.3,4008.75,4010.24,18272.0
2026-06-30 16:00:00,4009.83,4063.33,4009.36,4026.01,23290.0
2026-06-30 20:00:00,4025.96,4033.59,4006.35,4007.31,14804.0
2026-07-01 00:00:00,4013.12,4018.0,3993.01,3996.48,11570.0
2026-07-01 04:00:00,3996.36,3999.25,3969.99,3976.41,19926.0
2026-07-01 08:00:00,3976.37,3984.14,3960.04,3974.26,20533.0
2026-07-01 12:00:00,3974.24,4035.42,3972.59,4022.86,19892.0
2026-07-01 16:00:00,4023.12,4115.71,4012.92,4071.24,25158.0
2026-07-01 20:00:00,4071.62,4073.55,4028.36,4030.91,17774.0
2026-07-02 00:00:00,4033.83,4052.34,4030.54,4051.63,11159.0
2026-07-02 04:00:00,4051.58,4073.89,4041.08,4060.5,19887.0
2026-07-02 08:00:00,4060.61,4079.8,4053.23,4075.93,21215.0
2026-07-02 12:00:00,4075.89,4140.19,4057.29,4117.22,20289.0
2026-07-02 16:00:00,4117.96,4143.58,4100.18,4117.91,26533.0
2026-07-02 20:00:00,4117.73,4126.8,4105.64,4123.56,18824.0
2026-07-03 00:00:00,4126.14,4150.77,4121.03,4147.06,11033.0
2026-07-03 04:00:00,4147.02,4195.15,4146.52,4178.64,19043.0
2026-07-03 08:00:00,4178.65,4186.37,4160.47,4180.81,18940.0
2026-07-03 12:00:00,4180.83,4186.11,4168.49,4176.83,15393.0
2026-07-03 16:00:00,4176.62,4179.05,4155.25,4174.71,16967.0
2026-07-06 00:00:00,4178.47,4201.21,4170.54,4180.11,13399.0
2026-07-06 04:00:00,4179.17,4202.34,4157.37,4159.47,20696.0
2026-07-06 08:00:00,4159.55,4166.02,4144.59,4150.3,18729.0
2026-07-06 12:00:00,4150.28,4159.33,4131.29,4139.44,16938.0
2026-07-06 16:00:00,4139.54,4155.96,4128.31,4154.83,22032.0
2026-07-06 20:00:00,4155.03,4167.22,4150.16,4164.76,15215.0
2026-07-07 00:00:00,4166.29,4168.21,4145.1,4145.87,9718.0
2026-07-07 04:00:00,4145.83,4147.77,4124.29,4126.43,19500.0
2026-07-07 08:00:00,4126.42,4138.92,4116.58,4125.84,19868.0
2026-07-07 12:00:00,4125.72,4174.78,4119.67,4172.33,18968.0
2026-07-07 16:00:00,4173.66,4180.42,4135.7,4144.85,23593.0
2026-07-07 20:00:00,4144.88,4147.96,4092.11,4105.7,18502.0
2026-07-08 00:00:00,4094.83,4126.45,4093.77,4111.33,13082.0
2026-07-08 04:00:00,4111.66,4130.79,4096.24,4124.87,21250.0
2026-07-08 08:00:00,4124.83,4133.73,4052.3,4056.3,22465.0
2026-07-08 12:00:00,4056.5,4086.16,4040.53,4071.89,23461.0
2026-07-08 16:00:00,4072.18,4082.81,4021.57,4063.49,26564.0
2026-07-08 20:00:00,4063.66,4091.16,4059.48,4077.23,20440.0
2026-07-09 00:00:00,4077.62,4089.48,4070.19,4073.72,10887.0
2026-07-09 04:00:00,4073.7,4082.31,4054.07,4064.12,19272.0
2026-07-09 08:00:00,4064.07,4117.5,4063.54,4108.1,20468.0
2026-07-09 12:00:00,4108.17,4122.37,4093.89,4107.52,18480.0
2026-07-09 16:00:00,4107.51,4137.93,4106.64,4128.04,22664.0
2026-07-09 20:00:00,4128.01,4137.99,4119.16,4123.67,15404.0
2026-07-10 00:00:00,4124.85,4128.26,4114.37,4126.54,8620.0
2026-07-10 04:00:00,4126.45,4134.75,4108.77,4115.13,17836.0
2026-07-10 08:00:00,4115.09,4120.06,4093.69,4097.64,17729.0
2026-07-10 12:00:00,4097.63,4116.73,4094.19,4100.64,16819.0
2026-07-10 16:00:00,4100.53,4115.25,4072.31,4104.38,22489.0
2026-07-10 20:00:00,4103.93,4119.78,4097.65,4119.05,14041.0
2026-07-13 00:00:00,4097.95,4102.85,4061.02,4073.82,14339.0
2026-07-13 04:00:00,4073.79,4089.46,4050.11,4058.59,21173.0
2026-07-13 08:00:00,4058.56,4080.44,4043.63,4074.42,21356.0
2026-07-13 12:00:00,4074.4,4076.48,4046.8,4067.13,19183.0
2026-07-13 16:00:00,4067.14,4067.35,3986.41,3992.98,25210.0
2026-07-13 20:00:00,3993.06,4005.96,3986.58,4000.68,20080.0
2026-07-14 00:00:00,4005.43,4007.0,3983.78,4003.84,12478.0
2026-07-14 04:00:00,4003.98,4023.01,3992.09,4020.04,20742.0
2026-07-14 08:00:00,4020.05,4033.83,4014.38,4015.73,20045.0
2026-07-14 12:00:00,4015.68,4100.72,4013.57,4075.96,20579.0
2026-07-14 16:00:00,4076.07,4100.09,4057.56,4061.37,25631.0
2026-07-14 20:00:00,4061.69,4064.89,4042.59,4052.59,17012.0
2026-07-15 00:00:00,4052.1,4060.15,4046.61,4058.76,10340.0
2026-07-15 04:00:00,4058.79,4061.84,4027.94,4032.91,18533.0
2026-07-15 08:00:00,4032.89,4036.32,4017.24,4031.0,19724.0
2026-07-15 12:00:00,4031.21,4071.46,4025.35,4067.76,19337.0
2026-07-15 16:00:00,4067.8,4073.98,4026.77,4033.7,24783.0
2026-07-15 20:00:00,4033.59,4081.26,4032.89,4060.4,18707.0
2026-07-16 00:00:00,4064.6,4065.47,4043.97,4044.43,10736.0
2026-07-16 04:00:00,4044.58,4050.48,4024.25,4032.93,19246.0
2026-07-16 08:00:00,4032.94,4036.33,4022.87,4035.11,20111.0
2026-07-16 12:00:00,4035.12,4043.1,3990.18,3992.1,19735.0
2026-07-16 16:00:00,3992.1,4016.59,3973.8,3991.87,25511.0
2026-07-16 20:00:00,3992.1,3992.7,3969.24,3976.19,19148.0
2026-07-17 00:00:00,3977.74,3991.77,3973.01,3991.65,11273.0
2026-07-17 04:00:00,3991.75,4008.41,3970.62,3981.57,21414.0
2026-07-17 08:00:00,3981.58,4006.98,3975.21,3994.06,22034.0
2026-07-17 12:00:00,3993.99,4002.22,3963.96,3965.91,20158.0
2026-07-17 16:00:00,3966.16,4023.71,3959.46,4014.92,25791.0
2026-07-17 20:00:00,4015.02,4019.24,4002.34,4016.41,18444.0
2026-07-20 00:00:00,4001.71,4009.79,3982.5,4008.51,13022.0
2026-07-20 04:00:00,4008.36,4028.46,3995.62,4018.64,20584.0
2026-07-20 08:00:00,4018.85,4030.31,4002.02,4018.71,19780.0
2026-07-20 12:00:00,4018.7,4040.29,4006.37,4008.03,19167.0
2026-07-20 16:00:00,4008.29,4019.29,3998.14,4009.62,22723.0
2026-07-20 20:00:00,4009.62,4017.62,4003.17,4007.36,16264.0
2026-07-21 00:00:00,4009.23,4026.63,3999.57,4024.61,12149.0
2026-07-21 04:00:00,4024.72,4051.42,4018.23,4049.43,18867.0
2026-07-21 08:00:00,4049.41,4084.1,4046.23,4062.83,18746.0
2026-07-21 12:00:00,4063.04,4070.19,4050.91,4053.88,17644.0
2026-07-21 16:00:00,4053.87,4083.11,4044.32,4071.38,21901.0
2026-07-21 20:00:00,4071.35,4086.29,4066.64,4077.7,14120.0
2026-07-22 00:00:00,4080.01,4102.14,4076.77,4097.43,10312.0
2026-07-22 04:00:00,4097.76,4141.66,4097.17,4126.99,20040.0
2026-07-22 08:00:00,4127.02,4135.11,4109.06,4118.11,20206.0
2026-07-22 12:00:00,4118.14,4134.16,4106.63,4112.77,18868.0
2026-07-22 16:00:00,4112.66,4166.02,4112.57,4146.88,23191.0
2026-07-22 20:00:00,4147.03,4147.85,4128.18,4129.73,17752.0
2026-07-23 00:00:00,4117.59,4134.51,4116.51,4131.97,12619.0
2026-07-23 04:00:00,4131.83,4140.76,4112.03,4121.02,20028.0
2026-07-23 08:00:00,4121.01,4130.3,4086.68,4093.08,20716.0
2026-07-23 12:00:00,4092.97,4099.19,4060.84,4061.6,20401.0
2026-07-23 16:00:00,4061.66,4067.23,4040.01,4051.22,25200.0
2026-07-23 20:00:00,4051.23,4054.38,4040.6,4049.17,17481.0
2026-07-24 00:00:00,4048.41,4050.42,4041.02,4049.61,8901.0
2026-07-24 04:00:00,4049.74,4049.98,4022.95,4026.95,18040.0
2026-07-24 08:00:00,4026.8,4058.4,4021.84,4057.32,19022.0
2026-07-24 12:00:00,4057.41,4063.65,4051.15,4055.9,16065.0
2026-07-24 16:00:00,4056.1,4081.83,4044.63,4066.87,23256.0
2026-07-24 20:00:00,4066.91,4069.67,4049.05,4053.16,15910.0
2026-07-27 00:00:00,4091.3,4115.87,4083.5,4100.5,12580.0
2026-07-27 04:00:00,4100.47,4112.26,4084.88,4090.02,18172.0
2026-07-27 08:00:00,4089.99,4105.74,4084.29,4094.98,18922.0
2026-07-27 12:00:00,4094.97,4103.85,4081.54,4083.53,17399.0
2026-07-27 16:00:00,4083.82,4093.65,4065.21,4082.22,24396.0
2026-07-27 20:00:00,4082.19,4089.05,4070.41,4076.39,16743.0
2026-07-28 00:00:00,4081.63,4081.66,4057.55,4057.79,10293.0
2026-07-28 04:00:00,4057.77,4060.07,4040.07,4041.89,18672.0
2026-07-28 08:00:00,4041.91,4054.95,4034.76,4045.21,19103.0
2026-07-28 12:00:00,4045.29,4045.69,4016.84,4029.32,19394.0
2026-07-28 16:00:00,4029.28,4046.8,4011.15,4037.33,24053.0
2026-07-28 20:00:00,4037.36,4041.17,4021.53,4028.36,17908.0
2026-07-29 00:00:00,4027.8,4029.58,4013.69,4021.68,12984.0
2026-07-29 04:00:00,4021.57,4037.57,4010.13,4027.05,19944.0
2026-07-29 08:00:00,4027.09,4047.55,4026.39,4037.4,17402.0
2026-07-29 12:00:00,4037.96,4038.08,4009.07,4022.4,16622.0
2026-07-29 16:00:00,4022.4,4032.57,3995.77,4027.05,23796.0
2026-07-29 20:00:00,4027.13,4116.23,4027.13,4066.04,26087.0
2026-07-30 00:00:00,4071.59,4100.14,4064.69,4071.96,14682.0
2026-07-30 04:00:00,4072.05,4092.69,4044.21,4045.81,22200.0
2026-07-30 08:00:00,4045.9,4072.73,4028.23,4061.2,23191.0
2026-07-30 12:00:00,4061.32,4086.07,4060.15,4068.8,21627.0
2026-07-30 16:00:00,4068.62,4120.03,4064.94,4110.41,25789.0
2026-07-30 20:00:00,4110.48,4117.13,4098.25,4103.47,18504.0
2026-07-31 00:00:00,4105.49,4111.47,4090.16,4094.49,10563.0
2026-07-31 04:00:00,4094.73,4101.29,4071.82,4079.77,17212.0
2026-07-31 08:00:00,4079.85,4087.24,4054.18,4060.76,18258.0
2026-07-31 12:00:00,4060.67,4063.67,4040.42,4040.58,17805.0
2026-07-31 16:00:00,4040.28,4052.32,4020.91,4043.16,24585.0
2026-07-31 20:00:00,4043.09,4055.35,4041.38,4046.49,17081.0
2026-08-03 00:00:00,4074.92,4079.48,4055.52,4056.93,13867.0
2026-08-03 04:00:00,4057.0,4071.54,4047.19,4063.67,17947.0
2026-08-03 08:00:00,4063.68,4071.66,4051.9,4059.26,18474.0
2026-08-03 12:00:00,4059.26,4064.27,4042.01,4047.46,18094.0
2026-08-03 16:00:00,4047.67,4053.23,4018.9,4036.75,21475.0
2026-08-03 20:00:00,4036.73,4058.0,4029.59,4055.09,14982.0
2026-08-04 00:00:00,4054.05,4069.05,4048.53,4049.12,8857.0
2026-08-04 04:00:00,4048.69,4065.88,4042.37,4063.57,15888.0
2026-08-04 08:00:00,4063.69,4072.6,4054.24,4054.85,16449.0
2026-08-04 12:00:00,4054.76,4084.06,4045.34,4070.66,18808.0
2026-08-04 16:00:00,4070.96,4093.86,4061.17,4093.15,22817.0
2026-08-04 20:00:00,4093.16,4105.82,4074.52,4077.14,16694.0
2026-08-05 00:00:00,4078.57,4085.58,4065.31,4082.05,9800.0
2026-08-05 04:00:00,4082.3,4141.34,4077.56,4135.52,18550.0
2026-08-05 08:00:00,4135.46,4179.45,4134.74,4160.51,20534.0
2026-08-05 12:00:00,4160.61,4213.36,4150.19,4183.92,20005.0
2026-08-05 16:00:00,4183.69,4265.01,4183.69,4242.28,26275.0
2026-08-05 20:00:00,4242.42,4267.58,4236.84,4246.91,18367.0
2026-08-06 00:00:00,4250.65,4300.26,4245.77,4294.63,12394.0
2026-08-06 04:00:00,4294.7,4304.03,4253.01,4262.19,20942.0
2026-08-06 08:00:00,4262.17,4278.8,4247.31,4278.2,19657.0
2026-08-06 12:00:00,4278.22,4284.66,4249.41,4250.2,19533.0
2026-08-06 16:00:00,4249.81,4275.2,4223.28,4241.24,25530.0
2026-08-06 20:00:00,4241.36,4251.06,4232.84,4240.41,16728.0
2026-08-07 00:00:00,4239.17,4252.98,4229.48,4232.45,9490.0
2026-08-07 04:00:00,4232.58,4268.75,4231.59,4264.73,18784.0
2026-08-07 08:00:00,4264.77,4316.42,4261.72,4305.86,20767.0
2026-08-07 12:00:00,4305.87,4371.52,4301.42,4361.18,21244.0
2026-08-07 16:00:00,4361.39,4367.8,4327.52,4329.14,26954.0
2026-08-07 20:00:00,4328.98,4350.33,4327.81,4341.3,18745.0
2026-08-10 00:00:00,4349.2,4350.65,4330.57,4332.12,11719.0
2026-08-10 04:00:00,4331.91,4340.35,4313.25,4339.33,18598.0
2026-08-10 08:00:00,4339.21,4361.73,4331.48,4346.48,18215.0
2026-08-10 12:00:00,4346.55,4349.81,4324.03,4332.6,17047.0
2026-08-10 16:00:00,4332.33,4364.55,4316.51,4356.8,23581.0
2026-08-10 20:00:00,4357.0,4395.16,4351.82,4390.32,18081.0
2026-08-11 00:00:00,4390.03,4419.24,4388.85,4409.55,10677.0
2026-08-11 04:00:00,4409.46,4435.07,4393.77,4408.87,19787.0
2026-08-11 08:00:00,4408.72,4409.0,4356.58,4368.94,20979.0
2026-08-11 12:00:00,4368.95,4399.83,4367.35,4392.24,19621.0
2026-08-11 16:00:00,4392.25,4403.95,4368.89,4383.21,24058.0
2026-08-11 20:00:00,4383.27,4385.51,4360.05,4368.02,16934.0
2026-08-12 00:00:00,4371.89,4383.47,4362.34,4380.3,11346.0
2026-08-12 04:00:00,4380.4,4415.74,4378.18,4400.8,18207.0
2026-08-12 08:00:00,4400.74,4410.26,4383.78,4401.51,17351.0
2026-08-12 12:00:00,4401.6,4437.81,4382.2,4437.32,19335.0
2026-08-12 16:00:00,4436.79,4440.83,4396.58,4401.48,25872.0
2026-08-12 20:00:00,4401.84,4418.14,4396.14,4408.32,16630.0
2026-08-13 00:00:00,4409.78,4449.43,4398.12,4427.77,9990.0
2026-08-13 04:00:00,4427.41,4435.09,4391.43,4397.59,19875.0
2026-08-13 08:00:00,4397.58,4407.0,4363.88,4375.68,20651.0
2026-08-13 12:00:00,4375.64,4401.67,4372.3,4401.67,17515.0
2026-08-13 16:00:00,4401.69,4401.69,4351.2,4366.92,25344.0
2026-08-13 20:00:00,4367.02,4373.14,4343.81,4350.92,18061.0
2026-08-14 00:00:00,4353.17,4363.85,4329.33,4340.61,12372.0
2026-08-14 04:00:00,4340.74,4341.2,4310.33,4326.7,18321.0
2026-08-14 08:00:00,4326.79,4349.49,4310.85,4348.44,18014.0
2026-08-14 12:00:00,4348.28,4386.86,4345.96,4373.74,17464.0
2026-08-14 16:00:00,4373.73,4396.92,4370.29,4385.95,22839.0
2026-08-14 20:00:00,4385.96,4386.45,4370.96,4376.0,13876.0
2026-08-17 00:00:00,4379.93,4402.06,4367.18,4400.58,11476.0
2026-08-17 04:00:00,4400.81,4416.43,4388.08,4390.75,18780.0
2026-08-17 08:00:00,4390.76,4411.14,4387.0,4394.85,18379.0
2026-08-17 12:00:00,4395.02,4405.55,4377.19,4384.84,17396.0
2026-08-17 16:00:00,4385.01,4428.86,4381.67,4424.19,23128.0
2026-08-17 20:00:00,4424.21,4426.09,4398.14,4416.64,16615.0
2026-08-18 00:00:00,4418.09,4435.04,4409.77,4434.7,10118.0
2026-08-18 04:00:00,4434.62,4436.07,4389.07,4393.59,19925.0
2026-08-18 08:00:00,4393.51,4403.59,4386.02,4393.34,18337.0
2026-08-18 12:00:00,4393.07,4400.76,4387.01,4394.45,16782.0
2026-08-18 16:00:00,4394.17,4406.64,4351.56,4363.99,25546.0
2026-08-18 20:00:00,4363.82,4368.28,4329.18,4334.27,17685.0
2026-08-19 00:00:00,4336.75,4347.22,4327.21,4338.18,12595.0
2026-08-19 04:00:00,4337.76,4361.98,4324.68,4348.47,18607.0
2026-08-19 08:00:00,4348.37,4363.15,4335.0,4355.72,20063.0
2026-08-19 12:00:00,4355.65,4442.2,4353.48,4438.81,19068.0
2026-08-19 16:00:00,4438.93,4499.19,4424.58,4493.72,27118.0
2026-08-19 20:00:00,4493.65,4524.26,4472.15,4522.93,21170.0
2026-08-20 00:00:00,4525.52,4527.2,4503.95,4504.71,12479.0
2026-08-20 04:00:00,4504.78,4509.99,4484.49,4488.57,20763.0
2026-08-20 08:00:00,4488.53,4498.5,4477.98,4489.19,19700.0
2026-08-20 12:00:00,4489.2,4494.51,4450.47,4474.61,20953.0
2026-08-20 16:00:00,4474.77,4540.64,4469.12,4509.79,27241.0
2026-08-20 20:00:00,4509.9,4531.96,4507.55,4519.02,18971.0
2026-08-21 00:00:00,4520.54,4532.56,4509.64,4510.31,11708.0
2026-08-21 04:00:00,4510.39,4547.7,4508.64,4540.4,19883.0
2026-08-21 08:00:00,4540.39,4584.96,4529.36,4583.98,20676.0
2026-08-21 12:00:00,4583.99,4604.54,4563.6,4577.99,21285.0
2026-08-21 16:00:00,4577.8,4629.14,4573.51,4628.96,25920.0
2026-08-21 20:00:00,4628.96,4632.19,4603.36,4604.52,18075.0
2026-08-24 00:00:00,4624.56,4640.81,4595.04,4621.74,14407.0
2026-08-24 04:00:00,4621.84,4656.56,4608.07,4638.9,23409.0
2026-08-24 08:00:00,4638.91,4659.85,4628.63,4637.83,23141.0
2026-08-24 12:00:00,4637.71,4669.75,4632.85,4662.66,21185.0
2026-08-24 16:00:00,4662.69,4680.57,4639.84,4644.85,26150.0
2026-08-24 20:00:00,4644.83,4655.88,4625.22,4651.62,19891.0
2026-08-25 00:00:00,4655.28,4696.45,4652.44,4684.04,12546.0
2026-08-25 04:00:00,4683.78,4685.61,4617.45,4625.66,23297.0
2026-08-25 08:00:00,4625.7,4653.26,4620.08,4630.0,21619.0
2026-08-25 12:00:00,4629.86,4647.12,4623.96,4640.66,20550.0
2026-08-25 16:00:00,4640.76,4659.15,4605.2,4643.27,25654.0
2026-08-25 20:00:00,4643.41,4668.82,4634.05,4658.58,18570.0
2026-08-26 00:00:00,4660.21,4673.49,4634.24,4637.22,11704.0
2026-08-26 04:00:00,4637.25,4670.48,4630.28,4640.42,19983.0
2026-08-26 08:00:00,4640.52,4649.32,4622.06,4628.02,20046.0
2026-08-26 12:00:00,4628.07,4632.82,4611.03,4614.38,19110.0
2026-08-26 16:00:00,4614.61,4633.28,4582.98,4591.42,25722.0
2026-08-26 20:00:00,4591.4,4604.33,4583.95,4594.4,18164.0
2026-08-27 00:00:00,4605.05,4626.89,4600.37,4604.93,12059.0
2026-08-27 04:00:00,4604.85,4642.86,4602.37,4618.55,19547.0
2026-08-27 08:00:00,4618.62,4621.31,4593.38,4598.76,20274.0
2026-08-27 12:00:00,4598.83,4600.93,4568.9,4585.8,20220.0
2026-08-27 16:00:00,4585.32,4616.47,4565.79,4614.71,25299.0
2026-08-27 20:00:00,4615.49,4617.79,4599.84,4601.54,18605.0
2026-08-28 00:00:00,4607.44,4611.23,4585.49,4588.55,10470.0
2026-08-28 04:00:00,4588.58,4601.84,4575.03,4584.11,18892.0
2026-08-28 08:00:00,4584.16,4614.37,4571.47,4602.7,20087.0
2026-08-28 12:00:00,4602.69,4609.68,4588.87,4601.51,19263.0
2026-08-28 16:00:00,4601.76,4631.9,4464.33,4479.28,29575.0
2026-08-28 20:00:00,4479.21,4486.32,4445.34,4454.27,22752.0
2026-08-31 00:00:00,4437.58,4471.76,4434.62,4456.14,14391.0
2026-08-31 04:00:00,4456.26,4463.1,4396.3,4424.35,22480.0
2026-08-31 08:00:00,4424.36,4449.3,4419.01,4435.4,20508.0
2026-08-31 12:00:00,4435.61,4463.85,4435.34,4435.59,19087.0
2026-08-31 16:00:00,4435.57,4448.06,4415.6,4433.0,25437.0
2026-08-31 20:00:00,4433.08,4455.58,4426.02,4448.91,18123.0
2026-09-01 00:00:00,4449.96,4461.24,4441.66,4453.54,10698.0
2026-09-01 04:00:00,4453.48,4456.63,4425.36,4426.41,19876.0
2026-09-01 08:00:00,4426.44,4445.81,4369.31,4370.67,22461.0
2026-09-01 12:00:00,4370.56,4386.97,4351.86,4356.2,23024.0
2026-09-01 16:00:00,4356.08,4375.36,4326.04,4351.13,26578.0
2026-09-01 20:00:00,4351.14,4351.76,4322.85,4327.98,20105.0
2026-09-02 00:00:00,4334.1,4335.48,4314.48,4315.65,11654.0
2026-09-02 04:00:00,4315.35,4326.35,4282.4,4307.01,21636.0
2026-09-02 08:00:00,4307.03,4331.39,4303.51,4312.64,22520.0
2026-09-02 12:00:00,4312.63,4344.14,4301.68,4331.48,22307.0
2026-09-02 16:00:00,4331.06,4397.53,4330.6,4368.07,25702.0
2026-09-02 20:00:00,4368.06,4391.21,4364.4,4387.86,18267.0
2026-09-03 00:00:00,4391.06,4397.07,4380.98,4395.26,10011.0
2026-09-03 04:00:00,4395.43,4438.16,4387.39,4437.21,20445.0
2026-09-03 08:00:00,4437.13,4443.35,4418.63,4434.78,22868.0
2026-09-03 12:00:00,4434.8,4495.06,4418.91,4493.28,22124.0
2026-09-03 16:00:00,4493.48,4510.58,4457.08,4486.02,26369.0
2026-09-03 20:00:00,4486.11,4494.5,4470.3,4472.88,18396.0
2026-09-04 00:00:00,4474.32,4486.82,4471.22,4486.38,10038.0
2026-09-04 04:00:00,4486.14,4486.81,4465.4,4473.58,17794.0
2026-09-04 08:00:00,4473.53,4490.48,4460.04,4477.64,19428.0
2026-09-04 12:00:00,4477.63,4478.98,4379.58,4393.49,19988.0
2026-09-04 16:00:00,4393.71,4448.72,4365.49,4436.21,26280.0
2026-09-04 20:00:00,4436.3,4440.18,4411.98,4430.8,16980.0
2026-09-07 00:00:00,4422.33,4434.95,4410.02,4412.39,10406.0
2026-09-07 04:00:00,4412.39,4418.76,4389.66,4397.83,19035.0
2026-09-07 08:00:00,4397.84,4423.6,4385.12,4410.8,20267.0
2026-09-07 12:00:00,4410.71,4413.47,4380.97,4396.6,16394.0
2026-09-07 16:00:00,4396.61,4419.26,4395.23,4414.3,17900.0
2026-09-07 20:00:00,4414.32,4414.88,4402.92,4406.01,2625.0
2026-09-08 00:00:00,4413.41,4429.94,4405.59,4426.87,11455.0
2026-09-08 04:00:00,4426.11,4442.74,4417.19,4435.87,18783.0
2026-09-08 08:00:00,4435.82,4437.51,4387.71,4394.1,21031.0
2026-09-08 12:00:00,4393.96,4411.52,4385.23,4411.32,19284.0
2026-09-08 16:00:00,4411.56,4412.48,4380.22,4393.53,23097.0
2026-09-08 20:00:00,4393.56,4403.49,4345.71,4355.18,18128.0
2026-09-09 00:00:00,4354.98,4365.39,4341.18,4364.46,10827.0
2026-09-09 04:00:00,4364.58,4384.18,4354.02,4381.39,18067.0
2026-09-09 08:00:00,4381.37,4412.7,4380.31,4400.63,18518.0
2026-09-09 12:00:00,4400.66,4415.05,4386.07,4399.98,18908.0
2026-09-09 16:00:00,4399.89,4433.87,4375.03,4409.5,24570.0
2026-09-09 20:00:00,4409.36,4421.27,4393.34,4401.45,16083.0
2026-09-10 00:00:00,4404.47,4406.3,4389.62,4400.98,10050.0
2026-09-10 04:00:00,4400.9,4420.66,4400.35,4408.28,18361.0
2026-09-10 08:00:00,4408.29,4434.01,4392.27,4394.72,20091.0
2026-09-10 12:00:00,4394.62,4399.97,4323.86,4339.85,22269.0
2026-09-10 16:00:00,4340.27,4376.12,4339.9,4363.88,25330.0
2026-09-10 20:00:00,4363.96,4367.47,4313.6,4316.35,20206.0
2026-09-11 00:00:00,4322.27,4333.65,4311.14,4331.92,11249.0
2026-09-11 04:00:00,4331.03,4340.15,4300.71,4331.49,22086.0
2026-09-11 08:00:00,4331.54,4360.54,4328.13,4346.79,21385.0
2026-09-11 12:00:00,4347.09,4389.8,4292.11,4388.48,20485.0
2026-09-11 16:00:00,4388.08,4402.29,4351.78,4361.52,25036.0
2026-09-11 20:00:00,4361.66,4370.22,4342.67,4348.32,16977.0
2026-09-14 00:00:00,4336.49,4347.26,4328.18,4338.88,12236.0
2026-09-14 04:00:00,4338.34,4355.06,4322.03,4329.35,19194.0
2026-09-14 08:00:00,4329.32,4338.41,4303.09,4306.43,20643.0
2026-09-14 12:00:00,4306.22,4311.46,4265.75,4270.76,20830.0
2026-09-14 16:00:00,4271.21,4317.48,4253.43,4315.68,24474.0
2026-09-14 20:00:00,4315.62,4316.3,4282.18,4298.51,17068.0
2026-09-15 00:00:00,4299.91,4300.24,4283.45,4292.82,10745.0
2026-09-15 04:00:00,4292.98,4317.17,4287.75,4304.57,18436.0
2026-09-15 08:00:00,4304.56,4307.33,4261.17,4262.18,20976.0
2026-09-15 12:00:00,4262.15,4295.56,4261.35,4290.37,19556.0
2026-09-15 16:00:00,4289.57,4300.2,4273.72,4295.37,23074.0
2026-09-15 20:00:00,4295.46,4310.68,4290.15,4293.9,16234.0
2026-09-16 00:00:00,4295.5,4298.93,4275.53,4277.45,9797.0
2026-09-16 04:00:00,4277.43,4340.8,4276.83,4321.94,19511.0
2026-09-16 08:00:00,4322.02,4339.08,4320.82,4330.27,19628.0
2026-09-16 12:00:00,4330.44,4353.31,4327.59,4347.72,19508.0
2026-09-16 16:00:00,4347.51,4361.11,4324.28,4346.72,22259.0
2026-09-16 20:00:00,4346.7,4366.92,4235.07,4263.87,22584.0
2026-09-17 00:00:00,4262.46,4292.06,4257.37,4279.89,13284.0
2026-09-17 04:00:00,4282.19,4317.85,4273.79,4297.27,20228.0
2026-09-17 08:00:00,4297.29,4335.3,4285.26,4311.4,20410.0
2026-09-17 12:00:00,4311.39,4381.06,4304.96,4373.34,21171.0
2026-09-17 16:00:00,4373.45,4379.94,4351.56,4362.4,23700.0
2026-09-17 20:00:00,4362.54,4365.84,4340.63,4341.63,16519.0
2026-09-18 00:00:00,4344.31,4360.01,4339.77,4356.35,10440.0
2026-09-18 04:00:00,4357.18,4366.93,4334.35,4366.85,19277.0
2026-09-18 08:00:00,4366.78,4399.53,4360.35,4392.27,20394.0
2026-09-18 12:00:00,4392.42,4398.15,4353.73,4368.72,20176.0
2026-09-18 16:00:00,4368.83,4383.41,4342.61,4382.59,23348.0
2026-09-18 20:00:00,4382.8,4396.59,4374.76,4378.12,16714.0
2026-09-21 00:00:00,4375.96,4382.01,4358.85,4366.41,11501.0
2026-09-21 04:00:00,4366.46,4383.13,4354.9,4355.62,19525.0
2026-09-21 08:00:00,4355.57,4361.75,4341.75,4352.92,20585.0
2026-09-21 12:00:00,4352.94,4374.54,4339.99,4359.59,19764.0
2026-09-21 16:00:00,4359.37,4368.48,4322.54,4343.11,23233.0
2026-09-21 20:00:00,4343.2,4353.61,4337.33,4343.36,15516.0
2026-09-22 00:00:00,4348.27,4375.85,4346.4,4359.9,12037.0
2026-09-22 04:00:00,4359.93,4364.88,4334.86,4342.6,19215.0
2026-09-22 08:00:00,4342.57,4347.03,4291.34,4330.04,22827.0
2026-09-22 12:00:00,4329.92,4343.69,4308.91,4333.73,23176.0
2026-09-22 16:00:00,4333.69,4343.69,4314.77,4336.12,23931.0
2026-09-22 20:00:00,4336.1,4370.96,4334.55,4358.2,19069.0
2026-09-23 00:00:00,4360.99,4369.04,4355.11,4357.34,10104.0
2026-09-23 04:00:00,4357.54,4358.88,4333.03,4343.92,17085.0
2026-09-23 08:00:00,4343.74,4345.45,4315.3,4317.93,18881.0
2026-09-23 12:00:00,4317.92,4320.1,4294.51,4309.61,20004.0
2026-09-23 16:00:00,4309.56,4313.33,4277.37,4284.71,24681.0
2026-09-23 20:00:00,4284.69,4294.65,4274.66,4287.06,18165.0
2026-09-24 00:00:00,4289.99,4299.0,4283.76,4298.28,10717.0
