datetime,open,high,low,close,volume
2025-01-02 01:00:00,2625.44,2625.97,2621.69,2623.78,2242.0
2025-01-02 02:00:00,2623.79,2627.94,2622.83,2625.32,3793.0
2025-01-02 03:00:00,2625.35,2634.4,2623.82,2632.92,7323.0
2025-01-02 04:00:00,2632.93,2636.46,2632.31,2634.74,6459.0
2025-01-02 05:00:00,2634.7,2635.38,2632.36,2633.69,5786.0
2025-01-02 06:00:00,2633.65,2634.22,2631.13,2633.98,3222.0
2025-01-02 07:00:00,2633.99,2636.52,2633.12,2634.01,5341.0
2025-01-02 08:00:00,2634.01,2635.41,2631.15,2634.16,5895.0
2025-01-02 09:00:00,2634.13,2635.97,2632.97,2635.92,4975.0
2025-01-02 10:00:00,2635.95,2637.79,2631.17,2636.35,5345.0
2025-01-02 11:00:00,2636.33,2639.91,2635.88,2636.05,5049.0
2025-01-02 12:00:00,2636.06,2646.24,2632.67,2642.69,7258.0
2025-01-02 13:00:00,2642.7,2644.66,2640.29,2641.97,5024.0
2025-01-02 14:00:00,2641.93,2646.41,2640.32,2643.36,5923.0
2025-01-02 15:00:00,2643.35,2647.32,2636.01,2642.95,9487.0
2025-01-02 16:00:00,2642.83,2651.09,2640.34,2647.67,8718.0
2025-01-02 17:00:00,2647.48,2655.74,2645.15,2654.06,9371.0
2025-01-02 18:00:00,2654.06,2660.42,2650.04,2659.29,7862.0
2025-01-02 19:00:00,2659.28,2660.4,2652.57,2656.48,6476.0
2025-01-02 20:00:00,2656.49,2658.71,2653.74,2655.44,5293.0
2025-01-02 21:00:00,2655.42,2657.13,2653.77,2654.65,5058.0
2025-01-02 22:00:00,2654.69,2660.4,2654.08,2659.64,5003.0
2025-01-02 23:00:00,2659.67,2660.16,2656.48,2657.28,966.0
2025-01-03 01:00:00,2657.46,2659.52,2656.64,2658.35,1770.0
2025-01-03 02:00:00,2658.37,2661.12,2658.35,2660.74,3102.0
2025-01-03 03:00:00,2660.73,2662.39,2656.64,2659.35,5160.0
2025-01-03 04:00:00,2659.45,2664.08,2656.12,2662.42,7108.0
2025-01-03 05:00:00,2662.42,2665.14,2661.29,2662.28,5869.0
2025-01-03 06:00:00,2662.22,2664.36,2661.68,2662.86,3220.0
2025-01-03 07:00:00,2662.85,2662.89,2655.95,2658.54,4640.0
2025-01-03 08:00:00,2658.54,2660.24,2656.71,2659.54,4645.0
2025-01-03 09:00:00,2659.48,2659.48,2651.94,2654.16,4930.0
2025-01-03 10:00:00,2654.07,2655.71,2649.87,2652.91,5757.0
2025-01-03 11:00:00,2652.9,2655.91,2652.78,2653.59,4659.0
2025-01-03 12:00:00,2653.58,2657.85,2653.05,2657.58,4264.0
2025-01-03 13:00:00,2657.6,2659.21,2656.3,2657.57,4618.0
2025-01-03 14:00:00,2657.57,2658.26,2654.75,2655.27,4544.0
2025-01-03 15:00:00,2655.28,2656.3,2643.4,2649.77,8140.0
2025-01-03 16:00:00,2649.74,2652.64,2645.09,2647.07,9616.0
2025-01-03 17:00:00,2645.84,2648.3,2640.96,2643.8,9338.0
2025-01-03 18:00:00,2643.8,2647.23,2638.98,2639.89,6805.0
2025-01-03 19:00:00,2639.9,2642.55,2639.03,2641.81,5464.0
2025-01-03 20:00:00,2641.78,2642.33,2639.68,2641.85,5959.0
2025-01-03 21:00:00,2641.84,2642.95,2639.1,2639.51,4632.0
2025-01-03 22:00:00,2639.35,2640.07,2636.91,2638.1,4602.0
2025-01-03 23:00:00,2638.1,2640.63,2636.69,2639.19,1196.0
2025-01-06 01:00:00,2639.19,2642.34,2638.8,2640.93,2371.0
2025-01-06 02:00:00,2641.01,2643.36,2638.64,2643.23,3410.0
2025-01-06 03:00:00,2643.27,2647.42,2640.76,2641.33,7223.0
2025-01-06 04:00:00,2641.26,2645.37,2639.75,2644.52,5582.0
2025-01-06 05:00:00,2644.52,2645.35,2639.21,2640.23,5031.0
2025-01-06 06:00:00,2640.22,2640.86,2634.56,2635.48,5028.0
2025-01-06 07:00:00,2635.48,2636.21,2631.64,2633.96,6619.0
2025-01-06 08:00:00,2633.93,2635.4,2630.27,2631.51,6336.0
2025-01-06 09:00:00,2631.49,2633.65,2625.12,2626.89,5450.0
2025-01-06 10:00:00,2626.86,2632.54,2625.82,2631.5,5195.0
2025-01-06 11:00:00,2631.5,2635.73,2631.16,2632.7,4779.0
2025-01-06 12:00:00,2632.72,2635.12,2630.96,2633.8,4164.0
2025-01-06 13:00:00,2633.81,2649.41,2632.56,2645.64,8413.0
2025-01-06 14:00:00,2645.66,2647.78,2642.03,2645.42,6722.0
2025-01-06 15:00:00,2645.38,2648.89,2621.85,2624.21,9775.0
2025-01-06 16:00:00,2624.04,2634.69,2614.28,2631.5,10849.0
2025-01-06 17:00:00,2631.57,2639.58,2629.49,2634.35,9856.0
2025-01-06 18:00:00,2634.39,2641.32,2632.54,2640.85,7300.0
2025-01-06 19:00:00,2640.86,2641.12,2634.23,2636.72,4662.0
2025-01-06 20:00:00,2636.75,2638.59,2633.8,2634.6,5105.0
2025-01-06 21:00:00,2634.57,2635.53,2632.64,2634.34,4057.0
2025-01-06 22:00:00,2634.35,2635.46,2633.16,2634.62,4314.0
2025-01-06 23:00:00,2635.36,2637.1,2634.65,2635.88,1423.0
2025-01-07 01:00:00,2635.21,2636.18,2632.9,2634.75,1697.0
2025-01-07 02:00:00,2634.67,2635.26,2632.99,2635.06,2370.0
2025-01-07 03:00:00,2635.07,2641.2,2634.91,2639.05,6904.0
2025-01-07 04:00:00,2639.05,2640.1,2636.99,2638.65,4643.0
2025-01-07 05:00:00,2638.69,2640.22,2637.57,2639.61,2777.0
2025-01-07 06:00:00,2639.6,2639.72,2637.38,2638.26,2766.0
2025-01-07 07:00:00,2638.21,2645.74,2637.04,2644.47,5573.0
2025-01-07 08:00:00,2644.47,2646.82,2639.9,2640.24,5908.0
2025-01-07 09:00:00,2640.23,2642.19,2638.04,2640.51,5112.0
2025-01-07 10:00:00,2640.43,2644.77,2640.09,2642.65,4992.0
2025-01-07 11:00:00,2642.66,2644.23,2640.2,2641.31,4317.0
2025-01-07 12:00:00,2641.29,2644.75,2641.29,2643.84,3978.0
2025-01-07 13:00:00,2643.87,2648.75,2641.98,2648.45,4779.0
2025-01-07 14:00:00,2648.48,2652.66,2647.4,2651.59,5324.0
2025-01-07 15:00:00,2651.61,2664.33,2649.95,2662.51,10069.0
2025-01-07 16:00:00,2662.52,2663.01,2655.77,2658.11,9119.0
2025-01-07 17:00:00,2658.1,2658.1,2642.08,2647.67,11020.0
2025-01-07 18:00:00,2647.73,2655.56,2646.42,2651.74,8171.0
2025-01-07 19:00:00,2651.74,2656.01,2650.15,2652.38,6812.0
2025-01-07 20:00:00,2652.38,2652.39,2647.2,2649.03,6618.0
2025-01-07 21:00:00,2649.06,2650.32,2646.95,2649.23,6013.0
2025-01-07 22:00:00,2649.22,2651.43,2647.21,2650.09,5308.0
2025-01-07 23:00:00,2649.85,2650.39,2647.44,2648.62,1193.0
2025-01-08 01:00:00,2648.0,2650.19,2647.71,2649.75,1153.0
2025-01-08 02:00:00,2649.83,2651.53,2648.73,2650.55,2417.0
2025-01-08 03:00:00,2650.62,2650.85,2647.16,2648.82,7008.0
2025-01-08 04:00:00,2648.86,2650.43,2645.93,2648.96,4869.0
2025-01-08 05:00:00,2648.94,2648.94,2645.62,2646.76,3934.0
2025-01-08 06:00:00,2646.76,2648.68,2645.27,2646.99,3278.0
2025-01-08 07:00:00,2647.0,2650.77,2646.71,2650.1,4824.0
2025-01-08 08:00:00,2650.05,2653.02,2648.94,2652.03,6062.0
2025-01-08 09:00:00,2652.04,2654.43,2651.58,2652.62,4554.0
2025-01-08 10:00:00,2652.64,2653.8,2649.59,2651.95,5867.0
2025-01-08 11:00:00,2651.94,2654.94,2651.79,2653.51,4847.0
2025-01-08 12:00:00,2653.5,2655.13,2652.64,2653.15,3952.0
2025-01-08 13:00:00,2652.99,2653.11,2647.57,2650.76,5732.0
2025-01-08 14:00:00,2650.74,2652.47,2645.86,2651.91,6261.0
2025-01-08 15:00:00,2652.01,2660.25,2651.28,2660.23,8821.0
2025-01-08 16:00:00,2660.18,2667.55,2660.06,2661.23,9352.0
2025-01-08 17:00:00,2661.33,2667.76,2659.15,2665.87,8213.0
2025-01-08 18:00:00,2665.88,2669.97,2662.64,2669.59,6670.0
2025-01-08 19:00:00,2669.69,2669.81,2649.48,2655.54,6568.0
2025-01-08 20:00:00,2655.57,2659.04,2651.52,2652.69,6483.0
2025-01-08 21:00:00,2652.18,2660.57,2652.18,2658.27,5580.0
2025-01-08 22:00:00,2658.39,2664.04,2658.15,2663.34,4223.0
2025-01-08 23:00:00,2662.85,2664.01,2660.81,2661.42,2230.0
2025-01-09 01:00:00,2661.41,2663.13,2661.24,2662.42,955.0
2025-01-09 02:00:00,2662.43,2662.67,2659.36,2660.0,2113.0
2025-01-09 03:00:00,2659.96,2661.4,2657.27,2658.42,4615.0
2025-01-09 04:00:00,2658.37,2660.0,2656.35,2658.91,3758.0
2025-01-09 05:00:00,2658.95,2662.15,2658.59,2659.36,3821.0
2025-01-09 06:00:00,2659.32,2659.64,2655.48,2659.0,2596.0
2025-01-09 07:00:00,2659.0,2660.88,2657.65,2658.34,3611.0
2025-01-09 08:00:00,2658.34,2666.88,2658.34,2666.65,3766.0
2025-01-09 09:00:00,2666.66,2666.66,2662.29,2662.45,3580.0
2025-01-09 10:00:00,2662.39,2666.88,2660.45,2664.44,5419.0
2025-01-09 11:00:00,2664.43,2666.53,2662.4,2665.0,4142.0
2025-01-09 12:00:00,2665.01,2668.58,2664.45,2667.48,3793.0
2025-01-09 13:00:00,2667.49,2673.1,2665.27,2670.2,4708.0
2025-01-09 14:00:00,2670.13,2675.18,2669.46,2674.11,4355.0
2025-01-09 15:00:00,2674.13,2678.29,2671.92,2672.73,7181.0
2025-01-09 16:00:00,2672.74,2675.76,2667.18,2672.27,6734.0
2025-01-09 17:00:00,2672.34,2675.38,2667.99,2668.24,5895.0
2025-01-09 18:00:00,2668.22,2671.0,2666.27,2667.56,4947.0
2025-01-09 19:00:00,2667.53,2668.65,2662.66,2665.93,5149.0
2025-01-09 20:00:00,2665.93,2672.44,2665.14,2671.28,5236.0
2025-01-09 21:00:00,2671.29,2671.63,2668.67,2670.13,3816.0
2025-01-09 22:00:00,2670.03,2670.78,2669.17,2669.51,2775.0
2025-01-09 23:00:00,2669.55,2671.14,2668.92,2670.11,712.0
2025-01-10 01:00:00,2670.29,2670.93,2668.41,2669.87,1360.0
2025-01-10 02:00:00,2669.92,2671.11,2669.02,2670.49,2703.0
2025-01-10 03:00:00,2670.54,2671.92,2669.2,2671.05,4783.0
2025-01-10 04:00:00,2671.05,2674.76,2670.46,2673.47,4222.0
2025-01-10 05:00:00,2673.51,2674.75,2672.49,2673.68,2917.0
2025-01-10 06:00:00,2673.68,2674.02,2671.74,2671.77,2225.0
2025-01-10 07:00:00,2671.71,2675.85,2671.57,2674.9,3997.0
2025-01-10 08:00:00,2674.9,2678.37,2674.2,2678.11,4912.0
2025-01-10 09:00:00,2678.12,2678.75,2673.41,2676.15,4284.0
2025-01-10 10:00:00,2676.14,2680.36,2675.69,2680.07,5379.0
2025-01-10 11:00:00,2680.07,2682.25,2677.76,2678.56,4833.0
2025-01-10 12:00:00,2678.6,2682.67,2678.31,2680.89,5702.0
2025-01-10 13:00:00,2680.91,2682.99,2680.21,2681.41,4464.0
2025-01-10 14:00:00,2681.43,2681.44,2674.88,2678.28,5547.0
2025-01-10 15:00:00,2678.29,2683.63,2663.83,2682.46,9374.0
2025-01-10 16:00:00,2682.22,2693.17,2680.85,2687.77,11477.0
2025-01-10 17:00:00,2684.99,2697.97,2682.42,2692.58,11499.0
2025-01-10 18:00:00,2692.3,2697.08,2686.85,2696.27,10597.0
2025-01-10 19:00:00,2696.48,2697.98,2692.36,2696.08,8729.0
2025-01-10 20:00:00,2696.07,2697.27,2684.85,2687.04,8383.0
2025-01-10 21:00:00,2687.08,2687.56,2684.36,2685.52,7199.0
2025-01-10 22:00:00,2685.46,2690.7,2684.3,2690.49,6757.0
2025-01-10 23:00:00,2690.49,2693.17,2688.57,2688.97,1640.0
2025-01-13 01:00:00,2689.64,2691.28,2685.61,2691.22,3490.0
2025-01-13 02:00:00,2691.21,2693.32,2687.85,2689.52,2607.0
2025-01-13 03:00:00,2689.59,2689.82,2679.42,2685.47,8955.0
2025-01-13 04:00:00,2685.41,2690.62,2684.69,2688.71,5996.0
2025-01-13 05:00:00,2688.7,2688.73,2685.34,2687.87,5648.0
2025-01-13 06:00:00,2687.88,2690.71,2684.05,2685.65,5694.0
2025-01-13 07:00:00,2685.8,2686.8,2683.13,2686.75,6536.0
2025-01-13 08:00:00,2686.87,2691.34,2686.69,2689.9,5549.0
2025-01-13 09:00:00,2689.89,2690.47,2684.22,2685.13,6308.0
2025-01-13 10:00:00,2685.02,2689.49,2683.99,2686.96,7105.0
2025-01-13 11:00:00,2686.96,2688.15,2682.79,2684.66,7118.0
2025-01-13 12:00:00,2684.58,2684.97,2677.15,2679.41,6253.0
2025-01-13 13:00:00,2679.19,2680.45,2675.32,2675.7,5809.0
2025-01-13 14:00:00,2675.76,2676.94,2664.31,2670.88,8365.0
2025-01-13 15:00:00,2671.26,2672.14,2663.58,2668.85,10169.0
2025-01-13 16:00:00,2668.85,2673.93,2663.92,2671.48,9699.0
2025-01-13 17:00:00,2671.36,2672.71,2660.92,2661.62,9612.0
2025-01-13 18:00:00,2661.61,2667.8,2660.62,2661.01,7427.0
2025-01-13 19:00:00,2661.07,2663.9,2659.04,2660.66,7076.0
2025-01-13 20:00:00,2660.67,2662.33,2657.35,2659.22,6164.0
2025-01-13 21:00:00,2659.21,2660.4,2656.59,2658.67,5006.0
2025-01-13 22:00:00,2658.76,2662.57,2658.55,2661.93,5730.0
2025-01-13 23:00:00,2661.76,2663.9,2660.58,2663.46,1629.0
2025-01-14 01:00:00,2662.59,2669.22,2661.37,2667.94,2497.0
2025-01-14 02:00:00,2667.9,2670.99,2666.21,2670.54,3442.0
2025-01-14 03:00:00,2670.33,2672.06,2667.74,2670.55,8180.0
2025-01-14 04:00:00,2670.67,2672.07,2668.31,2670.6,7240.0
2025-01-14 05:00:00,2670.59,2672.12,2668.68,2669.56,6053.0
2025-01-14 06:00:00,2669.64,2673.9,2668.19,2673.33,4428.0
2025-01-14 07:00:00,2673.39,2675.14,2667.21,2668.4,6489.0
2025-01-14 08:00:00,2668.37,2669.54,2667.17,2668.85,6106.0
2025-01-14 09:00:00,2668.86,2670.64,2666.93,2669.0,5627.0
2025-01-14 10:00:00,2669.04,2674.14,2667.14,2670.8,6260.0
2025-01-14 11:00:00,2670.86,2671.48,2664.56,2666.99,5878.0
2025-01-14 12:00:00,2667.13,2668.7,2664.51,2666.54,5501.0
2025-01-14 13:00:00,2666.5,2669.66,2664.48,2669.11,5663.0
2025-01-14 14:00:00,2669.13,2671.44,2666.27,2668.12,5813.0
2025-01-14 15:00:00,2668.14,2674.19,2660.85,2662.79,9519.0
2025-01-14 16:00:00,2662.76,2665.96,2659.65,2665.19,10183.0
2025-01-14 17:00:00,2665.21,2672.9,2665.13,2671.74,9268.0
2025-01-14 18:00:00,2671.97,2674.02,2669.84,2671.73,7898.0
2025-01-14 19:00:00,2671.76,2672.13,2668.05,2669.05,6234.0
2025-01-14 20:00:00,2669.06,2672.55,2666.75,2672.3,5927.0
2025-01-14 21:00:00,2672.35,2676.26,2671.85,2674.31,5377.0
2025-01-14 22:00:00,2674.24,2676.5,2671.89,2676.47,5881.0
2025-01-14 23:00:00,2676.38,2678.22,2675.86,2676.89,1364.0
2025-01-15 01:00:00,2677.5,2679.52,2674.16,2675.64,1845.0
2025-01-15 02:00:00,2675.63,2676.19,2672.66,2672.78,1926.0
2025-01-15 03:00:00,2672.79,2674.32,2669.92,2669.93,4896.0
2025-01-15 04:00:00,2669.94,2675.1,2669.4,2673.47,5572.0
2025-01-15 05:00:00,2673.4,2676.3,2672.35,2676.12,4033.0
2025-01-15 06:00:00,2676.05,2676.71,2674.2,2675.65,3353.0
2025-01-15 07:00:00,2675.72,2679.41,2674.6,2679.41,6582.0
2025-01-15 08:00:00,2679.39,2683.28,2679.15,2681.07,6140.0
2025-01-15 09:00:00,2681.08,2684.0,2680.09,2681.37,5498.0
2025-01-15 10:00:00,2681.37,2685.29,2681.19,2683.93,5299.0
2025-01-15 11:00:00,2683.92,2688.52,2682.92,2685.94,5779.0
2025-01-15 12:00:00,2685.93,2689.05,2684.83,2688.38,5963.0
2025-01-15 13:00:00,2688.39,2688.94,2685.22,2686.8,6568.0
2025-01-15 14:00:00,2686.82,2687.56,2684.1,2684.55,5747.0
2025-01-15 15:00:00,2684.55,2694.22,2682.12,2693.93,10049.0
2025-01-15 16:00:00,2693.85,2696.09,2678.27,2681.87,10736.0
2025-01-15 17:00:00,2681.91,2683.01,2676.76,2678.49,10252.0
2025-01-15 18:00:00,2678.57,2690.01,2676.92,2689.27,8503.0
2025-01-15 19:00:00,2689.26,2692.97,2688.54,2692.63,6008.0
2025-01-15 20:00:00,2692.86,2695.1,2691.14,2694.04,6716.0
2025-01-15 21:00:00,2694.1,2695.12,2692.58,2694.15,4970.0
2025-01-15 22:00:00,2694.07,2696.55,2693.24,2696.37,4787.0
2025-01-15 23:00:00,2696.68,2697.61,2694.18,2696.87,1693.0
2025-01-16 01:00:00,2695.8,2697.44,2693.86,2694.96,1470.0
2025-01-16 02:00:00,2694.96,2698.27,2692.72,2695.37,4718.0
2025-01-16 03:00:00,2695.38,2702.07,2694.56,2696.15,7844.0
2025-01-16 04:00:00,2696.39,2698.14,2695.2,2697.54,5739.0
2025-01-16 05:00:00,2697.53,2698.6,2695.81,2697.32,5047.0
2025-01-16 06:00:00,2697.33,2698.14,2696.85,2697.5,3453.0
2025-01-16 07:00:00,2697.52,2697.58,2693.67,2694.63,5629.0
2025-01-16 08:00:00,2694.62,2695.37,2690.03,2693.86,5131.0
2025-01-16 09:00:00,2693.8,2699.93,2693.32,2698.36,5542.0
2025-01-16 10:00:00,2698.33,2703.26,2697.12,2698.9,6272.0
2025-01-16 11:00:00,2698.93,2706.09,2697.49,2705.26,7086.0
2025-01-16 12:00:00,2705.25,2708.56,2704.67,2707.79,5194.0
2025-01-16 13:00:00,2707.9,2711.04,2706.22,2706.31,5159.0
2025-01-16 14:00:00,2706.39,2707.32,2699.93,2703.6,6622.0
2025-01-16 15:00:00,2703.55,2718.23,2701.36,2715.42,9470.0
2025-01-16 16:00:00,2715.43,2719.39,2712.99,2718.57,9670.0
2025-01-16 17:00:00,2718.82,2719.79,2712.65,2716.9,9694.0
2025-01-16 18:00:00,2717.02,2722.38,2716.69,2720.27,8485.0
2025-01-16 19:00:00,2720.27,2724.76,2719.39,2721.77,6280.0
2025-01-16 20:00:00,2721.78,2723.28,2714.73,2715.22,6427.0
2025-01-16 21:00:00,2715.23,2717.11,2714.75,2715.28,6415.0
2025-01-16 22:00:00,2715.18,2717.03,2714.36,2715.57,4993.0
2025-01-16 23:00:00,2715.16,2715.36,2712.33,2714.38,1622.0
2025-01-17 01:00:00,2713.88,2715.06,2712.53,2714.7,1634.0
2025-01-17 02:00:00,2714.69,2716.1,2713.75,2714.73,3253.0
2025-01-17 03:00:00,2714.77,2714.83,2709.88,2714.66,7024.0
2025-01-17 04:00:00,2714.62,2717.02,2713.99,2715.88,4614.0
2025-01-17 05:00:00,2715.74,2717.37,2714.54,2715.5,4052.0
2025-01-17 06:00:00,2715.48,2716.55,2714.23,2714.74,3236.0
2025-01-17 07:00:00,2714.78,2715.59,2711.25,2711.71,5114.0
2025-01-17 08:00:00,2711.7,2713.39,2710.59,2712.56,5536.0
2025-01-17 09:00:00,2712.56,2714.63,2708.44,2710.35,4932.0
2025-01-17 10:00:00,2710.37,2712.74,2709.33,2711.69,5298.0
2025-01-17 11:00:00,2711.69,2712.03,2703.88,2704.73,5380.0
2025-01-17 12:00:00,2704.7,2706.25,2702.82,2704.01,5045.0
2025-01-17 13:00:00,2704.0,2708.66,2703.55,2707.88,5486.0
2025-01-17 14:00:00,2707.92,2711.64,2706.81,2710.88,6454.0
2025-01-17 15:00:00,2710.89,2712.14,2704.53,2705.01,9237.0
2025-01-17 16:00:00,2704.98,2712.5,2702.7,2711.65,10217.0
2025-01-17 17:00:00,2711.8,2715.16,2710.11,2714.3,8289.0
2025-01-17 18:00:00,2714.31,2717.3,2713.61,2716.11,7006.0
2025-01-17 19:00:00,2716.12,2716.59,2710.65,2712.53,6181.0
2025-01-17 20:00:00,2712.62,2713.27,2705.41,2705.56,6645.0
2025-01-17 21:00:00,2705.57,2707.16,2702.83,2703.15,6304.0
2025-01-17 22:00:00,2703.17,2704.09,2699.85,2701.04,6426.0
2025-01-17 23:00:00,2700.96,2702.75,2699.25,2702.48,1440.0
2025-01-20 01:00:00,2702.08,2703.18,2691.19,2696.54,3225.0
2025-01-20 02:00:00,2696.48,2696.49,2692.68,2694.48,2436.0
2025-01-20 03:00:00,2694.47,2695.94,2689.25,2693.74,7871.0
2025-01-20 04:00:00,2693.91,2698.0,2693.63,2697.44,5847.0
2025-01-20 05:00:00,2697.45,2704.02,2697.45,2703.62,4719.0
2025-01-20 06:00:00,2703.61,2706.52,2702.16,2705.98,4370.0
2025-01-20 07:00:00,2705.91,2707.54,2703.67,2707.31,5539.0
2025-01-20 08:00:00,2707.37,2713.8,2706.64,2711.32,5861.0
2025-01-20 09:00:00,2711.32,2711.87,2702.84,2703.54,4764.0
2025-01-20 10:00:00,2703.64,2707.86,2702.94,2706.78,4279.0
2025-01-20 11:00:00,2706.8,2708.88,2702.95,2706.14,4845.0
2025-01-20 12:00:00,2706.13,2709.98,2705.21,2708.48,4493.0
2025-01-20 13:00:00,2708.22,2712.52,2704.75,2708.25,5398.0
2025-01-20 14:00:00,2708.32,2710.1,2705.98,2708.0,4348.0
2025-01-20 15:00:00,2708.01,2710.5,2701.87,2705.08,9482.0
2025-01-20 16:00:00,2705.67,2712.61,2704.43,2710.27,9646.0
2025-01-20 17:00:00,2710.27,2710.46,2705.22,2707.05,5627.0
2025-01-20 18:00:00,2707.01,2708.85,2703.35,2707.5,4840.0
2025-01-20 19:00:00,2707.46,2709.89,2704.25,2707.4,3414.0
2025-01-20 20:00:00,2707.4,2711.26,2705.16,2710.54,1874.0
2025-01-20 21:00:00,2710.63,2710.88,2707.46,2707.46,379.0
2025-01-21 01:00:00,2706.01,2710.95,2705.8,2710.4,2214.0
2025-01-21 02:00:00,2710.35,2711.53,2702.72,2705.27,5117.0
2025-01-21 03:00:00,2705.48,2719.23,2703.06,2717.98,8356.0
2025-01-21 04:00:00,2717.97,2725.77,2717.83,2724.65,7128.0
2025-01-21 05:00:00,2724.82,2726.86,2720.98,2724.17,6532.0
2025-01-21 06:00:00,2724.2,2727.82,2722.79,2727.29,5027.0
2025-01-21 07:00:00,2727.45,2729.15,2725.24,2725.95,6032.0
2025-01-21 08:00:00,2726.0,2729.5,2723.59,2724.07,6627.0
2025-01-21 09:00:00,2724.05,2732.75,2722.6,2729.47,6174.0
2025-01-21 10:00:00,2729.27,2729.33,2721.23,2723.13,7701.0
2025-01-21 11:00:00,2723.1,2723.98,2716.95,2720.68,8231.0
2025-01-21 12:00:00,2720.59,2723.78,2718.63,2719.59,6582.0
2025-01-21 13:00:00,2719.53,2724.34,2716.21,2723.85,6322.0
2025-01-21 14:00:00,2723.87,2727.05,2721.76,2726.55,7070.0
2025-01-21 15:00:00,2726.6,2729.98,2724.4,2726.17,8955.0
2025-01-21 16:00:00,2726.19,2738.53,2725.1,2737.83,9387.0
2025-01-21 17:00:00,2737.88,2740.37,2734.51,2738.86,9425.0
2025-01-21 18:00:00,2738.84,2745.12,2737.74,2743.09,8171.0
2025-01-21 19:00:00,2743.18,2745.95,2739.98,2740.18,6279.0
2025-01-21 20:00:00,2740.18,2746.0,2739.76,2744.44,5564.0
2025-01-21 21:00:00,2744.47,2745.35,2741.36,2742.75,5156.0
2025-01-21 22:00:00,2742.8,2743.25,2739.99,2742.67,5189.0
2025-01-21 23:00:00,2742.43,2745.67,2741.82,2744.23,1796.0
2025-01-22 01:00:00,2744.08,2745.47,2741.99,2744.23,3275.0
2025-01-22 02:00:00,2744.37,2749.19,2742.78,2748.26,3488.0
2025-01-22 03:00:00,2748.25,2750.01,2746.7,2748.14,6882.0
2025-01-22 04:00:00,2748.01,2749.67,2746.22,2748.97,6040.0
2025-01-22 05:00:00,2748.96,2751.16,2747.89,2750.28,5250.0
2025-01-22 06:00:00,2750.25,2752.96,2749.33,2752.17,4036.0
2025-01-22 07:00:00,2752.18,2758.65,2750.25,2758.09,6320.0
2025-01-22 08:00:00,2758.1,2758.26,2745.54,2746.74,9235.0
2025-01-22 09:00:00,2746.74,2753.89,2746.19,2748.46,5157.0
2025-01-22 10:00:00,2748.52,2753.89,2746.73,2753.14,6273.0
2025-01-22 11:00:00,2753.13,2762.35,2752.78,2758.36,6411.0
2025-01-22 12:00:00,2758.4,2763.44,2758.27,2760.15,5548.0
2025-01-22 13:00:00,2760.19,2760.55,2756.24,2756.39,4718.0
2025-01-22 14:00:00,2756.39,2758.65,2751.65,2758.14,5978.0
2025-01-22 15:00:00,2758.14,2761.64,2750.86,2757.61,9171.0
2025-01-22 16:00:00,2757.64,2758.19,2750.36,2753.72,9649.0
2025-01-22 17:00:00,2753.59,2760.38,2750.47,2759.32,9534.0
2025-01-22 18:00:00,2759.45,2760.34,2756.0,2758.34,7446.0
2025-01-22 19:00:00,2758.32,2758.43,2755.86,2756.45,5362.0
2025-01-22 20:00:00,2756.44,2759.34,2754.87,2757.78,5983.0
2025-01-22 21:00:00,2757.79,2757.79,2754.97,2755.27,4726.0
2025-01-22 22:00:00,2755.25,2757.13,2754.82,2756.75,4709.0
2025-01-22 23:00:00,2756.62,2757.11,2754.48,2756.02,1660.0
2025-01-23 01:00:00,2755.75,2756.31,2753.89,2755.59,1687.0
2025-01-23 02:00:00,2755.54,2755.91,2753.27,2755.31,1929.0
2025-01-23 03:00:00,2755.36,2756.22,2750.6,2752.65,5531.0
2025-01-23 04:00:00,2752.65,2754.91,2752.05,2752.64,4737.0
2025-01-23 05:00:00,2752.65,2753.1,2749.5,2750.07,4683.0
2025-01-23 06:00:00,2749.99,2753.59,2749.81,2751.71,2919.0
2025-01-23 07:00:00,2751.67,2753.49,2751.1,2751.96,5907.0
2025-01-23 08:00:00,2751.95,2755.54,2751.17,2753.33,5333.0
2025-01-23 09:00:00,2753.3,2754.65,2751.57,2752.7,4487.0
2025-01-23 10:00:00,2752.82,2754.87,2751.98,2752.76,5239.0
2025-01-23 11:00:00,2752.73,2753.83,2740.79,2745.83,7477.0
2025-01-23 12:00:00,2745.82,2752.52,2745.14,2751.35,6349.0
2025-01-23 13:00:00,2751.41,2754.45,2750.81,2751.88,6056.0
2025-01-23 14:00:00,2751.92,2753.41,2742.0,2744.7,9040.0
2025-01-23 15:00:00,2744.69,2745.81,2735.77,2741.48,10379.0
2025-01-23 16:00:00,2741.75,2747.45,2740.27,2746.02,10015.0
2025-01-23 17:00:00,2746.08,2749.54,2741.96,2746.18,8096.0
2025-01-23 18:00:00,2746.46,2757.32,2744.21,2754.04,9332.0
2025-01-23 19:00:00,2753.91,2759.02,2752.38,2757.73,7448.0
2025-01-23 20:00:00,2757.74,2758.22,2755.07,2755.76,6314.0
2025-01-23 21:00:00,2755.77,2757.98,2753.76,2754.18,6107.0
2025-01-23 22:00:00,2753.96,2754.61,2751.27,2753.57,6573.0
2025-01-23 23:00:00,2753.38,2754.86,2751.67,2754.15,1670.0
2025-01-24 01:00:00,2753.74,2755.62,2753.52,2754.68,1533.0
2025-01-24 02:00:00,2754.68,2761.08,2754.46,2759.78,3461.0
2025-01-24 03:00:00,2759.67,2762.53,2758.59,2762.28,6995.0
2025-01-24 04:00:00,2762.27,2775.34,2762.27,2774.22,8605.0
2025-01-24 05:00:00,2774.27,2777.46,2771.01,2772.43,6821.0
2025-01-24 06:00:00,2772.21,2774.99,2770.43,2772.07,5169.0
2025-01-24 07:00:00,2771.98,2776.62,2771.98,2775.21,5910.0
2025-01-24 08:00:00,2775.19,2778.3,2773.15,2773.8,6643.0
2025-01-24 09:00:00,2773.79,2775.37,2772.09,2772.7,5561.0
2025-01-24 10:00:00,2772.65,2775.33,2770.0,2774.02,5894.0
2025-01-24 11:00:00,2773.57,2777.76,2770.99,2772.78,5065.0
2025-01-24 12:00:00,2772.78,2776.13,2771.39,2775.68,5209.0
2025-01-24 13:00:00,2775.67,2780.12,2774.11,2776.67,5989.0
2025-01-24 14:00:00,2776.68,2779.08,2776.1,2778.69,5692.0
2025-01-24 15:00:00,2778.58,2784.57,2777.85,2782.33,9314.0
2025-01-24 16:00:00,2782.51,2784.29,2773.76,2778.11,10006.0
2025-01-24 17:00:00,2777.59,2786.0,2775.57,2775.81,9733.0
2025-01-24 18:00:00,2775.87,2777.76,2769.96,2772.07,8556.0
2025-01-24 19:00:00,2772.04,2776.17,2770.71,2773.34,6094.0
2025-01-24 20:00:00,2773.34,2774.12,2771.39,2773.38,5530.0
2025-01-24 21:00:00,2773.33,2775.3,2771.34,2774.64,5403.0
2025-01-24 22:00:00,2774.69,2774.82,2770.67,2770.89,5825.0
2025-01-24 23:00:00,2771.18,2772.15,2770.52,2771.65,1356.0
2025-01-27 01:00:00,2770.11,2770.75,2764.91,2767.28,3816.0
2025-01-27 02:00:00,2767.29,2770.97,2766.07,2769.49,4097.0
2025-01-27 03:00:00,2769.7,2772.56,2762.88,2762.92,7813.0
2025-01-27 04:00:00,2762.91,2763.64,2754.1,2756.12,7489.0
2025-01-27 05:00:00,2756.1,2762.71,2755.11,2761.01,6541.0
2025-01-27 06:00:00,2761.06,2761.06,2755.73,2758.13,5203.0
2025-01-27 07:00:00,2758.16,2758.18,2752.84,2753.28,6380.0
2025-01-27 08:00:00,2753.16,2754.9,2750.55,2754.4,6772.0
2025-01-27 09:00:00,2754.4,2754.87,2747.02,2749.15,6372.0
2025-01-27 10:00:00,2749.23,2759.47,2749.1,2756.89,7203.0
2025-01-27 11:00:00,2756.88,2764.63,2755.43,2763.13,6695.0
2025-01-27 12:00:00,2763.22,2770.79,2762.58,2767.74,6977.0
2025-01-27 13:00:00,2767.74,2771.69,2764.81,2770.94,7429.0
2025-01-27 14:00:00,2770.96,2771.32,2760.22,2761.02,7238.0
2025-01-27 15:00:00,2760.94,2762.12,2752.05,2757.16,9018.0
2025-01-27 16:00:00,2756.96,2757.8,2744.72,2751.04,9580.0
2025-01-27 17:00:00,2750.6,2750.83,2739.32,2741.71,9911.0
2025-01-27 18:00:00,2741.85,2743.04,2733.2,2734.23,9142.0
2025-01-27 19:00:00,2734.34,2736.68,2730.27,2733.42,7692.0
2025-01-27 20:00:00,2733.31,2737.65,2732.76,2736.79,6903.0
2025-01-27 21:00:00,2736.78,2740.39,2736.63,2739.14,6174.0
2025-01-27 22:00:00,2739.17,2742.33,2737.94,2741.35,5936.0
2025-01-27 23:00:00,2741.08,2743.74,2739.72,2740.14,1650.0
2025-01-28 01:00:00,2739.18,2745.13,2738.88,2741.41,3782.0
2025-01-28 02:00:00,2741.38,2744.27,2739.71,2740.43,3500.0
2025-01-28 03:00:00,2740.59,2745.08,2739.11,2741.29,4371.0
2025-01-28 04:00:00,2741.25,2741.43,2738.21,2739.2,6269.0
2025-01-28 05:00:00,2739.2,2741.59,2737.55,2738.68,5321.0
2025-01-28 06:00:00,2738.68,2742.36,2738.43,2742.09,4975.0
2025-01-28 07:00:00,2742.11,2744.77,2740.97,2741.51,4815.0
2025-01-28 08:00:00,2741.27,2742.75,2738.95,2739.56,4480.0
2025-01-28 09:00:00,2739.58,2742.9,2738.08,2738.39,5779.0
2025-01-28 10:00:00,2738.93,2741.57,2734.44,2740.9,6365.0
2025-01-28 11:00:00,2741.0,2745.01,2740.14,2743.16,6278.0
2025-01-28 12:00:00,2743.16,2744.99,2740.06,2742.88,5867.0
2025-01-28 13:00:00,2742.89,2744.36,2741.42,2742.58,5493.0
2025-01-28 14:00:00,2742.57,2745.43,2741.06,2745.39,5627.0
2025-01-28 15:00:00,2745.39,2749.32,2745.03,2748.49,7809.0
2025-01-28 16:00:00,2748.51,2756.06,2748.51,2752.4,8963.0
2025-01-28 17:00:00,2752.74,2757.25,2750.86,2755.42,8654.0
2025-01-28 18:00:00,2755.43,2759.63,2755.18,2758.7,7943.0
2025-01-28 19:00:00,2758.65,2759.99,2757.57,2759.71,6475.0
2025-01-28 20:00:00,2759.7,2763.51,2759.1,2762.11,6513.0
2025-01-28 21:00:00,2762.15,2765.04,2761.16,2764.91,5007.0
2025-01-28 22:00:00,2764.78,2765.08,2762.35,2764.05,6543.0
2025-01-28 23:00:00,2763.36,2763.72,2762.68,2763.2,2036.0
2025-01-29 01:00:00,2762.36,2764.28,2761.71,2762.75,1485.0
2025-01-29 02:00:00,2762.76,2764.92,2762.29,2763.93,2386.0
2025-01-29 03:00:00,2763.98,2766.22,2763.6,2763.79,4852.0
2025-01-29 04:00:00,2763.76,2765.68,2763.35,2764.19,4314.0
2025-01-29 05:00:00,2764.21,2764.52,2762.14,2762.81,5146.0
2025-01-29 06:00:00,2762.74,2764.37,2761.49,2762.47,5303.0
2025-01-29 07:00:00,2762.45,2763.1,2760.02,2760.76,4089.0
2025-01-29 08:00:00,2760.81,2762.08,2759.14,2759.14,5047.0
2025-01-29 09:00:00,2759.17,2760.62,2757.44,2759.15,5521.0
2025-01-29 10:00:00,2759.21,2765.98,2759.21,2763.95,5860.0
2025-01-29 11:00:00,2763.94,2764.22,2760.43,2762.79,6230.0
2025-01-29 12:00:00,2762.83,2763.43,2757.07,2758.2,7177.0
2025-01-29 13:00:00,2758.36,2759.76,2757.44,2758.98,5604.0
2025-01-29 14:00:00,2758.89,2759.04,2755.58,2756.62,7089.0
2025-01-29 15:00:00,2756.62,2759.56,2752.23,2758.74,8843.0
2025-01-29 16:00:00,2758.95,2761.09,2756.2,2759.33,8958.0
2025-01-29 17:00:00,2759.5,2759.74,2748.42,2754.18,9259.0
2025-01-29 18:00:00,2754.25,2756.26,2748.39,2751.5,7870.0
2025-01-29 19:00:00,2751.56,2754.37,2751.02,2752.93,5528.0
2025-01-29 20:00:00,2752.88,2753.95,2748.81,2751.12,6516.0
2025-01-29 21:00:00,2750.68,2757.84,2744.75,2755.21,9169.0
2025-01-29 22:00:00,2755.2,2759.03,2752.73,2755.0,6777.0
2025-01-29 23:00:00,2755.16,2759.39,2753.98,2758.75,2147.0
2025-01-30 01:00:00,2759.41,2760.71,2758.08,2760.28,1941.0
2025-01-30 02:00:00,2760.29,2762.56,2759.03,2762.21,3113.0
2025-01-30 03:00:00,2762.19,2762.19,2759.04,2760.14,5027.0
2025-01-30 04:00:00,2760.12,2761.82,2759.13,2760.29,4864.0
2025-01-30 05:00:00,2760.32,2762.48,2759.25,2761.76,4033.0
2025-01-30 06:00:00,2761.73,2763.41,2759.8,2760.48,4094.0
2025-01-30 07:00:00,2760.46,2761.15,2758.71,2760.51,3728.0
2025-01-30 08:00:00,2760.45,2766.44,2760.25,2765.57,4819.0
2025-01-30 09:00:00,2765.63,2769.58,2764.99,2769.15,6217.0
2025-01-30 10:00:00,2769.11,2776.71,2768.62,2776.21,6557.0
2025-01-30 11:00:00,2776.25,2776.64,2771.51,2774.35,6453.0
2025-01-30 12:00:00,2774.36,2779.25,2773.83,2778.32,6277.0
2025-01-30 13:00:00,2778.31,2779.4,2777.1,2777.67,5451.0
2025-01-30 14:00:00,2777.76,2781.21,2776.22,2780.07,5822.0
2025-01-30 15:00:00,2780.05,2786.03,2778.01,2785.66,8682.0
2025-01-30 16:00:00,2785.79,2789.08,2780.02,2787.66,10750.0
2025-01-30 17:00:00,2787.6,2796.66,2786.58,2795.35,10338.0
2025-01-30 18:00:00,2795.36,2798.35,2790.16,2790.55,9537.0
2025-01-30 19:00:00,2790.98,2795.9,2788.66,2795.57,8436.0
2025-01-30 20:00:00,2795.56,2797.05,2792.16,2795.25,7253.0
2025-01-30 21:00:00,2795.2,2795.29,2790.71,2793.35,5487.0
2025-01-30 22:00:00,2793.34,2798.22,2792.21,2795.63,7778.0
2025-01-30 23:00:00,2796.37,2798.48,2790.43,2793.38,2165.0
2025-01-31 01:00:00,2794.16,2796.96,2792.27,2796.36,3603.0
2025-01-31 02:00:00,2796.19,2799.64,2794.47,2795.68,4000.0
2025-01-31 03:00:00,2795.75,2796.65,2794.48,2796.26,5018.0
2025-01-31 04:00:00,2796.35,2798.26,2794.85,2796.25,5445.0
2025-01-31 05:00:00,2796.2,2798.19,2795.81,2796.38,6146.0
2025-01-31 06:00:00,2796.42,2796.48,2794.54,2795.91,4569.0
2025-01-31 07:00:00,2795.87,2796.51,2793.92,2795.49,5920.0
2025-01-31 08:00:00,2795.47,2796.18,2792.13,2792.91,4954.0
2025-01-31 09:00:00,2792.9,2801.2,2792.29,2798.14,6535.0
2025-01-31 10:00:00,2798.2,2799.14,2791.68,2793.34,6502.0
2025-01-31 11:00:00,2793.27,2796.47,2792.8,2793.68,6172.0
2025-01-31 12:00:00,2793.62,2795.21,2791.06,2794.24,6437.0
2025-01-31 13:00:00,2794.27,2800.7,2792.43,2800.09,6961.0
2025-01-31 14:00:00,2800.09,2807.71,2799.87,2805.7,7195.0
2025-01-31 15:00:00,2805.81,2808.59,2803.54,2806.37,8324.0
2025-01-31 16:00:00,2806.58,2812.55,2804.52,2812.38,9579.0
2025-01-31 17:00:00,2812.48,2817.1,2808.22,2809.1,9813.0
2025-01-31 18:00:00,2809.04,2810.33,2804.92,2807.22,7339.0
2025-01-31 19:00:00,2807.23,2816.22,2802.94,2808.72,10083.0
2025-01-31 20:00:00,2808.72,2809.01,2795.32,2798.88,10184.0
2025-01-31 21:00:00,2799.15,2802.99,2795.46,2796.24,7118.0
2025-01-31 22:00:00,2796.24,2802.08,2794.3,2800.85,8900.0
2025-01-31 23:00:00,2800.73,2802.67,2798.63,2800.71,2442.0
2025-02-03 01:00:00,2800.77,2804.17,2783.47,2793.04,5983.0
2025-02-03 02:00:00,2792.83,2797.01,2790.31,2792.22,5857.0
2025-02-03 03:00:00,2792.06,2792.3,2778.33,2782.25,8226.0
2025-02-03 04:00:00,2782.24,2782.74,2773.76,2778.08,9827.0
2025-02-03 05:00:00,2778.09,2778.31,2772.2,2774.39,7540.0
2025-02-03 06:00:00,2774.38,2783.1,2774.08,2780.82,7333.0
2025-02-03 07:00:00,2780.83,2785.1,2779.96,2783.12,6590.0
2025-02-03 08:00:00,2783.11,2788.06,2782.88,2786.92,6430.0
2025-02-03 09:00:00,2786.89,2789.87,2785.23,2789.32,7400.0
2025-02-03 10:00:00,2789.31,2800.48,2787.05,2796.7,8215.0
2025-02-03 11:00:00,2796.7,2800.77,2794.8,2796.29,7407.0
2025-02-03 12:00:00,2796.3,2800.13,2793.0,2798.06,6658.0
2025-02-03 13:00:00,2798.02,2804.3,2797.88,2801.2,6761.0
2025-02-03 14:00:00,2801.35,2810.91,2800.36,2810.47,6776.0
2025-02-03 15:00:00,2810.48,2811.91,2807.43,2811.0,7949.0
2025-02-03 16:00:00,2811.01,2830.4,2810.09,2830.01,10165.0
2025-02-03 17:00:00,2829.83,2830.08,2813.56,2817.55,11664.0
2025-02-03 18:00:00,2817.54,2825.25,2813.02,2814.13,9160.0
2025-02-03 19:00:00,2814.19,2822.25,2814.04,2817.25,7925.0
2025-02-03 20:00:00,2817.35,2821.65,2816.19,2821.0,7113.0
2025-02-03 21:00:00,2821.06,2822.91,2817.93,2818.29,6621.0
2025-02-03 22:00:00,2818.22,2819.57,2815.62,2816.58,6540.0
2025-02-03 23:00:00,2817.26,2817.38,2812.29,2814.48,3458.0
2025-02-04 01:00:00,2813.89,2815.09,2811.45,2814.02,1909.0
2025-02-04 02:00:00,2814.02,2817.66,2812.48,2817.33,2151.0
2025-02-04 03:00:00,2817.3,2824.14,2815.96,2823.37,6353.0
2025-02-04 04:00:00,2823.26,2824.78,2816.81,2821.12,7253.0
2025-02-04 05:00:00,2821.15,2824.48,2817.41,2821.48,5867.0
2025-02-04 06:00:00,2821.45,2821.51,2818.04,2819.2,6992.0
2025-02-04 07:00:00,2819.2,2819.49,2813.36,2815.8,8217.0
2025-02-04 08:00:00,2815.69,2816.16,2810.88,2813.63,7265.0
2025-02-04 09:00:00,2813.65,2814.31,2807.23,2812.7,7822.0
2025-02-04 10:00:00,2812.86,2819.36,2810.29,2815.14,8615.0
2025-02-04 11:00:00,2814.99,2821.89,2814.13,2820.07,7690.0
2025-02-04 12:00:00,2820.03,2820.05,2812.85,2814.94,6677.0
2025-02-04 13:00:00,2814.87,2816.91,2813.32,2815.44,6465.0
2025-02-04 14:00:00,2815.54,2823.02,2814.47,2821.79,7176.0
2025-02-04 15:00:00,2821.79,2837.09,2821.42,2831.67,9449.0
2025-02-04 16:00:00,2831.68,2841.33,2829.06,2839.0,10665.0
2025-02-04 17:00:00,2839.61,2845.48,2833.69,2835.86,10858.0
2025-02-04 18:00:00,2835.65,2842.44,2832.47,2840.47,9223.0
2025-02-04 19:00:00,2840.57,2844.63,2839.42,2843.99,7649.0
2025-02-04 20:00:00,2844.01,2844.98,2842.53,2842.64,7450.0
2025-02-04 21:00:00,2842.63,2844.24,2841.96,2843.01,6521.0
2025-02-04 22:00:00,2843.05,2844.89,2840.91,2844.14,6046.0
2025-02-04 23:00:00,2843.99,2844.57,2840.64,2841.91,1603.0
2025-02-05 01:00:00,2842.22,2842.74,2840.39,2841.23,1688.0
2025-02-05 02:00:00,2841.25,2848.3,2840.73,2845.36,3937.0
2025-02-05 03:00:00,2845.32,2849.03,2839.6,2844.48,9565.0
2025-02-05 04:00:00,2844.46,2853.84,2843.95,2850.74,6442.0
2025-02-05 05:00:00,2850.93,2854.32,2849.87,2852.41,5178.0
2025-02-05 06:00:00,2852.39,2858.05,2851.8,2855.09,4039.0
2025-02-05 07:00:00,2855.29,2860.63,2853.48,2859.35,4652.0
2025-02-05 08:00:00,2859.14,2861.89,2856.92,2859.09,5156.0
2025-02-05 09:00:00,2859.01,2864.26,2854.85,2864.2,6482.0
2025-02-05 10:00:00,2864.19,2869.78,2863.56,2867.51,6974.0
2025-02-05 11:00:00,2867.48,2872.17,2865.46,2870.33,5891.0
2025-02-05 12:00:00,2870.35,2877.17,2866.19,2867.83,6785.0
2025-02-05 13:00:00,2867.85,2870.56,2864.72,2868.48,6991.0
2025-02-05 14:00:00,2868.36,2870.77,2866.94,2870.32,6217.0
2025-02-05 15:00:00,2870.38,2870.77,2858.69,2861.64,9430.0
2025-02-05 16:00:00,2861.63,2872.58,2860.64,2871.02,9994.0
2025-02-05 17:00:00,2870.99,2882.56,2870.99,2880.19,10496.0
2025-02-05 18:00:00,2880.24,2881.28,2863.01,2874.81,9733.0
2025-02-05 19:00:00,2875.1,2876.75,2871.38,2872.97,7100.0
2025-02-05 20:00:00,2872.9,2873.56,2863.63,2865.6,7416.0
2025-02-05 21:00:00,2865.6,2868.98,2862.66,2863.49,7468.0
2025-02-05 22:00:00,2863.51,2866.16,2859.94,2862.67,7748.0
2025-02-05 23:00:00,2862.15,2867.14,2861.17,2867.11,1671.0
2025-02-06 01:00:00,2866.15,2870.99,2865.09,2869.24,2453.0
2025-02-06 02:00:00,2869.26,2870.0,2867.39,2869.8,2505.0
2025-02-06 03:00:00,2869.8,2871.93,2863.71,2871.64,7981.0
2025-02-06 04:00:00,2871.83,2873.26,2868.25,2870.72,7220.0
2025-02-06 05:00:00,2870.72,2870.75,2864.37,2869.36,6209.0
2025-02-06 06:00:00,2869.53,2872.34,2868.33,2868.48,4327.0
2025-02-06 07:00:00,2868.51,2870.0,2865.43,2868.37,5925.0
2025-02-06 08:00:00,2868.36,2871.41,2857.71,2859.08,7800.0
2025-02-06 09:00:00,2859.07,2861.73,2855.01,2855.87,7215.0
2025-02-06 10:00:00,2855.76,2858.53,2848.93,2856.05,7675.0
2025-02-06 11:00:00,2856.07,2860.03,2855.71,2859.42,6719.0
2025-02-06 12:00:00,2859.43,2861.82,2855.71,2859.11,6305.0
2025-02-06 13:00:00,2859.11,2867.3,2858.28,2866.05,6455.0
2025-02-06 14:00:00,2866.05,2870.16,2863.56,2864.38,6955.0
2025-02-06 15:00:00,2864.37,2864.96,2855.47,2856.7,9719.0
2025-02-06 16:00:00,2856.67,2859.79,2841.01,2841.75,10552.0
2025-02-06 17:00:00,2841.41,2853.3,2834.01,2850.54,10817.0
2025-02-06 18:00:00,2850.52,2854.67,2848.81,2848.83,8597.0
2025-02-06 19:00:00,2848.82,2852.63,2848.07,2852.16,6946.0
2025-02-06 20:00:00,2852.23,2853.57,2849.83,2852.5,6741.0
2025-02-06 21:00:00,2852.51,2854.17,2850.33,2853.75,6072.0
2025-02-06 22:00:00,2853.73,2857.25,2853.58,2856.34,8054.0
2025-02-06 23:00:00,2856.33,2857.23,2854.84,2856.12,1981.0
2025-02-07 01:00:00,2855.07,2858.89,2855.07,2858.06,2165.0
2025-02-07 02:00:00,2858.07,2860.47,2857.94,2858.42,2561.0
2025-02-07 03:00:00,2858.4,2868.25,2857.74,2866.28,7205.0
2025-02-07 04:00:00,2866.29,2869.31,2865.5,2868.76,5611.0
2025-02-07 05:00:00,2868.77,2870.65,2866.02,2867.21,5382.0
2025-02-07 06:00:00,2867.19,2869.52,2866.16,2866.41,3636.0
2025-02-07 07:00:00,2866.42,2867.04,2862.03,2862.08,5042.0
2025-02-07 08:00:00,2861.96,2866.15,2859.01,2860.68,7299.0
2025-02-07 09:00:00,2860.67,2865.74,2860.06,2864.22,5657.0
2025-02-07 10:00:00,2864.25,2866.68,2863.31,2866.25,5170.0
2025-02-07 11:00:00,2866.15,2870.73,2865.53,2868.97,6350.0
2025-02-07 12:00:00,2868.96,2869.25,2863.47,2867.54,6235.0
2025-02-07 13:00:00,2867.53,2868.19,2864.95,2867.64,5485.0
2025-02-07 14:00:00,2867.75,2868.11,2863.44,2863.6,5973.0
2025-02-07 15:00:00,2863.61,2871.11,2852.24,2862.38,10183.0
2025-02-07 16:00:00,2862.42,2878.33,2856.13,2876.11,10737.0
2025-02-07 17:00:00,2876.09,2886.64,2873.3,2880.17,9789.0
2025-02-07 18:00:00,2880.5,2881.57,2860.37,2860.69,9667.0
2025-02-07 19:00:00,2860.67,2862.65,2853.29,2860.17,8062.0
2025-02-07 20:00:00,2860.12,2865.16,2859.78,2861.26,5316.0
2025-02-07 21:00:00,2861.46,2863.32,2858.95,2860.15,4492.0
2025-02-07 22:00:00,2860.08,2863.78,2859.36,2860.56,6489.0
2025-02-07 23:00:00,2860.65,2863.23,2860.46,2861.86,1910.0
2025-02-10 01:00:00,2857.98,2870.48,2856.48,2867.64,4432.0
2025-02-10 02:00:00,2867.44,2869.17,2865.91,2868.03,3883.0
2025-02-10 03:00:00,2868.01,2876.55,2866.04,2871.91,8129.0
2025-02-10 04:00:00,2871.93,2875.02,2871.26,2873.82,6133.0
2025-02-10 05:00:00,2873.81,2875.7,2871.3,2875.54,4400.0
2025-02-10 06:00:00,2875.65,2879.67,2874.31,2879.19,4373.0
2025-02-10 07:00:00,2879.29,2880.13,2875.9,2879.3,5669.0
2025-02-10 08:00:00,2879.29,2892.24,2878.91,2888.23,8175.0
2025-02-10 09:00:00,2888.51,2896.57,2886.59,2895.46,7351.0
2025-02-10 10:00:00,2895.45,2898.89,2892.27,2896.66,7415.0
2025-02-10 11:00:00,2896.67,2903.27,2896.17,2902.96,6862.0
2025-02-10 12:00:00,2903.07,2906.3,2898.21,2902.33,8057.0
2025-02-10 13:00:00,2902.42,2905.71,2898.3,2904.46,6895.0
2025-02-10 14:00:00,2904.53,2906.99,2902.67,2902.83,7399.0
2025-02-10 15:00:00,2903.0,2911.03,2899.69,2901.04,11054.0
2025-02-10 16:00:00,2900.95,2909.25,2896.41,2908.71,9710.0
2025-02-10 17:00:00,2908.72,2911.55,2904.53,2908.96,8751.0
2025-02-10 18:00:00,2908.96,2910.31,2899.35,2900.98,7469.0
2025-02-10 19:00:00,2901.07,2904.57,2896.58,2903.24,7539.0
2025-02-10 20:00:00,2903.25,2907.01,2900.91,2905.09,7127.0
2025-02-10 21:00:00,2905.07,2906.7,2902.52,2904.33,6842.0
2025-02-10 22:00:00,2904.32,2907.74,2902.89,2907.42,8343.0
2025-02-10 23:00:00,2907.11,2908.58,2905.2,2907.95,1979.0
2025-02-11 01:00:00,2907.19,2921.59,2906.89,2917.83,4345.0
2025-02-11 02:00:00,2917.83,2925.02,2916.44,2922.6,4643.0
2025-02-11 03:00:00,2922.61,2936.12,2919.63,2933.96,10475.0
2025-02-11 04:00:00,2933.97,2942.6,2904.57,2918.8,12358.0
2025-02-11 05:00:00,2918.88,2925.72,2911.32,2919.4,10049.0
2025-02-11 06:00:00,2919.57,2920.68,2914.64,2916.17,6144.0
2025-02-11 07:00:00,2916.12,2923.69,2915.3,2922.7,6825.0
2025-02-11 08:00:00,2922.53,2929.27,2915.34,2917.86,8936.0
2025-02-11 09:00:00,2917.91,2918.29,2907.26,2913.43,8676.0
2025-02-11 10:00:00,2913.16,2915.38,2906.94,2907.4,7837.0
2025-02-11 11:00:00,2907.44,2912.22,2902.91,2903.16,8465.0
2025-02-11 12:00:00,2903.28,2907.14,2901.84,2902.63,8608.0
2025-02-11 13:00:00,2902.55,2906.5,2902.12,2903.78,7809.0
2025-02-11 14:00:00,2903.74,2904.18,2886.68,2889.19,10224.0
2025-02-11 15:00:00,2888.82,2897.9,2881.66,2896.15,12459.0
2025-02-11 16:00:00,2896.24,2904.08,2894.69,2896.44,10914.0
2025-02-11 17:00:00,2896.27,2906.33,2890.7,2904.51,9776.0
2025-02-11 18:00:00,2904.68,2908.41,2902.12,2902.14,8368.0
2025-02-11 19:00:00,2902.17,2907.08,2899.39,2905.41,8317.0
2025-02-11 20:00:00,2905.4,2906.93,2903.09,2905.63,7671.0
2025-02-11 21:00:00,2905.66,2906.26,2899.42,2899.77,7329.0
2025-02-11 22:00:00,2899.77,2900.14,2893.82,2897.34,8938.0
2025-02-11 23:00:00,2897.75,2899.53,2897.1,2897.53,1633.0
2025-02-12 01:00:00,2896.46,2900.72,2896.03,2898.5,1889.0
2025-02-12 02:00:00,2898.51,2898.69,2889.26,2892.19,4203.0
2025-02-12 03:00:00,2892.23,2897.7,2883.65,2893.21,9324.0
2025-02-12 04:00:00,2893.25,2897.48,2891.67,2892.42,7644.0
2025-02-12 05:00:00,2892.23,2893.02,2886.45,2888.95,7151.0
2025-02-12 06:00:00,2888.95,2890.42,2883.94,2885.09,5474.0
2025-02-12 07:00:00,2885.08,2887.96,2883.59,2886.07,6908.0
2025-02-12 08:00:00,2885.96,2894.53,2885.26,2892.13,7628.0
2025-02-12 09:00:00,2892.16,2895.61,2890.6,2892.61,6785.0
2025-02-12 10:00:00,2892.73,2893.95,2887.91,2891.47,6662.0
2025-02-12 11:00:00,2891.42,2893.23,2886.28,2886.57,6692.0
2025-02-12 12:00:00,2886.56,2889.72,2879.17,2882.48,6672.0
2025-02-12 13:00:00,2882.47,2885.77,2879.15,2879.4,5918.0
2025-02-12 14:00:00,2879.43,2885.68,2878.66,2884.78,7072.0
2025-02-12 15:00:00,2884.8,2885.49,2863.63,2884.56,10898.0
2025-02-12 16:00:00,2884.76,2897.81,2881.76,2894.16,10391.0
2025-02-12 17:00:00,2894.12,2895.64,2886.72,2894.33,8584.0
2025-02-12 18:00:00,2894.35,2904.23,2891.89,2902.42,8437.0
2025-02-12 19:00:00,2902.37,2909.01,2901.63,2902.66,6931.0
2025-02-12 20:00:00,2902.67,2903.52,2900.3,2900.9,6098.0
2025-02-12 21:00:00,2900.87,2901.64,2893.36,2897.75,5600.0
2025-02-12 22:00:00,2897.74,2901.29,2895.41,2900.8,5967.0
2025-02-12 23:00:00,2900.2,2904.14,2899.78,2903.92,3615.0
2025-02-13 01:00:00,2903.96,2906.34,2900.32,2905.67,2216.0
2025-02-13 02:00:00,2905.7,2908.94,2904.42,2906.19,3694.0
2025-02-13 03:00:00,2906.1,2907.3,2901.36,2905.98,6508.0
2025-02-13 04:00:00,2905.95,2908.87,2905.19,2908.64,5846.0
2025-02-13 05:00:00,2908.64,2917.94,2907.18,2916.49,5910.0
2025-02-13 06:00:00,2916.51,2919.08,2916.06,2918.42,4000.0
2025-02-13 07:00:00,2918.5,2922.72,2916.53,2917.89,5097.0
2025-02-13 08:00:00,2917.88,2918.81,2912.34,2915.56,7488.0
2025-02-13 09:00:00,2915.56,2920.25,2912.87,2914.27,5814.0
2025-02-13 10:00:00,2914.36,2917.94,2909.26,2911.43,7262.0
2025-02-13 11:00:00,2911.55,2918.05,2909.64,2915.16,5973.0
2025-02-13 12:00:00,2915.16,2919.25,2913.63,2917.79,4711.0
2025-02-13 13:00:00,2917.8,2918.19,2915.26,2917.63,5498.0
2025-02-13 14:00:00,2917.65,2921.16,2915.45,2917.45,6032.0
2025-02-13 15:00:00,2917.45,2917.66,2905.7,2908.35,9656.0
2025-02-13 16:00:00,2908.36,2917.09,2906.28,2914.94,9977.0
2025-02-13 17:00:00,2914.95,2920.76,2914.36,2920.03,8364.0
2025-02-13 18:00:00,2919.98,2920.62,2912.71,2913.51,7138.0
2025-02-13 19:00:00,2913.55,2919.05,2913.18,2918.87,6649.0
2025-02-13 20:00:00,2918.85,2925.16,2913.98,2923.92,7392.0
2025-02-13 21:00:00,2923.92,2927.31,2923.54,2926.81,5458.0
2025-02-13 22:00:00,2926.83,2928.94,2924.85,2928.45,6785.0
2025-02-13 23:00:00,2928.54,2929.5,2927.88,2928.45,2273.0
2025-02-14 01:00:00,2926.53,2932.49,2926.53,2931.28,2482.0
2025-02-14 02:00:00,2931.26,2931.56,2927.49,2927.91,3452.0
2025-02-14 03:00:00,2927.9,2933.91,2927.9,2929.89,7661.0
2025-02-14 04:00:00,2929.91,2930.48,2926.0,2927.25,7992.0
2025-02-14 05:00:00,2927.2,2930.39,2923.05,2924.27,5546.0
2025-02-14 06:00:00,2924.22,2929.34,2923.64,2928.58,4484.0
2025-02-14 07:00:00,2928.61,2932.44,2926.74,2931.01,6853.0
2025-02-14 08:00:00,2930.76,2936.84,2929.88,2934.4,8903.0
2025-02-14 09:00:00,2933.97,2935.15,2930.51,2931.86,6456.0
2025-02-14 10:00:00,2931.85,2938.48,2930.78,2935.11,6758.0
2025-02-14 11:00:00,2935.11,2938.73,2934.09,2935.15,6676.0
2025-02-14 12:00:00,2935.14,2940.05,2934.26,2935.82,7250.0
2025-02-14 13:00:00,2935.85,2937.69,2929.31,2931.14,5897.0
2025-02-14 14:00:00,2931.16,2933.05,2927.83,2930.77,6898.0
2025-02-14 15:00:00,2930.75,2933.37,2917.46,2920.5,10757.0
2025-02-14 16:00:00,2920.66,2928.58,2914.36,2921.05,11060.0
2025-02-14 17:00:00,2920.94,2921.73,2892.8,2901.77,11820.0
2025-02-14 18:00:00,2901.58,2903.67,2888.21,2895.56,10652.0
2025-02-14 19:00:00,2895.6,2897.11,2885.19,2886.81,9885.0
2025-02-14 20:00:00,2886.78,2887.76,2881.91,2883.56,8894.0
2025-02-14 21:00:00,2883.6,2885.64,2878.5,2880.3,7054.0
2025-02-14 22:00:00,2880.25,2886.1,2876.82,2885.4,9682.0
2025-02-14 23:00:00,2885.2,2885.4,2882.15,2882.82,1687.0
2025-02-17 01:00:00,2883.32,2893.76,2877.88,2879.0,5786.0
2025-02-17 02:00:00,2879.06,2888.1,2879.06,2883.38,3239.0
2025-02-17 03:00:00,2883.38,2896.19,2881.97,2895.08,7917.0
2025-02-17 04:00:00,2895.07,2899.62,2893.62,2899.03,5800.0
2025-02-17 05:00:00,2899.0,2904.19,2897.47,2903.06,4858.0
2025-02-17 06:00:00,2903.04,2904.69,2898.28,2898.93,4247.0
2025-02-17 07:00:00,2898.92,2905.06,2895.65,2895.76,5498.0
2025-02-17 08:00:00,2895.77,2897.56,2887.95,2896.17,6416.0
2025-02-17 09:00:00,2896.24,2903.39,2896.17,2902.23,6924.0
2025-02-17 10:00:00,2902.25,2902.43,2894.96,2899.94,6648.0
2025-02-17 11:00:00,2899.98,2906.22,2899.98,2902.63,6395.0
2025-02-17 12:00:00,2902.38,2902.79,2895.3,2902.69,6233.0
2025-02-17 13:00:00,2902.69,2903.68,2897.65,2900.8,5670.0
2025-02-17 14:00:00,2900.95,2901.5,2895.2,2897.33,5114.0
2025-02-17 15:00:00,2897.32,2898.92,2895.3,2896.51,8393.0
2025-02-17 16:00:00,2896.52,2903.73,2896.23,2902.86,8186.0
2025-02-17 17:00:00,2902.76,2903.98,2897.77,2899.05,7749.0
2025-02-17 18:00:00,2899.0,2900.99,2896.24,2898.97,4760.0
2025-02-17 19:00:00,2898.96,2899.46,2897.59,2898.27,3298.0
2025-02-17 20:00:00,2898.23,2898.92,2896.85,2898.14,2739.0
2025-02-17 21:00:00,2898.14,2899.25,2896.66,2899.1,1182.0
2025-02-18 01:00:00,2900.0,2900.0,2896.85,2899.2,873.0
2025-02-18 02:00:00,2899.09,2900.2,2898.21,2899.18,1654.0
2025-02-18 03:00:00,2899.16,2899.78,2891.75,2895.48,5283.0
2025-02-18 04:00:00,2895.48,2904.91,2895.14,2902.67,5729.0
2025-02-18 05:00:00,2902.69,2910.64,2902.42,2908.69,5679.0
2025-02-18 06:00:00,2908.63,2910.81,2907.04,2910.56,2673.0
2025-02-18 07:00:00,2910.46,2915.35,2909.45,2910.42,5159.0
2025-02-18 08:00:00,2910.43,2914.11,2909.69,2913.49,4166.0
2025-02-18 09:00:00,2913.5,2915.23,2908.35,2911.51,4377.0
2025-02-18 10:00:00,2911.49,2913.27,2908.19,2912.36,4503.0
2025-02-18 11:00:00,2912.33,2913.41,2910.02,2912.6,3656.0
2025-02-18 12:00:00,2912.6,2913.39,2906.96,2911.22,4870.0
2025-02-18 13:00:00,2911.24,2914.85,2909.57,2914.17,4189.0
2025-02-18 14:00:00,2914.17,2918.86,2912.14,2918.13,5287.0
2025-02-18 15:00:00,2918.14,2921.22,2913.27,2918.85,8116.0
2025-02-18 16:00:00,2918.8,2928.69,2917.65,2927.98,8245.0
2025-02-18 17:00:00,2927.85,2929.5,2923.61,2927.03,8084.0
2025-02-18 18:00:00,2926.9,2933.69,2924.16,2932.86,7681.0
2025-02-18 19:00:00,2932.89,2933.55,2929.6,2931.12,6597.0
2025-02-18 20:00:00,2931.13,2933.72,2928.26,2933.22,5719.0
2025-02-18 21:00:00,2933.21,2937.0,2931.94,2935.89,5757.0
2025-02-18 22:00:00,2935.84,2936.8,2932.41,2933.39,6170.0
2025-02-18 23:00:00,2933.86,2936.53,2933.04,2935.09,1444.0
2025-02-19 01:00:00,2933.83,2935.45,2932.98,2934.07,1046.0
2025-02-19 02:00:00,2934.06,2934.38,2928.51,2929.17,1968.0
2025-02-19 03:00:00,2928.79,2939.54,2927.59,2938.29,6536.0
2025-02-19 04:00:00,2938.29,2939.55,2924.07,2929.16,6977.0
2025-02-19 05:00:00,2929.21,2930.49,2924.77,2928.89,6352.0
2025-02-19 06:00:00,2928.89,2929.5,2926.47,2929.21,4372.0
2025-02-19 07:00:00,2929.17,2934.33,2928.08,2932.79,5024.0
2025-02-19 08:00:00,2932.73,2935.81,2930.63,2931.62,5665.0
2025-02-19 09:00:00,2931.55,2935.81,2930.24,2934.24,5328.0
2025-02-19 10:00:00,2934.14,2940.07,2933.8,2938.54,6802.0
2025-02-19 11:00:00,2938.55,2946.61,2938.15,2945.45,5978.0
2025-02-19 12:00:00,2945.54,2947.08,2942.68,2944.75,5574.0
2025-02-19 13:00:00,2944.74,2945.99,2933.84,2934.89,6005.0
2025-02-19 14:00:00,2934.94,2936.68,2931.11,2933.52,6877.0
2025-02-19 15:00:00,2933.73,2941.64,2932.52,2936.3,8817.0
2025-02-19 16:00:00,2936.27,2940.62,2930.29,2938.1,10090.0
2025-02-19 17:00:00,2938.08,2939.26,2925.53,2925.76,8523.0
2025-02-19 18:00:00,2925.55,2930.87,2922.93,2928.16,9138.0
2025-02-19 19:00:00,2928.15,2929.77,2921.53,2923.78,7698.0
2025-02-19 20:00:00,2923.77,2926.64,2918.64,2924.87,8845.0
2025-02-19 21:00:00,2923.65,2932.34,2923.5,2931.85,7156.0
2025-02-19 22:00:00,2931.82,2936.64,2931.35,2935.91,8662.0
2025-02-19 23:00:00,2935.98,2937.54,2932.36,2933.0,2765.0
2025-02-20 01:00:00,2932.35,2936.23,2932.33,2935.37,1121.0
2025-02-20 02:00:00,2935.35,2941.3,2935.33,2941.0,3096.0
2025-02-20 03:00:00,2940.87,2942.46,2934.63,2937.22,8645.0
2025-02-20 04:00:00,2937.22,2941.64,2933.9,2940.91,6876.0
2025-02-20 05:00:00,2940.92,2944.08,2940.58,2941.94,4784.0
2025-02-20 06:00:00,2941.96,2942.63,2939.29,2939.99,3700.0
2025-02-20 07:00:00,2940.0,2946.86,2939.43,2946.82,4806.0
2025-02-20 08:00:00,2946.84,2949.03,2943.99,2947.77,6466.0
2025-02-20 09:00:00,2947.77,2954.18,2946.35,2948.95,5772.0
2025-02-20 10:00:00,2948.93,2954.84,2948.93,2954.64,5775.0
2025-02-20 11:00:00,2954.62,2954.94,2949.97,2951.53,5329.0
2025-02-20 12:00:00,2951.48,2954.86,2949.07,2952.38,6634.0
2025-02-20 13:00:00,2952.37,2952.91,2947.22,2948.75,4799.0
2025-02-20 14:00:00,2948.74,2950.79,2938.99,2945.36,7410.0
2025-02-20 15:00:00,2945.45,2947.54,2933.82,2933.99,9806.0
2025-02-20 16:00:00,2933.95,2939.9,2924.16,2935.13,10683.0
2025-02-20 17:00:00,2935.01,2939.54,2931.53,2938.52,8762.0
2025-02-20 18:00:00,2938.53,2945.66,2935.98,2943.07,7546.0
2025-02-20 19:00:00,2943.09,2946.95,2940.12,2940.52,6966.0
2025-02-20 20:00:00,2940.34,2942.5,2937.55,2941.72,7314.0
2025-02-20 21:00:00,2941.84,2941.84,2933.63,2937.87,6827.0
2025-02-20 22:00:00,2937.88,2938.8,2935.59,2937.88,6623.0
2025-02-20 23:00:00,2938.48,2940.33,2937.56,2939.43,2488.0
2025-02-21 01:00:00,2938.61,2943.39,2937.36,2941.42,1476.0
2025-02-21 02:00:00,2941.49,2942.8,2937.1,2940.11,2289.0
2025-02-21 03:00:00,2939.78,2949.69,2926.81,2928.8,8764.0
2025-02-21 04:00:00,2928.75,2940.95,2926.29,2939.13,7796.0
2025-02-21 05:00:00,2939.14,2939.75,2927.06,2931.29,7540.0
2025-02-21 06:00:00,2931.27,2932.34,2926.62,2928.47,5421.0
2025-02-21 07:00:00,2928.42,2933.98,2924.31,2930.23,6742.0
2025-02-21 08:00:00,2930.23,2931.52,2925.82,2929.75,6509.0
2025-02-21 09:00:00,2929.8,2933.04,2929.09,2930.11,3887.0
2025-02-21 10:00:00,2930.04,2931.32,2916.67,2923.28,6927.0
2025-02-21 11:00:00,2923.17,2929.6,2923.05,2929.35,5203.0
2025-02-21 12:00:00,2929.3,2931.0,2928.88,2930.48,3842.0
2025-02-21 13:00:00,2930.5,2936.07,2928.01,2928.35,5361.0
2025-02-21 14:00:00,2928.38,2935.25,2927.56,2930.08,6334.0
2025-02-21 15:00:00,2929.99,2934.59,2926.9,2930.91,8243.0
2025-02-21 16:00:00,2930.9,2938.97,2928.18,2933.62,8824.0
2025-02-21 17:00:00,2933.26,2935.69,2921.71,2928.77,10047.0
2025-02-21 18:00:00,2928.65,2938.38,2927.33,2936.76,7335.0
2025-02-21 19:00:00,2936.73,2941.57,2936.17,2939.82,6280.0
2025-02-21 20:00:00,2939.75,2942.7,2937.72,2941.89,6529.0
2025-02-21 21:00:00,2941.94,2942.56,2932.89,2933.39,5909.0
2025-02-21 22:00:00,2933.32,2937.23,2932.43,2934.82,6972.0
2025-02-21 23:00:00,2934.85,2938.22,2932.06,2936.16,1710.0
2025-02-24 01:00:00,2934.81,2940.61,2934.17,2937.0,4284.0
2025-02-24 02:00:00,2937.02,2938.06,2929.55,2930.13,4105.0
2025-02-24 03:00:00,2930.21,2931.51,2921.33,2928.16,7711.0
2025-02-24 04:00:00,2928.03,2940.93,2925.04,2940.93,5858.0
2025-02-24 05:00:00,2940.87,2944.85,2939.76,2941.05,7234.0
2025-02-24 06:00:00,2941.04,2943.07,2937.48,2940.64,5462.0
2025-02-24 07:00:00,2940.96,2941.97,2935.56,2936.37,5680.0
2025-02-24 08:00:00,2936.34,2942.07,2935.34,2938.64,4962.0
2025-02-24 09:00:00,2938.63,2944.95,2938.29,2943.83,4397.0
2025-02-24 10:00:00,2943.94,2948.75,2938.18,2946.41,6026.0
2025-02-24 11:00:00,2946.42,2948.29,2942.9,2944.23,5496.0
2025-02-24 12:00:00,2944.22,2944.71,2934.49,2938.38,4926.0
2025-02-24 13:00:00,2938.37,2948.23,2937.7,2947.75,5413.0
2025-02-24 14:00:00,2947.73,2951.07,2945.44,2946.51,5365.0
2025-02-24 15:00:00,2946.5,2954.6,2946.22,2954.4,7774.0
2025-02-24 16:00:00,2954.41,2956.49,2934.79,2938.92,9854.0
2025-02-24 17:00:00,2938.87,2940.53,2930.72,2936.53,10030.0
2025-02-24 18:00:00,2936.5,2943.65,2936.49,2943.36,7513.0
2025-02-24 19:00:00,2943.42,2944.71,2941.01,2943.36,6930.0
2025-02-24 20:00:00,2943.23,2947.99,2942.81,2947.45,6016.0
2025-02-24 21:00:00,2947.45,2949.94,2946.93,2949.27,5529.0
2025-02-24 22:00:00,2949.21,2951.52,2947.08,2950.69,5162.0
2025-02-24 23:00:00,2951.48,2953.09,2950.42,2952.0,1799.0
2025-02-25 01:00:00,2951.83,2953.94,2948.3,2950.0,3190.0
2025-02-25 02:00:00,2950.13,2952.64,2948.28,2949.7,2515.0
2025-02-25 03:00:00,2949.69,2952.5,2945.31,2949.59,7984.0
2025-02-25 04:00:00,2949.61,2952.49,2947.06,2948.6,6089.0
2025-02-25 05:00:00,2948.62,2949.54,2937.59,2939.64,8867.0
2025-02-25 06:00:00,2939.6,2939.91,2935.03,2936.84,4632.0
2025-02-25 07:00:00,2936.84,2941.02,2936.58,2938.08,6131.0
2025-02-25 08:00:00,2938.04,2938.41,2933.51,2935.81,5999.0
2025-02-25 09:00:00,2935.88,2940.39,2930.46,2931.59,6624.0
2025-02-25 10:00:00,2931.71,2942.41,2929.5,2941.56,6426.0
2025-02-25 11:00:00,2941.4,2942.37,2937.45,2938.96,5317.0
2025-02-25 12:00:00,2938.98,2941.48,2937.4,2937.57,5356.0
2025-02-25 13:00:00,2937.56,2940.52,2937.14,2938.61,4983.0
2025-02-25 14:00:00,2938.62,2941.32,2923.87,2928.39,8640.0
2025-02-25 15:00:00,2928.51,2937.77,2926.04,2937.24,9876.0
2025-02-25 16:00:00,2937.13,2944.93,2932.19,2932.8,9455.0
2025-02-25 17:00:00,2932.86,2934.91,2900.32,2905.52,11985.0
2025-02-25 18:00:00,2905.61,2906.68,2888.09,2896.18,10344.0
2025-02-25 19:00:00,2896.14,2908.64,2893.47,2907.3,8337.0
2025-02-25 20:00:00,2907.39,2912.05,2905.27,2909.44,7478.0
2025-02-25 21:00:00,2909.38,2913.79,2905.69,2911.98,5844.0
2025-02-25 22:00:00,2911.97,2913.24,2910.76,2912.67,6096.0
2025-02-25 23:00:00,2913.52,2917.23,2913.08,2914.37,3376.0
2025-02-26 01:00:00,2914.26,2918.83,2912.65,2918.51,2754.0
2025-02-26 02:00:00,2918.5,2925.82,2918.5,2923.39,4110.0
2025-02-26 03:00:00,2923.35,2929.91,2915.06,2917.56,7747.0
2025-02-26 04:00:00,2917.57,2922.97,2914.69,2920.86,6283.0
2025-02-26 05:00:00,2920.93,2921.55,2916.35,2917.09,3109.0
2025-02-26 06:00:00,2916.99,2918.76,2912.48,2914.84,3146.0
2025-02-26 07:00:00,2914.82,2920.9,2914.66,2915.22,4835.0
2025-02-26 08:00:00,2915.21,2916.04,2906.54,2906.55,5264.0
2025-02-26 09:00:00,2906.41,2917.24,2905.66,2915.34,5937.0
2025-02-26 10:00:00,2915.17,2918.25,2909.32,2917.7,6097.0
2025-02-26 11:00:00,2917.78,2918.79,2912.13,2913.13,5390.0
2025-02-26 12:00:00,2913.12,2916.7,2910.9,2912.54,5478.0
2025-02-26 13:00:00,2912.53,2915.21,2911.87,2913.51,3892.0
2025-02-26 14:00:00,2913.68,2915.23,2909.86,2913.71,5060.0
2025-02-26 15:00:00,2913.7,2914.9,2905.29,2905.76,7859.0
2025-02-26 16:00:00,2905.74,2906.03,2890.49,2900.92,10375.0
2025-02-26 17:00:00,2900.96,2914.35,2898.34,2913.29,8782.0
2025-02-26 18:00:00,2913.7,2916.63,2909.98,2913.04,7439.0
2025-02-26 19:00:00,2913.08,2916.27,2910.35,2913.74,6817.0
2025-02-26 20:00:00,2913.6,2916.21,2912.37,2914.92,5723.0
2025-02-26 21:00:00,2914.94,2916.39,2913.41,2913.91,3902.0
2025-02-26 22:00:00,2913.9,2916.78,2912.08,2916.46,4766.0
2025-02-26 23:00:00,2916.8,2918.86,2915.81,2915.81,2511.0
2025-02-27 01:00:00,2915.5,2920.81,2915.5,2919.15,1636.0
2025-02-27 02:00:00,2919.15,2919.16,2915.94,2917.11,2170.0
2025-02-27 03:00:00,2917.11,2918.3,2911.14,2912.69,7474.0
2025-02-27 04:00:00,2912.68,2914.81,2904.39,2906.8,6467.0
2025-02-27 05:00:00,2906.83,2909.08,2905.27,2905.74,5418.0
2025-02-27 06:00:00,2905.76,2906.61,2896.3,2897.41,5711.0
2025-02-27 07:00:00,2897.44,2898.46,2888.67,2891.02,9363.0
2025-02-27 08:00:00,2891.07,2898.44,2890.71,2894.18,8340.0
2025-02-27 09:00:00,2894.19,2896.53,2887.76,2891.73,7224.0
2025-02-27 10:00:00,2891.66,2892.01,2880.48,2881.24,7981.0
2025-02-27 11:00:00,2881.12,2893.24,2876.85,2887.2,6875.0
2025-02-27 12:00:00,2887.14,2894.7,2886.6,2892.01,5537.0
2025-02-27 13:00:00,2891.99,2894.69,2883.29,2883.77,6647.0
2025-02-27 14:00:00,2883.78,2888.53,2882.94,2884.85,6806.0
2025-02-27 15:00:00,2884.8,2892.01,2880.93,2888.77,9515.0
2025-02-27 16:00:00,2888.73,2892.13,2867.66,2872.03,10353.0
2025-02-27 17:00:00,2872.18,2882.3,2870.08,2872.09,10064.0
2025-02-27 18:00:00,2872.23,2877.97,2871.62,2877.13,7969.0
2025-02-27 19:00:00,2877.32,2883.58,2875.99,2882.99,7426.0
2025-02-27 20:00:00,2883.04,2887.27,2882.68,2887.27,5883.0
2025-02-27 21:00:00,2887.3,2887.57,2877.07,2878.98,6317.0
2025-02-27 22:00:00,2879.05,2879.11,2872.63,2873.88,7837.0
2025-02-27 23:00:00,2873.55,2877.74,2871.16,2876.78,2411.0
2025-02-28 01:00:00,2877.62,2878.24,2874.26,2875.89,1813.0
2025-02-28 02:00:00,2875.89,2880.11,2874.85,2876.91,4011.0
2025-02-28 03:00:00,2876.89,2884.86,2873.7,2874.64,9409.0
2025-02-28 04:00:00,2874.63,2877.76,2870.23,2873.16,8398.0
2025-02-28 05:00:00,2873.19,2876.08,2863.55,2865.57,7723.0
2025-02-28 06:00:00,2865.57,2865.88,2856.82,2863.35,7916.0
2025-02-28 07:00:00,2863.33,2866.83,2861.72,2863.82,7370.0
2025-02-28 08:00:00,2863.98,2866.5,2861.79,2863.52,8164.0
2025-02-28 09:00:00,2863.45,2864.99,2857.05,2858.47,6574.0
2025-02-28 10:00:00,2858.51,2860.11,2850.89,2855.84,6969.0
2025-02-28 11:00:00,2855.75,2864.07,2855.59,2862.24,6827.0
2025-02-28 12:00:00,2862.23,2864.76,2860.53,2862.62,5107.0
2025-02-28 13:00:00,2862.61,2863.51,2858.93,2862.02,5406.0
2025-02-28 14:00:00,2862.01,2864.8,2854.19,2856.09,6716.0
2025-02-28 15:00:00,2856.1,2862.15,2848.12,2848.43,9491.0
2025-02-28 16:00:00,2848.48,2851.49,2833.2,2833.64,10941.0
2025-02-28 17:00:00,2833.49,2850.43,2832.51,2849.98,10819.0
2025-02-28 18:00:00,2850.04,2853.79,2846.22,2848.52,8256.0
2025-02-28 19:00:00,2848.49,2851.28,2844.34,2844.9,6725.0
2025-02-28 20:00:00,2844.87,2847.53,2837.88,2845.11,7625.0
2025-02-28 21:00:00,2845.21,2850.75,2844.02,2849.44,6129.0
2025-02-28 22:00:00,2849.38,2855.01,2847.61,2854.56,7078.0
2025-02-28 23:00:00,2854.28,2859.07,2853.11,2858.97,1968.0
2025-03-03 01:00:00,2856.39,2876.75,2855.37,2870.59,6041.0
2025-03-03 02:00:00,2870.6,2870.96,2865.07,2865.63,4463.0
2025-03-03 03:00:00,2865.59,2871.75,2864.01,2870.67,7870.0
2025-03-03 04:00:00,2870.67,2871.77,2867.58,2868.06,7329.0
2025-03-03 05:00:00,2868.01,2868.01,2859.03,2864.63,8338.0
2025-03-03 06:00:00,2864.63,2868.28,2862.93,2867.21,4185.0
2025-03-03 07:00:00,2867.23,2867.23,2861.01,2863.66,6534.0
2025-03-03 08:00:00,2863.62,2865.88,2861.62,2865.42,7161.0
2025-03-03 09:00:00,2865.42,2866.12,2859.93,2863.08,5681.0
2025-03-03 10:00:00,2863.23,2868.59,2858.64,2868.39,7514.0
2025-03-03 11:00:00,2868.55,2871.32,2864.1,2867.27,6968.0
2025-03-03 12:00:00,2867.29,2873.37,2867.02,2871.71,5415.0
2025-03-03 13:00:00,2871.67,2875.22,2871.07,2874.18,4322.0
2025-03-03 14:00:00,2874.16,2877.62,2873.79,2875.61,5104.0
2025-03-03 15:00:00,2875.6,2876.18,2868.81,2872.6,7341.0
2025-03-03 16:00:00,2872.45,2882.95,2871.27,2876.75,7740.0
2025-03-03 17:00:00,2876.73,2890.57,2873.86,2887.85,9718.0
2025-03-03 18:00:00,2887.86,2893.07,2886.06,2891.44,6705.0
2025-03-03 19:00:00,2891.1,2892.96,2887.36,2890.84,6715.0
2025-03-03 20:00:00,2890.86,2892.49,2886.72,2889.97,7451.0
2025-03-03 21:00:00,2889.97,2891.34,2879.75,2881.6,7147.0
2025-03-03 22:00:00,2881.61,2891.49,2878.35,2890.49,8598.0
2025-03-03 23:00:00,2890.93,2895.31,2890.29,2892.69,2764.0
2025-03-04 01:00:00,2891.09,2893.48,2890.51,2890.98,1718.0
2025-03-04 02:00:00,2890.97,2893.83,2890.08,2891.83,2581.0
2025-03-04 03:00:00,2891.81,2893.07,2881.99,2888.37,6634.0
2025-03-04 04:00:00,2888.3,2889.44,2884.71,2885.52,5929.0
2025-03-04 05:00:00,2885.47,2892.95,2884.94,2888.69,4674.0
2025-03-04 06:00:00,2888.65,2892.81,2886.84,2891.37,4183.0
2025-03-04 07:00:00,2891.36,2894.46,2888.5,2889.69,5208.0
2025-03-04 08:00:00,2889.69,2890.0,2884.39,2887.39,4857.0
2025-03-04 09:00:00,2887.33,2901.23,2886.97,2899.99,5354.0
2025-03-04 10:00:00,2899.98,2918.8,2896.78,2914.0,7685.0
2025-03-04 11:00:00,2914.26,2921.37,2912.56,2918.15,5011.0
2025-03-04 12:00:00,2918.13,2918.16,2912.18,2914.7,4838.0
2025-03-04 13:00:00,2914.73,2921.71,2913.03,2920.05,5133.0
2025-03-04 14:00:00,2920.03,2925.49,2918.71,2924.75,5521.0
2025-03-04 15:00:00,2924.86,2927.84,2919.83,2922.61,9234.0
2025-03-04 16:00:00,2922.74,2923.14,2903.32,2903.51,10033.0
2025-03-04 17:00:00,2903.01,2912.26,2900.36,2906.03,10717.0
2025-03-04 18:00:00,2906.02,2915.96,2903.83,2915.13,8616.0
2025-03-04 19:00:00,2915.14,2916.38,2911.09,2911.63,6696.0
2025-03-04 20:00:00,2911.57,2915.21,2908.29,2911.2,6023.0
2025-03-04 21:00:00,2911.24,2916.51,2911.14,2916.1,5712.0
2025-03-04 22:00:00,2916.11,2920.53,2914.39,2917.4,7001.0
2025-03-04 23:00:00,2918.12,2918.45,2913.29,2917.44,2985.0
2025-03-05 01:00:00,2917.15,2918.26,2914.31,2914.37,1453.0
2025-03-05 02:00:00,2914.38,2917.01,2912.23,2914.11,2940.0
2025-03-05 03:00:00,2914.13,2915.05,2903.55,2907.23,6998.0
2025-03-05 04:00:00,2907.22,2914.57,2902.19,2904.55,7294.0
2025-03-05 05:00:00,2904.31,2913.53,2903.39,2908.73,5555.0
2025-03-05 06:00:00,2908.74,2912.66,2908.57,2910.48,3693.0
2025-03-05 07:00:00,2910.5,2918.76,2909.99,2918.68,5607.0
2025-03-05 08:00:00,2918.67,2921.66,2913.55,2916.97,6089.0
2025-03-05 09:00:00,2917.0,2919.84,2913.1,2917.97,6933.0
2025-03-05 10:00:00,2917.69,2922.03,2916.6,2919.93,7593.0
2025-03-05 11:00:00,2919.96,2922.55,2913.22,2918.82,6830.0
2025-03-05 12:00:00,2918.84,2919.12,2909.05,2913.37,6708.0
2025-03-05 13:00:00,2913.33,2917.23,2912.03,2913.21,5853.0
2025-03-05 14:00:00,2913.17,2919.27,2912.26,2916.07,6925.0
2025-03-05 15:00:00,2916.48,2916.49,2894.16,2899.75,9438.0
2025-03-05 16:00:00,2899.81,2917.01,2897.46,2911.48,10647.0
2025-03-05 17:00:00,2911.77,2923.75,2908.07,2917.18,11469.0
2025-03-05 18:00:00,2917.05,2929.99,2915.19,2923.79,9306.0
2025-03-05 19:00:00,2923.81,2925.32,2913.73,2915.9,8208.0
2025-03-05 20:00:00,2915.98,2920.67,2911.24,2917.44,7603.0
2025-03-05 21:00:00,2917.47,2921.38,2916.33,2920.65,6340.0
2025-03-05 22:00:00,2920.55,2923.13,2919.66,2922.12,6904.0
2025-03-05 23:00:00,2921.6,2921.7,2917.85,2918.75,1669.0
2025-03-06 01:00:00,2917.9,2918.98,2916.75,2918.3,1368.0
2025-03-06 02:00:00,2918.3,2920.3,2916.69,2916.82,2490.0
2025-03-06 03:00:00,2916.83,2925.65,2916.02,2924.56,6965.0
2025-03-06 04:00:00,2924.64,2926.53,2922.97,2925.6,5087.0
2025-03-06 05:00:00,2925.63,2925.63,2920.18,2921.28,3918.0
2025-03-06 06:00:00,2921.28,2921.55,2916.39,2917.39,3314.0
2025-03-06 07:00:00,2917.33,2920.7,2914.58,2919.82,4588.0
2025-03-06 08:00:00,2919.84,2923.09,2919.84,2920.67,5070.0
2025-03-06 09:00:00,2920.63,2922.59,2909.84,2909.95,6789.0
2025-03-06 10:00:00,2910.16,2911.35,2900.96,2904.62,7742.0
2025-03-06 11:00:00,2904.6,2905.1,2891.12,2894.09,7917.0
2025-03-06 12:00:00,2894.11,2905.03,2891.78,2899.07,7605.0
2025-03-06 13:00:00,2899.06,2907.44,2898.43,2905.65,6455.0
2025-03-06 14:00:00,2905.58,2906.99,2899.05,2902.99,6841.0
2025-03-06 15:00:00,2902.76,2909.26,2900.66,2904.28,8737.0
2025-03-06 16:00:00,2904.21,2916.54,2903.27,2915.07,8895.0
2025-03-06 17:00:00,2915.11,2922.8,2908.98,2914.5,10459.0
2025-03-06 18:00:00,2914.46,2918.45,2912.51,2917.17,7610.0
2025-03-06 19:00:00,2917.21,2921.36,2914.38,2915.56,6547.0
2025-03-06 20:00:00,2915.54,2920.57,2913.72,2916.29,6179.0
2025-03-06 21:00:00,2916.28,2917.7,2912.31,2914.01,5947.0
2025-03-06 22:00:00,2913.72,2916.59,2908.34,2908.73,6208.0
2025-03-06 23:00:00,2909.77,2911.93,2908.47,2910.67,1546.0
2025-03-07 01:00:00,2911.5,2913.59,2909.95,2910.27,2485.0
2025-03-07 02:00:00,2910.25,2910.25,2895.28,2904.79,4744.0
2025-03-07 03:00:00,2904.89,2910.21,2901.45,2906.78,7661.0
2025-03-07 04:00:00,2906.72,2909.24,2901.18,2908.15,8312.0
2025-03-07 05:00:00,2908.18,2908.94,2904.02,2905.36,6142.0
2025-03-07 06:00:00,2905.33,2908.41,2904.66,2906.62,5039.0
2025-03-07 07:00:00,2906.68,2912.6,2906.42,2909.56,7807.0
2025-03-07 08:00:00,2909.57,2914.83,2907.76,2913.48,6577.0
2025-03-07 09:00:00,2913.46,2917.27,2911.66,2917.13,5701.0
2025-03-07 10:00:00,2917.14,2922.98,2915.26,2922.44,6392.0
2025-03-07 11:00:00,2922.46,2923.05,2920.23,2921.55,5542.0
2025-03-07 12:00:00,2921.55,2921.89,2917.08,2918.0,7112.0
2025-03-07 13:00:00,2917.96,2922.16,2916.7,2918.8,7488.0
2025-03-07 14:00:00,2918.78,2922.84,2918.03,2918.74,7716.0
2025-03-07 15:00:00,2918.71,2926.45,2910.33,2913.87,10373.0
2025-03-07 16:00:00,2913.76,2928.88,2903.76,2926.72,9898.0
2025-03-07 17:00:00,2926.73,2930.37,2908.58,2915.78,10005.0
2025-03-07 18:00:00,2915.7,2919.41,2911.64,2913.99,8733.0
2025-03-07 19:00:00,2913.97,2916.13,2905.13,2908.23,8165.0
2025-03-07 20:00:00,2908.24,2908.71,2902.05,2906.51,7982.0
2025-03-07 21:00:00,2906.51,2909.49,2904.53,2905.23,6731.0
2025-03-07 22:00:00,2905.24,2911.2,2904.77,2909.6,6736.0
2025-03-07 23:00:00,2909.64,2912.42,2908.72,2912.18,1213.0
2025-03-10 00:00:00,2911.0,2915.09,2909.52,2911.93,3332.0
2025-03-10 01:00:00,2911.96,2916.95,2911.3,2916.3,2772.0
2025-03-10 02:00:00,2916.31,2918.02,2913.03,2913.8,4883.0
2025-03-10 03:00:00,2913.86,2918.31,2911.36,2912.19,6691.0
2025-03-10 04:00:00,2912.18,2914.56,2909.52,2911.51,6086.0
2025-03-10 05:00:00,2911.57,2913.67,2908.17,2911.02,6031.0
2025-03-10 06:00:00,2911.0,2912.69,2910.25,2911.01,3845.0
2025-03-10 07:00:00,2911.04,2912.0,2906.99,2909.92,5989.0
2025-03-10 08:00:00,2909.93,2914.58,2909.34,2914.38,6137.0
2025-03-10 09:00:00,2914.36,2915.38,2904.33,2908.47,7042.0
2025-03-10 10:00:00,2908.43,2910.67,2897.36,2897.59,7734.0
2025-03-10 11:00:00,2897.57,2915.34,2896.59,2911.26,7015.0
2025-03-10 12:00:00,2911.25,2911.44,2898.34,2902.91,6449.0
2025-03-10 13:00:00,2902.97,2904.5,2895.51,2903.87,7120.0
2025-03-10 14:00:00,2903.79,2907.39,2900.22,2906.36,8799.0
2025-03-10 15:00:00,2906.54,2908.47,2897.49,2903.52,9494.0
2025-03-10 16:00:00,2903.17,2909.17,2900.75,2908.01,11126.0
2025-03-10 17:00:00,2908.24,2910.5,2900.63,2904.48,9042.0
2025-03-10 18:00:00,2904.42,2906.8,2895.87,2895.91,8206.0
2025-03-10 19:00:00,2895.9,2896.12,2882.66,2885.93,9123.0
2025-03-10 20:00:00,2885.86,2889.35,2880.02,2885.37,7532.0
2025-03-10 21:00:00,2885.36,2890.82,2880.13,2885.08,8145.0
2025-03-10 22:00:00,2885.14,2889.32,2884.11,2889.11,1986.0
2025-03-11 00:00:00,2888.26,2890.15,2883.88,2884.58,2093.0
2025-03-11 01:00:00,2884.61,2885.71,2882.24,2884.43,1720.0
2025-03-11 02:00:00,2884.46,2888.52,2884.08,2887.16,4849.0
2025-03-11 03:00:00,2887.39,2890.84,2880.2,2890.49,5794.0
2025-03-11 04:00:00,2890.5,2900.37,2889.8,2898.87,5531.0
2025-03-11 05:00:00,2898.89,2899.19,2895.01,2896.79,4332.0
2025-03-11 06:00:00,2896.83,2898.54,2895.41,2897.57,2756.0
2025-03-11 07:00:00,2897.59,2898.89,2892.65,2895.7,4648.0
2025-03-11 08:00:00,2895.69,2902.64,2893.32,2902.2,5212.0
2025-03-11 09:00:00,2902.2,2903.32,2897.43,2900.83,5054.0
2025-03-11 10:00:00,2900.96,2910.25,2900.27,2909.97,5123.0
2025-03-11 11:00:00,2910.0,2912.44,2908.69,2911.76,5957.0
2025-03-11 12:00:00,2911.78,2914.44,2910.94,2911.99,5146.0
2025-03-11 13:00:00,2911.89,2915.31,2910.68,2913.62,5062.0
2025-03-11 14:00:00,2913.65,2916.01,2910.49,2913.09,6566.0
2025-03-11 15:00:00,2913.1,2922.11,2906.94,2917.72,8682.0
2025-03-11 16:00:00,2917.9,2920.95,2911.9,2914.01,8539.0
2025-03-11 17:00:00,2913.99,2919.85,2913.94,2916.89,7679.0
2025-03-11 18:00:00,2916.84,2918.13,2915.19,2916.99,5960.0
2025-03-11 19:00:00,2917.04,2920.51,2914.03,2917.82,6065.0
2025-03-11 20:00:00,2917.76,2919.58,2915.2,2918.28,4898.0
2025-03-11 21:00:00,2918.29,2921.32,2917.48,2918.31,5736.0
2025-03-11 22:00:00,2918.29,2918.94,2915.16,2915.54,2011.0
2025-03-12 00:00:00,2913.97,2918.12,2913.97,2917.69,2273.0
2025-03-12 01:00:00,2917.62,2919.59,2915.49,2915.53,1305.0
2025-03-12 02:00:00,2915.52,2915.58,2912.14,2914.2,3200.0
2025-03-12 03:00:00,2914.22,2917.3,2910.85,2914.92,6818.0
2025-03-12 04:00:00,2914.91,2918.24,2913.98,2916.23,5689.0
2025-03-12 05:00:00,2916.33,2919.94,2914.89,2914.95,4334.0
2025-03-12 06:00:00,2914.97,2916.05,2912.55,2914.89,3557.0
2025-03-12 07:00:00,2915.05,2916.56,2912.01,2916.02,6048.0
2025-03-12 08:00:00,2916.04,2921.15,2911.36,2911.96,6322.0
2025-03-12 09:00:00,2911.95,2915.65,2909.0,2914.43,6640.0
2025-03-12 10:00:00,2914.37,2922.18,2913.95,2922.11,6969.0
2025-03-12 11:00:00,2922.15,2925.45,2913.72,2914.83,6804.0
2025-03-12 12:00:00,2914.78,2917.0,2912.78,2914.34,5760.0
2025-03-12 13:00:00,2914.31,2916.66,2912.63,2915.31,5739.0
2025-03-12 14:00:00,2915.39,2923.06,2912.1,2917.55,7783.0
2025-03-12 15:00:00,2917.53,2918.76,2906.14,2915.61,10230.0
2025-03-12 16:00:00,2915.6,2922.44,2914.29,2921.83,9020.0
2025-03-12 17:00:00,2921.89,2929.21,2921.35,2928.36,8762.0
2025-03-12 18:00:00,2928.63,2939.17,2927.9,2936.23,9080.0
2025-03-12 19:00:00,2936.15,2940.54,2935.82,2936.04,7160.0
2025-03-12 20:00:00,2936.05,2937.46,2933.91,2935.14,6127.0
2025-03-12 21:00:00,2935.26,2935.74,2930.96,2931.34,7676.0
2025-03-12 22:00:00,2931.21,2934.29,2930.79,2933.06,2079.0
2025-03-13 00:00:00,2932.82,2938.9,2932.82,2937.96,2156.0
2025-03-13 01:00:00,2938.03,2939.32,2934.74,2938.1,2495.0
2025-03-13 02:00:00,2938.07,2939.33,2937.56,2938.6,2253.0
2025-03-13 03:00:00,2938.73,2941.58,2936.49,2937.9,5857.0
2025-03-13 04:00:00,2937.91,2946.06,2937.55,2944.27,5589.0
2025-03-13 05:00:00,2944.23,2947.13,2943.05,2945.65,4632.0
2025-03-13 06:00:00,2945.64,2946.2,2943.56,2944.72,3573.0
2025-03-13 07:00:00,2944.73,2945.16,2938.23,2940.05,5688.0
2025-03-13 08:00:00,2940.04,2940.3,2935.51,2937.02,6077.0
2025-03-13 09:00:00,2937.0,2938.05,2932.99,2935.23,5067.0
2025-03-13 10:00:00,2935.2,2944.9,2934.82,2941.57,5430.0
2025-03-13 11:00:00,2941.58,2948.86,2941.04,2947.79,5100.0
2025-03-13 12:00:00,2947.78,2948.54,2942.13,2944.04,5799.0
2025-03-13 13:00:00,2944.01,2948.56,2944.01,2946.32,5900.0
2025-03-13 14:00:00,2946.29,2949.18,2940.92,2942.32,8008.0
2025-03-13 15:00:00,2942.26,2952.38,2939.08,2950.36,9309.0
2025-03-13 16:00:00,2950.35,2971.1,2949.75,2969.82,9754.0
2025-03-13 17:00:00,2969.91,2978.44,2966.44,2977.75,10478.0
2025-03-13 18:00:00,2977.82,2985.36,2976.67,2980.1,9261.0
2025-03-13 19:00:00,2980.08,2982.21,2976.38,2979.48,7673.0
2025-03-13 20:00:00,2979.51,2984.42,2979.13,2983.3,5889.0
2025-03-13 21:00:00,2983.36,2985.47,2980.61,2982.9,6362.0
2025-03-13 22:00:00,2982.98,2989.33,2981.18,2988.71,2628.0
2025-03-14 00:00:00,2988.73,2989.77,2982.98,2986.92,2428.0
2025-03-14 01:00:00,2987.27,2989.28,2985.44,2986.59,2399.0
2025-03-14 02:00:00,2986.45,2988.7,2984.91,2986.73,4036.0
2025-03-14 03:00:00,2986.75,2990.16,2981.78,2987.92,9409.0
2025-03-14 04:00:00,2987.91,2988.2,2983.96,2984.2,6745.0
2025-03-14 05:00:00,2984.21,2992.98,2983.93,2992.64,6234.0
2025-03-14 06:00:00,2992.62,2993.93,2984.38,2985.43,5479.0
2025-03-14 07:00:00,2985.4,2986.6,2981.91,2986.32,7069.0
2025-03-14 08:00:00,2986.31,2987.61,2981.16,2985.65,7293.0
2025-03-14 09:00:00,2985.62,2987.09,2980.82,2986.81,6159.0
2025-03-14 10:00:00,2986.9,2993.19,2985.17,2992.9,5863.0
2025-03-14 11:00:00,2992.89,2999.45,2992.66,2998.8,6643.0
2025-03-14 12:00:00,2998.78,3004.82,2986.62,2993.22,7209.0
2025-03-14 13:00:00,2993.21,2999.13,2993.21,2993.48,6901.0
2025-03-14 14:00:00,2993.46,2999.67,2993.33,2993.75,7806.0
2025-03-14 15:00:00,2993.76,2996.07,2983.27,2986.2,10060.0
2025-03-14 16:00:00,2985.45,2993.41,2982.03,2985.39,9884.0
2025-03-14 17:00:00,2985.38,2986.45,2978.46,2984.61,7726.0
2025-03-14 18:00:00,2984.46,2989.97,2983.0,2989.76,7067.0
2025-03-14 19:00:00,2989.84,2990.44,2986.4,2986.57,6391.0
2025-03-14 20:00:00,2986.59,2987.0,2983.28,2983.51,6308.0
2025-03-14 21:00:00,2983.51,2986.11,2982.3,2984.01,6039.0
2025-03-14 22:00:00,2983.92,2988.82,2981.7,2984.45,2199.0
2025-03-17 00:00:00,2984.19,2990.62,2983.07,2988.98,3029.0
2025-03-17 01:00:00,2989.03,2993.98,2988.19,2989.96,1865.0
2025-03-17 02:00:00,2989.96,2990.98,2986.33,2990.75,2595.0
2025-03-17 03:00:00,2990.73,2992.97,2988.57,2990.72,6152.0
2025-03-17 04:00:00,2990.74,2991.88,2986.96,2988.12,4896.0
2025-03-17 05:00:00,2988.11,2988.61,2985.2,2986.83,4126.0
2025-03-17 06:00:00,2986.82,2987.78,2982.32,2982.5,3240.0
2025-03-17 07:00:00,2982.51,2986.15,2982.1,2986.05,3402.0
2025-03-17 08:00:00,2986.06,2990.71,2985.41,2989.82,4362.0
2025-03-17 09:00:00,2989.6,2989.92,2984.0,2985.47,3988.0
2025-03-17 10:00:00,2985.46,2988.36,2983.06,2988.36,3952.0
2025-03-17 11:00:00,2988.37,2996.83,2987.63,2995.65,4614.0
2025-03-17 12:00:00,2995.64,2999.52,2994.75,2999.0,4150.0
2025-03-17 13:00:00,2999.01,3001.18,2996.53,2997.38,4351.0
2025-03-17 14:00:00,2997.43,2997.84,2984.72,2987.07,7614.0
2025-03-17 15:00:00,2987.16,2991.35,2985.97,2988.37,8001.0
2025-03-17 16:00:00,2988.32,3000.56,2987.08,2998.68,8319.0
2025-03-17 17:00:00,2998.43,2999.31,2992.9,2997.11,5917.0
2025-03-17 18:00:00,2997.12,2997.68,2992.97,2994.43,6232.0
2025-03-17 19:00:00,2994.45,2999.38,2994.45,2997.74,5379.0
2025-03-17 20:00:00,2997.73,3000.31,2996.81,2999.36,6224.0
2025-03-17 21:00:00,2999.36,3000.8,2997.64,3000.24,5332.0
2025-03-17 22:00:00,3000.15,3002.01,3000.09,3000.66,2041.0
2025-03-18 00:00:00,3000.3,3001.7,2999.85,3000.21,990.0
2025-03-18 01:00:00,3000.22,3002.77,2999.73,2999.91,1308.0
2025-03-18 02:00:00,2999.91,3003.52,2999.65,3001.59,3527.0
2025-03-18 03:00:00,3001.6,3008.43,2999.51,3005.65,7846.0
2025-03-18 04:00:00,3005.65,3012.16,3002.92,3010.94,5623.0
2025-03-18 05:00:00,3010.94,3015.11,3009.75,3011.39,5503.0
2025-03-18 06:00:00,3011.38,3017.1,3011.24,3014.54,3783.0
2025-03-18 07:00:00,3014.54,3014.86,3006.14,3012.02,5981.0
2025-03-18 08:00:00,3012.0,3017.67,3010.68,3015.66,6377.0
2025-03-18 09:00:00,3015.64,3018.88,3014.43,3016.41,5288.0
2025-03-18 10:00:00,3016.43,3027.33,3016.32,3026.47,6224.0
2025-03-18 11:00:00,3026.66,3028.48,3018.09,3020.26,6204.0
2025-03-18 12:00:00,3020.24,3025.72,3019.49,3023.89,6325.0
2025-03-18 13:00:00,3023.74,3029.43,3022.36,3026.81,5160.0
2025-03-18 14:00:00,3026.8,3035.64,3026.7,3034.26,7456.0
2025-03-18 15:00:00,3034.27,3038.25,3026.2,3033.2,9500.0
2025-03-18 16:00:00,3032.76,3033.06,3024.7,3027.87,9634.0
2025-03-18 17:00:00,3027.9,3032.52,3025.2,3031.69,8020.0
2025-03-18 18:00:00,3031.67,3036.85,3030.42,3035.99,7020.0
2025-03-18 19:00:00,3035.97,3036.34,3029.75,3032.62,6200.0
2025-03-18 20:00:00,3032.59,3036.26,3032.4,3035.77,5342.0
2025-03-18 21:00:00,3035.78,3037.88,3035.14,3035.54,5451.0
2025-03-18 22:00:00,3035.55,3035.91,3033.42,3033.8,1707.0
2025-03-19 00:00:00,3033.47,3034.67,3032.62,3034.33,1041.0
2025-03-19 01:00:00,3034.87,3035.15,3031.61,3031.84,1674.0
2025-03-19 02:00:00,3031.85,3034.0,3030.62,3031.45,2084.0
2025-03-19 03:00:00,3031.45,3032.7,3027.39,3029.43,4470.0
2025-03-19 04:00:00,3029.42,3033.85,3029.01,3033.39,5984.0
2025-03-19 05:00:00,3033.41,3038.97,3032.37,3036.3,5283.0
2025-03-19 06:00:00,3036.26,3037.61,3034.25,3036.45,4040.0
2025-03-19 07:00:00,3036.46,3045.35,3036.46,3044.54,6449.0
2025-03-19 08:00:00,3044.55,3044.79,3034.53,3042.09,8208.0
2025-03-19 09:00:00,3042.13,3042.9,3035.67,3035.92,6473.0
2025-03-19 10:00:00,3035.84,3037.04,3024.72,3025.16,5654.0
2025-03-19 11:00:00,3025.15,3031.14,3022.82,3030.21,4582.0
2025-03-19 12:00:00,3030.22,3037.83,3028.22,3034.54,4195.0
2025-03-19 13:00:00,3034.57,3040.01,3033.79,3038.83,3692.0
2025-03-19 14:00:00,3038.97,3041.16,3036.37,3037.16,5156.0
2025-03-19 15:00:00,3037.22,3038.26,3027.66,3033.26,8965.0
2025-03-19 16:00:00,3033.32,3033.32,3026.01,3027.57,7945.0
2025-03-19 17:00:00,3027.56,3032.91,3026.89,3031.49,5906.0
2025-03-19 18:00:00,3031.5,3038.33,3031.33,3033.03,6319.0
2025-03-19 19:00:00,3033.07,3034.15,3029.42,3030.61,6300.0
2025-03-19 20:00:00,3029.51,3048.65,3029.48,3046.76,8935.0
2025-03-19 21:00:00,3046.83,3052.0,3041.1,3047.95,8090.0
2025-03-19 22:00:00,3047.86,3048.24,3044.11,3047.06,2560.0
2025-03-20 00:00:00,3046.97,3050.53,3045.7,3050.21,1741.0
2025-03-20 01:00:00,3049.88,3051.35,3048.81,3050.11,1707.0
2025-03-20 02:00:00,3050.11,3055.43,3050.11,3053.24,5058.0
2025-03-20 03:00:00,3053.27,3056.19,3049.43,3049.7,8701.0
2025-03-20 04:00:00,3049.68,3052.15,3045.05,3045.66,6985.0
2025-03-20 05:00:00,3045.66,3050.47,3045.45,3050.06,6022.0
2025-03-20 06:00:00,3050.06,3057.43,3048.23,3052.53,5276.0
2025-03-20 07:00:00,3052.54,3053.58,3044.91,3046.73,7713.0
2025-03-20 08:00:00,3046.78,3051.5,3045.63,3048.98,7003.0
2025-03-20 09:00:00,3049.0,3049.03,3041.8,3042.24,5907.0
2025-03-20 10:00:00,3042.28,3044.01,3038.59,3041.82,6438.0
2025-03-20 11:00:00,3041.78,3046.26,3040.64,3041.52,5982.0
2025-03-20 12:00:00,3041.5,3041.5,3025.43,3033.96,7699.0
2025-03-20 13:00:00,3033.95,3034.92,3029.15,3034.26,6841.0
2025-03-20 14:00:00,3034.29,3042.09,3033.24,3040.7,7701.0
2025-03-20 15:00:00,3040.69,3040.88,3029.8,3032.39,9346.0
2025-03-20 16:00:00,3032.3,3040.59,3030.49,3040.03,8974.0
2025-03-20 17:00:00,3040.0,3041.85,3037.48,3040.75,7169.0
2025-03-20 18:00:00,3040.77,3043.05,3034.07,3038.33,7192.0
2025-03-20 19:00:00,3038.29,3041.88,3034.84,3041.75,6092.0
2025-03-20 20:00:00,3041.74,3045.37,3040.97,3043.28,6226.0
2025-03-20 21:00:00,3043.3,3046.07,3043.25,3044.57,5897.0
2025-03-20 22:00:00,3044.55,3045.81,3044.24,3044.46,2233.0
2025-03-21 00:00:00,3044.21,3045.91,3043.48,3045.67,725.0
2025-03-21 01:00:00,3045.68,3046.6,3044.44,3046.31,1286.0
2025-03-21 02:00:00,3046.35,3047.42,3042.4,3042.85,3347.0
2025-03-21 03:00:00,3042.87,3044.62,3035.95,3035.95,7389.0
2025-03-21 04:00:00,3035.95,3037.01,3033.86,3034.74,6029.0
2025-03-21 05:00:00,3034.73,3034.73,3029.99,3030.59,6137.0
2025-03-21 06:00:00,3030.52,3032.02,3027.92,3029.82,4773.0
2025-03-21 07:00:00,3029.83,3030.44,3021.6,3028.01,6031.0
2025-03-21 08:00:00,3028.03,3034.0,3027.51,3029.84,6299.0
2025-03-21 09:00:00,3029.84,3033.4,3028.1,3031.89,5264.0
2025-03-21 10:00:00,3031.93,3034.74,3027.18,3032.99,5660.0
2025-03-21 11:00:00,3032.98,3033.15,3027.87,3029.67,5133.0
2025-03-21 12:00:00,3029.66,3033.45,3029.61,3030.84,4381.0
2025-03-21 13:00:00,3030.83,3037.65,3028.98,3034.32,5616.0
2025-03-21 14:00:00,3034.31,3038.17,3033.51,3034.12,6492.0
2025-03-21 15:00:00,3034.16,3036.84,3004.21,3006.67,9933.0
2025-03-21 16:00:00,3006.59,3016.52,2999.36,3015.57,10549.0
2025-03-21 17:00:00,3015.59,3017.67,3009.79,3010.82,7972.0
2025-03-21 18:00:00,3010.69,3016.7,3010.44,3014.94,6773.0
2025-03-21 19:00:00,3014.97,3018.01,3012.73,3013.49,6069.0
2025-03-21 20:00:00,3013.51,3021.42,3013.33,3017.42,5227.0
2025-03-21 21:00:00,3017.38,3021.96,3015.96,3020.02,6806.0
2025-03-21 22:00:00,3020.07,3024.28,3020.0,3023.45,2624.0
2025-03-24 00:00:00,3020.76,3026.07,3020.41,3025.51,2840.0
2025-03-24 01:00:00,3025.56,3026.28,3023.22,3024.69,2201.0
2025-03-24 02:00:00,3024.69,3025.49,3017.17,3018.7,5459.0
2025-03-24 03:00:00,3018.59,3025.67,3018.42,3020.87,8584.0
2025-03-24 04:00:00,3020.98,3024.53,3013.62,3016.3,7237.0
2025-03-24 05:00:00,3016.3,3019.84,3015.72,3017.02,5278.0
2025-03-24 06:00:00,3017.02,3020.13,3016.55,3019.52,3412.0
2025-03-24 07:00:00,3019.42,3023.21,3019.05,3022.14,5834.0
2025-03-24 08:00:00,3022.07,3025.69,3017.31,3025.12,5535.0
2025-03-24 09:00:00,3025.11,3028.91,3021.03,3022.37,6940.0
2025-03-24 10:00:00,3022.39,3029.0,3021.84,3028.86,7398.0
2025-03-24 11:00:00,3029.06,3031.04,3022.7,3023.61,7083.0
2025-03-24 12:00:00,3023.72,3033.28,3023.5,3028.13,8056.0
2025-03-24 13:00:00,3028.12,3029.23,3024.32,3024.62,6064.0
2025-03-24 14:00:00,3024.61,3028.61,3022.45,3024.28,6766.0
2025-03-24 15:00:00,3024.26,3028.28,3019.19,3022.63,9333.0
2025-03-24 16:00:00,3022.54,3024.05,3007.96,3012.13,9658.0
2025-03-24 17:00:00,3011.93,3015.34,3005.81,3014.06,9339.0
2025-03-24 18:00:00,3014.0,3015.66,3008.04,3009.78,7252.0
2025-03-24 19:00:00,3009.77,3009.88,3005.89,3007.08,6970.0
2025-03-24 20:00:00,3007.05,3008.08,3002.49,3006.78,6581.0
2025-03-24 21:00:00,3006.83,3008.21,3005.01,3006.16,6203.0
2025-03-24 22:00:00,3006.04,3014.63,3005.58,3012.06,2205.0
2025-03-25 00:00:00,3010.72,3012.44,3009.02,3011.5,2322.0
2025-03-25 01:00:00,3011.51,3012.36,3009.21,3009.67,1455.0
2025-03-25 02:00:00,3009.69,3014.67,3008.81,3013.94,3027.0
2025-03-25 03:00:00,3013.93,3014.4,3010.4,3011.66,6293.0
2025-03-25 04:00:00,3011.7,3012.13,3007.44,3008.97,5545.0
2025-03-25 05:00:00,3009.02,3016.08,3008.44,3015.13,5829.0
2025-03-25 06:00:00,3015.18,3016.33,3014.57,3015.09,3919.0
2025-03-25 07:00:00,3015.07,3020.86,3014.16,3018.12,5747.0
2025-03-25 08:00:00,3018.09,3018.46,3014.59,3017.59,5028.0
2025-03-25 09:00:00,3017.58,3017.84,3010.29,3010.9,4322.0
2025-03-25 10:00:00,3010.85,3021.92,3010.5,3021.37,6011.0
2025-03-25 11:00:00,3021.39,3023.51,3019.02,3023.26,4652.0
2025-03-25 12:00:00,3023.27,3024.84,3020.68,3023.6,5281.0
2025-03-25 13:00:00,3023.59,3026.37,3020.42,3020.78,5129.0
2025-03-25 14:00:00,3020.74,3023.13,3014.12,3021.76,7688.0
2025-03-25 15:00:00,3021.79,3030.61,3020.94,3028.64,8696.0
2025-03-25 16:00:00,3028.53,3035.92,3025.03,3025.03,9042.0
2025-03-25 17:00:00,3024.88,3028.02,3018.09,3021.51,7375.0
2025-03-25 18:00:00,3021.5,3025.58,3021.43,3023.17,6166.0
2025-03-25 19:00:00,3023.2,3023.31,3019.86,3022.68,6191.0
2025-03-25 20:00:00,3022.67,3022.86,3017.81,3018.51,5496.0
2025-03-25 21:00:00,3018.52,3020.71,3017.79,3019.61,4828.0
2025-03-25 22:00:00,3019.67,3020.78,3018.82,3019.6,1387.0
2025-03-26 00:00:00,3019.1,3022.57,3019.1,3021.35,1479.0
2025-03-26 01:00:00,3021.32,3021.84,3020.57,3021.01,1146.0
2025-03-26 02:00:00,3021.02,3022.19,3017.83,3018.12,2774.0
2025-03-26 03:00:00,3018.11,3025.5,3016.4,3024.88,7742.0
2025-03-26 04:00:00,3024.87,3026.98,3022.9,3024.2,6246.0
2025-03-26 05:00:00,3024.26,3024.26,3016.46,3017.58,6906.0
2025-03-26 06:00:00,3017.59,3017.66,3014.29,3015.21,3659.0
2025-03-26 07:00:00,3015.21,3023.95,3013.28,3022.86,6372.0
2025-03-26 08:00:00,3022.8,3026.35,3022.16,3026.08,7253.0
2025-03-26 09:00:00,3026.15,3030.77,3025.01,3030.52,5421.0
2025-03-26 10:00:00,3030.58,3032.07,3023.59,3024.0,5441.0
2025-03-26 11:00:00,3023.99,3024.08,3017.46,3018.5,6162.0
2025-03-26 12:00:00,3018.49,3024.77,3016.71,3023.14,6097.0
2025-03-26 13:00:00,3023.15,3030.21,3023.12,3027.61,5908.0
2025-03-26 14:00:00,3027.62,3029.97,3025.3,3026.96,6767.0
2025-03-26 15:00:00,3027.13,3027.39,3015.98,3016.77,7993.0
2025-03-26 16:00:00,3016.48,3021.49,3014.81,3017.31,7585.0
2025-03-26 17:00:00,3017.39,3018.73,3012.23,3015.66,6933.0
2025-03-26 18:00:00,3015.79,3019.81,3015.0,3015.39,5852.0
2025-03-26 19:00:00,3015.41,3018.82,3015.01,3018.52,5480.0
2025-03-26 20:00:00,3018.55,3020.65,3017.92,3018.12,5099.0
2025-03-26 21:00:00,3018.12,3018.84,3015.62,3017.08,5874.0
2025-03-26 22:00:00,3017.11,3021.57,3017.01,3018.79,2123.0
2025-03-27 00:00:00,3018.04,3020.95,3017.68,3019.26,2256.0
2025-03-27 01:00:00,3019.27,3021.54,3017.44,3021.51,2439.0
2025-03-27 02:00:00,3021.46,3025.62,3021.46,3025.2,3537.0
2025-03-27 03:00:00,3025.18,3028.19,3022.75,3023.38,7111.0
2025-03-27 04:00:00,3023.36,3032.85,3023.05,3031.74,6957.0
2025-03-27 05:00:00,3031.76,3034.26,3029.69,3033.63,4659.0
2025-03-27 06:00:00,3033.62,3038.55,3031.81,3034.1,5216.0
2025-03-27 07:00:00,3034.12,3035.85,3029.35,3029.72,5991.0
2025-03-27 08:00:00,3029.73,3033.21,3026.79,3030.08,7022.0
2025-03-27 09:00:00,3029.8,3036.71,3029.25,3035.82,6652.0
2025-03-27 10:00:00,3035.83,3037.99,3033.79,3036.13,6374.0
2025-03-27 11:00:00,3036.18,3041.02,3034.67,3039.95,4812.0
2025-03-27 12:00:00,3040.0,3055.92,3039.82,3051.46,7680.0
2025-03-27 13:00:00,3051.47,3055.5,3048.93,3054.61,5884.0
2025-03-27 14:00:00,3054.62,3055.89,3047.11,3050.06,6874.0
2025-03-27 15:00:00,3050.13,3052.08,3033.46,3040.5,10231.0
2025-03-27 16:00:00,3040.58,3059.62,3040.58,3057.55,9724.0
2025-03-27 17:00:00,3057.72,3059.24,3051.45,3052.21,9509.0
2025-03-27 18:00:00,3052.08,3054.21,3047.85,3048.33,7992.0
2025-03-27 19:00:00,3048.35,3053.25,3047.79,3052.86,6569.0
2025-03-27 20:00:00,3052.9,3057.61,3052.74,3055.92,5993.0
2025-03-27 21:00:00,3055.89,3057.86,3054.96,3057.52,6015.0
2025-03-27 22:00:00,3057.48,3057.56,3055.12,3056.35,1797.0
2025-03-28 00:00:00,3055.89,3057.59,3054.49,3055.04,1877.0
2025-03-28 01:00:00,3055.05,3056.16,3054.2,3055.7,1618.0
2025-03-28 02:00:00,3055.69,3063.52,3055.03,3061.99,5099.0
2025-03-28 03:00:00,3061.97,3074.07,3061.83,3073.93,8744.0
2025-03-28 04:00:00,3073.93,3077.49,3070.04,3071.89,7541.0
2025-03-28 05:00:00,3071.73,3076.74,3069.73,3075.35,7276.0
2025-03-28 06:00:00,3075.33,3075.42,3072.63,3073.93,4236.0
2025-03-28 07:00:00,3073.89,3081.95,3072.5,3077.81,6456.0
2025-03-28 08:00:00,3077.82,3084.9,3076.68,3084.65,7797.0
2025-03-28 09:00:00,3084.62,3086.01,3077.84,3079.28,6295.0
2025-03-28 10:00:00,3079.27,3081.28,3066.24,3073.0,6080.0
2025-03-28 11:00:00,3072.99,3076.13,3069.67,3072.91,5542.0
2025-03-28 12:00:00,3072.94,3074.62,3067.44,3074.32,6294.0
2025-03-28 13:00:00,3074.26,3079.78,3074.03,3076.39,5796.0
2025-03-28 14:00:00,3076.46,3081.84,3072.55,3077.4,7297.0
2025-03-28 15:00:00,3077.44,3084.07,3070.81,3083.42,10112.0
2025-03-28 16:00:00,3083.3,3086.8,3068.09,3070.34,10877.0
2025-03-28 17:00:00,3070.02,3085.7,3067.33,3083.81,8721.0
2025-03-28 18:00:00,3083.77,3086.64,3080.52,3083.87,6823.0
2025-03-28 19:00:00,3083.84,3085.96,3076.12,3077.42,6328.0
2025-03-28 20:00:00,3077.43,3080.49,3073.56,3079.77,5497.0
2025-03-28 21:00:00,3079.75,3081.86,3079.46,3080.86,6210.0
2025-03-28 22:00:00,3080.82,3086.63,3080.82,3085.06,2642.0
2025-03-31 01:00:00,3085.53,3097.85,3085.47,3090.03,4304.0
2025-03-31 02:00:00,3090.01,3090.84,3087.79,3089.19,3594.0
2025-03-31 03:00:00,3089.14,3089.73,3077.49,3079.07,5075.0
2025-03-31 04:00:00,3079.08,3095.31,3076.83,3094.77,7929.0
2025-03-31 05:00:00,3094.76,3107.2,3093.88,3106.73,8549.0
2025-03-31 06:00:00,3106.69,3111.65,3105.29,3107.11,6088.0
2025-03-31 07:00:00,3107.15,3115.95,3106.03,3113.36,3973.0
2025-03-31 08:00:00,3113.35,3119.78,3107.6,3116.56,5227.0
2025-03-31 09:00:00,3116.57,3128.25,3113.57,3119.19,7894.0
2025-03-31 10:00:00,3119.37,3125.4,3118.6,3124.51,7274.0
2025-03-31 11:00:00,3124.11,3127.11,3120.89,3122.25,6376.0
2025-03-31 12:00:00,3122.27,3123.31,3112.07,3114.95,5632.0
2025-03-31 13:00:00,3114.94,3123.58,3111.86,3118.44,6202.0
2025-03-31 14:00:00,3118.57,3119.69,3113.4,3119.47,5874.0
2025-03-31 15:00:00,3119.49,3126.64,3118.12,3124.58,7923.0
2025-03-31 16:00:00,3124.63,3124.72,3099.94,3113.53,10811.0
2025-03-31 17:00:00,3113.4,3123.67,3110.93,3123.14,10522.0
2025-03-31 18:00:00,3123.16,3127.2,3112.87,3113.82,8897.0
2025-03-31 19:00:00,3113.93,3120.63,3111.63,3117.53,6546.0
2025-03-31 20:00:00,3117.49,3120.39,3115.86,3117.88,6930.0
2025-03-31 21:00:00,3117.89,3123.39,3117.36,3121.45,5945.0
2025-03-31 22:00:00,3121.42,3124.62,3120.87,3124.41,6102.0
2025-03-31 23:00:00,3124.37,3124.73,3122.91,3123.68,2209.0
2025-04-01 01:00:00,3122.75,3126.21,3121.77,3122.79,1480.0
2025-04-01 02:00:00,3122.8,3126.4,3120.1,3120.59,2574.0
2025-04-01 03:00:00,3120.59,3127.91,3120.27,3127.22,4553.0
2025-04-01 04:00:00,3127.24,3138.18,3126.57,3135.27,9628.0
2025-04-01 05:00:00,3135.36,3145.69,3133.04,3145.12,8706.0
2025-04-01 06:00:00,3145.1,3147.31,3142.55,3145.97,6143.0
2025-04-01 07:00:00,3145.99,3147.91,3142.79,3144.68,5241.0
2025-04-01 08:00:00,3144.68,3149.0,3130.55,3132.04,8553.0
2025-04-01 09:00:00,3132.04,3138.14,3126.53,3133.67,9268.0
2025-04-01 10:00:00,3133.76,3137.71,3124.19,3127.37,7534.0
2025-04-01 11:00:00,3127.41,3135.49,3126.28,3130.89,5997.0
2025-04-01 12:00:00,3130.93,3133.89,3130.11,3132.12,5314.0
2025-04-01 13:00:00,3132.13,3138.76,3130.61,3132.2,6987.0
2025-04-01 14:00:00,3132.19,3135.6,3128.51,3130.17,6648.0
2025-04-01 15:00:00,3130.18,3134.26,3127.54,3133.13,6793.0
2025-04-01 16:00:00,3133.19,3136.84,3127.99,3133.59,8839.0
2025-04-01 17:00:00,3133.41,3135.25,3123.61,3128.47,9782.0
2025-04-01 18:00:00,3128.56,3132.77,3113.18,3113.49,8664.0
2025-04-01 19:00:00,3113.48,3116.61,3100.62,3106.43,9146.0
2025-04-01 20:00:00,3106.45,3114.36,3105.51,3113.5,5984.0
2025-04-01 21:00:00,3113.49,3118.49,3113.15,3114.05,5712.0
2025-04-01 22:00:00,3113.91,3118.83,3113.59,3118.52,4399.0
2025-04-01 23:00:00,3118.6,3120.8,3113.08,3114.06,1844.0
2025-04-02 01:00:00,3113.38,3114.73,3107.61,3111.21,2630.0
2025-04-02 02:00:00,3111.2,3116.08,3111.13,3115.05,2274.0
2025-04-02 03:00:00,3115.03,3123.55,3112.87,3122.78,4994.0
2025-04-02 04:00:00,3122.79,3135.24,3121.24,3132.85,8572.0
2025-04-02 05:00:00,3132.97,3135.49,3128.44,3128.48,6495.0
2025-04-02 06:00:00,3128.45,3132.05,3124.44,3125.34,4991.0
2025-04-02 07:00:00,3125.34,3126.59,3115.39,3115.98,4809.0
2025-04-02 08:00:00,3115.99,3119.01,3109.44,3117.82,7249.0
2025-04-02 09:00:00,3117.81,3119.53,3113.83,3116.32,6321.0
2025-04-02 10:00:00,3116.25,3125.93,3112.01,3125.01,5794.0
2025-04-02 11:00:00,3125.07,3133.77,3123.16,3131.2,6602.0
2025-04-02 12:00:00,3131.26,3131.56,3127.09,3131.03,5686.0
2025-04-02 13:00:00,3131.09,3131.32,3110.06,3114.46,6584.0
2025-04-02 14:00:00,3114.47,3123.89,3114.45,3121.24,6293.0
2025-04-02 15:00:00,3121.31,3127.1,3117.04,3122.47,6429.0
2025-04-02 16:00:00,3122.43,3132.23,3116.7,3122.27,9527.0
2025-04-02 17:00:00,3122.24,3129.37,3119.42,3124.79,7586.0
2025-04-02 18:00:00,3124.81,3128.22,3120.83,3125.83,6535.0
2025-04-02 19:00:00,3126.05,3134.33,3126.04,3131.47,7091.0
2025-04-02 20:00:00,3131.46,3131.46,3120.85,3123.53,6769.0
2025-04-02 21:00:00,3123.49,3126.17,3118.68,3121.75,5654.0
2025-04-02 22:00:00,3121.87,3127.25,3121.51,3124.42,5035.0
2025-04-02 23:00:00,3124.05,3137.42,3104.75,3132.55,5899.0
2025-04-03 01:00:00,3139.45,3147.75,3121.73,3145.79,7872.0
2025-04-03 02:00:00,3145.8,3167.59,3145.8,3162.57,7414.0
2025-04-03 03:00:00,3162.41,3164.82,3140.53,3151.17,8519.0
2025-04-03 04:00:00,3151.37,3162.97,3147.92,3153.29,9170.0
2025-04-03 05:00:00,3153.31,3155.22,3142.15,3145.13,6347.0
2025-04-03 06:00:00,3145.41,3152.08,3144.72,3147.88,6133.0
2025-04-03 07:00:00,3147.88,3149.73,3138.97,3140.36,4435.0
2025-04-03 08:00:00,3140.42,3140.94,3124.15,3131.85,7408.0
2025-04-03 09:00:00,3131.92,3133.94,3116.32,3127.28,8416.0
2025-04-03 10:00:00,3127.36,3130.01,3119.71,3128.94,6583.0
2025-04-03 11:00:00,3129.1,3131.88,3125.86,3128.96,5551.0
2025-04-03 12:00:00,3128.89,3129.37,3121.37,3121.44,7111.0
2025-04-03 13:00:00,3121.49,3122.84,3089.18,3095.28,9712.0
2025-04-03 14:00:00,3095.34,3099.78,3085.1,3092.9,9029.0
2025-04-03 15:00:00,3092.87,3094.53,3061.87,3076.14,10376.0
2025-04-03 16:00:00,3076.1,3093.25,3053.98,3085.41,11537.0
2025-04-03 17:00:00,3088.66,3135.27,3087.16,3128.9,11713.0
2025-04-03 18:00:00,3128.91,3129.43,3104.03,3110.67,9873.0
2025-04-03 19:00:00,3110.61,3114.22,3101.88,3107.47,8037.0
2025-04-03 20:00:00,3107.44,3109.87,3100.1,3109.54,7181.0
2025-04-03 21:00:00,3109.53,3111.71,3102.16,3111.63,5837.0
2025-04-03 22:00:00,3111.64,3113.22,3101.58,3107.56,6341.0
2025-04-03 23:00:00,3107.64,3119.65,3107.38,3113.95,3501.0
2025-04-04 01:00:00,3114.36,3116.73,3112.41,3115.39,2546.0
2025-04-04 02:00:00,3115.39,3116.34,3109.81,3113.0,3213.0
2025-04-04 03:00:00,3112.94,3115.1,3106.0,3110.58,5271.0
2025-04-04 04:00:00,3110.58,3115.78,3109.21,3109.84,5144.0
2025-04-04 05:00:00,3109.81,3112.96,3091.38,3096.86,6570.0
2025-04-04 06:00:00,3096.85,3099.07,3087.06,3098.41,6658.0
2025-04-04 07:00:00,3098.38,3105.07,3096.11,3100.13,5985.0
2025-04-04 08:00:00,3099.95,3108.82,3098.85,3108.82,5952.0
2025-04-04 09:00:00,3108.87,3109.88,3100.49,3101.07,6023.0
2025-04-04 10:00:00,3101.05,3103.48,3092.17,3092.9,7914.0
2025-04-04 11:00:00,3092.63,3094.09,3078.55,3083.99,8050.0
2025-04-04 12:00:00,3083.89,3095.72,3083.66,3090.48,7158.0
2025-04-04 13:00:00,3090.53,3115.95,3090.41,3110.15,10369.0
2025-04-04 14:00:00,3110.23,3136.45,3095.63,3110.26,11275.0
2025-04-04 15:00:00,3110.98,3111.66,3069.79,3071.05,10963.0
2025-04-04 16:00:00,3071.17,3087.49,3059.3,3061.86,10766.0
2025-04-04 17:00:00,3061.72,3061.72,3026.66,3038.33,11748.0
2025-04-04 18:00:00,3038.22,3050.34,3016.83,3021.7,11726.0
2025-04-04 19:00:00,3021.86,3036.64,3017.46,3030.77,10064.0
2025-04-04 20:00:00,3030.78,3032.7,3015.71,3025.65,9617.0
2025-04-04 21:00:00,3025.43,3027.64,3017.78,3025.39,8135.0
2025-04-04 22:00:00,3025.35,3040.63,3021.86,3036.18,8910.0
2025-04-04 23:00:00,3036.65,3040.79,3033.62,3036.87,2818.0
2025-04-07 01:00:00,3016.04,3032.18,3000.26,3009.32,5821.0
2025-04-07 02:00:00,3009.31,3016.7,2976.76,2999.38,6455.0
2025-04-07 03:00:00,2999.66,3009.06,2971.0,2978.61,8003.0
2025-04-07 04:00:00,2978.61,3054.88,2971.81,3037.85,11839.0
2025-04-07 05:00:00,3038.11,3055.1,3024.22,3025.68,8583.0
2025-04-07 06:00:00,3025.62,3033.89,3016.97,3018.75,6609.0
2025-04-07 07:00:00,3018.74,3035.47,3018.74,3035.3,4658.0
2025-04-07 08:00:00,3035.29,3044.34,3024.62,3031.76,6472.0
2025-04-07 09:00:00,3031.7,3033.28,3016.48,3029.2,10179.0
2025-04-07 10:00:00,3029.6,3030.6,3013.13,3018.41,10858.0
2025-04-07 11:00:00,3018.43,3035.35,3017.78,3031.0,9252.0
2025-04-07 12:00:00,3031.01,3033.22,3019.53,3025.05,8361.0
2025-04-07 13:00:00,3025.02,3036.28,3024.03,3031.12,8615.0
2025-04-07 14:00:00,3031.06,3045.86,3030.15,3031.03,8745.0
2025-04-07 15:00:00,3031.18,3032.65,3014.57,3031.1,10822.0
2025-04-07 16:00:00,3031.04,3033.86,3001.63,3015.18,11864.0
2025-04-07 17:00:00,3015.3,3037.81,2996.32,2999.08,12987.0
2025-04-07 18:00:00,2999.12,3004.61,2979.66,2987.37,12026.0
2025-04-07 19:00:00,2987.3,2987.65,2969.77,2970.28,10603.0
2025-04-07 20:00:00,2970.42,2974.97,2956.07,2969.97,11124.0
2025-04-07 21:00:00,2969.88,2976.46,2963.77,2965.6,9621.0
2025-04-07 22:00:00,2965.63,2981.82,2965.18,2975.92,9137.0
2025-04-07 23:00:00,2976.21,2985.42,2969.49,2981.56,2665.0
2025-04-08 01:00:00,2981.8,2988.47,2980.66,2986.58,3193.0
2025-04-08 02:00:00,2986.57,2987.21,2978.31,2981.1,3618.0
2025-04-08 03:00:00,2981.0,2992.38,2980.16,2985.16,6102.0
2025-04-08 04:00:00,2985.14,3002.95,2983.42,2999.49,8437.0
2025-04-08 05:00:00,2999.56,3004.59,2998.17,3000.64,6187.0
2025-04-08 06:00:00,3000.69,3000.89,2992.83,2994.58,6045.0
2025-04-08 07:00:00,2994.56,3002.7,2990.81,3001.99,4915.0
2025-04-08 08:00:00,3001.69,3007.98,2999.31,3005.45,6123.0
2025-04-08 09:00:00,3005.51,3015.52,3002.4,3013.09,6813.0
2025-04-08 10:00:00,3013.06,3013.6,3001.7,3003.59,7726.0
2025-04-08 11:00:00,3003.39,3009.08,3001.11,3007.26,4297.0
2025-04-08 12:00:00,3007.13,3007.59,2994.74,3006.65,5239.0
2025-04-08 13:00:00,3006.68,3010.02,3003.94,3008.79,4306.0
2025-04-08 14:00:00,3008.77,3019.24,3008.46,3017.3,4994.0
2025-04-08 15:00:00,3017.34,3019.19,3002.21,3002.4,7477.0
2025-04-08 16:00:00,3002.39,3022.56,3002.36,3010.23,9022.0
2025-04-08 17:00:00,3010.18,3017.83,3005.68,3005.98,8627.0
2025-04-08 18:00:00,3005.97,3012.11,3001.1,3001.22,7442.0
2025-04-08 19:00:00,3001.33,3001.33,2984.19,2985.78,7345.0
2025-04-08 20:00:00,2985.79,2987.13,2974.58,2984.86,7550.0
2025-04-08 21:00:00,2984.91,2992.21,2979.15,2983.38,6573.0
2025-04-08 22:00:00,2983.34,2987.34,2976.5,2984.85,6327.0
2025-04-08 23:00:00,2984.77,2986.35,2976.95,2981.89,2699.0
2025-04-09 01:00:00,2983.22,2985.41,2980.05,2981.76,2113.0
2025-04-09 02:00:00,2981.78,2990.88,2970.0,2978.2,3948.0
2025-04-09 03:00:00,2978.47,2986.97,2974.7,2980.34,7110.0
2025-04-09 04:00:00,2980.26,3009.73,2972.4,3008.83,8515.0
2025-04-09 05:00:00,3008.55,3011.14,2999.85,3002.97,6198.0
2025-04-09 06:00:00,3002.89,3009.49,3002.56,3004.35,5388.0
2025-04-09 07:00:00,3004.3,3014.08,2999.43,3012.31,5901.0
2025-04-09 08:00:00,3012.24,3020.34,3005.29,3015.33,6662.0
2025-04-09 09:00:00,3015.24,3040.78,3014.74,3038.93,7541.0
2025-04-09 10:00:00,3038.95,3052.21,3034.19,3040.91,7257.0
2025-04-09 11:00:00,3040.87,3050.96,3038.06,3043.67,6062.0
2025-04-09 12:00:00,3043.74,3049.44,3038.69,3044.75,5679.0
2025-04-09 13:00:00,3044.74,3046.96,3038.03,3042.57,6196.0
2025-04-09 14:00:00,3042.7,3068.09,3036.15,3066.7,7916.0
2025-04-09 15:00:00,3066.83,3073.13,3042.7,3047.23,8788.0
2025-04-09 16:00:00,3047.43,3077.92,3047.39,3075.31,9617.0
2025-04-09 17:00:00,3075.12,3084.65,3068.36,3070.54,8711.0
2025-04-09 18:00:00,3070.44,3087.83,3065.39,3086.33,7417.0
2025-04-09 19:00:00,3086.36,3094.82,3082.78,3092.46,6269.0
2025-04-09 20:00:00,3092.51,3099.03,3051.23,3060.17,9044.0
2025-04-09 21:00:00,3059.85,3073.55,3048.56,3067.24,8245.0
2025-04-09 22:00:00,3067.24,3099.65,3064.34,3094.09,7486.0
2025-04-09 23:00:00,3093.8,3095.47,3078.06,3083.05,3459.0
2025-04-10 01:00:00,3083.57,3089.97,3071.48,3080.06,3601.0
2025-04-10 02:00:00,3080.06,3089.04,3079.58,3086.81,4821.0
2025-04-10 03:00:00,3086.8,3101.38,3081.4,3097.13,7445.0
2025-04-10 04:00:00,3097.14,3100.57,3078.47,3094.14,8111.0
2025-04-10 05:00:00,3094.04,3120.39,3094.04,3119.3,7220.0
2025-04-10 06:00:00,3119.33,3131.6,3115.34,3125.38,5686.0
2025-04-10 07:00:00,3125.34,3129.34,3121.16,3125.32,3971.0
2025-04-10 08:00:00,3125.35,3132.63,3112.85,3122.42,4835.0
2025-04-10 09:00:00,3122.36,3126.29,3118.97,3122.17,6368.0
2025-04-10 10:00:00,3122.2,3123.42,3106.61,3108.8,7282.0
2025-04-10 11:00:00,3108.78,3115.68,3104.82,3105.12,6481.0
2025-04-10 12:00:00,3105.11,3118.0,3103.17,3116.52,5861.0
2025-04-10 13:00:00,3116.63,3122.56,3114.35,3119.76,6171.0
2025-04-10 14:00:00,3119.79,3125.65,3113.23,3124.76,6454.0
2025-04-10 15:00:00,3124.79,3133.96,3116.34,3123.07,8060.0
2025-04-10 16:00:00,3123.09,3136.57,3116.17,3116.96,9332.0
2025-04-10 17:00:00,3116.95,3154.89,3116.83,3154.63,8419.0
2025-04-10 18:00:00,3154.72,3174.88,3154.58,3158.1,7614.0
2025-04-10 19:00:00,3158.0,3167.3,3154.06,3158.57,7590.0
2025-04-10 20:00:00,3158.46,3165.42,3151.59,3162.71,6587.0
2025-04-10 21:00:00,3162.79,3175.6,3158.17,3173.43,6366.0
2025-04-10 22:00:00,3173.42,3176.45,3168.04,3170.89,5904.0
2025-04-10 23:00:00,3170.71,3176.49,3168.47,3175.22,2511.0
2025-04-11 01:00:00,3175.67,3190.44,3175.63,3188.78,4104.0
2025-04-11 02:00:00,3188.8,3191.34,3183.14,3188.96,4655.0
2025-04-11 03:00:00,3188.97,3217.85,3184.96,3205.54,8277.0
2025-04-11 04:00:00,3205.39,3219.39,3201.05,3207.06,9082.0
2025-04-11 05:00:00,3207.23,3219.87,3206.04,3217.47,6948.0
2025-04-11 06:00:00,3217.42,3220.22,3214.18,3217.8,6194.0
2025-04-11 07:00:00,3217.82,3218.17,3208.5,3208.54,5223.0
2025-04-11 08:00:00,3208.62,3219.23,3187.2,3195.74,7794.0
2025-04-11 09:00:00,3195.74,3209.46,3190.29,3196.8,8104.0
2025-04-11 10:00:00,3197.31,3213.13,3194.02,3212.45,6942.0
2025-04-11 11:00:00,3212.49,3227.44,3208.48,3216.03,7333.0
2025-04-11 12:00:00,3216.01,3230.16,3212.11,3227.75,6206.0
2025-04-11 13:00:00,3227.73,3237.83,3210.13,3212.6,6488.0
2025-04-11 14:00:00,3212.67,3224.7,3211.54,3213.89,5920.0
2025-04-11 15:00:00,3213.97,3234.04,3211.17,3233.61,8105.0
2025-04-11 16:00:00,3233.64,3244.09,3219.61,3224.21,9557.0
2025-04-11 17:00:00,3223.7,3237.86,3222.94,3230.21,9676.0
2025-04-11 18:00:00,3230.18,3242.02,3229.49,3240.59,7756.0
2025-04-11 19:00:00,3240.56,3245.36,3219.79,3223.31,7302.0
2025-04-11 20:00:00,3223.35,3235.54,3223.35,3234.05,7386.0
2025-04-11 21:00:00,3234.03,3238.32,3231.24,3235.9,5967.0
2025-04-11 22:00:00,3235.74,3235.78,3227.59,3231.01,5884.0
2025-04-11 23:00:00,3231.74,3238.34,3230.92,3238.25,1722.0
2025-04-14 01:00:00,3229.89,3229.89,3209.38,3221.0,5107.0
2025-04-14 02:00:00,3221.0,3224.47,3216.7,3223.79,4567.0
2025-04-14 03:00:00,3223.9,3227.3,3219.18,3220.95,5318.0
2025-04-14 04:00:00,3220.95,3243.4,3215.27,3239.47,9146.0
2025-04-14 05:00:00,3239.49,3245.68,3229.56,3231.97,6427.0
2025-04-14 06:00:00,3231.93,3234.58,3226.95,3232.3,4389.0
2025-04-14 07:00:00,3232.32,3235.71,3226.15,3227.42,4101.0
2025-04-14 08:00:00,3227.4,3236.01,3221.51,3234.5,5612.0
2025-04-14 09:00:00,3234.43,3238.03,3228.94,3231.01,6150.0
2025-04-14 10:00:00,3231.04,3233.67,3224.89,3227.95,5934.0
2025-04-14 11:00:00,3227.96,3229.95,3216.57,3226.94,6123.0
2025-04-14 12:00:00,3226.92,3231.66,3220.91,3223.86,5564.0
2025-04-14 13:00:00,3223.83,3224.64,3206.37,3215.32,6357.0
2025-04-14 14:00:00,3215.27,3225.83,3214.06,3223.37,5653.0
2025-04-14 15:00:00,3223.42,3227.69,3200.43,3206.52,7442.0
2025-04-14 16:00:00,3206.72,3210.71,3193.67,3204.59,9409.0
2025-04-14 17:00:00,3204.55,3215.71,3195.26,3211.18,7673.0
2025-04-14 18:00:00,3211.14,3211.14,3196.38,3197.97,7148.0
2025-04-14 19:00:00,3197.99,3208.3,3197.76,3207.54,5738.0
2025-04-14 20:00:00,3207.53,3216.58,3207.09,3214.13,5835.0
2025-04-14 21:00:00,3214.11,3214.87,3201.49,3208.12,5057.0
2025-04-14 22:00:00,3208.09,3212.99,3207.81,3212.82,4909.0
2025-04-14 23:00:00,3212.86,3213.79,3207.42,3210.23,1965.0
2025-04-15 01:00:00,3211.25,3215.21,3210.77,3212.22,1989.0
2025-04-15 02:00:00,3212.25,3214.21,3210.48,3212.65,2682.0
2025-04-15 03:00:00,3212.64,3215.18,3210.85,3211.93,3844.0
2025-04-15 04:00:00,3211.88,3225.88,3210.11,3223.69,6356.0
2025-04-15 05:00:00,3223.75,3225.13,3218.87,3224.38,4725.0
2025-04-15 06:00:00,3224.27,3228.91,3223.3,3228.35,4494.0
2025-04-15 07:00:00,3228.35,3232.72,3226.86,3231.95,3780.0
2025-04-15 08:00:00,3231.85,3232.19,3220.99,3224.61,5253.0
2025-04-15 09:00:00,3224.61,3228.73,3223.21,3225.05,4656.0
2025-04-15 10:00:00,3225.09,3226.49,3217.46,3225.65,5513.0
2025-04-15 11:00:00,3225.66,3232.13,3224.42,3227.74,5627.0
2025-04-15 12:00:00,3227.72,3230.14,3221.14,3222.52,4613.0
2025-04-15 13:00:00,3222.6,3226.93,3219.61,3220.3,4391.0
2025-04-15 14:00:00,3220.26,3224.08,3216.91,3220.0,5044.0
2025-04-15 15:00:00,3220.21,3225.91,3214.05,3221.29,6102.0
2025-04-15 16:00:00,3221.28,3226.13,3211.44,3212.94,7599.0
2025-04-15 17:00:00,3212.93,3226.68,3212.93,3222.48,7485.0
2025-04-15 18:00:00,3222.46,3223.94,3216.73,3221.11,5994.0
2025-04-15 19:00:00,3221.15,3223.17,3219.26,3221.22,4995.0
2025-04-15 20:00:00,3221.2,3230.74,3220.2,3228.03,5205.0
2025-04-15 21:00:00,3228.04,3229.79,3225.7,3229.2,4700.0
2025-04-15 22:00:00,3229.19,3231.91,3226.22,3229.9,4631.0
2025-04-15 23:00:00,3229.93,3233.66,3226.53,3229.09,2394.0
2025-04-16 01:00:00,3230.98,3242.24,3229.99,3241.5,2701.0
2025-04-16 02:00:00,3241.5,3251.81,3238.4,3251.81,4442.0
2025-04-16 03:00:00,3251.81,3268.04,3251.66,3264.46,6494.0
2025-04-16 04:00:00,3264.49,3275.07,3256.06,3270.26,7541.0
2025-04-16 05:00:00,3270.24,3275.4,3267.01,3267.77,5490.0
2025-04-16 06:00:00,3267.73,3281.75,3266.26,3281.54,5042.0
2025-04-16 07:00:00,3281.45,3287.62,3269.47,3283.72,5246.0
2025-04-16 08:00:00,3283.73,3291.71,3283.68,3289.65,5261.0
2025-04-16 09:00:00,3289.66,3295.08,3286.04,3291.85,6171.0
2025-04-16 10:00:00,3291.84,3300.59,3291.36,3300.46,6796.0
2025-04-16 11:00:00,3300.48,3317.86,3288.69,3307.0,8665.0
2025-04-16 12:00:00,3306.97,3310.91,3300.19,3303.48,5979.0
2025-04-16 13:00:00,3303.52,3306.83,3299.72,3304.13,5088.0
2025-04-16 14:00:00,3304.14,3313.76,3293.14,3306.9,6319.0
2025-04-16 15:00:00,3306.8,3313.34,3302.5,3307.38,7004.0
2025-04-16 16:00:00,3307.4,3316.45,3296.96,3311.6,8231.0
2025-04-16 17:00:00,3311.65,3319.47,3306.28,3308.44,8771.0
2025-04-16 18:00:00,3308.45,3328.14,3305.27,3325.32,7593.0
2025-04-16 19:00:00,3325.34,3333.05,3321.51,3327.27,6609.0
2025-04-16 20:00:00,3327.33,3332.82,3324.47,3327.62,6459.0
2025-04-16 21:00:00,3328.1,3340.77,3326.43,3338.4,6211.0
2025-04-16 22:00:00,3338.43,3342.49,3336.0,3336.54,5977.0
2025-04-16 23:00:00,3336.67,3342.93,3334.51,3342.7,3320.0
2025-04-17 01:00:00,3343.21,3357.75,3343.04,3351.07,4313.0
2025-04-17 02:00:00,3351.09,3353.44,3346.99,3350.16,3903.0
2025-04-17 03:00:00,3350.16,3351.29,3342.07,3345.39,6098.0
2025-04-17 04:00:00,3345.51,3356.27,3320.85,3323.96,8795.0
2025-04-17 05:00:00,3323.89,3340.67,3321.17,3340.51,7024.0
2025-04-17 06:00:00,3340.46,3344.55,3337.55,3344.55,5436.0
2025-04-17 07:00:00,3344.55,3344.55,3337.83,3341.6,4539.0
2025-04-17 08:00:00,3341.53,3345.43,3328.44,3329.44,5365.0
2025-04-17 09:00:00,3329.44,3333.02,3325.19,3328.94,6922.0
2025-04-17 10:00:00,3328.91,3329.98,3314.25,3323.36,7121.0
2025-04-17 11:00:00,3323.37,3324.84,3312.78,3324.22,5951.0
2025-04-17 12:00:00,3324.26,3326.89,3320.65,3321.57,4662.0
2025-04-17 13:00:00,3321.56,3334.12,3321.16,3327.56,4808.0
2025-04-17 14:00:00,3327.69,3332.49,3322.45,3327.44,5451.0
2025-04-17 15:00:00,3327.33,3342.15,3322.36,3328.21,7210.0
2025-04-17 16:00:00,3328.26,3331.98,3311.98,3315.0,8537.0
2025-04-17 17:00:00,3315.05,3315.05,3283.67,3291.02,9845.0
2025-04-17 18:00:00,3291.21,3304.58,3290.47,3296.15,7333.0
2025-04-17 19:00:00,3296.2,3318.52,3294.82,3315.91,6785.0
2025-04-17 20:00:00,3315.95,3322.17,3314.14,3318.78,5867.0
2025-04-17 21:00:00,3318.84,3320.7,3314.2,3316.3,4724.0
2025-04-17 22:00:00,3316.28,3321.72,3310.86,3320.56,5129.0
2025-04-17 23:00:00,3320.53,3328.57,3317.84,3326.53,2942.0
2025-04-21 01:00:00,3332.98,3353.15,3328.92,3346.1,5626.0
2025-04-21 02:00:00,3346.13,3351.68,3343.47,3348.06,5272.0
2025-04-21 03:00:00,3348.12,3370.51,3347.53,3368.72,6565.0
2025-04-21 04:00:00,3368.8,3378.45,3367.35,3377.54,7385.0
2025-04-21 05:00:00,3377.58,3385.0,3374.25,3384.84,6423.0
2025-04-21 06:00:00,3384.83,3385.22,3378.38,3382.5,5640.0
2025-04-21 07:00:00,3382.49,3382.49,3369.74,3376.33,5017.0
2025-04-21 08:00:00,3376.34,3385.86,3376.0,3385.56,6061.0
2025-04-21 09:00:00,3385.44,3393.11,3382.55,3392.39,6408.0
2025-04-21 10:00:00,3392.2,3395.95,3381.83,3385.18,6717.0
2025-04-21 11:00:00,3385.08,3394.14,3383.7,3392.85,5820.0
2025-04-21 12:00:00,3392.77,3396.99,3390.94,3394.93,5582.0
2025-04-21 13:00:00,3394.92,3397.77,3392.02,3395.02,5490.0
2025-04-21 14:00:00,3395.01,3405.87,3386.47,3404.47,6704.0
2025-04-21 15:00:00,3404.51,3415.71,3398.12,3414.94,7263.0
2025-04-21 16:00:00,3414.89,3426.66,3405.44,3420.49,9078.0
2025-04-21 17:00:00,3420.41,3430.29,3409.01,3416.76,8322.0
2025-04-21 18:00:00,3416.81,3426.17,3408.21,3422.94,7336.0
2025-04-21 19:00:00,3422.95,3424.05,3410.22,3414.57,6348.0
2025-04-21 20:00:00,3414.61,3422.93,3406.09,3422.58,6631.0
2025-04-21 21:00:00,3422.56,3426.74,3417.77,3426.48,6043.0
2025-04-21 22:00:00,3426.46,3430.53,3417.5,3423.34,6364.0
2025-04-21 23:00:00,3423.53,3427.28,3419.66,3423.62,2560.0
2025-04-22 01:00:00,3424.06,3435.89,3423.45,3431.1,4116.0
2025-04-22 02:00:00,3431.15,3444.28,3429.33,3434.61,5738.0
2025-04-22 03:00:00,3434.4,3435.42,3412.49,3425.48,6902.0
2025-04-22 04:00:00,3425.49,3455.14,3421.66,3452.96,7553.0
2025-04-22 05:00:00,3452.94,3476.0,3442.57,3473.15,7190.0
2025-04-22 06:00:00,3473.0,3494.8,3472.11,3487.83,6270.0
2025-04-22 07:00:00,3487.8,3488.47,3479.63,3484.33,4899.0
2025-04-22 08:00:00,3484.39,3495.57,3473.58,3494.22,5907.0
2025-04-22 09:00:00,3494.45,3500.02,3475.29,3479.76,8667.0
2025-04-22 10:00:00,3479.76,3480.57,3460.99,3468.67,7979.0
2025-04-22 11:00:00,3468.68,3472.7,3443.21,3444.13,7231.0
2025-04-22 12:00:00,3444.17,3458.78,3443.97,3454.65,7020.0
2025-04-22 13:00:00,3454.68,3468.25,3451.37,3452.46,6799.0
2025-04-22 14:00:00,3452.4,3461.17,3448.24,3456.69,6297.0
2025-04-22 15:00:00,3456.62,3464.76,3424.31,3431.39,8044.0
2025-04-22 16:00:00,3431.37,3449.37,3408.48,3418.39,9267.0
2025-04-22 17:00:00,3418.45,3438.67,3417.84,3429.78,7655.0
2025-04-22 18:00:00,3429.82,3433.02,3410.26,3417.49,7047.0
2025-04-22 19:00:00,3417.43,3420.83,3371.91,3392.67,9303.0
2025-04-22 20:00:00,3392.75,3410.11,3385.9,3401.66,7709.0
2025-04-22 21:00:00,3401.72,3402.23,3372.96,3380.7,6330.0
2025-04-22 22:00:00,3381.22,3385.6,3366.65,3374.35,6342.0
2025-04-22 23:00:00,3374.58,3382.45,3373.1,3381.16,3324.0
2025-04-23 01:00:00,3323.3,3346.9,3312.97,3327.42,6667.0
2025-04-23 02:00:00,3327.73,3349.72,3326.77,3336.43,5300.0
2025-04-23 03:00:00,3336.11,3370.75,3334.52,3367.69,6050.0
2025-04-23 04:00:00,3367.82,3386.43,3358.91,3379.07,8015.0
2025-04-23 05:00:00,3379.05,3379.75,3348.66,3354.3,6717.0
2025-04-23 06:00:00,3354.07,3355.43,3329.09,3338.73,7053.0
2025-04-23 07:00:00,3338.77,3346.92,3335.53,3346.52,3823.0
2025-04-23 08:00:00,3346.49,3349.16,3315.84,3318.94,6100.0
2025-04-23 09:00:00,3318.94,3325.67,3291.67,3300.58,9091.0
2025-04-23 10:00:00,3300.92,3320.36,3300.92,3318.95,6667.0
2025-04-23 11:00:00,3319.27,3321.29,3305.29,3321.28,4971.0
2025-04-23 12:00:00,3321.35,3340.28,3317.1,3317.47,5580.0
2025-04-23 13:00:00,3317.42,3336.12,3316.55,3329.76,4844.0
2025-04-23 14:00:00,3329.64,3338.86,3321.98,3324.42,5177.0
2025-04-23 15:00:00,3324.56,3333.15,3310.48,3310.58,7868.0
2025-04-23 16:00:00,3310.56,3313.46,3271.02,3277.49,9930.0
2025-04-23 17:00:00,3277.37,3296.01,3259.98,3287.29,10274.0
2025-04-23 18:00:00,3287.35,3294.12,3269.04,3280.17,8731.0
2025-04-23 19:00:00,3280.25,3305.34,3278.96,3294.89,7445.0
2025-04-23 20:00:00,3294.94,3301.3,3277.62,3281.22,7212.0
2025-04-23 21:00:00,3281.14,3286.76,3277.71,3282.61,5845.0
2025-04-23 22:00:00,3282.61,3296.96,3282.48,3293.5,6014.0
2025-04-23 23:00:00,3293.67,3295.6,3283.81,3288.01,3421.0
2025-04-24 01:00:00,3288.38,3315.74,3288.26,3308.86,4454.0
2025-04-24 02:00:00,3308.86,3316.61,3308.08,3316.12,3430.0
2025-04-24 03:00:00,3316.14,3338.89,3313.14,3331.63,6498.0
2025-04-24 04:00:00,3331.55,3367.26,3330.71,3357.24,8622.0
2025-04-24 05:00:00,3357.22,3363.27,3335.58,3342.05,7196.0
2025-04-24 06:00:00,3342.04,3342.56,3320.41,3327.08,6068.0
2025-04-24 07:00:00,3326.81,3331.53,3325.74,3325.96,3694.0
2025-04-24 08:00:00,3326.0,3335.34,3320.33,3323.68,4784.0
2025-04-24 09:00:00,3323.67,3327.95,3314.64,3324.5,7354.0
2025-04-24 10:00:00,3324.47,3339.53,3322.92,3333.45,6399.0
2025-04-24 11:00:00,3333.51,3341.43,3327.19,3335.81,5693.0
2025-04-24 12:00:00,3335.96,3342.74,3325.32,3335.59,5530.0
2025-04-24 13:00:00,3335.5,3336.47,3325.53,3329.61,5235.0
2025-04-24 14:00:00,3329.67,3343.67,3329.43,3336.85,5477.0
2025-04-24 15:00:00,3336.79,3344.43,3335.4,3335.77,6359.0
2025-04-24 16:00:00,3335.76,3336.08,3312.42,3315.03,8458.0
2025-04-24 17:00:00,3315.12,3330.22,3306.67,3327.32,8493.0
2025-04-24 18:00:00,3327.3,3330.2,3319.36,3329.31,6901.0
2025-04-24 19:00:00,3329.24,3335.21,3322.32,3331.35,6280.0
2025-04-24 20:00:00,3331.57,3338.53,3329.87,3336.56,5638.0
2025-04-24 21:00:00,3336.59,3340.07,3333.52,3334.63,4539.0
2025-04-24 22:00:00,3334.66,3346.82,3333.29,3342.06,4902.0
2025-04-24 23:00:00,3342.13,3349.85,3337.87,3348.48,2945.0
2025-04-25 01:00:00,3350.22,3370.31,3349.16,3366.87,3627.0
2025-04-25 02:00:00,3366.76,3367.81,3346.64,3348.68,4970.0
2025-04-25 03:00:00,3348.68,3361.03,3347.05,3357.56,5649.0
2025-04-25 04:00:00,3357.53,3362.69,3342.52,3345.25,6874.0
2025-04-25 05:00:00,3345.35,3353.0,3344.28,3348.51,5275.0
2025-04-25 06:00:00,3348.44,3354.03,3322.28,3323.22,6087.0
2025-04-25 07:00:00,3323.16,3327.47,3316.28,3324.62,6449.0
2025-04-25 08:00:00,3324.61,3326.92,3286.98,3294.23,7977.0
2025-04-25 09:00:00,3294.03,3305.98,3287.47,3304.23,7915.0
2025-04-25 10:00:00,3304.32,3314.37,3303.02,3307.11,6203.0
2025-04-25 11:00:00,3307.12,3307.69,3291.74,3303.49,6130.0
2025-04-25 12:00:00,3303.73,3308.5,3291.92,3291.99,5684.0
2025-04-25 13:00:00,3291.87,3306.16,3291.87,3297.82,6118.0
2025-04-25 14:00:00,3297.8,3300.77,3287.81,3293.31,5901.0
2025-04-25 15:00:00,3293.23,3302.86,3290.99,3292.48,6076.0
2025-04-25 16:00:00,3292.51,3292.66,3265.03,3281.0,8998.0
2025-04-25 17:00:00,3280.88,3286.83,3274.62,3277.99,8000.0
2025-04-25 18:00:00,3277.83,3285.23,3270.06,3282.72,6512.0
2025-04-25 19:00:00,3282.71,3287.37,3280.24,3285.17,5157.0
2025-04-25 20:00:00,3285.19,3294.97,3281.73,3293.09,5806.0
2025-04-25 21:00:00,3293.16,3296.88,3288.2,3288.23,4737.0
2025-04-25 22:00:00,3288.25,3312.24,3287.7,3304.62,5526.0
2025-04-25 23:00:00,3305.06,3316.01,3304.53,3316.01,1881.0
2025-04-28 01:00:00,3324.74,3330.84,3308.99,3310.45,4651.0
2025-04-28 02:00:00,3310.51,3317.93,3298.5,3302.46,5903.0
2025-04-28 03:00:00,3302.46,3315.74,3301.62,3313.99,4897.0
2025-04-28 04:00:00,3313.93,3314.99,3279.03,3280.86,7384.0
2025-04-28 05:00:00,3280.83,3286.07,3268.16,3280.76,6631.0
2025-04-28 06:00:00,3280.65,3294.94,3280.2,3290.69,4670.0
2025-04-28 07:00:00,3290.67,3298.82,3288.52,3298.75,3604.0
2025-04-28 08:00:00,3298.81,3300.77,3287.68,3294.9,4207.0
2025-04-28 09:00:00,3295.05,3296.26,3281.85,3283.17,6313.0
2025-04-28 10:00:00,3283.37,3292.37,3277.45,3287.27,6243.0
2025-04-28 11:00:00,3287.23,3288.32,3279.1,3282.43,5470.0
2025-04-28 12:00:00,3282.42,3287.09,3274.29,3274.3,5551.0
2025-04-28 13:00:00,3274.31,3291.68,3273.1,3289.43,6005.0
2025-04-28 14:00:00,3289.44,3296.95,3284.81,3294.03,6329.0
2025-04-28 15:00:00,3294.16,3302.03,3292.49,3295.84,6719.0
2025-04-28 16:00:00,3295.76,3300.95,3286.76,3292.97,8129.0
2025-04-28 17:00:00,3292.91,3332.98,3292.91,3328.39,8498.0
2025-04-28 18:00:00,3328.36,3335.8,3318.98,3324.8,7364.0
2025-04-28 19:00:00,3324.78,3339.07,3324.3,3336.48,6349.0
2025-04-28 20:00:00,3336.55,3339.95,3333.04,3335.22,5857.0
2025-04-28 21:00:00,3335.18,3349.68,3333.8,3348.89,5700.0
2025-04-28 22:00:00,3348.88,3352.84,3345.39,3351.93,5345.0
2025-04-28 23:00:00,3352.08,3352.08,3342.16,3343.68,2418.0
2025-04-29 01:00:00,3344.44,3348.42,3332.39,3338.12,3829.0
2025-04-29 02:00:00,3338.09,3342.94,3333.9,3337.67,4393.0
2025-04-29 03:00:00,3337.68,3339.05,3327.84,3329.93,5354.0
2025-04-29 04:00:00,3329.95,3340.06,3322.9,3326.56,7405.0
2025-04-29 05:00:00,3326.57,3333.8,3319.56,3320.69,6216.0
2025-04-29 06:00:00,3320.68,3321.61,3308.15,3315.99,6520.0
2025-04-29 07:00:00,3316.09,3318.15,3306.87,3309.35,4464.0
2025-04-29 08:00:00,3309.34,3316.61,3305.16,3310.31,5433.0
2025-04-29 09:00:00,3310.29,3323.81,3308.79,3318.81,5740.0
2025-04-29 10:00:00,3318.8,3323.18,3312.39,3322.78,5520.0
2025-04-29 11:00:00,3322.98,3324.88,3311.75,3311.96,5092.0
2025-04-29 12:00:00,3311.84,3315.94,3308.67,3309.05,5107.0
2025-04-29 13:00:00,3309.13,3315.58,3306.27,3312.81,5499.0
2025-04-29 14:00:00,3312.9,3316.02,3307.96,3309.4,5363.0
2025-04-29 15:00:00,3309.29,3314.58,3300.54,3312.85,6857.0
2025-04-29 16:00:00,3312.73,3321.23,3299.73,3306.79,8634.0
2025-04-29 17:00:00,3306.9,3317.75,3299.73,3314.51,7539.0
2025-04-29 18:00:00,3314.5,3315.57,3305.3,3312.34,6633.0
2025-04-29 19:00:00,3312.38,3329.97,3312.21,3328.69,5840.0
2025-04-29 20:00:00,3328.79,3329.63,3314.31,3314.42,5257.0
2025-04-29 21:00:00,3314.38,3320.03,3313.32,3319.99,4902.0
2025-04-29 22:00:00,3319.98,3324.97,3318.05,3320.54,5017.0
2025-04-29 23:00:00,3320.54,3323.55,3316.51,3316.92,2178.0
2025-04-30 01:00:00,3314.31,3323.25,3313.6,3319.0,2495.0
2025-04-30 02:00:00,3318.98,3319.33,3311.03,3316.9,2793.0
2025-04-30 03:00:00,3316.93,3327.85,3311.32,3312.93,5248.0
2025-04-30 04:00:00,3312.92,3322.51,3307.65,3308.05,6534.0
2025-04-30 05:00:00,3308.0,3312.98,3304.91,3306.53,5515.0
2025-04-30 06:00:00,3306.56,3311.04,3303.58,3304.62,4891.0
2025-04-30 07:00:00,3304.59,3308.79,3301.18,3307.87,4543.0
2025-04-30 08:00:00,3307.9,3314.5,3307.54,3309.42,5633.0
2025-04-30 09:00:00,3309.44,3311.06,3304.8,3305.74,5470.0
2025-04-30 10:00:00,3305.67,3314.42,3302.98,3307.0,5176.0
2025-04-30 11:00:00,3306.98,3307.52,3280.15,3284.31,6900.0
2025-04-30 12:00:00,3284.35,3286.72,3274.92,3275.84,6445.0
2025-04-30 13:00:00,3275.74,3280.59,3271.74,3272.4,6133.0
2025-04-30 14:00:00,3272.35,3281.37,3268.12,3271.67,6331.0
2025-04-30 15:00:00,3272.12,3304.52,3266.98,3298.45,8488.0
2025-04-30 16:00:00,3298.49,3319.54,3296.02,3308.9,8340.0
2025-04-30 17:00:00,3308.84,3313.5,3292.73,3309.78,8526.0
2025-04-30 18:00:00,3309.66,3314.43,3298.88,3307.93,7607.0
2025-04-30 19:00:00,3307.83,3314.02,3306.93,3310.53,5808.0
2025-04-30 20:00:00,3310.5,3313.33,3304.81,3305.1,5472.0
2025-04-30 21:00:00,3305.05,3307.55,3300.24,3301.61,5510.0
2025-04-30 22:00:00,3301.61,3305.57,3291.97,3295.4,5463.0
2025-04-30 23:00:00,3295.53,3297.77,3282.96,3287.84,3883.0
2025-05-01 01:00:00,3287.5,3290.01,3271.24,3273.8,4889.0
2025-05-01 02:00:00,3273.81,3285.18,3269.59,3272.62,4163.0
2025-05-01 03:00:00,3272.64,3276.11,3241.11,3246.42,6905.0
2025-05-01 04:00:00,3246.39,3251.14,3234.26,3238.73,5867.0
2025-05-01 05:00:00,3238.73,3251.14,3235.03,3241.46,4923.0
2025-05-01 06:00:00,3241.41,3242.36,3228.86,3229.3,5462.0
2025-05-01 07:00:00,3229.32,3231.85,3221.06,3226.57,5161.0
2025-05-01 08:00:00,3226.55,3238.62,3223.3,3236.51,5591.0
2025-05-01 09:00:00,3236.52,3243.02,3233.64,3235.5,6004.0
2025-05-01 10:00:00,3235.47,3236.66,3225.98,3229.98,5571.0
2025-05-01 11:00:00,3229.95,3236.44,3229.81,3235.0,4922.0
2025-05-01 12:00:00,3235.06,3235.98,3215.57,3218.39,5778.0
2025-05-01 13:00:00,3218.42,3225.15,3213.45,3222.66,5845.0
2025-05-01 14:00:00,3222.76,3226.85,3203.22,3205.28,6465.0
2025-05-01 15:00:00,3205.24,3232.43,3201.81,3226.63,8258.0
2025-05-01 16:00:00,3226.48,3233.04,3218.63,3224.56,7777.0
2025-05-01 17:00:00,3224.7,3231.31,3214.14,3218.92,8393.0
2025-05-01 18:00:00,3219.04,3221.68,3204.86,3216.27,6757.0
2025-05-01 19:00:00,3216.28,3220.3,3208.79,3219.29,6115.0
2025-05-01 20:00:00,3219.31,3220.49,3209.79,3214.52,5655.0
2025-05-01 21:00:00,3214.34,3226.59,3212.7,3223.71,5073.0
2025-05-01 22:00:00,3223.71,3229.59,3223.71,3228.04,4739.0
2025-05-01 23:00:00,3228.07,3239.66,3227.89,3237.38,3467.0
2025-05-02 01:00:00,3238.77,3243.3,3232.4,3237.73,3340.0
2025-05-02 02:00:00,3237.77,3241.38,3234.57,3237.15,3524.0
2025-05-02 03:00:00,3237.22,3244.1,3227.38,3231.2,5624.0
2025-05-02 04:00:00,3231.37,3237.32,3231.25,3236.22,5266.0
2025-05-02 05:00:00,3236.35,3249.1,3235.72,3247.94,5899.0
2025-05-02 06:00:00,3247.97,3258.49,3245.67,3254.83,5422.0
2025-05-02 07:00:00,3254.82,3257.24,3250.37,3251.63,4977.0
2025-05-02 08:00:00,3251.54,3256.77,3249.33,3251.72,4787.0
2025-05-02 09:00:00,3251.72,3262.16,3246.29,3252.68,5678.0
2025-05-02 10:00:00,3252.68,3262.98,3251.39,3258.74,5512.0
2025-05-02 11:00:00,3258.75,3261.41,3255.09,3257.92,5364.0
2025-05-02 12:00:00,3257.9,3266.96,3254.98,3265.04,5865.0
2025-05-02 13:00:00,3265.05,3265.48,3257.14,3259.18,5329.0
2025-05-02 14:00:00,3259.22,3269.11,3257.82,3262.47,6049.0
2025-05-02 15:00:00,3262.49,3264.77,3250.12,3250.24,8029.0
2025-05-02 16:00:00,3250.16,3259.39,3239.46,3250.3,8967.0
2025-05-02 17:00:00,3250.36,3264.31,3242.06,3262.51,7919.0
2025-05-02 18:00:00,3262.53,3263.97,3230.06,3231.38,7347.0
2025-05-02 19:00:00,3231.42,3236.06,3222.65,3224.68,7793.0
2025-05-02 20:00:00,3224.75,3239.61,3223.43,3231.25,7231.0
2025-05-02 21:00:00,3231.23,3232.26,3224.09,3226.16,5537.0
2025-05-02 22:00:00,3226.25,3234.36,3226.25,3233.36,5914.0
2025-05-02 23:00:00,3232.79,3241.06,3232.62,3240.54,1871.0
2025-05-05 01:00:00,3238.45,3244.44,3237.37,3239.38,3705.0
2025-05-05 02:00:00,3239.38,3252.04,3238.74,3247.76,4358.0
2025-05-05 03:00:00,3247.89,3248.39,3241.15,3246.56,4811.0
2025-05-05 04:00:00,3246.61,3270.8,3246.43,3264.59,6211.0
2025-05-05 05:00:00,3264.6,3272.12,3259.54,3269.68,5680.0
2025-05-05 06:00:00,3269.92,3271.0,3252.93,3254.43,5110.0
2025-05-05 07:00:00,3254.38,3259.28,3253.47,3256.34,4291.0
2025-05-05 08:00:00,3256.35,3261.84,3253.9,3259.49,4947.0
2025-05-05 09:00:00,3259.57,3265.42,3256.65,3261.54,5320.0
2025-05-05 10:00:00,3262.01,3267.51,3258.56,3264.57,5511.0
2025-05-05 11:00:00,3264.53,3282.71,3262.91,3282.13,6337.0
2025-05-05 12:00:00,3282.48,3308.83,3282.02,3308.36,7464.0
2025-05-05 13:00:00,3308.37,3318.29,3308.25,3313.0,7459.0
2025-05-05 14:00:00,3312.99,3318.71,3311.11,3312.75,5950.0
2025-05-05 15:00:00,3312.7,3322.3,3312.65,3319.38,6818.0
2025-05-05 16:00:00,3319.37,3320.89,3311.74,3314.91,7144.0
2025-05-05 17:00:00,3314.96,3328.58,3309.79,3312.51,7890.0
2025-05-05 18:00:00,3312.47,3317.62,3308.94,3311.85,6650.0
2025-05-05 19:00:00,3311.84,3313.4,3305.47,3309.59,6029.0
2025-05-05 20:00:00,3309.55,3317.96,3309.04,3316.94,5589.0
2025-05-05 21:00:00,3316.9,3323.25,3313.79,3322.98,5293.0
2025-05-05 22:00:00,3323.0,3337.55,3322.65,3329.03,6213.0
2025-05-05 23:00:00,3328.78,3334.63,3328.78,3333.41,2788.0
2025-05-06 01:00:00,3336.3,3337.79,3327.49,3330.53,2736.0
2025-05-06 02:00:00,3330.54,3335.13,3329.0,3334.07,3203.0
2025-05-06 03:00:00,3334.11,3334.36,3323.52,3329.67,5431.0
2025-05-06 04:00:00,3329.62,3381.81,3329.62,3379.59,8891.0
2025-05-06 05:00:00,3379.63,3387.04,3356.52,3358.32,7941.0
2025-05-06 06:00:00,3358.41,3372.33,3352.51,3360.47,6760.0
2025-05-06 07:00:00,3360.48,3366.14,3356.12,3363.2,5136.0
2025-05-06 08:00:00,3363.21,3364.01,3350.31,3362.06,6042.0
2025-05-06 09:00:00,3362.08,3367.95,3358.81,3364.78,6022.0
2025-05-06 10:00:00,3365.52,3379.53,3365.12,3371.27,6958.0
2025-05-06 11:00:00,3371.54,3383.12,3368.67,3377.31,6745.0
2025-05-06 12:00:00,3377.2,3383.18,3371.44,3383.18,5888.0
2025-05-06 13:00:00,3383.21,3383.8,3376.66,3383.58,5634.0
2025-05-06 14:00:00,3383.59,3384.98,3373.73,3379.19,6074.0
2025-05-06 15:00:00,3379.16,3392.29,3373.29,3391.01,7151.0
2025-05-06 16:00:00,3391.08,3397.58,3387.77,3391.77,8371.0
2025-05-06 17:00:00,3391.75,3398.03,3378.2,3386.24,8141.0
2025-05-06 18:00:00,3386.23,3399.86,3385.36,3395.1,6463.0
2025-05-06 19:00:00,3395.11,3411.63,3394.72,3408.86,6537.0
2025-05-06 20:00:00,3408.89,3417.85,3407.52,3414.02,6337.0
2025-05-06 21:00:00,3414.03,3417.47,3410.24,3415.67,5287.0
2025-05-06 22:00:00,3415.7,3424.07,3412.67,3423.25,5707.0
2025-05-06 23:00:00,3423.2,3434.99,3419.27,3430.33,4483.0
2025-05-07 01:00:00,3439.0,3439.0,3380.62,3382.07,7427.0
2025-05-07 02:00:00,3381.4,3404.65,3377.1,3400.78,6619.0
2025-05-07 03:00:00,3401.01,3401.48,3361.09,3379.69,8020.0
2025-05-07 04:00:00,3379.47,3385.15,3360.2,3374.68,8084.0
2025-05-07 05:00:00,3374.73,3393.82,3372.13,3390.67,6853.0
2025-05-07 06:00:00,3390.66,3392.65,3370.1,3375.57,5731.0
2025-05-07 07:00:00,3375.54,3387.46,3375.18,3382.19,5032.0
2025-05-07 08:00:00,3382.17,3389.48,3378.69,3387.99,5592.0
2025-05-07 09:00:00,3388.02,3395.84,3387.51,3392.51,5834.0
2025-05-07 10:00:00,3392.45,3397.43,3383.82,3387.97,6227.0
2025-05-07 11:00:00,3388.02,3388.5,3378.23,3382.81,5825.0
2025-05-07 12:00:00,3382.8,3385.17,3369.8,3369.98,6176.0
2025-05-07 13:00:00,3369.96,3393.38,3369.29,3391.4,6542.0
2025-05-07 14:00:00,3391.42,3391.51,3383.8,3387.09,5800.0
2025-05-07 15:00:00,3387.04,3393.78,3384.17,3390.86,6476.0
2025-05-07 16:00:00,3390.88,3398.09,3381.51,3394.55,7765.0
2025-05-07 17:00:00,3393.82,3394.67,3375.73,3385.95,7643.0
2025-05-07 18:00:00,3385.85,3389.54,3382.04,3385.23,6316.0
2025-05-07 19:00:00,3385.19,3389.75,3378.85,3386.87,5236.0
2025-05-07 20:00:00,3386.89,3389.87,3383.86,3385.32,5112.0
2025-05-07 21:00:00,3385.1,3398.04,3376.05,3384.66,7792.0
2025-05-07 22:00:00,3385.0,3386.88,3363.87,3372.07,7161.0
2025-05-07 23:00:00,3371.99,3374.64,3363.8,3364.12,3542.0
2025-05-08 01:00:00,3365.95,3373.66,3364.57,3369.95,2936.0
2025-05-08 02:00:00,3369.92,3377.22,3369.71,3376.47,2716.0
2025-05-08 03:00:00,3376.52,3386.98,3373.84,3380.43,5267.0
2025-05-08 04:00:00,3380.46,3409.69,3379.01,3409.13,7576.0
2025-05-08 05:00:00,3408.78,3414.8,3402.11,3402.11,6462.0
2025-05-08 06:00:00,3402.1,3408.44,3395.8,3396.93,5769.0
2025-05-08 07:00:00,3396.88,3399.34,3381.89,3381.95,5244.0
2025-05-08 08:00:00,3382.02,3384.04,3354.77,3355.2,7044.0
2025-05-08 09:00:00,3355.21,3361.7,3320.18,3329.74,8608.0
2025-05-08 10:00:00,3329.44,3349.04,3327.15,3342.78,7029.0
2025-05-08 11:00:00,3342.73,3344.05,3336.97,3339.1,5626.0
2025-05-08 12:00:00,3339.12,3344.07,3331.07,3331.75,5829.0
2025-05-08 13:00:00,3331.77,3346.48,3330.24,3342.2,6196.0
2025-05-08 14:00:00,3342.18,3345.32,3339.06,3344.23,5404.0
2025-05-08 15:00:00,3344.24,3358.38,3343.04,3355.95,6743.0
2025-05-08 16:00:00,3355.96,3369.17,3354.52,3355.85,7684.0
2025-05-08 17:00:00,3355.86,3362.75,3350.68,3356.32,7368.0
2025-05-08 18:00:00,3356.37,3359.9,3326.66,3330.45,7856.0
2025-05-08 19:00:00,3329.92,3330.1,3304.23,3310.18,7727.0
2025-05-08 20:00:00,3310.13,3310.97,3297.67,3308.14,6843.0
2025-05-08 21:00:00,3308.22,3310.7,3305.46,3308.29,5142.0
2025-05-08 22:00:00,3308.32,3309.79,3288.62,3306.24,6098.0
2025-05-08 23:00:00,3306.71,3310.68,3303.78,3305.68,3314.0
2025-05-09 01:00:00,3304.52,3323.79,3304.35,3323.75,4043.0
2025-05-09 02:00:00,3323.74,3323.86,3311.91,3316.19,3938.0
2025-05-09 03:00:00,3316.12,3322.94,3308.72,3321.96,5415.0
2025-05-09 04:00:00,3321.98,3322.14,3286.63,3291.16,8061.0
2025-05-09 05:00:00,3291.15,3308.4,3274.55,3308.18,7840.0
2025-05-09 06:00:00,3308.08,3313.16,3299.59,3307.89,6058.0
2025-05-09 07:00:00,3307.9,3327.33,3307.9,3324.47,5216.0
2025-05-09 08:00:00,3324.41,3330.11,3312.75,3321.25,6149.0
2025-05-09 09:00:00,3321.34,3326.58,3315.19,3325.26,6397.0
2025-05-09 10:00:00,3325.33,3331.98,3322.31,3326.99,6398.0
2025-05-09 11:00:00,3327.27,3328.75,3320.09,3328.33,5917.0
2025-05-09 12:00:00,3328.31,3329.12,3323.4,3324.98,4992.0
2025-05-09 13:00:00,3325.01,3329.59,3321.84,3323.14,4461.0
2025-05-09 14:00:00,3323.15,3338.02,3323.06,3332.8,5952.0
2025-05-09 15:00:00,3332.89,3335.48,3328.91,3333.31,6243.0
2025-05-09 16:00:00,3333.27,3340.14,3328.59,3330.54,7931.0
2025-05-09 17:00:00,3330.57,3341.04,3320.2,3336.96,8161.0
2025-05-09 18:00:00,3336.93,3345.83,3335.96,3344.71,6671.0
2025-05-09 19:00:00,3344.89,3347.35,3336.3,3336.77,5777.0
2025-05-09 20:00:00,3336.64,3342.39,3335.88,3340.79,5347.0
2025-05-09 21:00:00,3340.78,3342.8,3336.16,3338.6,4565.0
2025-05-09 22:00:00,3338.6,3339.66,3325.3,3328.65,5212.0
2025-05-09 23:00:00,3327.67,3330.09,3324.83,3325.11,1728.0
2025-05-12 01:00:00,3273.03,3311.18,3266.6,3272.17,5842.0
2025-05-12 02:00:00,3272.19,3288.74,3265.6,3287.32,6614.0
2025-05-12 03:00:00,3287.24,3289.78,3271.69,3278.71,7051.0
2025-05-12 04:00:00,3278.8,3281.82,3258.56,3271.69,9739.0
2025-05-12 05:00:00,3271.68,3279.58,3269.13,3271.88,7390.0
2025-05-12 06:00:00,3271.89,3284.42,3270.29,3283.03,6163.0
2025-05-12 07:00:00,3283.03,3283.33,3275.39,3278.72,4598.0
2025-05-12 08:00:00,3278.73,3279.51,3268.37,3275.98,5897.0
2025-05-12 09:00:00,3276.05,3281.36,3272.91,3277.34,6376.0
2025-05-12 10:00:00,3277.26,3277.51,3215.97,3222.56,9757.0
2025-05-12 11:00:00,3223.46,3234.21,3220.58,3231.19,8388.0
2025-05-12 12:00:00,3231.23,3231.23,3212.9,3214.38,6957.0
2025-05-12 13:00:00,3214.92,3219.33,3207.58,3207.92,7205.0
2025-05-12 14:00:00,3207.93,3229.02,3207.73,3224.69,7324.0
2025-05-12 15:00:00,3224.56,3234.05,3220.2,3233.52,7209.0
2025-05-12 16:00:00,3233.34,3248.43,3231.59,3240.74,9313.0
2025-05-12 17:00:00,3240.51,3247.58,3233.26,3237.47,8602.0
2025-05-12 18:00:00,3237.46,3243.76,3232.64,3239.23,6753.0
2025-05-12 19:00:00,3239.0,3239.85,3223.19,3224.03,6519.0
2025-05-12 20:00:00,3224.04,3227.36,3221.02,3222.93,6089.0
2025-05-12 21:00:00,3223.03,3229.84,3220.13,3229.47,5208.0
2025-05-12 22:00:00,3229.48,3238.65,3228.75,3235.24,5856.0
2025-05-12 23:00:00,3235.19,3238.26,3232.42,3234.54,2655.0
2025-05-13 01:00:00,3236.01,3241.68,3229.76,3233.72,3213.0
2025-05-13 02:00:00,3233.73,3239.87,3233.33,3236.56,3082.0
2025-05-13 03:00:00,3236.6,3242.98,3233.76,3239.74,4915.0
2025-05-13 04:00:00,3239.76,3243.2,3215.8,3224.89,7285.0
2025-05-13 05:00:00,3225.02,3241.13,3222.99,3228.67,6214.0
2025-05-13 06:00:00,3228.71,3238.2,3228.06,3236.53,5187.0
2025-05-13 07:00:00,3236.5,3253.29,3234.76,3252.35,4592.0
2025-05-13 08:00:00,3252.58,3260.47,3250.99,3256.19,5805.0
2025-05-13 09:00:00,3256.26,3265.43,3247.19,3261.8,6302.0
2025-05-13 10:00:00,3261.83,3264.69,3254.16,3258.82,6024.0
2025-05-13 11:00:00,3258.93,3260.92,3250.26,3255.4,5533.0
2025-05-13 12:00:00,3255.3,3256.42,3250.34,3253.19,4984.0
2025-05-13 13:00:00,3253.21,3256.07,3250.98,3252.63,4602.0
2025-05-13 14:00:00,3252.51,3258.35,3248.56,3248.95,5614.0
2025-05-13 15:00:00,3248.91,3249.73,3237.17,3241.91,7897.0
2025-05-13 16:00:00,3241.62,3246.67,3227.18,3227.35,8631.0
2025-05-13 17:00:00,3227.43,3248.49,3225.3,3242.39,8102.0
2025-05-13 18:00:00,3242.44,3255.66,3241.93,3253.15,7073.0
2025-05-13 19:00:00,3253.12,3257.61,3248.61,3250.83,5931.0
2025-05-13 20:00:00,3250.82,3252.47,3241.9,3246.88,5463.0
2025-05-13 21:00:00,3246.85,3250.6,3245.51,3248.53,4636.0
2025-05-13 22:00:00,3248.65,3250.96,3246.16,3249.29,4545.0
2025-05-13 23:00:00,3249.31,3254.65,3247.93,3249.93,2637.0
2025-05-14 01:00:00,3249.31,3254.44,3249.07,3254.36,2049.0
2025-05-14 02:00:00,3254.35,3256.9,3251.96,3254.17,2531.0
2025-05-14 03:00:00,3254.21,3254.46,3240.39,3243.59,5756.0
2025-05-14 04:00:00,3243.61,3251.49,3237.11,3238.76,7009.0
2025-05-14 05:00:00,3238.74,3241.27,3229.19,3232.62,6510.0
2025-05-14 06:00:00,3232.62,3233.49,3226.1,3228.2,5666.0
2025-05-14 07:00:00,3228.26,3230.18,3222.39,3223.78,5049.0
2025-05-14 08:00:00,3223.76,3234.18,3221.49,3233.58,5799.0
2025-05-14 09:00:00,3233.81,3236.55,3227.72,3228.62,5868.0
2025-05-14 10:00:00,3228.61,3238.9,3224.27,3238.01,6576.0
2025-05-14 11:00:00,3238.13,3243.85,3230.49,3232.56,6714.0
2025-05-14 12:00:00,3232.59,3236.53,3229.17,3232.28,6421.0
2025-05-14 13:00:00,3232.25,3236.54,3229.64,3235.67,5466.0
2025-05-14 14:00:00,3235.75,3239.2,3219.46,3220.11,6262.0
2025-05-14 15:00:00,3220.6,3222.49,3184.08,3184.53,8942.0
2025-05-14 16:00:00,3184.59,3198.09,3174.82,3191.26,9551.0
2025-05-14 17:00:00,3191.23,3194.09,3179.22,3181.69,8139.0
2025-05-14 18:00:00,3181.68,3186.44,3178.96,3182.42,6928.0
2025-05-14 19:00:00,3182.43,3190.7,3173.61,3188.31,6557.0
2025-05-14 20:00:00,3188.28,3190.27,3180.76,3181.73,5625.0
2025-05-14 21:00:00,3181.74,3182.86,3171.56,3171.71,5222.0
2025-05-14 22:00:00,3171.71,3181.34,3167.91,3180.44,5884.0
2025-05-14 23:00:00,3180.45,3183.05,3176.89,3177.14,3035.0
2025-05-15 01:00:00,3177.54,3183.82,3177.27,3182.51,2381.0
2025-05-15 02:00:00,3182.61,3187.12,3181.06,3185.87,2603.0
2025-05-15 03:00:00,3185.77,3187.68,3180.1,3187.57,4618.0
2025-05-15 04:00:00,3187.57,3192.52,3171.19,3172.19,6932.0
2025-05-15 05:00:00,3172.2,3175.39,3149.95,3153.99,7402.0
2025-05-15 06:00:00,3153.83,3156.78,3148.2,3150.37,5606.0
2025-05-15 07:00:00,3150.27,3152.34,3135.43,3138.41,5342.0
2025-05-15 08:00:00,3138.43,3142.86,3123.24,3128.65,6339.0
2025-05-15 09:00:00,3128.73,3153.65,3120.47,3149.75,7842.0
2025-05-15 10:00:00,3149.69,3151.73,3130.43,3142.12,7033.0
2025-05-15 11:00:00,3142.11,3164.1,3138.96,3162.43,6546.0
2025-05-15 12:00:00,3162.38,3171.41,3159.17,3165.06,6275.0
2025-05-15 13:00:00,3165.04,3178.87,3164.0,3178.14,5804.0
2025-05-15 14:00:00,3178.11,3179.82,3172.29,3178.91,5743.0
2025-05-15 15:00:00,3178.96,3189.63,3177.42,3188.66,7036.0
2025-05-15 16:00:00,3188.64,3199.57,3185.07,3192.21,8608.0
2025-05-15 17:00:00,3191.96,3206.97,3190.33,3205.14,8258.0
2025-05-15 18:00:00,3205.13,3219.87,3204.39,3219.55,6712.0
2025-05-15 19:00:00,3219.6,3222.47,3215.66,3222.26,5497.0
2025-05-15 20:00:00,3222.28,3229.07,3216.5,3221.15,5865.0
2025-05-15 21:00:00,3221.26,3225.97,3219.86,3223.24,4738.0
2025-05-15 22:00:00,3223.25,3232.64,3222.32,3231.94,4968.0
2025-05-15 23:00:00,3231.9,3240.58,3231.09,3239.65,3509.0
2025-05-16 01:00:00,3239.41,3252.16,3236.95,3251.13,4006.0
2025-05-16 02:00:00,3251.17,3251.21,3236.57,3237.2,4742.0
2025-05-16 03:00:00,3237.22,3244.01,3232.07,3243.11,5836.0
2025-05-16 04:00:00,3243.17,3244.49,3215.02,3222.4,7507.0
2025-05-16 05:00:00,3222.25,3227.45,3212.96,3215.4,6323.0
2025-05-16 06:00:00,3215.51,3217.42,3206.58,3211.87,6020.0
2025-05-16 07:00:00,3211.97,3222.48,3211.73,3219.66,4634.0
2025-05-16 08:00:00,3219.59,3222.31,3212.07,3218.61,5403.0
2025-05-16 09:00:00,3218.5,3231.3,3212.9,3214.96,6287.0
2025-05-16 10:00:00,3214.97,3218.03,3205.21,3207.58,5912.0
2025-05-16 11:00:00,3207.43,3209.08,3195.42,3207.24,5736.0
2025-05-16 12:00:00,3207.23,3212.7,3203.62,3209.07,5198.0
2025-05-16 13:00:00,3209.09,3210.9,3168.8,3175.41,6935.0
2025-05-16 14:00:00,3175.86,3179.04,3154.18,3162.94,7000.0
2025-05-16 15:00:00,3162.99,3181.8,3154.79,3177.25,7231.0
2025-05-16 16:00:00,3177.3,3186.43,3169.22,3180.44,8074.0
2025-05-16 17:00:00,3180.45,3187.56,3166.01,3173.07,7428.0
2025-05-16 18:00:00,3173.06,3185.0,3172.63,3183.34,5873.0
2025-05-16 19:00:00,3183.32,3189.55,3180.27,3189.13,5660.0
2025-05-16 20:00:00,3189.12,3191.95,3183.28,3189.21,5352.0
2025-05-16 21:00:00,3189.25,3190.93,3184.61,3187.33,4462.0
2025-05-16 22:00:00,3187.35,3195.52,3187.31,3192.5,4772.0
2025-05-16 23:00:00,3195.7,3202.58,3194.75,3200.69,2302.0
2025-05-19 01:00:00,3219.19,3240.6,3206.56,3239.09,5911.0
2025-05-19 02:00:00,3239.12,3245.05,3226.43,3234.56,5169.0
2025-05-19 03:00:00,3234.67,3249.56,3233.34,3246.27,6187.0
2025-05-19 04:00:00,3246.21,3246.58,3214.48,3218.21,7633.0
2025-05-19 05:00:00,3218.15,3229.83,3216.93,3228.23,5842.0
2025-05-19 06:00:00,3228.36,3230.3,3207.99,3212.04,5020.0
2025-05-19 07:00:00,3212.04,3217.99,3206.52,3215.74,3732.0
2025-05-19 08:00:00,3215.71,3224.09,3214.72,3223.76,4436.0
2025-05-19 09:00:00,3223.81,3231.4,3220.08,3223.95,6371.0
2025-05-19 10:00:00,3223.94,3234.4,3223.94,3232.12,6285.0
2025-05-19 11:00:00,3232.13,3244.72,3229.88,3244.26,5804.0
2025-05-19 12:00:00,3244.28,3247.41,3233.49,3241.82,5561.0
2025-05-19 13:00:00,3241.81,3245.02,3234.1,3241.62,5030.0
2025-05-19 14:00:00,3241.55,3248.27,3239.0,3243.6,4724.0
2025-05-19 15:00:00,3243.59,3244.23,3228.73,3229.11,6296.0
2025-05-19 16:00:00,3229.2,3241.45,3224.46,3229.71,7771.0
2025-05-19 17:00:00,3229.8,3235.93,3217.14,3233.71,7389.0
2025-05-19 18:00:00,3233.72,3239.64,3229.49,3231.38,6075.0
2025-05-19 19:00:00,3231.47,3234.02,3227.91,3231.63,5164.0
2025-05-19 20:00:00,3231.62,3233.0,3225.41,3226.19,5141.0
2025-05-19 21:00:00,3226.18,3234.95,3224.99,3233.29,4460.0
2025-05-19 22:00:00,3233.32,3235.61,3231.48,3232.87,4282.0
2025-05-19 23:00:00,3232.85,3233.64,3227.9,3229.91,2633.0
2025-05-20 01:00:00,3229.5,3231.08,3224.51,3226.61,1948.0
2025-05-20 02:00:00,3226.74,3227.31,3218.9,3222.34,3330.0
2025-05-20 03:00:00,3222.43,3223.97,3214.06,3222.62,5232.0
2025-05-20 04:00:00,3222.67,3232.55,3220.4,3220.88,6641.0
2025-05-20 05:00:00,3220.92,3222.8,3206.31,3206.5,6755.0
2025-05-20 06:00:00,3206.53,3213.96,3204.41,3211.26,5342.0
2025-05-20 07:00:00,3211.21,3217.84,3211.03,3217.11,4553.0
2025-05-20 08:00:00,3217.08,3219.61,3209.73,3213.63,5459.0
2025-05-20 09:00:00,3213.65,3218.96,3208.5,3209.67,6063.0
2025-05-20 10:00:00,3209.6,3225.17,3207.78,3222.68,5802.0
2025-05-20 11:00:00,3222.65,3235.64,3218.17,3235.64,5670.0
2025-05-20 12:00:00,3235.66,3239.1,3230.42,3236.15,6394.0
2025-05-20 13:00:00,3236.13,3238.2,3231.75,3235.11,5176.0
2025-05-20 14:00:00,3235.12,3241.41,3234.95,3241.0,5082.0
2025-05-20 15:00:00,3240.96,3250.56,3234.3,3242.47,6799.0
2025-05-20 16:00:00,3242.57,3261.36,3232.61,3260.9,7878.0
2025-05-20 17:00:00,3261.04,3285.75,3260.56,3282.37,9122.0
2025-05-20 18:00:00,3282.48,3283.54,3273.45,3277.2,6625.0
2025-05-20 19:00:00,3277.19,3282.6,3275.29,3278.98,5365.0
2025-05-20 20:00:00,3278.88,3287.82,3278.32,3286.47,5448.0
2025-05-20 21:00:00,3286.48,3289.72,3284.17,3287.66,5315.0
2025-05-20 22:00:00,3287.74,3295.16,3287.32,3294.12,5418.0
2025-05-20 23:00:00,3294.17,3295.7,3289.29,3289.61,3207.0
2025-05-21 01:00:00,3289.84,3304.18,3289.58,3296.66,4591.0
2025-05-21 02:00:00,3296.59,3296.64,3288.4,3290.46,3900.0
2025-05-21 03:00:00,3290.48,3304.03,3288.78,3303.28,5682.0
2025-05-21 04:00:00,3303.28,3314.49,3285.39,3294.45,8171.0
2025-05-21 05:00:00,3294.43,3304.94,3289.21,3301.58,6665.0
2025-05-21 06:00:00,3301.6,3309.49,3299.06,3307.39,5474.0
2025-05-21 07:00:00,3307.34,3308.1,3301.08,3301.94,4313.0
2025-05-21 08:00:00,3301.94,3319.46,3298.28,3316.22,5975.0
2025-05-21 09:00:00,3316.19,3320.44,3310.65,3319.84,6594.0
2025-05-21 10:00:00,3319.8,3319.8,3307.67,3309.59,6227.0
2025-05-21 11:00:00,3309.69,3312.07,3303.78,3308.29,5886.0
2025-05-21 12:00:00,3308.37,3313.32,3306.98,3313.31,5592.0
2025-05-21 13:00:00,3313.4,3318.05,3308.43,3311.57,5709.0
2025-05-21 14:00:00,3311.58,3316.22,3306.38,3311.0,5947.0
2025-05-21 15:00:00,3311.03,3312.48,3290.76,3302.42,7833.0
2025-05-21 16:00:00,3302.52,3309.34,3295.28,3303.47,8072.0
2025-05-21 17:00:00,3302.99,3307.41,3295.19,3304.17,7587.0
2025-05-21 18:00:00,3304.23,3315.01,3303.43,3311.79,6609.0
2025-05-21 19:00:00,3311.76,3314.44,3302.57,3302.89,5653.0
2025-05-21 20:00:00,3302.91,3316.17,3302.61,3316.17,6623.0
2025-05-21 21:00:00,3316.16,3316.27,3311.82,3314.17,5329.0
2025-05-21 22:00:00,3314.17,3324.67,3314.17,3318.18,5956.0
2025-05-21 23:00:00,3318.2,3319.66,3313.0,3315.09,3190.0
2025-05-22 01:00:00,3319.27,3320.88,3315.44,3317.76,2853.0
2025-05-22 02:00:00,3317.78,3323.97,3317.22,3319.86,3520.0
2025-05-22 03:00:00,3319.97,3325.91,3319.24,3323.59,5047.0
2025-05-22 04:00:00,3323.57,3342.66,3320.31,3337.92,7374.0
2025-05-22 05:00:00,3337.96,3344.5,3336.38,3340.93,6029.0
2025-05-22 06:00:00,3340.96,3345.23,3334.77,3335.29,5244.0
2025-05-22 07:00:00,3335.24,3338.95,3332.55,3338.4,4086.0
2025-05-22 08:00:00,3338.4,3339.25,3326.08,3332.16,5039.0
2025-05-22 09:00:00,3332.13,3335.37,3325.49,3326.3,6013.0
2025-05-22 10:00:00,3326.3,3331.02,3322.42,3327.36,6323.0
2025-05-22 11:00:00,3327.32,3329.69,3310.05,3311.14,7192.0
2025-05-22 12:00:00,3311.06,3313.64,3304.01,3304.62,6210.0
2025-05-22 13:00:00,3304.6,3307.27,3288.35,3289.65,7160.0
2025-05-22 14:00:00,3289.48,3314.53,3282.87,3314.33,7845.0
2025-05-22 15:00:00,3314.12,3314.33,3300.72,3303.85,7972.0
2025-05-22 16:00:00,3303.92,3315.49,3286.83,3287.57,8629.0
2025-05-22 17:00:00,3287.56,3304.29,3279.16,3296.79,8571.0
2025-05-22 18:00:00,3296.84,3298.59,3281.3,3294.64,7566.0
2025-05-22 19:00:00,3294.54,3304.61,3290.93,3301.35,6060.0
2025-05-22 20:00:00,3301.37,3301.57,3290.07,3296.45,6054.0
2025-05-22 21:00:00,3296.42,3298.67,3292.19,3293.65,5265.0
2025-05-22 22:00:00,3293.65,3296.93,3288.92,3290.07,5138.0
2025-05-22 23:00:00,3290.18,3295.44,3289.42,3294.45,2650.0
2025-05-23 01:00:00,3294.58,3299.18,3293.99,3297.57,2489.0
2025-05-23 02:00:00,3297.62,3301.78,3297.22,3299.88,2823.0
2025-05-23 03:00:00,3299.89,3308.69,3286.93,3300.76,7795.0
2025-05-23 04:00:00,3300.77,3306.24,3295.79,3304.99,8447.0
2025-05-23 05:00:00,3304.99,3305.17,3290.85,3296.75,7063.0
2025-05-23 06:00:00,3296.74,3303.21,3296.34,3301.91,5834.0
2025-05-23 07:00:00,3301.87,3315.98,3301.76,3313.42,6044.0
2025-05-23 08:00:00,3313.36,3325.52,3312.36,3323.61,7620.0
2025-05-23 09:00:00,3323.66,3331.77,3322.91,3330.84,8016.0
2025-05-23 10:00:00,3330.9,3334.2,3326.55,3329.06,7387.0
2025-05-23 11:00:00,3329.03,3329.25,3322.43,3326.18,6762.0
2025-05-23 12:00:00,3326.19,3333.9,3324.75,3328.43,7190.0
2025-05-23 13:00:00,3328.44,3331.63,3323.27,3328.44,6290.0
2025-05-23 14:00:00,3328.39,3349.61,3324.33,3347.82,8757.0
2025-05-23 15:00:00,3347.86,3360.32,3344.73,3356.96,10773.0
2025-05-23 16:00:00,3357.11,3364.43,3337.02,3339.81,10810.0
2025-05-23 17:00:00,3339.78,3359.43,3336.35,3359.05,10143.0
2025-05-23 18:00:00,3359.07,3362.25,3351.94,3361.5,8941.0
2025-05-23 19:00:00,3361.46,3364.34,3357.06,3358.83,7485.0
2025-05-23 20:00:00,3358.84,3365.67,3356.27,3362.46,7262.0
2025-05-23 21:00:00,3362.47,3365.68,3360.92,3361.86,6155.0
2025-05-23 22:00:00,3361.96,3365.55,3358.14,3360.52,6114.0
2025-05-23 23:00:00,3361.4,3361.47,3356.88,3359.79,1486.0
2025-05-26 01:00:00,3355.89,3356.07,3341.23,3344.16,5379.0
2025-05-26 02:00:00,3344.16,3350.46,3341.27,3342.47,4035.0
2025-05-26 03:00:00,3342.48,3346.03,3331.34,3341.78,6650.0
2025-05-26 04:00:00,3341.85,3347.47,3335.45,3344.77,8515.0
2025-05-26 05:00:00,3344.73,3356.6,3343.11,3348.04,7358.0
2025-05-26 06:00:00,3347.94,3349.8,3344.14,3347.37,5684.0
2025-05-26 07:00:00,3347.41,3350.88,3346.13,3349.65,4634.0
2025-05-26 08:00:00,3349.65,3351.63,3344.18,3347.24,5809.0
2025-05-26 09:00:00,3347.19,3347.33,3336.89,3337.0,6602.0
2025-05-26 10:00:00,3336.98,3338.52,3332.02,3337.1,6768.0
2025-05-26 11:00:00,3337.17,3339.45,3330.91,3334.29,6504.0
2025-05-26 12:00:00,3334.48,3335.91,3323.36,3328.35,6143.0
2025-05-26 13:00:00,3328.34,3333.39,3328.34,3331.34,3895.0
2025-05-26 14:00:00,3331.36,3334.28,3329.05,3333.0,3650.0
2025-05-26 15:00:00,3332.94,3334.88,3326.15,3334.21,5789.0
2025-05-26 16:00:00,3334.22,3338.76,3331.34,3338.24,6718.0
2025-05-26 17:00:00,3338.22,3341.38,3335.41,3337.04,6579.0
2025-05-26 18:00:00,3337.05,3339.53,3336.66,3337.72,3796.0
2025-05-26 19:00:00,3337.83,3343.41,3337.4,3341.92,3096.0
2025-05-26 20:00:00,3341.96,3342.89,3340.29,3341.03,2256.0
2025-05-26 21:00:00,3341.07,3342.97,3340.79,3342.03,1103.0
2025-05-27 01:00:00,3342.5,3348.62,3342.5,3347.38,2789.0
2025-05-27 02:00:00,3347.45,3348.28,3344.37,3345.97,2978.0
2025-05-27 03:00:00,3345.94,3349.75,3342.31,3344.9,5732.0
2025-05-27 04:00:00,3344.93,3347.17,3331.65,3335.68,7591.0
2025-05-27 05:00:00,3335.8,3344.22,3334.85,3342.82,6364.0
2025-05-27 06:00:00,3342.74,3347.09,3340.72,3340.94,5257.0
2025-05-27 07:00:00,3340.95,3341.27,3330.52,3330.73,5285.0
2025-05-27 08:00:00,3330.76,3332.47,3315.92,3323.34,8458.0
2025-05-27 09:00:00,3323.36,3328.17,3304.98,3308.41,8938.0
2025-05-27 10:00:00,3308.23,3312.3,3292.37,3296.71,6533.0
2025-05-27 11:00:00,3295.94,3310.17,3295.94,3298.38,7240.0
2025-05-27 12:00:00,3298.36,3309.45,3294.49,3296.25,8340.0
2025-05-27 13:00:00,3296.01,3299.38,3290.68,3293.05,7662.0
2025-05-27 14:00:00,3293.07,3297.96,3287.61,3288.17,8155.0
2025-05-27 15:00:00,3288.18,3297.72,3287.84,3293.63,8890.0
2025-05-27 16:00:00,3293.56,3304.68,3292.17,3295.14,9738.0
2025-05-27 17:00:00,3295.07,3303.11,3285.09,3299.65,9516.0
2025-05-27 18:00:00,3299.62,3302.85,3289.5,3293.36,8253.0
2025-05-27 19:00:00,3293.4,3298.6,3292.92,3297.6,7019.0
2025-05-27 20:00:00,3297.65,3304.17,3296.67,3301.15,6673.0
2025-05-27 21:00:00,3301.2,3303.82,3298.99,3302.91,5568.0
2025-05-27 22:00:00,3302.93,3307.77,3302.83,3304.22,6077.0
2025-05-27 23:00:00,3304.18,3304.93,3299.55,3300.27,2464.0
2025-05-28 01:00:00,3301.0,3305.51,3300.72,3302.94,2691.0
2025-05-28 02:00:00,3303.02,3310.73,3297.89,3309.24,3619.0
2025-05-28 03:00:00,3309.24,3315.59,3308.06,3308.38,4716.0
2025-05-28 04:00:00,3308.37,3310.61,3298.45,3301.56,7035.0
2025-05-28 05:00:00,3301.55,3313.31,3300.18,3302.1,6821.0
2025-05-28 06:00:00,3302.16,3303.9,3291.54,3297.51,6798.0
2025-05-28 07:00:00,3297.62,3298.9,3294.22,3296.27,4772.0
2025-05-28 08:00:00,3296.28,3310.1,3295.86,3307.07,6612.0
2025-05-28 09:00:00,3307.12,3308.54,3298.22,3308.15,6946.0
2025-05-28 10:00:00,3308.13,3322.17,3307.11,3319.08,8039.0
2025-05-28 11:00:00,3318.96,3323.6,3314.99,3321.4,7194.0
2025-05-28 12:00:00,3321.39,3325.29,3319.97,3323.92,5544.0
2025-05-28 13:00:00,3323.93,3324.53,3311.69,3313.15,6075.0
2025-05-28 14:00:00,3313.17,3314.91,3307.26,3311.01,6687.0
2025-05-28 15:00:00,3311.04,3314.34,3305.21,3312.07,7833.0
2025-05-28 16:00:00,3312.04,3316.19,3297.51,3305.0,9484.0
2025-05-28 17:00:00,3304.96,3308.82,3300.29,3302.39,9273.0
2025-05-28 18:00:00,3302.42,3302.57,3292.46,3295.85,8485.0
2025-05-28 19:00:00,3295.89,3299.03,3288.42,3293.25,7489.0
2025-05-28 20:00:00,3293.3,3298.83,3291.15,3296.74,6499.0
2025-05-28 21:00:00,3296.71,3302.81,3296.51,3301.99,6708.0
2025-05-28 22:00:00,3301.89,3302.87,3293.71,3296.84,7415.0
2025-05-28 23:00:00,3296.83,3297.12,3276.57,3287.89,3558.0
2025-05-29 01:00:00,3286.98,3294.98,3281.94,3286.41,4439.0
2025-05-29 02:00:00,3286.39,3287.54,3250.14,3259.69,8767.0
2025-05-29 03:00:00,3259.68,3268.87,3253.73,3264.81,9300.0
2025-05-29 04:00:00,3264.85,3265.6,3245.31,3263.39,9433.0
2025-05-29 05:00:00,3263.4,3275.21,3260.86,3269.79,8041.0
2025-05-29 06:00:00,3269.82,3279.89,3267.9,3274.39,7182.0
2025-05-29 07:00:00,3274.37,3275.21,3268.91,3268.95,5877.0
2025-05-29 08:00:00,3269.01,3272.48,3265.85,3272.3,6745.0
2025-05-29 09:00:00,3272.33,3276.19,3267.9,3271.48,7522.0
2025-05-29 10:00:00,3271.54,3287.24,3271.54,3286.47,7355.0
2025-05-29 11:00:00,3286.35,3289.09,3278.02,3281.49,6858.0
2025-05-29 12:00:00,3281.42,3283.03,3276.05,3281.86,6263.0
2025-05-29 13:00:00,3281.87,3300.54,3281.73,3296.5,7786.0
2025-05-29 14:00:00,3296.46,3305.29,3295.24,3299.56,7542.0
2025-05-29 15:00:00,3299.55,3317.2,3298.53,3316.27,9570.0
2025-05-29 16:00:00,3316.28,3321.83,3310.19,3312.43,10080.0
2025-05-29 17:00:00,3312.44,3319.19,3304.81,3310.36,9327.0
2025-05-29 18:00:00,3310.31,3322.01,3309.79,3321.53,7811.0
2025-05-29 19:00:00,3321.65,3330.81,3319.81,3322.28,7634.0
2025-05-29 20:00:00,3322.29,3324.44,3318.14,3324.22,6955.0
2025-05-29 21:00:00,3324.23,3325.81,3317.6,3321.22,6529.0
2025-05-29 22:00:00,3321.19,3321.5,3315.54,3316.68,5863.0
2025-05-29 23:00:00,3316.57,3318.37,3315.32,3317.64,2270.0
2025-05-30 01:00:00,3317.51,3321.0,3313.63,3314.34,3023.0
2025-05-30 02:00:00,3314.38,3317.27,3312.95,3315.56,3594.0
2025-05-30 03:00:00,3315.54,3318.87,3309.65,3312.53,5943.0
2025-05-30 04:00:00,3312.54,3322.74,3308.18,3310.08,8039.0
2025-05-30 05:00:00,3309.91,3312.19,3295.06,3297.19,8161.0
2025-05-30 06:00:00,3297.3,3302.39,3291.29,3294.53,6595.0
2025-05-30 07:00:00,3294.54,3296.51,3291.58,3296.3,4738.0
2025-05-30 08:00:00,3296.34,3305.04,3290.27,3303.91,6196.0
2025-05-30 09:00:00,3303.86,3304.24,3290.49,3301.75,7483.0
2025-05-30 10:00:00,3301.83,3301.83,3287.44,3294.99,7336.0
2025-05-30 11:00:00,3294.62,3299.27,3291.68,3295.77,6991.0
2025-05-30 12:00:00,3295.68,3299.24,3292.59,3295.63,6176.0
2025-05-30 13:00:00,3295.64,3300.62,3292.55,3295.26,5855.0
2025-05-30 14:00:00,3295.23,3297.22,3288.65,3294.03,6636.0
2025-05-30 15:00:00,3294.09,3306.82,3283.07,3304.06,9674.0
2025-05-30 16:00:00,3304.0,3308.26,3275.25,3276.75,9720.0
2025-05-30 17:00:00,3277.05,3287.3,3271.57,3282.71,10265.0
2025-05-30 18:00:00,3282.78,3292.7,3276.09,3288.65,8720.0
2025-05-30 19:00:00,3288.61,3295.73,3284.04,3293.41,7765.0
2025-05-30 20:00:00,3293.39,3294.78,3289.82,3290.95,6334.0
2025-05-30 21:00:00,3290.97,3295.05,3290.96,3293.86,5479.0
2025-05-30 22:00:00,3293.85,3295.09,3291.67,3294.87,5526.0
2025-05-30 23:00:00,3294.89,3295.73,3289.88,3290.85,1634.0
2025-06-02 01:00:00,3298.4,3315.03,3295.86,3312.96,5796.0
2025-06-02 02:00:00,3313.07,3316.62,3309.31,3310.21,3636.0
2025-06-02 03:00:00,3310.21,3314.94,3303.38,3311.37,6318.0
2025-06-02 04:00:00,3311.35,3313.84,3301.46,3303.57,6784.0
2025-06-02 05:00:00,3303.53,3311.56,3303.39,3307.32,5796.0
2025-06-02 06:00:00,3307.3,3308.95,3303.4,3308.76,5306.0
2025-06-02 07:00:00,3308.86,3318.24,3308.86,3313.89,5165.0
2025-06-02 08:00:00,3313.97,3325.75,3313.95,3323.77,5557.0
2025-06-02 09:00:00,3323.75,3345.42,3323.75,3344.42,7184.0
2025-06-02 10:00:00,3344.44,3358.91,3343.26,3352.58,8161.0
2025-06-02 11:00:00,3352.55,3356.37,3350.07,3352.09,6330.0
2025-06-02 12:00:00,3352.08,3352.5,3344.49,3348.3,6082.0
2025-06-02 13:00:00,3348.32,3351.43,3344.59,3348.62,6208.0
2025-06-02 14:00:00,3348.58,3360.12,3346.14,3356.32,7064.0
2025-06-02 15:00:00,3356.29,3363.61,3354.08,3355.45,8412.0
2025-06-02 16:00:00,3355.61,3376.21,3350.34,3370.97,9525.0
2025-06-02 17:00:00,3370.93,3379.02,3367.7,3376.07,10029.0
2025-06-02 18:00:00,3375.91,3378.8,3369.85,3374.29,8330.0
2025-06-02 19:00:00,3374.48,3379.21,3369.32,3371.55,7349.0
2025-06-02 20:00:00,3371.5,3375.96,3371.2,3374.37,6973.0
2025-06-02 21:00:00,3374.41,3380.05,3370.81,3379.24,6475.0
2025-06-02 22:00:00,3379.25,3382.33,3377.92,3381.57,6957.0
2025-06-02 23:00:00,3381.6,3382.93,3378.43,3381.43,3412.0
2025-06-03 01:00:00,3384.07,3391.39,3382.39,3390.05,4225.0
2025-06-03 02:00:00,3390.05,3392.25,3383.16,3387.41,4044.0
2025-06-03 03:00:00,3387.42,3388.65,3373.85,3375.86,6817.0
2025-06-03 04:00:00,3375.87,3376.01,3363.35,3372.63,9142.0
2025-06-03 05:00:00,3372.64,3377.99,3364.48,3368.88,7694.0
2025-06-03 06:00:00,3368.72,3369.62,3359.83,3361.09,6669.0
2025-06-03 07:00:00,3361.17,3365.18,3359.26,3362.77,5417.0
2025-06-03 08:00:00,3362.75,3367.71,3356.38,3365.03,6682.0
2025-06-03 09:00:00,3365.01,3367.3,3351.21,3358.87,7450.0
2025-06-03 10:00:00,3358.82,3361.21,3352.58,3359.64,7537.0
2025-06-03 11:00:00,3359.67,3364.85,3359.67,3360.96,6587.0
2025-06-03 12:00:00,3360.9,3362.46,3354.8,3356.61,6202.0
2025-06-03 13:00:00,3356.63,3358.45,3354.77,3355.32,5747.0
2025-06-03 14:00:00,3355.34,3360.32,3353.36,3359.09,5950.0
2025-06-03 15:00:00,3359.13,3362.91,3348.89,3359.18,8280.0
2025-06-03 16:00:00,3359.19,3362.91,3340.86,3345.6,9124.0
2025-06-03 17:00:00,3345.48,3349.93,3332.93,3346.33,9469.0
2025-06-03 18:00:00,3346.27,3351.35,3343.9,3350.02,7826.0
2025-06-03 19:00:00,3350.09,3353.34,3344.46,3348.24,7158.0
2025-06-03 20:00:00,3348.21,3354.41,3347.19,3353.11,6392.0
2025-06-03 21:00:00,3352.98,3353.62,3350.28,3353.38,5010.0
2025-06-03 22:00:00,3353.4,3355.3,3351.09,3352.31,4982.0
2025-06-03 23:00:00,3352.43,3355.14,3352.34,3353.0,2200.0
2025-06-04 01:00:00,3353.1,3358.37,3353.1,3356.99,1925.0
2025-06-04 02:00:00,3357.01,3361.49,3355.17,3359.8,3027.0
2025-06-04 03:00:00,3359.82,3359.99,3349.67,3350.15,6706.0
2025-06-04 04:00:00,3350.1,3372.15,3346.33,3370.69,7949.0
2025-06-04 05:00:00,3370.67,3372.45,3362.87,3365.36,6243.0
2025-06-04 06:00:00,3365.34,3367.25,3358.12,3358.96,5597.0
2025-06-04 07:00:00,3358.99,3361.24,3352.27,3354.63,5914.0
2025-06-04 08:00:00,3354.65,3356.28,3347.84,3350.85,6925.0
2025-06-04 09:00:00,3350.87,3358.24,3348.88,3355.52,6873.0
2025-06-04 10:00:00,3355.62,3365.09,3353.55,3354.45,6852.0
2025-06-04 11:00:00,3354.4,3364.0,3351.62,3362.57,6552.0
2025-06-04 12:00:00,3362.61,3364.78,3359.18,3362.75,5936.0
2025-06-04 13:00:00,3362.72,3363.63,3347.2,3350.77,6231.0
2025-06-04 14:00:00,3350.73,3351.8,3343.55,3346.38,6521.0
2025-06-04 15:00:00,3346.42,3360.67,3344.18,3358.64,8741.0
2025-06-04 16:00:00,3358.7,3362.5,3350.65,3352.45,8432.0
2025-06-04 17:00:00,3352.84,3384.44,3351.02,3377.28,9607.0
2025-06-04 18:00:00,3377.25,3378.79,3369.55,3371.54,7843.0
2025-06-04 19:00:00,3371.56,3376.02,3370.63,3374.88,5952.0
2025-06-04 20:00:00,3374.83,3380.67,3372.85,3378.99,5401.0
2025-06-04 21:00:00,3378.97,3381.96,3374.85,3376.0,4825.0
2025-06-04 22:00:00,3376.01,3376.09,3371.74,3373.32,5238.0
2025-06-04 23:00:00,3373.48,3374.86,3370.52,3371.68,2289.0
2025-06-05 01:00:00,3374.24,3375.85,3372.19,3373.34,1706.0
2025-06-05 02:00:00,3373.42,3378.82,3372.27,3377.94,2955.0
2025-06-05 03:00:00,3377.98,3381.49,3372.19,3380.05,5734.0
2025-06-05 04:00:00,3380.04,3383.89,3370.51,3373.54,7304.0
2025-06-05 05:00:00,3373.55,3374.93,3368.12,3370.61,5680.0
2025-06-05 06:00:00,3370.62,3377.24,3369.16,3369.57,4966.0
2025-06-05 07:00:00,3369.56,3372.34,3363.86,3368.26,5314.0
2025-06-05 08:00:00,3368.31,3369.52,3361.01,3364.12,5829.0
2025-06-05 09:00:00,3364.04,3369.78,3363.58,3365.79,6250.0
2025-06-05 10:00:00,3365.82,3374.48,3365.12,3371.25,6096.0
2025-06-05 11:00:00,3371.35,3376.92,3369.73,3375.23,5939.0
2025-06-05 12:00:00,3375.25,3391.29,3374.09,3389.69,8734.0
2025-06-05 13:00:00,3389.51,3400.4,3388.27,3399.91,7565.0
2025-06-05 14:00:00,3399.97,3403.46,3391.77,3392.25,7997.0
2025-06-05 15:00:00,3392.26,3399.94,3377.37,3382.83,8956.0
2025-06-05 16:00:00,3382.88,3388.25,3371.06,3377.95,10795.0
2025-06-05 17:00:00,3378.32,3382.98,3363.76,3367.45,10468.0
2025-06-05 18:00:00,3367.59,3372.74,3339.24,3344.58,10254.0
2025-06-05 19:00:00,3344.57,3356.29,3339.77,3353.93,8675.0
2025-06-05 20:00:00,3354.22,3354.59,3348.76,3353.76,6884.0
2025-06-05 21:00:00,3353.79,3356.01,3350.33,3353.42,6260.0
2025-06-05 22:00:00,3353.41,3361.2,3352.7,3357.09,6977.0
2025-06-05 23:00:00,3356.43,3357.5,3351.84,3352.49,2693.0
2025-06-06 01:00:00,3353.5,3363.42,3352.92,3358.88,3837.0
2025-06-06 02:00:00,3358.89,3362.42,3357.06,3361.7,3034.0
2025-06-06 03:00:00,3361.69,3363.86,3357.24,3359.21,5442.0
2025-06-06 04:00:00,3359.2,3368.4,3356.0,3363.64,7743.0
2025-06-06 05:00:00,3363.62,3366.29,3361.88,3363.78,6143.0
2025-06-06 06:00:00,3363.74,3371.64,3359.21,3369.55,5721.0
2025-06-06 07:00:00,3369.5,3374.3,3368.91,3373.48,4940.0
2025-06-06 08:00:00,3373.47,3375.4,3362.06,3365.89,6747.0
2025-06-06 09:00:00,3365.74,3366.76,3355.98,3360.55,7908.0
2025-06-06 10:00:00,3360.52,3362.16,3352.66,3359.27,7238.0
2025-06-06 11:00:00,3359.32,3367.53,3358.26,3365.13,6696.0
2025-06-06 12:00:00,3365.16,3365.22,3352.68,3356.49,6625.0
2025-06-06 13:00:00,3356.52,3360.68,3355.65,3360.37,5681.0
2025-06-06 14:00:00,3360.36,3364.05,3358.05,3358.19,6525.0
2025-06-06 15:00:00,3358.17,3364.12,3343.35,3353.24,9281.0
2025-06-06 16:00:00,3353.19,3360.72,3342.38,3343.0,10742.0
2025-06-06 17:00:00,3342.74,3344.75,3316.26,3325.97,10896.0
2025-06-06 18:00:00,3326.0,3336.57,3323.25,3332.03,8851.0
2025-06-06 19:00:00,3332.01,3332.51,3320.79,3322.58,7521.0
2025-06-06 20:00:00,3322.72,3326.62,3321.23,3323.46,6072.0
2025-06-06 21:00:00,3323.44,3323.78,3313.55,3317.32,5896.0
2025-06-06 22:00:00,3317.37,3318.83,3311.16,3312.19,6239.0
2025-06-06 23:00:00,3311.99,3312.53,3306.89,3311.72,2177.0
2025-06-09 01:00:00,3311.98,3320.99,3309.08,3314.73,4515.0
2025-06-09 02:00:00,3314.69,3318.4,3313.24,3317.87,4044.0
2025-06-09 03:00:00,3317.87,3318.48,3298.18,3305.23,7665.0
2025-06-09 04:00:00,3305.24,3309.13,3294.94,3295.74,8316.0
2025-06-09 05:00:00,3296.01,3307.36,3293.36,3305.37,7193.0
2025-06-09 06:00:00,3305.37,3311.81,3304.09,3310.66,6109.0
2025-06-09 07:00:00,3310.58,3313.26,3309.11,3311.56,4152.0
2025-06-09 08:00:00,3311.55,3316.4,3309.43,3314.54,5665.0
2025-06-09 09:00:00,3314.67,3324.72,3312.29,3324.19,7046.0
2025-06-09 10:00:00,3324.16,3328.32,3321.39,3324.05,7250.0
2025-06-09 11:00:00,3324.02,3325.44,3319.59,3319.62,6778.0
2025-06-09 12:00:00,3319.67,3323.27,3316.67,3318.46,6369.0
2025-06-09 13:00:00,3318.48,3319.54,3311.95,3314.4,5640.0
2025-06-09 14:00:00,3314.47,3321.1,3313.51,3317.26,6309.0
2025-06-09 15:00:00,3317.27,3322.24,3312.86,3319.83,7491.0
2025-06-09 16:00:00,3319.84,3321.49,3310.53,3319.11,9293.0
2025-06-09 17:00:00,3319.15,3326.6,3315.93,3320.62,8737.0
2025-06-09 18:00:00,3320.63,3331.86,3320.2,3328.44,7207.0
2025-06-09 19:00:00,3328.45,3337.57,3327.32,3337.43,6893.0
2025-06-09 20:00:00,3337.44,3337.99,3332.78,3333.49,5671.0
2025-06-09 21:00:00,3333.47,3336.93,3332.59,3332.99,4657.0
2025-06-09 22:00:00,3332.94,3335.26,3325.73,3327.07,5220.0
2025-06-09 23:00:00,3327.03,3329.35,3324.78,3325.4,2561.0
2025-06-10 01:00:00,3324.62,3327.29,3321.36,3323.41,2874.0
2025-06-10 02:00:00,3323.39,3327.73,3323.36,3326.59,2417.0
2025-06-10 03:00:00,3326.61,3326.61,3314.45,3316.42,6562.0
2025-06-10 04:00:00,3316.43,3319.72,3302.78,3306.11,8597.0
2025-06-10 05:00:00,3306.08,3309.97,3301.74,3309.12,6747.0
2025-06-10 06:00:00,3309.14,3310.24,3304.95,3307.36,5108.0
2025-06-10 07:00:00,3307.37,3308.53,3302.66,3307.07,4016.0
2025-06-10 08:00:00,3307.12,3318.97,3306.57,3317.38,7055.0
2025-06-10 09:00:00,3317.59,3331.05,3315.4,3325.48,7428.0
2025-06-10 10:00:00,3325.24,3331.98,3323.85,3329.88,7340.0
2025-06-10 11:00:00,3329.94,3334.65,3325.99,3329.14,6663.0
2025-06-10 12:00:00,3329.15,3331.59,3326.98,3329.53,5391.0
2025-06-10 13:00:00,3329.54,3336.07,3328.23,3335.15,5852.0
2025-06-10 14:00:00,3335.21,3342.3,3332.05,3333.5,6745.0
2025-06-10 15:00:00,3333.49,3340.0,3328.1,3337.04,7928.0
2025-06-10 16:00:00,3336.95,3348.89,3335.38,3343.37,9012.0
2025-06-10 17:00:00,3343.39,3343.49,3325.28,3328.26,9204.0
2025-06-10 18:00:00,3328.35,3329.07,3323.04,3326.51,7939.0
2025-06-10 19:00:00,3326.44,3327.54,3319.93,3321.15,6707.0
2025-06-10 20:00:00,3321.13,3325.63,3320.23,3324.52,5445.0
2025-06-10 21:00:00,3324.53,3325.15,3319.26,3321.43,5093.0
2025-06-10 22:00:00,3321.42,3334.34,3321.26,3328.63,6192.0
2025-06-10 23:00:00,3328.55,3328.73,3322.19,3322.19,3394.0
2025-06-11 01:00:00,3323.28,3327.25,3320.59,3324.28,3071.0
2025-06-11 02:00:00,3324.31,3327.9,3315.36,3327.77,4745.0
2025-06-11 03:00:00,3327.81,3335.05,3324.91,3332.19,6090.0
2025-06-11 04:00:00,3332.17,3337.23,3327.39,3328.46,6711.0
2025-06-11 05:00:00,3328.31,3339.31,3326.96,3338.08,5646.0
2025-06-11 06:00:00,3338.15,3341.42,3336.29,3339.22,4437.0
2025-06-11 07:00:00,3339.19,3342.72,3336.69,3341.68,4405.0
2025-06-11 08:00:00,3341.65,3342.96,3335.42,3339.5,5640.0
2025-06-11 09:00:00,3339.5,3339.95,3332.33,3336.99,6689.0
2025-06-11 10:00:00,3337.08,3348.38,3335.04,3345.69,6673.0
2025-06-11 11:00:00,3345.5,3346.51,3342.33,3344.38,5554.0
2025-06-11 12:00:00,3344.35,3344.48,3331.24,3333.53,7195.0
2025-06-11 13:00:00,3333.52,3336.58,3328.36,3329.71,6043.0
2025-06-11 14:00:00,3329.69,3335.05,3325.94,3332.97,6170.0
2025-06-11 15:00:00,3333.09,3360.5,3327.19,3336.55,9650.0
2025-06-11 16:00:00,3336.61,3344.24,3327.75,3329.73,10103.0
2025-06-11 17:00:00,3329.72,3341.07,3328.44,3337.36,8723.0
2025-06-11 18:00:00,3337.39,3342.61,3329.41,3332.71,7566.0
2025-06-11 19:00:00,3333.02,3334.21,3327.95,3330.0,6385.0
2025-06-11 20:00:00,3330.09,3331.13,3319.09,3324.03,7342.0
2025-06-11 21:00:00,3324.11,3347.11,3323.64,3343.66,8069.0
2025-06-11 22:00:00,3343.7,3349.09,3342.18,3346.66,6558.0
2025-06-11 23:00:00,3346.72,3355.55,3346.41,3354.75,3442.0
2025-06-12 01:00:00,3357.52,3369.47,3356.16,3368.79,4420.0
2025-06-12 02:00:00,3368.78,3373.25,3357.6,3365.24,5903.0
2025-06-12 03:00:00,3365.27,3371.13,3362.01,3365.57,7494.0
2025-06-12 04:00:00,3365.61,3376.59,3362.28,3370.86,8379.0
2025-06-12 05:00:00,3370.84,3377.57,3368.77,3374.46,7115.0
2025-06-12 06:00:00,3374.43,3376.43,3371.46,3373.2,5584.0
2025-06-12 07:00:00,3373.21,3373.53,3369.3,3370.26,4218.0
2025-06-12 08:00:00,3370.27,3375.6,3367.61,3374.15,5280.0
2025-06-12 09:00:00,3374.38,3375.39,3365.05,3374.62,7027.0
2025-06-12 10:00:00,3374.77,3375.01,3338.52,3345.98,8249.0
2025-06-12 11:00:00,3346.26,3360.95,3346.26,3356.57,7921.0
2025-06-12 12:00:00,3356.56,3367.76,3355.26,3365.24,6646.0
2025-06-12 13:00:00,3365.23,3385.72,3362.31,3382.37,7572.0
2025-06-12 14:00:00,3382.38,3388.37,3372.95,3379.08,7518.0
2025-06-12 15:00:00,3379.06,3390.07,3376.23,3387.87,8412.0
2025-06-12 16:00:00,3387.97,3398.84,3379.31,3391.95,9946.0
2025-06-12 17:00:00,3391.86,3392.84,3382.84,3383.63,9362.0
2025-06-12 18:00:00,3383.66,3389.96,3377.72,3385.6,8515.0
2025-06-12 19:00:00,3385.66,3391.12,3380.71,3383.65,7006.0
2025-06-12 20:00:00,3383.54,3384.79,3377.98,3382.44,6566.0
2025-06-12 21:00:00,3382.47,3386.12,3381.67,3385.72,5579.0
2025-06-12 22:00:00,3385.72,3389.06,3384.58,3388.02,5616.0
2025-06-12 23:00:00,3387.91,3388.82,3384.61,3386.42,2638.0
2025-06-13 01:00:00,3385.18,3386.36,3379.52,3383.26,3296.0
2025-06-13 02:00:00,3383.25,3396.02,3382.4,3395.71,4021.0
2025-06-13 03:00:00,3395.48,3419.75,3391.6,3416.0,10458.0
2025-06-13 04:00:00,3416.45,3433.16,3413.74,3427.4,9280.0
2025-06-13 05:00:00,3427.38,3443.98,3424.7,3441.19,8501.0
2025-06-13 06:00:00,3441.14,3444.17,3423.69,3425.41,8100.0
2025-06-13 07:00:00,3425.41,3430.13,3422.76,3425.13,5747.0
2025-06-13 08:00:00,3425.23,3428.62,3417.83,3425.91,6585.0
2025-06-13 09:00:00,3425.94,3428.48,3408.28,3416.06,8253.0
2025-06-13 10:00:00,3416.12,3418.8,3407.7,3414.73,7799.0
2025-06-13 11:00:00,3414.74,3425.87,3414.15,3424.14,6601.0
2025-06-13 12:00:00,3424.15,3427.13,3419.89,3424.1,7211.0
2025-06-13 13:00:00,3424.12,3427.43,3411.45,3415.58,7930.0
2025-06-13 14:00:00,3415.65,3422.76,3412.35,3422.0,7254.0
2025-06-13 15:00:00,3422.02,3437.97,3421.65,3436.46,7826.0
2025-06-13 16:00:00,3436.38,3446.61,3433.81,3436.8,9674.0
2025-06-13 17:00:00,3436.52,3439.63,3423.73,3427.67,9835.0
2025-06-13 18:00:00,3427.68,3430.13,3420.84,3426.07,8670.0
2025-06-13 19:00:00,3426.08,3430.91,3419.08,3429.81,7241.0
2025-06-13 20:00:00,3429.82,3433.3,3427.25,3430.16,6617.0
2025-06-13 21:00:00,3430.17,3439.31,3428.56,3436.39,7215.0
2025-06-13 22:00:00,3436.39,3438.03,3431.57,3432.13,6884.0
2025-06-13 23:00:00,3432.49,3434.54,3428.84,3432.38,2401.0
2025-06-16 01:00:00,3451.68,3452.7,3432.43,3448.21,7275.0
2025-06-16 02:00:00,3448.22,3449.96,3439.39,3443.93,5317.0
2025-06-16 03:00:00,3443.89,3451.06,3434.18,3436.08,7306.0
2025-06-16 04:00:00,3436.18,3442.81,3433.03,3441.24,7604.0
2025-06-16 05:00:00,3441.26,3446.16,3437.7,3438.24,6400.0
2025-06-16 06:00:00,3438.21,3439.45,3429.17,3431.33,5996.0
2025-06-16 07:00:00,3431.31,3433.1,3426.71,3427.37,4261.0
2025-06-16 08:00:00,3427.38,3430.2,3417.67,3421.44,6918.0
2025-06-16 09:00:00,3421.48,3421.48,3412.83,3418.14,7944.0
2025-06-16 10:00:00,3417.73,3419.59,3409.33,3412.38,7531.0
2025-06-16 11:00:00,3412.34,3418.28,3409.65,3413.67,6914.0
2025-06-16 12:00:00,3413.82,3419.35,3411.76,3411.82,6650.0
2025-06-16 13:00:00,3411.83,3421.09,3410.56,3420.93,6209.0
2025-06-16 14:00:00,3420.88,3422.41,3410.59,3414.81,6727.0
2025-06-16 15:00:00,3414.83,3417.59,3410.89,3415.44,7423.0
2025-06-16 16:00:00,3415.37,3417.78,3382.7,3387.3,9432.0
2025-06-16 17:00:00,3388.21,3399.19,3387.27,3396.74,9622.0
2025-06-16 18:00:00,3396.76,3405.35,3396.76,3404.33,7955.0
2025-06-16 19:00:00,3404.4,3404.75,3397.23,3399.22,6281.0
2025-06-16 20:00:00,3399.21,3400.03,3391.08,3392.5,5934.0
2025-06-16 21:00:00,3392.42,3393.82,3383.88,3385.1,5509.0
2025-06-16 22:00:00,3385.17,3388.27,3382.64,3383.89,6565.0
2025-06-16 23:00:00,3383.75,3385.88,3383.2,3384.69,2612.0
2025-06-17 01:00:00,3385.19,3398.32,3385.19,3395.43,3855.0
2025-06-17 02:00:00,3395.34,3402.79,3392.94,3402.64,4893.0
2025-06-17 03:00:00,3402.66,3403.06,3391.29,3394.26,6068.0
2025-06-17 04:00:00,3394.07,3402.28,3393.19,3393.52,6378.0
2025-06-17 05:00:00,3393.53,3400.23,3388.35,3389.82,5983.0
2025-06-17 06:00:00,3389.83,3392.37,3373.52,3387.66,7241.0
2025-06-17 07:00:00,3387.54,3395.96,3386.92,3393.89,4497.0
2025-06-17 08:00:00,3393.86,3395.29,3390.56,3392.43,5179.0
2025-06-17 09:00:00,3392.42,3392.42,3381.02,3385.37,6846.0
2025-06-17 10:00:00,3385.15,3391.65,3382.98,3387.6,6232.0
2025-06-17 11:00:00,3387.62,3388.4,3377.62,3378.72,6009.0
2025-06-17 12:00:00,3378.7,3385.74,3375.6,3385.39,7150.0
2025-06-17 13:00:00,3385.38,3398.56,3385.13,3397.94,7014.0
2025-06-17 14:00:00,3397.93,3399.89,3388.12,3388.45,6959.0
2025-06-17 15:00:00,3388.43,3391.28,3383.34,3386.51,8301.0
2025-06-17 16:00:00,3386.55,3397.27,3385.69,3390.5,9229.0
2025-06-17 17:00:00,3390.13,3391.79,3365.99,3384.88,9608.0
2025-06-17 18:00:00,3384.86,3388.11,3372.34,3379.1,7809.0
2025-06-17 19:00:00,3379.09,3385.67,3376.47,3382.72,6902.0
2025-06-17 20:00:00,3382.71,3391.04,3381.14,3390.09,6778.0
2025-06-17 21:00:00,3390.12,3392.23,3382.25,3382.63,5676.0
2025-06-17 22:00:00,3382.64,3386.22,3382.2,3385.63,5232.0
2025-06-17 23:00:00,3385.5,3390.15,3383.46,3388.26,2883.0
2025-06-18 01:00:00,3390.24,3396.07,3388.69,3388.69,2813.0
2025-06-18 02:00:00,3388.76,3390.19,3384.87,3387.16,2916.0
2025-06-18 03:00:00,3387.16,3388.68,3382.83,3385.5,5078.0
2025-06-18 04:00:00,3385.58,3388.49,3378.52,3378.81,6152.0
2025-06-18 05:00:00,3378.79,3379.51,3370.42,3379.22,6085.0
2025-06-18 06:00:00,3379.18,3391.32,3379.12,3390.84,5328.0
2025-06-18 07:00:00,3390.83,3399.81,3389.27,3394.95,4691.0
2025-06-18 08:00:00,3395.04,3395.48,3384.07,3386.1,5950.0
2025-06-18 09:00:00,3386.19,3386.58,3379.25,3382.1,6300.0
2025-06-18 10:00:00,3382.11,3385.96,3376.9,3385.7,6444.0
2025-06-18 11:00:00,3385.69,3388.2,3382.36,3383.36,5557.0
2025-06-18 12:00:00,3383.34,3385.31,3375.29,3377.99,5434.0
2025-06-18 13:00:00,3377.97,3382.28,3375.53,3380.02,6046.0
2025-06-18 14:00:00,3380.04,3386.8,3378.75,3381.85,6400.0
2025-06-18 15:00:00,3381.84,3389.67,3381.43,3386.44,6996.0
2025-06-18 16:00:00,3386.48,3396.6,3385.63,3392.08,7880.0
2025-06-18 17:00:00,3392.07,3392.18,3373.67,3386.67,9613.0
2025-06-18 18:00:00,3386.74,3392.64,3381.05,3392.54,6993.0
2025-06-18 19:00:00,3392.5,3394.48,3389.78,3390.79,5904.0
2025-06-18 20:00:00,3390.76,3390.99,3384.36,3385.18,5784.0
2025-06-18 21:00:00,3385.25,3395.61,3378.22,3378.96,8973.0
2025-06-18 22:00:00,3379.01,3379.08,3362.78,3366.58,8571.0
2025-06-18 23:00:00,3366.6,3369.24,3362.4,3368.85,4345.0
2025-06-19 01:00:00,3369.94,3379.6,3369.37,3374.99,3411.0
2025-06-19 02:00:00,3375.06,3376.83,3370.56,3374.85,3495.0
2025-06-19 03:00:00,3374.91,3383.1,3374.54,3379.28,4975.0
2025-06-19 04:00:00,3379.25,3387.77,3374.39,3374.85,6515.0
2025-06-19 05:00:00,3374.68,3379.25,3373.88,3376.53,4727.0
2025-06-19 06:00:00,3376.54,3377.14,3369.55,3373.47,4616.0
2025-06-19 07:00:00,3373.44,3374.98,3371.87,3374.33,3009.0
2025-06-19 08:00:00,3374.35,3375.08,3360.07,3364.36,5441.0
2025-06-19 09:00:00,3364.42,3364.6,3347.41,3357.14,9092.0
2025-06-19 10:00:00,3357.23,3368.86,3350.54,3365.69,7763.0
2025-06-19 11:00:00,3365.68,3371.4,3362.07,3368.49,7336.0
2025-06-19 12:00:00,3368.47,3373.38,3363.5,3370.13,6693.0
2025-06-19 13:00:00,3370.1,3378.72,3368.92,3374.8,6451.0
2025-06-19 14:00:00,3374.79,3375.29,3370.25,3371.82,6067.0
2025-06-19 15:00:00,3371.81,3372.39,3363.61,3367.77,7110.0
2025-06-19 16:00:00,3367.79,3372.73,3361.37,3369.36,7206.0
2025-06-19 17:00:00,3369.3,3370.71,3361.45,3364.47,6896.0
2025-06-19 18:00:00,3364.48,3371.72,3362.09,3369.0,5917.0
2025-06-19 19:00:00,3368.99,3371.46,3365.95,3370.89,4330.0
2025-06-19 20:00:00,3370.88,3375.24,3365.72,3368.09,4067.0
2025-06-19 21:00:00,3368.08,3371.22,3366.42,3370.45,1817.0
2025-06-20 01:00:00,3368.78,3370.26,3361.89,3365.51,3203.0
2025-06-20 02:00:00,3365.58,3370.26,3363.52,3368.61,3560.0
2025-06-20 03:00:00,3368.56,3370.19,3364.49,3367.96,4567.0
2025-06-20 04:00:00,3367.96,3368.13,3356.03,3356.32,6557.0
2025-06-20 05:00:00,3356.29,3360.4,3351.49,3352.28,6669.0
2025-06-20 06:00:00,3352.3,3356.01,3344.67,3355.36,6450.0
2025-06-20 07:00:00,3355.37,3357.49,3352.38,3354.11,3684.0
2025-06-20 08:00:00,3354.14,3354.89,3342.6,3344.53,5585.0
2025-06-20 09:00:00,3344.54,3348.46,3340.16,3345.31,6495.0
2025-06-20 10:00:00,3345.1,3355.11,3343.21,3347.48,6480.0
2025-06-20 11:00:00,3347.46,3352.28,3346.55,3350.81,5696.0
2025-06-20 12:00:00,3350.8,3359.02,3349.11,3355.07,5886.0
2025-06-20 13:00:00,3355.12,3357.67,3354.74,3355.28,4704.0
2025-06-20 14:00:00,3355.24,3355.77,3346.56,3346.87,6181.0
2025-06-20 15:00:00,3346.98,3350.47,3341.82,3344.29,7366.0
2025-06-20 16:00:00,3344.3,3373.63,3342.86,3370.15,8816.0
2025-06-20 17:00:00,3370.14,3374.31,3365.07,3369.06,8509.0
2025-06-20 18:00:00,3369.09,3371.55,3365.64,3369.65,6152.0
2025-06-20 19:00:00,3369.64,3373.2,3367.62,3371.33,4810.0
2025-06-20 20:00:00,3371.35,3371.58,3366.44,3367.19,4432.0
2025-06-20 21:00:00,3367.27,3367.74,3364.41,3366.51,4216.0
2025-06-20 22:00:00,3366.53,3370.49,3364.69,3365.37,4054.0
2025-06-20 23:00:00,3365.36,3369.03,3364.47,3368.51,1691.0
2025-06-23 01:00:00,3391.19,3396.2,3372.38,3378.92,6956.0
2025-06-23 02:00:00,3378.89,3380.35,3371.14,3372.61,4847.0
2025-06-23 03:00:00,3372.63,3373.41,3358.22,3365.47,6677.0
2025-06-23 04:00:00,3365.46,3367.89,3351.79,3355.08,7716.0
2025-06-23 05:00:00,3355.08,3364.69,3354.72,3361.25,5673.0
2025-06-23 06:00:00,3361.3,3366.16,3360.22,3363.08,5023.0
2025-06-23 07:00:00,3363.17,3364.81,3356.62,3358.31,3490.0
2025-06-23 08:00:00,3358.31,3360.43,3346.89,3356.58,5944.0
2025-06-23 09:00:00,3356.57,3359.68,3352.52,3357.4,6194.0
2025-06-23 10:00:00,3357.43,3358.61,3351.45,3357.43,6131.0
2025-06-23 11:00:00,3357.46,3362.1,3357.46,3361.69,5939.0
2025-06-23 12:00:00,3361.68,3368.8,3361.45,3366.39,6198.0
2025-06-23 13:00:00,3366.4,3367.99,3363.76,3367.56,4945.0
2025-06-23 14:00:00,3367.57,3381.77,3367.57,3380.5,6988.0
2025-06-23 15:00:00,3380.52,3380.79,3355.68,3360.25,7674.0
2025-06-23 16:00:00,3360.21,3387.6,3359.66,3380.42,8807.0
2025-06-23 17:00:00,3380.5,3386.48,3369.84,3386.22,9047.0
2025-06-23 18:00:00,3386.24,3389.53,3384.38,3386.94,6949.0
2025-06-23 19:00:00,3386.95,3393.34,3380.33,3389.64,7554.0
2025-06-23 20:00:00,3389.58,3391.27,3375.43,3382.23,7702.0
2025-06-23 21:00:00,3382.28,3387.53,3376.68,3378.23,6095.0
2025-06-23 22:00:00,3378.35,3381.88,3375.46,3376.24,5419.0
2025-06-23 23:00:00,3376.22,3377.11,3367.13,3368.82,3335.0
2025-06-24 01:00:00,3367.67,3369.82,3350.26,3355.29,5540.0
2025-06-24 02:00:00,3355.36,3357.2,3341.39,3344.09,6322.0
2025-06-24 03:00:00,3344.13,3355.02,3333.07,3350.9,7229.0
2025-06-24 04:00:00,3350.91,3354.21,3342.07,3347.53,7502.0
2025-06-24 05:00:00,3347.51,3352.66,3345.68,3351.72,5733.0
2025-06-24 06:00:00,3351.72,3357.67,3351.39,3352.27,4663.0
2025-06-24 07:00:00,3352.22,3353.16,3346.9,3348.35,3940.0
2025-06-24 08:00:00,3348.33,3348.58,3326.42,3331.88,6725.0
2025-06-24 09:00:00,3332.07,3332.88,3315.87,3322.6,8193.0
2025-06-24 10:00:00,3322.54,3331.34,3316.43,3329.44,7904.0
2025-06-24 11:00:00,3329.69,3332.11,3324.54,3326.84,6676.0
2025-06-24 12:00:00,3327.11,3328.53,3317.71,3318.08,6454.0
2025-06-24 13:00:00,3318.31,3327.46,3318.31,3325.35,5284.0
2025-06-24 14:00:00,3325.33,3328.71,3317.7,3321.0,6387.0
2025-06-24 15:00:00,3320.99,3320.99,3304.44,3314.5,8842.0
2025-06-24 16:00:00,3314.45,3317.67,3295.26,3301.86,9629.0
2025-06-24 17:00:00,3301.74,3310.1,3298.64,3304.41,9105.0
2025-06-24 18:00:00,3304.4,3316.87,3299.54,3313.05,7894.0
2025-06-24 19:00:00,3313.08,3320.27,3311.15,3318.25,5931.0
2025-06-24 20:00:00,3318.29,3321.04,3317.72,3317.77,5630.0
2025-06-24 21:00:00,3317.78,3318.81,3315.52,3316.99,5063.0
2025-06-24 22:00:00,3316.94,3324.99,3315.8,3323.41,5319.0
2025-06-24 23:00:00,3323.41,3324.29,3321.52,3322.34,2126.0
2025-06-25 01:00:00,3324.59,3325.29,3320.81,3321.41,1706.0
2025-06-25 02:00:00,3321.48,3324.69,3321.48,3324.0,1768.0
2025-06-25 03:00:00,3323.89,3329.81,3323.44,3326.77,4489.0
2025-06-25 04:00:00,3326.87,3334.63,3326.27,3334.42,5868.0
2025-06-25 05:00:00,3334.49,3335.02,3327.67,3329.27,4845.0
2025-06-25 06:00:00,3329.24,3331.81,3327.07,3328.15,4011.0
2025-06-25 07:00:00,3328.12,3329.06,3325.62,3327.33,2731.0
2025-06-25 08:00:00,3327.29,3333.49,3326.54,3331.43,4044.0
2025-06-25 09:00:00,3331.48,3333.21,3328.88,3331.28,4730.0
2025-06-25 10:00:00,3331.65,3336.87,3326.56,3330.4,6074.0
2025-06-25 11:00:00,3330.39,3332.15,3326.3,3327.05,5602.0
2025-06-25 12:00:00,3327.02,3327.07,3321.37,3325.06,5565.0
2025-06-25 13:00:00,3325.04,3329.25,3324.08,3324.28,5314.0
2025-06-25 14:00:00,3324.23,3329.31,3322.02,3322.57,5783.0
2025-06-25 15:00:00,3322.47,3329.24,3318.02,3320.44,6349.0
2025-06-25 16:00:00,3320.47,3321.39,3311.77,3314.34,8142.0
2025-06-25 17:00:00,3314.2,3326.09,3312.19,3323.28,7780.0
2025-06-25 18:00:00,3323.27,3326.92,3321.47,3325.44,6183.0
2025-06-25 19:00:00,3325.45,3334.92,3323.96,3334.6,6269.0
2025-06-25 20:00:00,3334.63,3335.12,3324.66,3327.77,6420.0
2025-06-25 21:00:00,3327.79,3331.61,3326.05,3331.44,4857.0
2025-06-25 22:00:00,3331.47,3335.83,3330.21,3333.54,5411.0
2025-06-25 23:00:00,3333.59,3335.44,3331.22,3331.72,2690.0
2025-06-26 01:00:00,3334.36,3335.53,3331.12,3333.03,2463.0
2025-06-26 02:00:00,3333.06,3339.8,3332.72,3338.87,3424.0
2025-06-26 03:00:00,3338.82,3339.11,3331.97,3333.81,4627.0
2025-06-26 04:00:00,3333.86,3336.56,3329.25,3329.93,6334.0
2025-06-26 05:00:00,3329.93,3341.55,3329.09,3339.3,5319.0
2025-06-26 06:00:00,3339.26,3342.95,3336.25,3337.84,4406.0
2025-06-26 07:00:00,3337.92,3337.98,3333.26,3333.81,3564.0
2025-06-26 08:00:00,3333.77,3338.04,3332.26,3333.99,4593.0
2025-06-26 09:00:00,3333.98,3340.17,3330.84,3339.54,5737.0
2025-06-26 10:00:00,3339.62,3347.02,3339.62,3345.89,5885.0
2025-06-26 11:00:00,3345.9,3350.08,3344.3,3348.03,6168.0
2025-06-26 12:00:00,3348.04,3348.54,3338.56,3340.34,6448.0
2025-06-26 13:00:00,3340.33,3343.24,3337.73,3343.04,4811.0
2025-06-26 14:00:00,3342.98,3343.85,3331.33,3332.73,5865.0
2025-06-26 15:00:00,3332.78,3343.86,3321.56,3321.83,7916.0
2025-06-26 16:00:00,3321.85,3328.5,3309.79,3319.72,9675.0
2025-06-26 17:00:00,3319.65,3323.65,3311.77,3318.19,8891.0
2025-06-26 18:00:00,3318.24,3324.75,3318.24,3324.67,6726.0
2025-06-26 19:00:00,3324.74,3333.12,3323.6,3331.14,6289.0
2025-06-26 20:00:00,3331.15,3336.23,3331.01,3332.55,5861.0
2025-06-26 21:00:00,3332.55,3334.67,3331.12,3333.88,4649.0
2025-06-26 22:00:00,3333.89,3334.12,3328.19,3331.16,4966.0
2025-06-26 23:00:00,3331.18,3332.18,3327.5,3327.63,2044.0
2025-06-27 01:00:00,3326.96,3328.08,3318.62,3321.34,2522.0
2025-06-27 02:00:00,3321.25,3323.51,3316.12,3318.61,3049.0
2025-06-27 03:00:00,3318.58,3319.75,3313.07,3318.63,5099.0
2025-06-27 04:00:00,3318.63,3321.85,3314.66,3316.32,6538.0
2025-06-27 05:00:00,3316.29,3320.14,3308.39,3308.67,6214.0
2025-06-27 06:00:00,3308.65,3310.68,3292.45,3294.15,7350.0
2025-06-27 07:00:00,3294.15,3297.22,3290.95,3293.79,5314.0
2025-06-27 08:00:00,3293.77,3300.78,3289.1,3296.96,6453.0
2025-06-27 09:00:00,3297.25,3299.73,3286.67,3294.71,7813.0
2025-06-27 10:00:00,3295.09,3295.14,3283.4,3284.32,7336.0
2025-06-27 11:00:00,3284.31,3290.85,3281.73,3289.17,7181.0
2025-06-27 12:00:00,3289.15,3289.48,3281.95,3282.59,7001.0
2025-06-27 13:00:00,3282.6,3290.72,3279.55,3285.36,6577.0
2025-06-27 14:00:00,3285.71,3287.7,3275.85,3281.2,6644.0
2025-06-27 15:00:00,3281.1,3282.1,3269.37,3269.87,8556.0
2025-06-27 16:00:00,3269.9,3274.25,3255.62,3274.06,9951.0
2025-06-27 17:00:00,3273.59,3277.82,3263.42,3272.21,9329.0
2025-06-27 18:00:00,3272.29,3277.3,3270.77,3274.36,7490.0
2025-06-27 19:00:00,3274.38,3278.38,3273.21,3277.48,6131.0
2025-06-27 20:00:00,3277.49,3282.57,3272.57,3277.18,6731.0
2025-06-27 21:00:00,3277.2,3278.18,3270.38,3275.6,6180.0
2025-06-27 22:00:00,3275.58,3276.3,3268.23,3270.42,5851.0
2025-06-27 23:00:00,3271.12,3275.36,3270.25,3274.27,1933.0
2025-06-30 01:00:00,3271.55,3281.64,3248.12,3263.57,6588.0
2025-06-30 02:00:00,3263.56,3270.63,3262.68,3263.68,4983.0
2025-06-30 03:00:00,3263.53,3269.42,3262.49,3264.46,5390.0
2025-06-30 04:00:00,3264.35,3275.79,3259.34,3273.72,7559.0
2025-06-30 05:00:00,3273.8,3283.11,3273.54,3280.15,6100.0
2025-06-30 06:00:00,3280.05,3282.54,3277.78,3278.78,4702.0
2025-06-30 07:00:00,3278.83,3286.15,3276.77,3285.51,3811.0
2025-06-30 08:00:00,3285.46,3291.12,3284.53,3288.76,5265.0
2025-06-30 09:00:00,3288.75,3295.32,3287.7,3291.91,6571.0
2025-06-30 10:00:00,3291.83,3296.58,3290.55,3292.71,5906.0
2025-06-30 11:00:00,3292.69,3296.29,3288.07,3288.95,5672.0
2025-06-30 12:00:00,3288.94,3288.94,3277.26,3287.62,6721.0
2025-06-30 13:00:00,3287.65,3288.59,3282.26,3283.32,5015.0
2025-06-30 14:00:00,3283.41,3283.54,3274.33,3277.7,5931.0
2025-06-30 15:00:00,3277.72,3288.73,3277.72,3281.76,6876.0
2025-06-30 16:00:00,3281.74,3286.87,3277.76,3284.61,8156.0
2025-06-30 17:00:00,3284.55,3289.36,3279.09,3287.46,7553.0
2025-06-30 18:00:00,3287.43,3290.54,3283.49,3289.31,6785.0
2025-06-30 19:00:00,3289.37,3297.26,3288.91,3297.13,5724.0
2025-06-30 20:00:00,3297.04,3298.35,3291.84,3293.89,5381.0
2025-06-30 21:00:00,3293.89,3299.36,3292.43,3298.27,4610.0
2025-06-30 22:00:00,3298.3,3309.19,3297.89,3308.4,5988.0
2025-06-30 23:00:00,3308.37,3309.03,3302.14,3302.34,2778.0
2025-07-01 01:00:00,3303.93,3314.27,3302.19,3311.26,3570.0
2025-07-01 02:00:00,3311.27,3312.34,3308.39,3312.28,3571.0
2025-07-01 03:00:00,3312.31,3314.58,3309.78,3314.55,4495.0
2025-07-01 04:00:00,3314.5,3320.71,3313.72,3317.63,6899.0
2025-07-01 05:00:00,3317.61,3319.25,3314.28,3315.98,5593.0
2025-07-01 06:00:00,3315.93,3322.47,3315.59,3321.04,4767.0
2025-07-01 07:00:00,3321.01,3322.88,3318.78,3322.77,3638.0
2025-07-01 08:00:00,3322.77,3332.07,3322.74,3328.6,5839.0
2025-07-01 09:00:00,3328.58,3334.33,3324.92,3331.19,6927.0
2025-07-01 10:00:00,3331.23,3339.7,3330.58,3339.35,7511.0
2025-07-01 11:00:00,3339.29,3342.13,3336.7,3339.33,5777.0
2025-07-01 12:00:00,3339.34,3347.87,3337.99,3345.58,6565.0
2025-07-01 13:00:00,3345.55,3349.49,3344.22,3348.48,5741.0
2025-07-01 14:00:00,3348.46,3352.82,3346.88,3348.81,6850.0
2025-07-01 15:00:00,3348.85,3357.68,3348.12,3354.27,7864.0
2025-07-01 16:00:00,3354.41,3355.35,3344.33,3350.99,8714.0
2025-07-01 17:00:00,3351.21,3354.21,3343.63,3345.68,8709.0
2025-07-01 18:00:00,3345.7,3346.59,3336.99,3340.24,7980.0
2025-07-01 19:00:00,3340.25,3343.46,3337.64,3341.76,6641.0
2025-07-01 20:00:00,3341.75,3342.19,3336.98,3339.73,6265.0
2025-07-01 21:00:00,3339.75,3339.85,3336.86,3337.94,4892.0
2025-07-01 22:00:00,3337.96,3340.06,3336.86,3338.01,6142.0
2025-07-01 23:00:00,3338.04,3340.34,3336.92,3338.74,2292.0
2025-07-02 01:00:00,3338.84,3343.76,3336.81,3341.56,3602.0
2025-07-02 02:00:00,3341.57,3341.87,3336.84,3338.09,3594.0
2025-07-02 03:00:00,3338.12,3344.91,3334.57,3338.97,6132.0
2025-07-02 04:00:00,3338.94,3342.91,3330.99,3332.22,6995.0
2025-07-02 05:00:00,3332.31,3338.15,3328.73,3336.73,6196.0
2025-07-02 06:00:00,3336.76,3342.06,3334.95,3339.94,5239.0
2025-07-02 07:00:00,3339.95,3342.01,3339.5,3340.11,3556.0
2025-07-02 08:00:00,3340.08,3343.87,3336.59,3338.71,5478.0
2025-07-02 09:00:00,3338.73,3339.3,3329.88,3333.45,6108.0
2025-07-02 10:00:00,3333.3,3336.75,3327.6,3334.65,6484.0
2025-07-02 11:00:00,3334.62,3337.93,3332.94,3333.56,5358.0
2025-07-02 12:00:00,3333.52,3342.2,3333.08,3341.67,5729.0
2025-07-02 13:00:00,3341.65,3345.68,3340.62,3344.33,4475.0
2025-07-02 14:00:00,3344.38,3347.66,3339.78,3342.21,5418.0
2025-07-02 15:00:00,3342.23,3351.12,3337.79,3346.65,7737.0
2025-07-02 16:00:00,3346.66,3346.66,3334.98,3337.47,8468.0
2025-07-02 17:00:00,3337.58,3343.54,3333.89,3342.98,7472.0
2025-07-02 18:00:00,3342.99,3343.6,3338.75,3340.99,6783.0
2025-07-02 19:00:00,3341.0,3349.03,3340.95,3348.65,6096.0
2025-07-02 20:00:00,3348.64,3350.51,3347.4,3349.72,4709.0
2025-07-02 21:00:00,3349.74,3355.2,3348.51,3354.96,4900.0
2025-07-02 22:00:00,3354.97,3359.47,3354.62,3358.2,6518.0
2025-07-02 23:00:00,3358.26,3360.03,3355.58,3356.68,2201.0
2025-07-03 01:00:00,3357.42,3365.75,3357.27,3361.95,3420.0
2025-07-03 02:00:00,3361.96,3362.24,3348.83,3349.32,5405.0
2025-07-03 03:00:00,3349.37,3349.83,3343.53,3344.71,5628.0
2025-07-03 04:00:00,3344.77,3348.19,3341.92,3345.98,5927.0
2025-07-03 05:00:00,3346.03,3351.41,3345.76,3351.01,4843.0
2025-07-03 06:00:00,3351.09,3351.44,3345.52,3347.49,4129.0
2025-07-03 07:00:00,3347.5,3351.79,3347.43,3350.79,3532.0
2025-07-03 08:00:00,3350.75,3360.41,3350.16,3359.28,5704.0
2025-07-03 09:00:00,3359.27,3363.72,3356.54,3361.86,6505.0
2025-07-03 10:00:00,3361.84,3363.1,3352.63,3353.04,5887.0
2025-07-03 11:00:00,3353.05,3358.37,3351.76,3356.23,5176.0
2025-07-03 12:00:00,3356.22,3356.35,3343.87,3345.46,6382.0
2025-07-03 13:00:00,3345.49,3355.14,3344.63,3352.8,5309.0
2025-07-03 14:00:00,3352.82,3353.42,3342.84,3345.86,5672.0
2025-07-03 15:00:00,3345.84,3352.06,3311.38,3324.27,9058.0
2025-07-03 16:00:00,3324.28,3338.25,3321.92,3331.99,9437.0
2025-07-03 17:00:00,3331.88,3334.52,3323.29,3324.39,8736.0
2025-07-03 18:00:00,3324.37,3331.25,3322.91,3327.81,6814.0
2025-07-03 19:00:00,3327.82,3334.44,3325.53,3333.72,6098.0
2025-07-03 20:00:00,3333.67,3334.59,3328.7,3328.91,3317.0
2025-07-03 21:00:00,3328.89,3330.05,3327.71,3328.85,1794.0
2025-07-03 22:00:00,3328.84,3329.28,3326.9,3328.55,1730.0
2025-07-03 23:00:00,3328.56,3328.66,3325.18,3325.68,1420.0
2025-07-04 01:00:00,3326.82,3329.43,3323.39,3328.95,2148.0
2025-07-04 02:00:00,3328.91,3331.82,3328.31,3330.61,3358.0
2025-07-04 03:00:00,3330.72,3330.96,3325.66,3328.82,4942.0
2025-07-04 04:00:00,3328.75,3334.1,3326.34,3329.93,6048.0
2025-07-04 05:00:00,3329.9,3332.2,3326.92,3327.15,5232.0
2025-07-04 06:00:00,3327.13,3338.59,3325.95,3338.16,5160.0
2025-07-04 07:00:00,3338.17,3342.09,3337.83,3340.63,4376.0
2025-07-04 08:00:00,3340.62,3341.97,3338.21,3339.25,4541.0
2025-07-04 09:00:00,3339.31,3344.87,3339.0,3342.29,6062.0
2025-07-04 10:00:00,3342.64,3343.44,3336.34,3342.75,5855.0
2025-07-04 11:00:00,3342.77,3344.02,3340.73,3342.64,4412.0
2025-07-04 12:00:00,3342.62,3342.86,3332.86,3334.26,5016.0
2025-07-04 13:00:00,3334.28,3337.87,3331.32,3336.58,4319.0
2025-07-04 14:00:00,3336.6,3337.64,3334.19,3334.56,3861.0
2025-07-04 15:00:00,3334.53,3337.56,3331.18,3333.71,5083.0
2025-07-04 16:00:00,3333.74,3337.8,3332.01,3333.65,5371.0
2025-07-04 17:00:00,3333.64,3333.95,3330.7,3333.05,4629.0
2025-07-04 18:00:00,3333.11,3333.72,3330.66,3332.23,2996.0
2025-07-04 19:00:00,3332.2,3335.73,3332.11,3334.77,2002.0
2025-07-07 01:00:00,3333.49,3342.58,3332.25,3333.23,3931.0
2025-07-07 02:00:00,3333.37,3334.25,3326.03,3328.64,4728.0
2025-07-07 03:00:00,3328.65,3329.42,3321.57,3326.34,6184.0
2025-07-07 04:00:00,3326.37,3327.48,3306.48,3316.36,8671.0
2025-07-07 05:00:00,3316.34,3317.55,3305.91,3308.77,6592.0
2025-07-07 06:00:00,3308.71,3315.07,3306.92,3310.67,6080.0
2025-07-07 07:00:00,3310.7,3312.14,3305.08,3307.53,6039.0
2025-07-07 08:00:00,3307.52,3314.93,3306.84,3313.18,6671.0
2025-07-07 09:00:00,3313.17,3314.94,3308.19,3309.76,6824.0
2025-07-07 10:00:00,3309.62,3313.06,3300.47,3302.03,6497.0
2025-07-07 11:00:00,3302.05,3312.53,3301.06,3309.92,6432.0
2025-07-07 12:00:00,3309.91,3311.7,3305.9,3308.76,6024.0
2025-07-07 13:00:00,3308.78,3310.49,3296.26,3301.87,7111.0
2025-07-07 14:00:00,3301.92,3307.4,3299.55,3301.67,7693.0
2025-07-07 15:00:00,3301.76,3312.4,3300.37,3309.41,8374.0
2025-07-07 16:00:00,3309.39,3316.84,3306.01,3316.17,8262.0
2025-07-07 17:00:00,3316.43,3321.12,3313.06,3317.76,7660.0
2025-07-07 18:00:00,3317.8,3321.79,3315.94,3320.65,5811.0
2025-07-07 19:00:00,3320.63,3327.85,3319.93,3327.23,6963.0
2025-07-07 20:00:00,3327.36,3335.6,3327.21,3331.92,6817.0
2025-07-07 21:00:00,3331.82,3335.5,3328.27,3334.21,5462.0
2025-07-07 22:00:00,3334.16,3340.17,3334.1,3336.89,5655.0
2025-07-07 23:00:00,3337.01,3337.82,3335.29,3336.19,2340.0
2025-07-08 01:00:00,3338.26,3345.59,3338.26,3339.53,2991.0
2025-07-08 02:00:00,3339.56,3339.86,3333.78,3334.43,3495.0
2025-07-08 03:00:00,3334.45,3337.1,3331.05,3334.05,5998.0
2025-07-08 04:00:00,3334.05,3336.76,3329.5,3334.61,6874.0
2025-07-08 05:00:00,3334.59,3337.79,3332.65,3334.25,5415.0
2025-07-08 06:00:00,3334.3,3335.29,3329.38,3331.33,4053.0
2025-07-08 07:00:00,3331.34,3332.59,3327.22,3329.4,3729.0
2025-07-08 08:00:00,3329.39,3336.32,3329.32,3333.88,4699.0
2025-07-08 09:00:00,3333.88,3335.8,3330.63,3335.6,5718.0
2025-07-08 10:00:00,3335.6,3339.26,3330.28,3333.72,6198.0
2025-07-08 11:00:00,3333.71,3333.71,3323.09,3323.5,7069.0
2025-07-08 12:00:00,3323.47,3326.56,3320.98,3321.83,5703.0
2025-07-08 13:00:00,3321.83,3326.89,3320.27,3324.41,4645.0
2025-07-08 14:00:00,3324.44,3327.24,3319.85,3324.81,5411.0
2025-07-08 15:00:00,3324.78,3329.65,3324.61,3328.01,6433.0
2025-07-08 16:00:00,3328.0,3328.44,3314.52,3315.05,8917.0
2025-07-08 17:00:00,3314.99,3315.65,3294.21,3296.35,9938.0
2025-07-08 18:00:00,3296.48,3300.09,3286.87,3298.0,8349.0
2025-07-08 19:00:00,3298.02,3301.37,3295.76,3300.26,6949.0
2025-07-08 20:00:00,3300.34,3310.19,3299.17,3306.1,7956.0
2025-07-08 21:00:00,3306.1,3307.91,3300.42,3305.18,5425.0
2025-07-08 22:00:00,3305.22,3305.95,3302.26,3302.78,5698.0
2025-07-08 23:00:00,3302.59,3303.52,3299.19,3301.44,2512.0
2025-07-09 01:00:00,3302.19,3303.82,3300.15,3301.41,2749.0
2025-07-09 02:00:00,3301.43,3303.74,3297.08,3302.13,4191.0
2025-07-09 03:00:00,3302.14,3307.79,3301.74,3306.96,4656.0
2025-07-09 04:00:00,3306.95,3307.11,3299.12,3301.63,5988.0
2025-07-09 05:00:00,3301.62,3302.69,3286.46,3288.2,6245.0
2025-07-09 06:00:00,3288.37,3294.53,3284.75,3293.12,5207.0
2025-07-09 07:00:00,3293.12,3296.21,3291.07,3293.81,3557.0
2025-07-09 08:00:00,3293.8,3297.62,3288.85,3289.18,5704.0
2025-07-09 09:00:00,3289.28,3292.49,3285.42,3292.01,6608.0
2025-07-09 10:00:00,3292.1,3295.77,3288.03,3291.65,6234.0
2025-07-09 11:00:00,3291.66,3292.42,3282.51,3284.86,6536.0
2025-07-09 12:00:00,3284.84,3290.13,3284.17,3288.92,5146.0
2025-07-09 13:00:00,3288.97,3295.74,3288.1,3295.29,4741.0
2025-07-09 14:00:00,3295.28,3295.72,3283.04,3284.81,5621.0
2025-07-09 15:00:00,3284.73,3297.3,3284.73,3296.19,6826.0
2025-07-09 16:00:00,3296.21,3305.02,3291.69,3300.04,8377.0
2025-07-09 17:00:00,3300.08,3312.66,3299.7,3312.13,8267.0
2025-07-09 18:00:00,3312.15,3312.66,3306.13,3309.43,6703.0
2025-07-09 19:00:00,3309.34,3313.06,3307.75,3311.69,5814.0
2025-07-09 20:00:00,3311.68,3314.41,3307.84,3309.3,5956.0
2025-07-09 21:00:00,3309.32,3313.51,3307.95,3311.25,5558.0
2025-07-09 22:00:00,3311.23,3316.61,3310.78,3315.44,5877.0
2025-07-09 23:00:00,3315.46,3315.64,3311.37,3313.21,2273.0
2025-07-10 01:00:00,3314.19,3321.0,3313.15,3319.38,2590.0
2025-07-10 02:00:00,3319.37,3319.57,3315.52,3317.42,2696.0
2025-07-10 03:00:00,3317.23,3321.73,3316.45,3317.51,5017.0
2025-07-10 04:00:00,3317.28,3326.12,3316.27,3321.97,5910.0
2025-07-10 05:00:00,3322.05,3323.45,3318.07,3319.04,4095.0
2025-07-10 06:00:00,3319.03,3320.01,3315.25,3315.55,3864.0
2025-07-10 07:00:00,3315.52,3322.34,3314.65,3322.04,3074.0
2025-07-10 08:00:00,3322.06,3324.89,3320.48,3320.92,4417.0
2025-07-10 09:00:00,3320.97,3328.16,3320.7,3325.05,5677.0
2025-07-10 10:00:00,3325.05,3329.25,3319.69,3320.87,5785.0
2025-07-10 11:00:00,3320.91,3329.91,3319.71,3328.43,5030.0
2025-07-10 12:00:00,3328.45,3330.02,3323.05,3326.25,5281.0
2025-07-10 13:00:00,3326.35,3328.56,3322.09,3325.08,5570.0
2025-07-10 14:00:00,3325.11,3330.05,3318.11,3320.22,6354.0
2025-07-10 15:00:00,3320.29,3325.89,3317.76,3323.63,6871.0
2025-07-10 16:00:00,3323.65,3329.28,3311.77,3312.58,9082.0
2025-07-10 17:00:00,3312.56,3321.32,3309.9,3314.72,8646.0
2025-07-10 18:00:00,3314.72,3321.24,3314.39,3319.49,6799.0
2025-07-10 19:00:00,3319.48,3319.76,3311.95,3314.91,5943.0
2025-07-10 20:00:00,3314.85,3318.45,3314.55,3317.2,5697.0
2025-07-10 21:00:00,3317.18,3321.7,3316.26,3321.28,5305.0
2025-07-10 22:00:00,3321.3,3325.71,3321.23,3324.69,6250.0
2025-07-10 23:00:00,3324.68,3325.17,3323.2,3323.9,2107.0
2025-07-11 01:00:00,3323.41,3326.22,3321.6,3323.14,3002.0
2025-07-11 02:00:00,3323.02,3326.13,3322.76,3323.6,2302.0
2025-07-11 03:00:00,3323.5,3336.02,3323.44,3330.48,6434.0
2025-07-11 04:00:00,3330.42,3331.38,3325.08,3329.35,6807.0
2025-07-11 05:00:00,3329.43,3334.84,3327.03,3332.51,5508.0
2025-07-11 06:00:00,3332.5,3335.82,3332.05,3333.55,4532.0
2025-07-11 07:00:00,3333.56,3335.17,3329.45,3331.82,3921.0
2025-07-11 08:00:00,3331.8,3341.46,3331.77,3333.81,6753.0
2025-07-11 09:00:00,3333.77,3343.57,3332.01,3332.32,7400.0
2025-07-11 10:00:00,3332.13,3341.95,3330.92,3341.65,7020.0
2025-07-11 11:00:00,3341.59,3343.61,3332.58,3332.84,7517.0
2025-07-11 12:00:00,3332.85,3339.84,3332.58,3339.32,6039.0
2025-07-11 13:00:00,3339.34,3348.05,3339.34,3344.82,6946.0
2025-07-11 14:00:00,3344.81,3350.07,3341.87,3347.38,7049.0
2025-07-11 15:00:00,3347.39,3356.84,3344.18,3354.92,8782.0
2025-07-11 16:00:00,3354.91,3358.93,3349.94,3351.79,10219.0
2025-07-11 17:00:00,3351.68,3363.49,3350.05,3360.93,10226.0
2025-07-11 18:00:00,3360.97,3368.58,3356.71,3358.7,8908.0
2025-07-11 19:00:00,3358.7,3359.55,3352.55,3353.57,8261.0
2025-07-11 20:00:00,3353.46,3353.84,3349.04,3353.15,7216.0
2025-07-11 21:00:00,3353.18,3358.33,3352.88,3355.98,6694.0
2025-07-11 22:00:00,3355.94,3359.52,3355.42,3356.19,6750.0
2025-07-11 23:00:00,3355.71,3358.52,3353.32,3357.1,1852.0
2025-07-14 01:00:00,3363.97,3371.19,3359.6,3369.33,5797.0
2025-07-14 02:00:00,3369.37,3374.04,3366.43,3367.86,4811.0
2025-07-14 03:00:00,3367.77,3373.3,3365.04,3367.67,7516.0
2025-07-14 04:00:00,3367.69,3370.19,3357.22,3358.8,8781.0
2025-07-14 05:00:00,3358.73,3359.58,3353.9,3357.43,7462.0
2025-07-14 06:00:00,3357.49,3359.61,3355.49,3356.97,5882.0
2025-07-14 07:00:00,3356.95,3361.67,3353.73,3359.77,6491.0
2025-07-14 08:00:00,3359.78,3360.43,3354.04,3357.63,7105.0
2025-07-14 09:00:00,3357.65,3369.67,3356.66,3368.91,7984.0
2025-07-14 10:00:00,3368.86,3374.95,3366.64,3371.94,7923.0
2025-07-14 11:00:00,3371.95,3372.58,3365.42,3365.96,7184.0
2025-07-14 12:00:00,3365.93,3370.34,3364.11,3370.3,6378.0
2025-07-14 13:00:00,3370.36,3374.62,3369.71,3372.05,6910.0
2025-07-14 14:00:00,3372.12,3373.05,3363.94,3364.1,7013.0
2025-07-14 15:00:00,3364.11,3366.58,3349.17,3349.87,8788.0
2025-07-14 16:00:00,3349.88,3358.77,3347.0,3355.12,8816.0
2025-07-14 17:00:00,3355.07,3356.12,3340.91,3342.83,9050.0
2025-07-14 18:00:00,3342.85,3349.48,3342.31,3344.93,7195.0
2025-07-14 19:00:00,3344.91,3349.05,3343.0,3347.57,6445.0
2025-07-14 20:00:00,3347.61,3351.49,3347.18,3350.82,6125.0
2025-07-14 21:00:00,3350.85,3351.03,3347.68,3348.69,4913.0
2025-07-14 22:00:00,3348.72,3350.34,3342.97,3343.86,6522.0
2025-07-14 23:00:00,3343.87,3345.47,3340.89,3343.2,2757.0
2025-07-15 01:00:00,3344.2,3345.48,3341.07,3345.48,1918.0
2025-07-15 02:00:00,3345.49,3346.49,3343.77,3345.12,2057.0
2025-07-15 03:00:00,3345.12,3349.15,3344.62,3347.39,3391.0
2025-07-15 04:00:00,3347.47,3350.51,3345.86,3346.36,4608.0
2025-07-15 05:00:00,3346.36,3351.88,3345.67,3350.72,4577.0
2025-07-15 06:00:00,3350.72,3358.14,3350.56,3357.71,4648.0
2025-07-15 07:00:00,3357.73,3361.17,3357.46,3360.03,3621.0
2025-07-15 08:00:00,3360.06,3365.04,3360.06,3361.99,4302.0
2025-07-15 09:00:00,3361.92,3363.85,3357.19,3357.96,6287.0
2025-07-15 10:00:00,3358.14,3365.53,3357.18,3364.09,5658.0
2025-07-15 11:00:00,3364.12,3365.34,3356.53,3360.86,6760.0
2025-07-15 12:00:00,3360.84,3364.55,3358.44,3363.2,6120.0
2025-07-15 13:00:00,3363.25,3366.16,3361.01,3361.11,5471.0
2025-07-15 14:00:00,3361.01,3361.79,3353.51,3354.7,6557.0
2025-07-15 15:00:00,3354.66,3359.92,3346.2,3348.6,8405.0
2025-07-15 16:00:00,3348.61,3352.18,3334.26,3346.46,9806.0
2025-07-15 17:00:00,3346.48,3351.85,3342.32,3347.72,8693.0
2025-07-15 18:00:00,3347.78,3349.74,3325.26,3328.73,8764.0
2025-07-15 19:00:00,3328.67,3330.04,3320.0,3329.07,7665.0
2025-07-15 20:00:00,3329.07,3331.11,3325.77,3327.99,6033.0
2025-07-15 21:00:00,3327.99,3331.71,3325.67,3328.61,5868.0
2025-07-15 22:00:00,3328.6,3331.04,3326.28,3330.27,5413.0
2025-07-15 23:00:00,3330.2,3330.83,3324.66,3324.74,2086.0
2025-07-16 01:00:00,3324.2,3327.46,3323.49,3326.4,1768.0
2025-07-16 02:00:00,3326.42,3331.66,3326.15,3330.94,2488.0
2025-07-16 03:00:00,3330.94,3332.58,3328.73,3330.34,4269.0
2025-07-16 04:00:00,3330.33,3334.76,3328.69,3330.76,6261.0
2025-07-16 05:00:00,3330.77,3331.3,3324.91,3326.02,5103.0
2025-07-16 06:00:00,3326.0,3334.88,3325.72,3334.15,4984.0
2025-07-16 07:00:00,3334.14,3338.43,3332.65,3338.13,3946.0
2025-07-16 08:00:00,3338.11,3339.68,3335.52,3337.94,4488.0
2025-07-16 09:00:00,3337.91,3341.74,3337.54,3339.06,5944.0
2025-07-16 10:00:00,3339.09,3339.96,3335.54,3337.68,5056.0
2025-07-16 11:00:00,3337.74,3342.65,3337.58,3341.93,5281.0
2025-07-16 12:00:00,3341.91,3342.79,3338.98,3339.82,5490.0
2025-07-16 13:00:00,3339.8,3340.21,3333.98,3334.84,5449.0
2025-07-16 14:00:00,3334.71,3340.07,3333.58,3339.04,6098.0
2025-07-16 15:00:00,3338.98,3340.67,3330.81,3334.38,7903.0
2025-07-16 16:00:00,3334.4,3339.14,3321.78,3326.63,8758.0
2025-07-16 17:00:00,3326.71,3342.36,3319.42,3337.79,9666.0
2025-07-16 18:00:00,3337.86,3377.33,3335.98,3343.72,12345.0
2025-07-16 19:00:00,3343.27,3354.92,3338.96,3348.82,9312.0
2025-07-16 20:00:00,3348.83,3357.05,3348.61,3354.53,6582.0
2025-07-16 21:00:00,3354.54,3357.11,3348.93,3350.11,5534.0
2025-07-16 22:00:00,3350.12,3350.26,3345.93,3346.96,6537.0
2025-07-16 23:00:00,3346.95,3349.27,3346.09,3347.22,2758.0
2025-07-17 01:00:00,3347.49,3352.01,3347.49,3349.4,2439.0
2025-07-17 02:00:00,3349.41,3349.98,3345.14,3346.33,2444.0
2025-07-17 03:00:00,3346.35,3347.21,3339.5,3340.71,4404.0
2025-07-17 04:00:00,3340.65,3344.16,3337.03,3343.74,5839.0
2025-07-17 05:00:00,3343.69,3344.42,3337.64,3341.24,4732.0
2025-07-17 06:00:00,3341.23,3342.25,3335.84,3341.31,4298.0
2025-07-17 07:00:00,3341.32,3344.56,3338.17,3342.49,3355.0
2025-07-17 08:00:00,3342.48,3342.71,3335.76,3339.15,4626.0
2025-07-17 09:00:00,3339.17,3339.58,3328.11,3335.25,7115.0
2025-07-17 10:00:00,3335.24,3336.01,3324.98,3325.66,6385.0
2025-07-17 11:00:00,3325.63,3331.83,3325.31,3328.65,5531.0
2025-07-17 12:00:00,3328.63,3332.32,3324.55,3325.51,5927.0
2025-07-17 13:00:00,3325.33,3330.89,3324.75,3325.6,6255.0
2025-07-17 14:00:00,3325.61,3328.35,3322.19,3324.08,6076.0
2025-07-17 15:00:00,3324.09,3328.6,3309.7,3312.89,9166.0
2025-07-17 16:00:00,3312.87,3321.61,3311.11,3318.86,9595.0
2025-07-17 17:00:00,3318.71,3334.86,3318.12,3333.99,9058.0
2025-07-17 18:00:00,3334.0,3338.16,3331.1,3336.55,7269.0
2025-07-17 19:00:00,3336.49,3339.91,3335.26,3338.84,6334.0
2025-07-17 20:00:00,3338.86,3341.05,3336.29,3337.39,5526.0
2025-07-17 21:00:00,3337.41,3338.95,3335.64,3338.57,4971.0
2025-07-17 22:00:00,3338.54,3340.74,3338.25,3339.74,5106.0
2025-07-17 23:00:00,3339.75,3340.26,3337.49,3338.95,1950.0
2025-07-18 01:00:00,3341.0,3343.98,3338.23,3343.28,3254.0
2025-07-18 02:00:00,3343.26,3343.4,3339.52,3340.18,2511.0
2025-07-18 03:00:00,3340.18,3341.5,3338.06,3339.89,3521.0
2025-07-18 04:00:00,3339.91,3343.11,3335.44,3337.75,5356.0
2025-07-18 05:00:00,3337.72,3344.29,3336.9,3337.79,5328.0
2025-07-18 06:00:00,3337.82,3338.48,3334.1,3334.59,3724.0
2025-07-18 07:00:00,3334.6,3336.98,3333.81,3336.98,3004.0
2025-07-18 08:00:00,3337.07,3340.81,3333.42,3333.48,4753.0
2025-07-18 09:00:00,3333.44,3342.7,3331.79,3342.1,6381.0
2025-07-18 10:00:00,3342.13,3350.08,3340.77,3349.82,5526.0
2025-07-18 11:00:00,3349.83,3350.38,3346.25,3347.45,5086.0
2025-07-18 12:00:00,3347.43,3354.9,3347.43,3352.34,5507.0
2025-07-18 13:00:00,3352.38,3352.75,3347.93,3351.39,5108.0
2025-07-18 14:00:00,3351.35,3357.67,3350.88,3354.39,5515.0
2025-07-18 15:00:00,3354.39,3361.26,3354.28,3359.98,6905.0
2025-07-18 16:00:00,3359.99,3360.32,3352.31,3355.53,8337.0
2025-07-18 17:00:00,3356.27,3359.09,3351.16,3354.74,8071.0
2025-07-18 18:00:00,3354.76,3356.37,3352.33,3353.63,6749.0
2025-07-18 19:00:00,3353.64,3357.49,3351.23,3353.62,6352.0
2025-07-18 20:00:00,3353.69,3353.74,3350.58,3352.22,5068.0
2025-07-18 21:00:00,3352.25,3353.42,3350.19,3351.33,4554.0
2025-07-18 22:00:00,3351.28,3352.77,3347.65,3348.24,4860.0
2025-07-18 23:00:00,3348.04,3351.89,3347.86,3350.65,1506.0
2025-07-21 01:00:00,3349.38,3350.02,3344.82,3347.59,2854.0
2025-07-21 02:00:00,3347.57,3349.31,3345.26,3348.96,2381.0
2025-07-21 03:00:00,3348.97,3354.38,3347.55,3352.09,3566.0
2025-07-21 04:00:00,3352.06,3358.39,3351.78,3356.36,4934.0
2025-07-21 05:00:00,3356.45,3357.23,3352.16,3353.91,4136.0
2025-07-21 06:00:00,3353.9,3356.74,3350.89,3351.06,3667.0
2025-07-21 07:00:00,3351.05,3358.48,3350.53,3357.59,3125.0
2025-07-21 08:00:00,3357.6,3369.47,3357.44,3366.49,6702.0
2025-07-21 09:00:00,3366.53,3370.56,3364.9,3368.07,6118.0
2025-07-21 10:00:00,3368.18,3370.3,3363.75,3364.55,5981.0
2025-07-21 11:00:00,3364.52,3366.67,3362.9,3365.74,5526.0
2025-07-21 12:00:00,3365.77,3366.23,3362.64,3365.86,4893.0
2025-07-21 13:00:00,3365.85,3367.86,3362.64,3365.87,4391.0
2025-07-21 14:00:00,3365.89,3375.43,3365.09,3375.29,6427.0
2025-07-21 15:00:00,3375.16,3388.41,3374.36,3386.96,8507.0
2025-07-21 16:00:00,3387.07,3395.04,3383.51,3388.46,9666.0
2025-07-21 17:00:00,3388.45,3401.54,3385.96,3400.34,10260.0
2025-07-21 18:00:00,3400.48,3400.92,3395.65,3397.96,8856.0
2025-07-21 19:00:00,3397.95,3399.01,3393.82,3395.64,7657.0
2025-07-21 20:00:00,3395.65,3395.83,3391.56,3393.27,6863.0
2025-07-21 21:00:00,3393.27,3395.82,3393.06,3395.38,5899.0
2025-07-21 22:00:00,3395.43,3399.74,3395.14,3398.81,6840.0
2025-07-21 23:00:00,3398.81,3399.3,3396.8,3396.93,2921.0
2025-07-22 01:00:00,3396.39,3401.14,3396.39,3399.4,1713.0
2025-07-22 02:00:00,3399.46,3402.67,3393.36,3396.56,3442.0
2025-07-22 03:00:00,3396.61,3397.6,3390.55,3394.62,5232.0
2025-07-22 04:00:00,3394.63,3395.8,3385.22,3385.95,6503.0
2025-07-22 05:00:00,3385.95,3391.99,3385.31,3391.52,5791.0
2025-07-22 06:00:00,3391.57,3393.7,3388.87,3392.7,4616.0
2025-07-22 07:00:00,3392.67,3392.67,3388.01,3391.09,3348.0
2025-07-22 08:00:00,3391.13,3391.92,3384.66,3385.57,5250.0
2025-07-22 09:00:00,3385.6,3387.88,3384.39,3384.79,6315.0
2025-07-22 10:00:00,3384.8,3387.54,3383.26,3387.54,5464.0
2025-07-22 11:00:00,3387.58,3390.05,3386.18,3388.99,5819.0
2025-07-22 12:00:00,3388.97,3390.61,3384.54,3386.09,4972.0
2025-07-22 13:00:00,3386.12,3388.7,3385.84,3387.14,3413.0
2025-07-22 14:00:00,3387.13,3391.72,3386.77,3391.37,4582.0
2025-07-22 15:00:00,3391.47,3407.89,3391.08,3407.67,8063.0
2025-07-22 16:00:00,3407.54,3420.24,3406.53,3412.31,10011.0
2025-07-22 17:00:00,3412.32,3427.73,3405.13,3426.32,10430.0
2025-07-22 18:00:00,3426.28,3430.53,3423.67,3426.62,8785.0
2025-07-22 19:00:00,3426.66,3432.97,3426.24,3432.22,8044.0
2025-07-22 20:00:00,3432.24,3433.53,3426.54,3429.23,7772.0
2025-07-22 21:00:00,3429.23,3430.96,3427.9,3429.65,6270.0
2025-07-22 22:00:00,3429.62,3432.52,3429.01,3431.64,6998.0
2025-07-22 23:00:00,3431.55,3432.65,3427.78,3431.53,3547.0
2025-07-23 01:00:00,3432.62,3432.93,3427.46,3427.91,2232.0
2025-07-23 02:00:00,3427.89,3433.38,3426.28,3427.48,3782.0
2025-07-23 03:00:00,3427.41,3438.84,3427.04,3428.86,6385.0
2025-07-23 04:00:00,3428.88,3430.61,3421.04,3421.08,7950.0
2025-07-23 05:00:00,3421.12,3425.03,3419.26,3423.03,7002.0
2025-07-23 06:00:00,3422.98,3428.72,3422.92,3423.1,6347.0
2025-07-23 07:00:00,3423.07,3425.43,3422.08,3423.52,4871.0
2025-07-23 08:00:00,3423.58,3423.74,3416.42,3420.45,6480.0
2025-07-23 09:00:00,3420.5,3425.2,3419.62,3425.05,7504.0
2025-07-23 10:00:00,3424.79,3429.65,3419.95,3420.67,7255.0
2025-07-23 11:00:00,3420.66,3428.74,3420.63,3428.44,5812.0
2025-07-23 12:00:00,3428.45,3433.87,3428.36,3431.14,4558.0
2025-07-23 13:00:00,3431.11,3431.37,3421.01,3422.46,5583.0
2025-07-23 14:00:00,3422.45,3429.6,3420.16,3427.94,5200.0
2025-07-23 15:00:00,3427.93,3429.66,3419.74,3419.78,6514.0
2025-07-23 16:00:00,3419.77,3420.32,3405.35,3413.25,9154.0
2025-07-23 17:00:00,3413.19,3419.64,3410.5,3413.3,7869.0
2025-07-23 18:00:00,3413.31,3415.67,3398.05,3398.13,6951.0
2025-07-23 19:00:00,3397.9,3397.9,3381.22,3386.93,10057.0
2025-07-23 20:00:00,3387.13,3394.62,3385.51,3393.03,7310.0
2025-07-23 21:00:00,3393.08,3395.68,3391.85,3393.42,5355.0
2025-07-23 22:00:00,3393.43,3395.7,3388.38,3389.9,5811.0
2025-07-23 23:00:00,3389.89,3390.16,3386.13,3386.97,2517.0
2025-07-24 01:00:00,3387.99,3392.31,3386.49,3386.52,2025.0
2025-07-24 02:00:00,3386.54,3391.33,3386.26,3389.78,2429.0
2025-07-24 03:00:00,3389.81,3393.01,3388.42,3391.24,4015.0
2025-07-24 04:00:00,3391.27,3393.17,3383.84,3387.46,7480.0
2025-07-24 05:00:00,3387.48,3388.73,3380.76,3383.65,7531.0
2025-07-24 06:00:00,3383.66,3385.85,3374.63,3383.64,7064.0
2025-07-24 07:00:00,3383.57,3385.21,3380.88,3382.61,4051.0
2025-07-24 08:00:00,3382.45,3382.83,3374.31,3378.97,5703.0
2025-07-24 09:00:00,3378.98,3379.38,3369.8,3375.71,6241.0
2025-07-24 10:00:00,3375.77,3377.34,3365.87,3367.56,5333.0
2025-07-24 11:00:00,3367.58,3374.51,3365.68,3369.49,5532.0
2025-07-24 12:00:00,3369.38,3369.87,3361.82,3363.43,5109.0
2025-07-24 13:00:00,3363.43,3367.06,3361.94,3364.07,4100.0
2025-07-24 14:00:00,3364.16,3366.28,3361.08,3362.06,4507.0
2025-07-24 15:00:00,3362.04,3365.31,3352.43,3353.21,7341.0
2025-07-24 16:00:00,3353.27,3371.84,3351.2,3366.55,9028.0
2025-07-24 17:00:00,3366.46,3377.19,3365.54,3373.54,8092.0
2025-07-24 18:00:00,3373.39,3374.99,3370.13,3372.28,6399.0
2025-07-24 19:00:00,3372.3,3373.45,3366.75,3366.8,5011.0
2025-07-24 20:00:00,3366.74,3371.55,3366.03,3369.83,4693.0
2025-07-24 21:00:00,3369.83,3373.23,3367.24,3371.87,4091.0
2025-07-24 22:00:00,3371.84,3372.87,3369.85,3370.28,3915.0
2025-07-24 23:00:00,3370.32,3371.04,3367.09,3368.49,2363.0
2025-07-25 01:00:00,3368.88,3369.8,3365.08,3368.68,2897.0
2025-07-25 02:00:00,3368.6,3371.22,3366.61,3369.3,2817.0
2025-07-25 03:00:00,3369.3,3373.41,3368.25,3372.08,3429.0
2025-07-25 04:00:00,3372.13,3372.55,3365.56,3370.87,5086.0
2025-07-25 05:00:00,3370.31,3370.39,3362.33,3363.02,4757.0
2025-07-25 06:00:00,3362.92,3363.32,3358.62,3358.91,3801.0
2025-07-25 07:00:00,3358.9,3363.3,3357.59,3360.84,3619.0
2025-07-25 08:00:00,3360.82,3362.19,3355.08,3358.52,4211.0
2025-07-25 09:00:00,3358.5,3359.55,3354.69,3359.27,5211.0
2025-07-25 10:00:00,3359.25,3359.97,3352.5,3353.86,4030.0
2025-07-25 11:00:00,3353.84,3355.12,3344.33,3345.32,4541.0
2025-07-25 12:00:00,3345.26,3348.72,3342.92,3345.65,3763.0
2025-07-25 13:00:00,3345.64,3347.82,3340.83,3342.59,3895.0
2025-07-25 14:00:00,3342.66,3344.95,3338.47,3340.85,4351.0
2025-07-25 15:00:00,3340.78,3343.89,3336.15,3340.6,5696.0
2025-07-25 16:00:00,3340.62,3347.29,3336.66,3343.69,8330.0
2025-07-25 17:00:00,3343.68,3344.69,3330.32,3331.66,9082.0
2025-07-25 18:00:00,3331.59,3335.72,3324.79,3327.67,8491.0
2025-07-25 19:00:00,3327.68,3331.19,3326.03,3329.48,5178.0
2025-07-25 20:00:00,3329.48,3336.55,3329.4,3335.75,4892.0
2025-07-25 21:00:00,3335.8,3339.14,3335.63,3338.52,3474.0
2025-07-25 22:00:00,3338.55,3340.06,3337.05,3337.44,4538.0
2025-07-25 23:00:00,3337.67,3338.92,3335.82,3336.3,1751.0
2025-07-28 01:00:00,3317.03,3335.3,3317.03,3329.49,5053.0
2025-07-28 02:00:00,3329.43,3337.22,3329.27,3333.49,4127.0
2025-07-28 03:00:00,3333.52,3335.91,3327.44,3333.15,4726.0
2025-07-28 04:00:00,3333.2,3338.79,3329.76,3331.81,6606.0
2025-07-28 05:00:00,3331.8,3336.22,3330.4,3335.43,4624.0
2025-07-28 06:00:00,3335.41,3343.06,3334.13,3343.02,4007.0
2025-07-28 07:00:00,3343.04,3343.82,3339.27,3339.45,3443.0
2025-07-28 08:00:00,3339.36,3343.99,3337.91,3343.2,4414.0
2025-07-28 09:00:00,3343.2,3345.02,3335.63,3340.08,5567.0
2025-07-28 10:00:00,3340.02,3341.66,3333.56,3334.78,4917.0
2025-07-28 11:00:00,3334.77,3338.63,3332.19,3335.78,4248.0
2025-07-28 12:00:00,3335.79,3340.53,3335.76,3337.57,4156.0
2025-07-28 13:00:00,3337.55,3338.58,3334.01,3335.63,4290.0
2025-07-28 14:00:00,3335.69,3338.07,3334.25,3336.32,3515.0
2025-07-28 15:00:00,3336.5,3338.15,3325.31,3328.26,6582.0
2025-07-28 16:00:00,3328.22,3330.42,3301.71,3302.09,8244.0
2025-07-28 17:00:00,3302.02,3314.51,3301.57,3307.74,9165.0
2025-07-28 18:00:00,3307.72,3316.98,3306.39,3314.62,7114.0
2025-07-28 19:00:00,3314.51,3314.81,3311.32,3312.03,5497.0
2025-07-28 20:00:00,3312.01,3312.99,3308.59,3310.55,5081.0
2025-07-28 21:00:00,3310.53,3315.36,3310.01,3313.41,4530.0
2025-07-28 22:00:00,3313.46,3318.65,3312.86,3316.87,5621.0
2025-07-28 23:00:00,3316.94,3318.24,3314.03,3314.32,2547.0
2025-07-29 01:00:00,3314.66,3315.4,3311.82,3314.39,3393.0
2025-07-29 02:00:00,3314.36,3314.4,3310.41,3312.35,2090.0
2025-07-29 03:00:00,3312.36,3315.62,3307.54,3311.49,4329.0
2025-07-29 04:00:00,3311.42,3320.62,3308.39,3318.72,5967.0
2025-07-29 05:00:00,3318.75,3320.13,3317.39,3318.78,4643.0
2025-07-29 06:00:00,3318.67,3318.69,3310.98,3312.36,4356.0
2025-07-29 07:00:00,3312.36,3317.25,3308.76,3316.36,4074.0
2025-07-29 08:00:00,3316.38,3319.98,3314.17,3319.72,4440.0
2025-07-29 09:00:00,3319.73,3322.18,3316.05,3316.65,6388.0
2025-07-29 10:00:00,3316.78,3318.48,3311.09,3316.88,5733.0
2025-07-29 11:00:00,3316.89,3329.64,3316.42,3326.21,5561.0
2025-07-29 12:00:00,3326.19,3328.04,3320.71,3324.31,5744.0
2025-07-29 13:00:00,3324.34,3326.19,3321.83,3321.94,3579.0
2025-07-29 14:00:00,3321.95,3322.04,3314.75,3314.98,5116.0
2025-07-29 15:00:00,3314.97,3324.32,3314.97,3323.11,6441.0
2025-07-29 16:00:00,3323.12,3324.06,3312.71,3317.31,8160.0
2025-07-29 17:00:00,3317.25,3329.36,3311.73,3328.7,8670.0
2025-07-29 18:00:00,3328.73,3333.92,3319.45,3320.53,7591.0
2025-07-29 19:00:00,3320.52,3324.54,3318.89,3322.92,5772.0
2025-07-29 20:00:00,3322.9,3329.05,3322.77,3328.08,5256.0
2025-07-29 21:00:00,3328.1,3330.63,3325.16,3325.65,4598.0
2025-07-29 22:00:00,3325.66,3328.55,3322.49,3324.95,5925.0
2025-07-29 23:00:00,3324.88,3326.44,3324.53,3326.2,2514.0
2025-07-30 01:00:00,3326.7,3329.04,3325.77,3327.52,1497.0
2025-07-30 02:00:00,3327.54,3328.13,3325.97,3327.43,1667.0
2025-07-30 03:00:00,3327.39,3333.47,3327.12,3330.03,3995.0
2025-07-30 04:00:00,3329.92,3333.14,3321.74,3323.19,5980.0
2025-07-30 05:00:00,3323.12,3332.19,3323.11,3329.27,5412.0
2025-07-30 06:00:00,3329.2,3329.62,3326.04,3328.28,3706.0
2025-07-30 07:00:00,3328.25,3329.65,3325.65,3327.02,3171.0
2025-07-30 08:00:00,3327.02,3330.46,3324.11,3324.78,4487.0
2025-07-30 09:00:00,3324.81,3327.37,3322.96,3326.97,5512.0
2025-07-30 10:00:00,3327.02,3332.0,3325.41,3327.53,4635.0
2025-07-30 11:00:00,3327.54,3333.2,3327.36,3332.03,4121.0
2025-07-30 12:00:00,3332.02,3333.82,3328.93,3331.12,4208.0
2025-07-30 13:00:00,3331.09,3332.74,3326.48,3328.25,5234.0
2025-07-30 14:00:00,3328.31,3331.43,3323.81,3330.65,5324.0
2025-07-30 15:00:00,3330.64,3331.66,3310.41,3313.05,7205.0
2025-07-30 16:00:00,3313.17,3315.84,3298.29,3302.95,9613.0
2025-07-30 17:00:00,3302.96,3308.15,3301.07,3301.95,7370.0
2025-07-30 18:00:00,3301.93,3303.14,3288.57,3290.22,7132.0
2025-07-30 19:00:00,3290.19,3298.32,3289.71,3297.92,5356.0
2025-07-30 20:00:00,3297.98,3301.9,3297.53,3301.22,5005.0
2025-07-30 21:00:00,3301.19,3304.57,3279.47,3280.03,10135.0
2025-07-30 22:00:00,3280.06,3282.38,3268.02,3269.21,9434.0
2025-07-30 23:00:00,3269.16,3276.0,3268.85,3274.89,5216.0
2025-07-31 01:00:00,3275.31,3279.95,3273.79,3278.76,3270.0
2025-07-31 02:00:00,3278.8,3285.57,3277.7,3285.09,2756.0
2025-07-31 03:00:00,3285.09,3288.28,3282.61,3286.27,5232.0
2025-07-31 04:00:00,3286.35,3293.8,3285.04,3293.62,6915.0
2025-07-31 05:00:00,3293.63,3297.32,3290.31,3297.05,5188.0
2025-07-31 06:00:00,3297.07,3298.38,3293.29,3294.9,4488.0
2025-07-31 07:00:00,3294.88,3298.27,3293.53,3297.95,3460.0
2025-07-31 08:00:00,3297.95,3301.36,3294.51,3299.47,4312.0
2025-07-31 09:00:00,3299.47,3304.75,3297.92,3298.84,6372.0
2025-07-31 10:00:00,3298.85,3309.51,3297.88,3304.46,5183.0
2025-07-31 11:00:00,3304.52,3314.6,3303.43,3309.77,5611.0
2025-07-31 12:00:00,3309.68,3312.94,3304.68,3306.46,5465.0
2025-07-31 13:00:00,3306.44,3307.86,3293.62,3296.07,6277.0
2025-07-31 14:00:00,3296.08,3307.52,3295.0,3305.92,6975.0
2025-07-31 15:00:00,3305.87,3310.87,3303.73,3307.39,7147.0
2025-07-31 16:00:00,3307.41,3310.11,3300.39,3301.24,8783.0
2025-07-31 17:00:00,3301.21,3302.89,3291.15,3296.0,9116.0
2025-07-31 18:00:00,3295.96,3298.8,3291.16,3295.29,7426.0
2025-07-31 19:00:00,3295.27,3297.11,3289.46,3294.84,7164.0
2025-07-31 20:00:00,3294.83,3298.19,3293.84,3294.74,5960.0
2025-07-31 21:00:00,3294.79,3296.88,3292.63,3295.56,5192.0
2025-07-31 22:00:00,3295.55,3296.18,3290.34,3290.79,6034.0
2025-07-31 23:00:00,3290.83,3293.5,3289.75,3289.87,2498.0
2025-08-01 01:00:00,3289.9,3294.97,3289.18,3294.83,1704.0
2025-08-01 02:00:00,3294.81,3294.94,3287.89,3288.4,3086.0
2025-08-01 03:00:00,3288.45,3293.62,3286.26,3290.1,4506.0
2025-08-01 04:00:00,3290.1,3293.39,3281.36,3283.58,5659.0
2025-08-01 05:00:00,3283.45,3292.24,3283.23,3291.6,5350.0
2025-08-01 06:00:00,3291.61,3296.92,3290.35,3291.21,4431.0
2025-08-01 07:00:00,3291.2,3295.48,3289.89,3291.89,4068.0
2025-08-01 08:00:00,3291.9,3300.18,3291.63,3296.54,4532.0
2025-08-01 09:00:00,3296.44,3297.18,3290.42,3292.16,5729.0
2025-08-01 10:00:00,3292.18,3293.22,3285.11,3286.65,5686.0
2025-08-01 11:00:00,3286.54,3294.24,3285.22,3294.06,5105.0
2025-08-01 12:00:00,3294.09,3296.21,3292.59,3294.3,5127.0
2025-08-01 13:00:00,3294.34,3302.83,3293.13,3298.17,4804.0
2025-08-01 14:00:00,3298.1,3301.15,3296.64,3300.16,4737.0
2025-08-01 15:00:00,3300.19,3345.02,3297.17,3341.07,9293.0
2025-08-01 16:00:00,3341.05,3354.37,3338.66,3341.95,10979.0
2025-08-01 17:00:00,3341.89,3354.89,3341.21,3345.7,10342.0
2025-08-01 18:00:00,3345.77,3351.11,3341.39,3348.34,7957.0
2025-08-01 19:00:00,3348.32,3349.19,3340.31,3347.08,7206.0
2025-08-01 20:00:00,3347.07,3349.24,3345.35,3347.82,6278.0
2025-08-01 21:00:00,3348.03,3351.33,3345.94,3347.6,4941.0
2025-08-01 22:00:00,3347.75,3361.29,3347.71,3357.16,6314.0
2025-08-01 23:00:00,3357.81,3363.42,3357.68,3363.18,2488.0
2025-08-04 01:00:00,3363.89,3369.15,3357.62,3359.13,4387.0
2025-08-04 02:00:00,3359.2,3362.01,3354.57,3362.01,3210.0
2025-08-04 03:00:00,3361.97,3362.61,3350.32,3352.17,4893.0
2025-08-04 04:00:00,3352.18,3353.63,3345.07,3352.3,6543.0
2025-08-04 05:00:00,3352.25,3355.25,3350.28,3354.33,4460.0
2025-08-04 06:00:00,3354.35,3360.87,3354.35,3360.34,4593.0
2025-08-04 07:00:00,3360.31,3362.2,3358.85,3359.0,3309.0
2025-08-04 08:00:00,3358.99,3361.02,3355.54,3357.57,3732.0
2025-08-04 09:00:00,3357.65,3362.66,3353.63,3362.64,6053.0
2025-08-04 10:00:00,3362.63,3362.63,3351.7,3355.83,6126.0
2025-08-04 11:00:00,3355.95,3359.76,3354.12,3358.43,5203.0
2025-08-04 12:00:00,3358.44,3361.76,3356.91,3357.97,5569.0
2025-08-04 13:00:00,3357.98,3358.95,3353.05,3357.79,4997.0
2025-08-04 14:00:00,3357.86,3370.69,3357.71,3370.27,6156.0
2025-08-04 15:00:00,3370.28,3371.48,3361.05,3367.81,7089.0
2025-08-04 16:00:00,3367.83,3385.33,3367.09,3383.19,8724.0
2025-08-04 17:00:00,3383.31,3384.64,3371.92,3373.96,8449.0
2025-08-04 18:00:00,3373.98,3376.08,3370.69,3374.27,6812.0
2025-08-04 19:00:00,3374.28,3378.14,3370.58,3370.96,5341.0
2025-08-04 20:00:00,3370.95,3374.3,3370.7,3373.98,4818.0
2025-08-04 21:00:00,3373.98,3376.79,3373.2,3375.69,3892.0
2025-08-04 22:00:00,3375.71,3377.1,3374.44,3375.96,4962.0
2025-08-04 23:00:00,3375.96,3376.89,3373.14,3373.28,2074.0
2025-08-05 01:00:00,3374.74,3376.45,3373.71,3374.76,1445.0
2025-08-05 02:00:00,3374.78,3379.67,3374.74,3377.47,2768.0
2025-08-05 03:00:00,3377.43,3381.34,3375.96,3379.85,3555.0
2025-08-05 04:00:00,3379.92,3382.41,3378.06,3379.09,4596.0
2025-08-05 05:00:00,3379.13,3381.39,3373.71,3373.71,4242.0
2025-08-05 06:00:00,3373.7,3375.43,3371.98,3372.12,3095.0
2025-08-05 07:00:00,3372.08,3373.17,3371.09,3371.17,2641.0
2025-08-05 08:00:00,3371.16,3374.09,3367.74,3374.06,4747.0
2025-08-05 09:00:00,3374.08,3374.19,3365.73,3366.28,5079.0
2025-08-05 10:00:00,3366.26,3375.47,3366.14,3373.65,5352.0
2025-08-05 11:00:00,3373.62,3374.63,3366.06,3366.1,4894.0
2025-08-05 12:00:00,3366.08,3366.28,3358.95,3359.72,4906.0
2025-08-05 13:00:00,3359.74,3361.79,3352.94,3353.19,5453.0
2025-08-05 14:00:00,3353.18,3354.21,3349.97,3351.38,5261.0
2025-08-05 15:00:00,3351.39,3366.97,3349.97,3365.99,6793.0
2025-08-05 16:00:00,3366.09,3379.62,3365.9,3373.72,7805.0
2025-08-05 17:00:00,3376.42,3386.38,3370.34,3385.09,9114.0
2025-08-05 18:00:00,3385.08,3389.81,3382.0,3389.32,6129.0
2025-08-05 19:00:00,3389.32,3390.19,3376.96,3382.07,5658.0
2025-08-05 20:00:00,3382.11,3382.76,3379.03,3380.04,4329.0
2025-08-05 21:00:00,3380.03,3381.14,3378.43,3380.01,4015.0
2025-08-05 22:00:00,3380.0,3381.39,3378.13,3379.01,4269.0
2025-08-05 23:00:00,3378.96,3380.78,3378.43,3380.52,1803.0
2025-08-06 01:00:00,3380.21,3381.81,3378.21,3379.64,1447.0
2025-08-06 02:00:00,3379.65,3383.94,3378.96,3383.21,2276.0
2025-08-06 03:00:00,3383.24,3385.35,3380.88,3383.47,3529.0
2025-08-06 04:00:00,3383.5,3383.66,3372.65,3376.03,5414.0
2025-08-06 05:00:00,3376.03,3377.83,3374.24,3376.34,4070.0
2025-08-06 06:00:00,3376.36,3378.6,3373.49,3374.57,3271.0
2025-08-06 07:00:00,3374.65,3376.47,3372.18,3372.28,2380.0
2025-08-06 08:00:00,3372.27,3375.02,3370.68,3374.25,3586.0
2025-08-06 09:00:00,3374.29,3378.61,3373.03,3375.19,4726.0
2025-08-06 10:00:00,3375.18,3377.07,3369.04,3373.59,4695.0
2025-08-06 11:00:00,3373.58,3374.61,3364.87,3365.12,4975.0
2025-08-06 12:00:00,3365.1,3367.77,3358.21,3358.89,5283.0
2025-08-06 13:00:00,3358.87,3365.33,3358.23,3363.57,5377.0
2025-08-06 14:00:00,3363.56,3366.95,3360.66,3365.13,3963.0
2025-08-06 15:00:00,3365.1,3369.24,3360.18,3367.56,6078.0
2025-08-06 16:00:00,3367.58,3373.48,3365.45,3371.62,7884.0
2025-08-06 17:00:00,3371.59,3379.12,3369.31,3379.11,6884.0
2025-08-06 18:00:00,3379.1,3379.73,3369.95,3377.18,6938.0
2025-08-06 19:00:00,3377.2,3379.23,3372.76,3375.82,6511.0
2025-08-06 20:00:00,3375.88,3377.33,3370.64,3374.37,6234.0
2025-08-06 21:00:00,3374.35,3374.38,3368.86,3371.45,5616.0
2025-08-06 22:00:00,3371.41,3372.76,3370.16,3371.48,5608.0
2025-08-06 23:00:00,3371.45,3371.98,3366.96,3369.21,3072.0
2025-08-07 01:00:00,3368.05,3374.63,3368.05,3371.91,3617.0
2025-08-07 02:00:00,3371.91,3371.91,3367.54,3369.95,3762.0
2025-08-07 03:00:00,3369.98,3374.78,3365.13,3372.16,7921.0
2025-08-07 04:00:00,3372.19,3382.27,3370.05,3382.09,8228.0
2025-08-07 05:00:00,3382.13,3384.09,3378.07,3379.39,6179.0
2025-08-07 06:00:00,3379.4,3380.14,3376.34,3379.48,5388.0
2025-08-07 07:00:00,3379.56,3380.54,3376.69,3377.42,5074.0
2025-08-07 08:00:00,3377.41,3380.79,3371.39,3375.26,8009.0
2025-08-07 09:00:00,3375.28,3387.69,3374.81,3387.37,8172.0
2025-08-07 10:00:00,3387.42,3397.23,3386.12,3395.98,7527.0
2025-08-07 11:00:00,3396.06,3396.37,3372.39,3377.92,10109.0
2025-08-07 12:00:00,3377.93,3381.05,3373.0,3376.51,9416.0
2025-08-07 13:00:00,3376.52,3378.58,3371.57,3372.69,7057.0
2025-08-07 14:00:00,3372.7,3382.96,3371.53,3377.99,8789.0
2025-08-07 15:00:00,3377.99,3389.44,3375.06,3380.61,8740.0
2025-08-07 16:00:00,3380.59,3393.59,3379.94,3384.66,9833.0
2025-08-07 17:00:00,3384.67,3390.11,3375.27,3387.77,10749.0
2025-08-07 18:00:00,3387.87,3390.7,3384.55,3390.16,7676.0
2025-08-07 19:00:00,3390.26,3392.61,3387.15,3388.82,6869.0
2025-08-07 20:00:00,3388.8,3392.98,3384.31,3392.23,6667.0
2025-08-07 21:00:00,3392.22,3393.9,3387.67,3388.26,5913.0
2025-08-07 22:00:00,3388.27,3400.79,3387.4,3399.76,7364.0
2025-08-07 23:00:00,3399.81,3401.82,3392.52,3395.73,7275.0
2025-08-08 01:00:00,3404.26,3408.9,3389.19,3405.62,8761.0
2025-08-08 02:00:00,3405.43,3406.86,3395.94,3400.58,4380.0
2025-08-08 03:00:00,3400.55,3402.45,3387.85,3389.88,10933.0
2025-08-08 04:00:00,3389.98,3390.94,3381.19,3383.45,9984.0
2025-08-08 05:00:00,3383.35,3390.04,3383.19,3388.22,9188.0
2025-08-08 06:00:00,3388.24,3397.8,3383.65,3395.81,10315.0
2025-08-08 07:00:00,3395.83,3399.24,3393.57,3394.33,7585.0
2025-08-08 08:00:00,3394.36,3396.1,3390.21,3392.47,7986.0
2025-08-08 09:00:00,3392.43,3397.66,3388.71,3393.48,9840.0
2025-08-08 10:00:00,3393.45,3404.25,3392.28,3401.71,10473.0
2025-08-08 11:00:00,3402.07,3402.61,3394.12,3394.36,9361.0
2025-08-08 12:00:00,3394.38,3401.32,3394.0,3400.59,9421.0
2025-08-08 13:00:00,3400.58,3401.04,3384.42,3384.92,10545.0
2025-08-08 14:00:00,3385.02,3388.65,3380.47,3386.14,11977.0
2025-08-08 15:00:00,3386.13,3401.88,3385.28,3391.57,12729.0
2025-08-08 16:00:00,3391.67,3401.64,3387.56,3400.11,11666.0
2025-08-08 17:00:00,3400.1,3401.12,3381.23,3390.66,9906.0
2025-08-08 18:00:00,3390.6,3395.29,3388.76,3395.29,8959.0
2025-08-08 19:00:00,3395.28,3400.63,3393.58,3397.54,8215.0
2025-08-08 20:00:00,3397.52,3399.6,3382.85,3382.85,7714.0
2025-08-08 21:00:00,3381.82,3404.27,3377.25,3395.44,11715.0
2025-08-08 22:00:00,3395.42,3400.92,3392.44,3398.69,9547.0
2025-08-08 23:00:00,3398.57,3398.84,3392.32,3397.02,3093.0
2025-08-11 01:00:00,3397.62,3405.21,3390.65,3395.32,4400.0
2025-08-11 02:00:00,3395.33,3396.99,3390.34,3391.53,3297.0
2025-08-11 03:00:00,3391.56,3391.67,3381.61,3381.65,8155.0
2025-08-11 04:00:00,3381.62,3384.1,3367.81,3377.5,9766.0
2025-08-11 05:00:00,3377.52,3379.96,3369.72,3377.24,8213.0
2025-08-11 06:00:00,3377.21,3380.16,3374.21,3378.28,6212.0
2025-08-11 07:00:00,3378.33,3379.76,3375.45,3375.91,5547.0
2025-08-11 08:00:00,3375.92,3380.1,3373.99,3377.19,6312.0
2025-08-11 09:00:00,3377.17,3377.17,3363.59,3365.67,8311.0
2025-08-11 10:00:00,3365.61,3366.21,3357.06,3359.93,8613.0
2025-08-11 11:00:00,3359.96,3365.62,3358.63,3361.71,7636.0
2025-08-11 12:00:00,3361.73,3363.43,3352.84,3353.16,7938.0
2025-08-11 13:00:00,3353.17,3363.6,3352.91,3358.28,7263.0
2025-08-11 14:00:00,3358.21,3358.64,3349.63,3355.01,8027.0
2025-08-11 15:00:00,3354.95,3357.36,3344.24,3356.66,8465.0
2025-08-11 16:00:00,3356.65,3362.62,3348.23,3358.23,9216.0
2025-08-11 17:00:00,3358.37,3359.07,3341.24,3346.1,8834.0
2025-08-11 18:00:00,3346.12,3352.05,3344.72,3349.18,7084.0
2025-08-11 19:00:00,3349.23,3350.08,3342.32,3343.92,6790.0
2025-08-11 20:00:00,3343.96,3358.66,3341.18,3357.39,8340.0
2025-08-11 21:00:00,3357.42,3358.44,3352.09,3355.98,6016.0
2025-08-11 22:00:00,3355.98,3356.64,3350.32,3351.41,4653.0
2025-08-11 23:00:00,3351.43,3351.61,3341.94,3342.49,3725.0
2025-08-12 01:00:00,3343.67,3346.94,3342.16,3346.79,2678.0
2025-08-12 02:00:00,3346.8,3349.35,3346.02,3348.81,2623.0
2025-08-12 03:00:00,3348.8,3355.55,3347.31,3354.33,4647.0
2025-08-12 04:00:00,3354.33,3357.23,3346.05,3349.64,6520.0
2025-08-12 05:00:00,3349.63,3354.06,3349.54,3352.87,4796.0
2025-08-12 06:00:00,3352.9,3355.14,3347.45,3349.26,4279.0
2025-08-12 07:00:00,3349.26,3355.56,3348.42,3354.23,3997.0
2025-08-12 08:00:00,3354.26,3355.52,3350.34,3354.42,4381.0
2025-08-12 09:00:00,3354.45,3354.71,3342.09,3345.17,6873.0
2025-08-12 10:00:00,3345.21,3357.93,3343.58,3355.42,5997.0
2025-08-12 11:00:00,3355.39,3355.59,3345.36,3347.71,5480.0
2025-08-12 12:00:00,3347.72,3351.6,3344.24,3345.4,4279.0
2025-08-12 13:00:00,3345.39,3350.3,3343.76,3344.54,5588.0
2025-08-12 14:00:00,3344.57,3348.09,3335.85,3347.25,6226.0
2025-08-12 15:00:00,3347.24,3357.71,3338.39,3349.68,8900.0
2025-08-12 16:00:00,3349.68,3356.79,3339.94,3345.38,10457.0
2025-08-12 17:00:00,3345.3,3346.29,3330.87,3337.2,9632.0
2025-08-12 18:00:00,3337.18,3358.9,3336.68,3349.61,9011.0
2025-08-12 19:00:00,3349.61,3351.03,3345.7,3349.27,7123.0
2025-08-12 20:00:00,3349.26,3350.35,3346.28,3348.89,5667.0
2025-08-12 21:00:00,3348.84,3350.61,3347.31,3348.82,4521.0
2025-08-12 22:00:00,3348.8,3349.11,3345.41,3347.46,4813.0
2025-08-12 23:00:00,3347.45,3349.8,3345.84,3347.86,2667.0
2025-08-13 01:00:00,3347.42,3353.57,3347.34,3350.25,2099.0
2025-08-13 02:00:00,3350.26,3351.88,3349.54,3350.37,2076.0
2025-08-13 03:00:00,3350.39,3350.58,3342.53,3343.36,4653.0
2025-08-13 04:00:00,3343.38,3351.84,3342.69,3350.66,6186.0
2025-08-13 05:00:00,3350.66,3354.19,3346.55,3351.57,5276.0
2025-08-13 06:00:00,3351.6,3352.84,3348.42,3349.4,4132.0
2025-08-13 07:00:00,3349.43,3352.14,3347.99,3351.65,2966.0
2025-08-13 08:00:00,3351.65,3351.92,3345.58,3349.07,4435.0
2025-08-13 09:00:00,3349.14,3357.34,3348.75,3356.89,6241.0
2025-08-13 10:00:00,3356.92,3360.75,3353.67,3354.68,5402.0
2025-08-13 11:00:00,3354.66,3363.4,3352.84,3360.19,6103.0
2025-08-13 12:00:00,3360.22,3366.66,3358.64,3364.59,5635.0
2025-08-13 13:00:00,3364.6,3366.98,3363.07,3366.06,4328.0
2025-08-13 14:00:00,3366.07,3367.09,3358.76,3362.14,5718.0
2025-08-13 15:00:00,3362.16,3363.53,3355.33,3357.83,6872.0
2025-08-13 16:00:00,3357.89,3365.71,3354.03,3364.89,7393.0
2025-08-13 17:00:00,3364.91,3370.76,3361.07,3363.14,7370.0
2025-08-13 18:00:00,3363.15,3363.72,3354.43,3357.78,6113.0
2025-08-13 19:00:00,3357.77,3360.92,3357.08,3357.91,4519.0
2025-08-13 20:00:00,3357.91,3359.36,3352.76,3353.68,4026.0
2025-08-13 21:00:00,3353.66,3354.45,3349.99,3353.72,3431.0
2025-08-13 22:00:00,3353.71,3359.0,3352.6,3357.82,3439.0
2025-08-13 23:00:00,3357.8,3358.19,3355.55,3355.79,1811.0
2025-08-14 01:00:00,3357.06,3359.06,3356.71,3357.69,1796.0
2025-08-14 02:00:00,3357.64,3363.44,3357.61,3362.8,2911.0
2025-08-14 03:00:00,3362.8,3375.04,3362.78,3369.65,5674.0
2025-08-14 04:00:00,3369.6,3370.95,3365.24,3367.45,5922.0
2025-08-14 05:00:00,3367.45,3369.35,3362.83,3362.93,4876.0
2025-08-14 06:00:00,3362.9,3364.2,3355.42,3360.45,6189.0
2025-08-14 07:00:00,3360.61,3361.85,3358.61,3360.49,3877.0
2025-08-14 08:00:00,3360.51,3361.82,3356.25,3359.0,4346.0
2025-08-14 09:00:00,3358.95,3362.38,3356.0,3362.0,5836.0
2025-08-14 10:00:00,3362.1,3366.35,3343.47,3345.84,7064.0
2025-08-14 11:00:00,3345.83,3350.13,3341.36,3345.97,6853.0
2025-08-14 12:00:00,3345.96,3358.89,3344.9,3356.37,6700.0
2025-08-14 13:00:00,3356.38,3358.84,3351.96,3354.79,5179.0
2025-08-14 14:00:00,3354.8,3356.91,3352.32,3355.21,4807.0
2025-08-14 15:00:00,3355.22,3358.16,3341.77,3350.4,7984.0
2025-08-14 16:00:00,3350.31,3355.83,3343.65,3343.98,9396.0
2025-08-14 17:00:00,3343.89,3346.43,3334.07,3340.4,8955.0
2025-08-14 18:00:00,3340.41,3342.64,3335.15,3341.54,7007.0
2025-08-14 19:00:00,3341.53,3341.84,3329.64,3334.18,6793.0
2025-08-14 20:00:00,3334.18,3338.25,3331.7,3337.65,4964.0
2025-08-14 21:00:00,3337.6,3339.18,3335.89,3338.09,3614.0
2025-08-14 22:00:00,3338.07,3340.84,3337.75,3337.75,3481.0
2025-08-14 23:00:00,3337.78,3338.32,3334.34,3335.22,2335.0
2025-08-15 01:00:00,3337.19,3337.56,3332.29,3333.15,2097.0
2025-08-15 02:00:00,3333.2,3336.47,3332.03,3335.39,2190.0
2025-08-15 03:00:00,3335.41,3338.57,3332.26,3336.96,4055.0
2025-08-15 04:00:00,3336.98,3340.02,3333.15,3339.45,5624.0
2025-08-15 05:00:00,3339.43,3340.66,3336.56,3340.32,4324.0
2025-08-15 06:00:00,3340.33,3344.66,3339.97,3343.25,3824.0
2025-08-15 07:00:00,3343.21,3346.44,3343.13,3345.28,3912.0
2025-08-15 08:00:00,3345.27,3348.5,3341.82,3343.62,4537.0
2025-08-15 09:00:00,3343.67,3344.82,3340.01,3340.22,5028.0
2025-08-15 10:00:00,3340.23,3346.36,3339.95,3345.99,5134.0
2025-08-15 11:00:00,3346.01,3348.07,3338.19,3341.02,5548.0
2025-08-15 12:00:00,3340.99,3344.71,3338.24,3342.44,5413.0
2025-08-15 13:00:00,3342.46,3342.47,3336.13,3337.42,4723.0
2025-08-15 14:00:00,3337.48,3343.97,3336.93,3342.12,5043.0
2025-08-15 15:00:00,3342.11,3343.66,3333.35,3342.46,7402.0
2025-08-15 16:00:00,3342.5,3345.71,3332.69,3335.17,8421.0
2025-08-15 17:00:00,3335.13,3343.4,3334.91,3341.57,7131.0
2025-08-15 18:00:00,3341.59,3344.84,3341.2,3342.13,5489.0
2025-08-15 19:00:00,3342.14,3342.26,3335.56,3337.96,5036.0
2025-08-15 20:00:00,3338.03,3338.74,3334.91,3335.84,4439.0
2025-08-15 21:00:00,3335.89,3338.03,3334.55,3335.8,3381.0
2025-08-15 22:00:00,3335.78,3339.4,3334.22,3338.98,3806.0
2025-08-15 23:00:00,3338.83,3339.2,3335.56,3335.81,1599.0
2025-08-18 01:00:00,3336.15,3338.77,3332.75,3334.15,2543.0
2025-08-18 02:00:00,3334.13,3334.21,3323.4,3326.93,4061.0
2025-08-18 03:00:00,3326.94,3342.6,3326.6,3340.39,5795.0
2025-08-18 04:00:00,3340.36,3347.17,3339.47,3346.68,6062.0
2025-08-18 05:00:00,3346.66,3347.35,3342.24,3343.21,4005.0
2025-08-18 06:00:00,3343.16,3351.59,3343.13,3346.88,4301.0
2025-08-18 07:00:00,3346.9,3357.98,3346.62,3357.34,4331.0
2025-08-18 08:00:00,3357.33,3358.2,3346.46,3349.41,6319.0
2025-08-18 09:00:00,3349.33,3350.93,3345.84,3349.25,4985.0
2025-08-18 10:00:00,3349.43,3355.38,3346.99,3348.84,5683.0
2025-08-18 11:00:00,3348.85,3349.74,3344.4,3348.45,5263.0
2025-08-18 12:00:00,3348.43,3351.48,3347.41,3347.95,5051.0
2025-08-18 13:00:00,3347.92,3351.2,3346.31,3346.41,4459.0
2025-08-18 14:00:00,3346.39,3348.53,3344.35,3345.26,4481.0
2025-08-18 15:00:00,3345.24,3348.59,3342.96,3344.57,5914.0
2025-08-18 16:00:00,3344.34,3344.74,3335.61,3336.52,7995.0
2025-08-18 17:00:00,3336.65,3338.46,3332.21,3334.11,7588.0
2025-08-18 18:00:00,3334.1,3336.63,3332.05,3335.44,5215.0
2025-08-18 19:00:00,3335.48,3335.62,3331.56,3334.12,5302.0
2025-08-18 20:00:00,3334.15,3334.66,3331.54,3333.43,4056.0
2025-08-18 21:00:00,3333.39,3333.57,3331.25,3331.66,2668.0
2025-08-18 22:00:00,3331.67,3334.35,3330.05,3333.67,3931.0
2025-08-18 23:00:00,3333.69,3334.13,3332.21,3332.62,1377.0
2025-08-19 01:00:00,3332.8,3334.43,3331.17,3334.24,1593.0
2025-08-19 02:00:00,3334.25,3334.47,3330.37,3330.77,2173.0
2025-08-19 03:00:00,3330.8,3339.0,3325.85,3334.98,5836.0
2025-08-19 04:00:00,3334.97,3335.51,3329.89,3332.85,6461.0
2025-08-19 05:00:00,3332.7,3337.89,3329.45,3337.89,4828.0
2025-08-19 06:00:00,3337.88,3341.43,3336.97,3337.63,4857.0
2025-08-19 07:00:00,3337.65,3338.0,3334.29,3337.5,3227.0
2025-08-19 08:00:00,3337.5,3340.44,3335.63,3336.01,4147.0
2025-08-19 09:00:00,3335.97,3338.58,3334.26,3335.79,4586.0
2025-08-19 10:00:00,3335.85,3341.55,3334.77,3340.55,5519.0
2025-08-19 11:00:00,3340.51,3340.77,3336.35,3337.8,4371.0
2025-08-19 12:00:00,3337.79,3339.46,3336.76,3339.14,3855.0
2025-08-19 13:00:00,3339.15,3345.06,3339.07,3343.3,4538.0
2025-08-19 14:00:00,3343.38,3344.55,3339.06,3339.53,4534.0
2025-08-19 15:00:00,3339.54,3340.35,3334.12,3334.52,5853.0
2025-08-19 16:00:00,3334.64,3339.05,3325.61,3333.81,8476.0
2025-08-19 17:00:00,3333.86,3336.79,3320.81,3325.11,8608.0
2025-08-19 18:00:00,3325.39,3326.54,3321.39,3322.44,6737.0
2025-08-19 19:00:00,3322.46,3324.21,3316.84,3317.25,5641.0
2025-08-19 20:00:00,3317.27,3319.77,3314.69,3317.3,5518.0
2025-08-19 21:00:00,3317.31,3320.05,3316.6,3318.35,3715.0
2025-08-19 22:00:00,3318.34,3318.7,3315.34,3315.71,4005.0
2025-08-19 23:00:00,3315.7,3317.28,3314.73,3315.39,2307.0
2025-08-20 01:00:00,3315.81,3317.35,3315.31,3316.69,1686.0
2025-08-20 02:00:00,3316.7,3316.7,3312.44,3314.06,2671.0
2025-08-20 03:00:00,3314.06,3317.08,3312.68,3315.85,4280.0
2025-08-20 04:00:00,3315.86,3317.58,3311.33,3315.01,6276.0
2025-08-20 05:00:00,3315.05,3316.96,3312.27,3313.88,5005.0
2025-08-20 06:00:00,3313.86,3318.36,3313.83,3317.35,4432.0
2025-08-20 07:00:00,3317.31,3320.77,3316.98,3318.51,3280.0
2025-08-20 08:00:00,3318.52,3324.01,3317.97,3323.28,4074.0
2025-08-20 09:00:00,3323.28,3325.73,3322.04,3322.82,5830.0
2025-08-20 10:00:00,3322.91,3327.36,3321.38,3324.63,5132.0
2025-08-20 11:00:00,3324.6,3325.39,3320.73,3324.7,5287.0
2025-08-20 12:00:00,3324.75,3327.24,3323.31,3325.96,5061.0
2025-08-20 13:00:00,3325.94,3327.66,3323.66,3326.34,5154.0
2025-08-20 14:00:00,3326.26,3332.69,3325.53,3332.09,6788.0
2025-08-20 15:00:00,3332.12,3344.86,3331.9,3342.89,7855.0
2025-08-20 16:00:00,3342.85,3348.4,3338.91,3344.88,7855.0
2025-08-20 17:00:00,3344.83,3350.22,3339.99,3346.89,7159.0
2025-08-20 18:00:00,3346.88,3346.95,3338.93,3340.69,5970.0
2025-08-20 19:00:00,3340.68,3346.0,3340.68,3345.11,4633.0
2025-08-20 20:00:00,3345.12,3348.06,3344.1,3346.9,4200.0
2025-08-20 21:00:00,3346.99,3347.15,3344.04,3345.67,3706.0
2025-08-20 22:00:00,3345.68,3349.21,3345.09,3348.72,3669.0
2025-08-20 23:00:00,3348.75,3349.23,3347.45,3348.18,2151.0
2025-08-21 01:00:00,3350.47,3352.1,3348.78,3349.69,2573.0
2025-08-21 02:00:00,3349.69,3349.69,3346.34,3346.87,2820.0
2025-08-21 03:00:00,3346.75,3346.75,3341.47,3342.31,3997.0
2025-08-21 04:00:00,3342.36,3346.33,3340.81,3342.77,4992.0
2025-08-21 05:00:00,3342.76,3345.01,3340.43,3344.64,4163.0
2025-08-21 06:00:00,3344.61,3344.83,3339.76,3339.9,3417.0
2025-08-21 07:00:00,3339.93,3341.05,3338.0,3338.28,2755.0
2025-08-21 08:00:00,3338.3,3340.67,3337.04,3338.84,3769.0
2025-08-21 09:00:00,3338.85,3339.88,3334.29,3336.49,5446.0
2025-08-21 10:00:00,3336.59,3341.47,3335.27,3339.61,4796.0
2025-08-21 11:00:00,3339.64,3341.35,3337.88,3339.59,3910.0
2025-08-21 12:00:00,3339.6,3342.14,3337.98,3340.63,3994.0
2025-08-21 13:00:00,3340.64,3341.5,3327.35,3328.2,4983.0
2025-08-21 14:00:00,3328.73,3334.17,3325.13,3333.4,6221.0
2025-08-21 15:00:00,3333.39,3344.88,3333.39,3341.7,7924.0
2025-08-21 16:00:00,3341.72,3347.28,3335.95,3339.15,8250.0
2025-08-21 17:00:00,3339.24,3347.86,3337.74,3344.01,8260.0
2025-08-21 18:00:00,3344.0,3345.94,3337.36,3343.35,6834.0
2025-08-21 19:00:00,3343.38,3343.71,3338.1,3339.53,4609.0
2025-08-21 20:00:00,3339.54,3341.82,3336.76,3336.82,3882.0
2025-08-21 21:00:00,3336.85,3339.37,3336.43,3339.1,2999.0
2025-08-21 22:00:00,3339.12,3341.69,3337.77,3338.55,3193.0
2025-08-21 23:00:00,3338.58,3339.08,3337.68,3338.48,1622.0
2025-08-22 01:00:00,3338.5,3340.39,3338.18,3338.71,1812.0
2025-08-22 02:00:00,3338.73,3339.33,3337.19,3338.16,1637.0
2025-08-22 03:00:00,3338.17,3339.68,3334.89,3339.36,3683.0
2025-08-22 04:00:00,3339.48,3340.02,3333.6,3333.94,4614.0
2025-08-22 05:00:00,3333.95,3336.04,3332.6,3333.89,4528.0
2025-08-22 06:00:00,3333.91,3335.16,3331.25,3331.74,4059.0
2025-08-22 07:00:00,3331.78,3332.5,3327.8,3328.27,3624.0
2025-08-22 08:00:00,3328.25,3331.11,3327.06,3329.9,4057.0
2025-08-22 09:00:00,3329.75,3330.18,3325.57,3329.27,4972.0
2025-08-22 10:00:00,3329.25,3334.83,3325.63,3327.28,5623.0
2025-08-22 11:00:00,3327.26,3330.4,3325.17,3328.49,5703.0
2025-08-22 12:00:00,3328.56,3331.37,3327.95,3329.89,3704.0
2025-08-22 13:00:00,3329.9,3331.49,3328.73,3330.72,3814.0
2025-08-22 14:00:00,3330.71,3330.85,3327.5,3329.19,4760.0
2025-08-22 15:00:00,3329.18,3329.75,3321.23,3323.26,7801.0
2025-08-22 16:00:00,3323.3,3335.97,3323.0,3333.45,8203.0
2025-08-22 17:00:00,3335.38,3376.73,3334.99,3373.81,11729.0
2025-08-22 18:00:00,3373.8,3378.83,3367.39,3367.95,8612.0
2025-08-22 19:00:00,3367.87,3374.13,3367.87,3370.56,5667.0
2025-08-22 20:00:00,3370.57,3375.55,3370.48,3374.25,4719.0
2025-08-22 21:00:00,3374.17,3375.02,3371.05,3372.76,3815.0
2025-08-22 22:00:00,3372.81,3373.62,3368.93,3373.18,4512.0
2025-08-22 23:00:00,3373.04,3373.5,3370.19,3371.91,1488.0
2025-08-25 01:00:00,3370.52,3372.09,3365.88,3367.25,2965.0
2025-08-25 02:00:00,3367.26,3371.03,3366.39,3369.1,2489.0
2025-08-25 03:00:00,3369.07,3369.69,3363.28,3364.89,3731.0
2025-08-25 04:00:00,3364.92,3367.78,3360.7,3362.9,4980.0
2025-08-25 05:00:00,3362.91,3365.14,3359.83,3364.46,4220.0
2025-08-25 06:00:00,3364.25,3368.12,3364.23,3367.28,3235.0
2025-08-25 07:00:00,3367.3,3367.7,3363.87,3366.1,2734.0
2025-08-25 08:00:00,3366.05,3366.08,3363.08,3364.61,3127.0
2025-08-25 09:00:00,3364.64,3369.54,3364.55,3368.93,4572.0
2025-08-25 10:00:00,3368.79,3369.8,3366.11,3366.2,3280.0
2025-08-25 11:00:00,3366.21,3366.75,3363.26,3363.74,3821.0
2025-08-25 12:00:00,3363.66,3367.76,3361.78,3367.13,3519.0
2025-08-25 13:00:00,3367.27,3368.21,3364.94,3365.85,3408.0
2025-08-25 14:00:00,3365.84,3371.27,3365.55,3370.39,3557.0
2025-08-25 15:00:00,3370.36,3371.04,3364.24,3364.5,4763.0
2025-08-25 16:00:00,3364.49,3371.09,3361.98,3370.79,7039.0
2025-08-25 17:00:00,3370.77,3375.42,3369.36,3374.33,7514.0
2025-08-25 18:00:00,3374.32,3376.22,3371.84,3374.04,5526.0
2025-08-25 19:00:00,3374.03,3374.34,3371.7,3373.81,3803.0
2025-08-25 20:00:00,3373.83,3374.83,3370.89,3371.17,3755.0
2025-08-25 21:00:00,3371.15,3373.23,3369.86,3370.52,3402.0
2025-08-25 22:00:00,3370.56,3370.85,3365.22,3365.41,3991.0
2025-08-25 23:00:00,3365.41,3366.1,3364.21,3365.59,2104.0
2025-08-26 01:00:00,3365.73,3367.23,3363.68,3364.33,2164.0
2025-08-26 02:00:00,3364.25,3364.25,3351.74,3354.82,5100.0
2025-08-26 03:00:00,3354.83,3386.47,3351.34,3383.33,9244.0
2025-08-26 04:00:00,3383.36,3384.86,3371.85,3376.76,7882.0
2025-08-26 05:00:00,3376.73,3379.0,3372.9,3375.41,5933.0
2025-08-26 06:00:00,3375.42,3375.47,3369.8,3372.22,5326.0
2025-08-26 07:00:00,3372.18,3378.96,3372.12,3377.35,4529.0
2025-08-26 08:00:00,3377.4,3379.07,3372.54,3376.66,5606.0
2025-08-26 09:00:00,3376.58,3377.72,3372.5,3376.3,5710.0
2025-08-26 10:00:00,3376.29,3379.13,3367.3,3376.74,7276.0
2025-08-26 11:00:00,3376.72,3379.89,3375.5,3376.64,5871.0
2025-08-26 12:00:00,3376.63,3378.56,3369.59,3371.8,6826.0
2025-08-26 13:00:00,3371.81,3374.93,3367.09,3371.79,5618.0
2025-08-26 14:00:00,3371.84,3380.22,3370.45,3377.49,7342.0
2025-08-26 15:00:00,3377.48,3379.8,3371.04,3371.95,7227.0
2025-08-26 16:00:00,3371.97,3378.05,3370.59,3375.71,8912.0
2025-08-26 17:00:00,3375.61,3379.54,3370.38,3379.35,8394.0
2025-08-26 18:00:00,3379.38,3389.4,3378.63,3386.66,7004.0
2025-08-26 19:00:00,3386.7,3387.64,3382.48,3382.98,5241.0
2025-08-26 20:00:00,3383.01,3385.94,3381.53,3381.68,4408.0
2025-08-26 21:00:00,3381.71,3385.61,3380.31,3385.6,4180.0
2025-08-26 22:00:00,3385.63,3390.81,3385.19,3389.57,4958.0
2025-08-26 23:00:00,3389.7,3393.54,3389.22,3393.52,2270.0
2025-08-27 01:00:00,3392.78,3394.36,3388.77,3391.08,3067.0
2025-08-27 02:00:00,3391.09,3393.0,3390.08,3390.9,2736.0
2025-08-27 03:00:00,3390.88,3393.52,3389.03,3389.63,4678.0
2025-08-27 04:00:00,3389.7,3390.03,3383.39,3386.24,6506.0
2025-08-27 05:00:00,3386.23,3387.03,3382.18,3384.18,4921.0
2025-08-27 06:00:00,3384.17,3384.52,3380.56,3380.67,4131.0
2025-08-27 07:00:00,3380.64,3381.25,3373.89,3375.02,5036.0
2025-08-27 08:00:00,3375.06,3378.94,3374.15,3377.2,5539.0
2025-08-27 09:00:00,3377.21,3381.93,3376.32,3377.52,5739.0
2025-08-27 10:00:00,3377.44,3381.58,3373.8,3381.48,6338.0
2025-08-27 11:00:00,3381.47,3384.99,3381.02,3384.53,6281.0
2025-08-27 12:00:00,3384.55,3385.43,3377.63,3378.22,5834.0
2025-08-27 13:00:00,3378.21,3379.17,3374.89,3375.61,7564.0
2025-08-27 14:00:00,3375.72,3378.18,3374.02,3376.83,6196.0
2025-08-27 15:00:00,3376.81,3382.87,3374.34,3381.13,7215.0
2025-08-27 16:00:00,3381.2,3384.82,3375.56,3377.86,8206.0
2025-08-27 17:00:00,3377.88,3386.83,3376.19,3386.46,7514.0
2025-08-27 18:00:00,3386.49,3390.39,3385.17,3387.95,6385.0
2025-08-27 19:00:00,3387.97,3398.85,3387.52,3395.49,6708.0
2025-08-27 20:00:00,3395.48,3397.46,3394.97,3395.18,5652.0
2025-08-27 21:00:00,3395.18,3396.32,3392.32,3394.55,3622.0
2025-08-27 22:00:00,3394.48,3396.38,3393.78,3396.23,3794.0
2025-08-27 23:00:00,3396.2,3398.07,3394.2,3396.91,2872.0
2025-08-28 01:00:00,3398.97,3399.04,3394.84,3395.78,2694.0
2025-08-28 02:00:00,3395.78,3399.7,3395.18,3395.78,3205.0
2025-08-28 03:00:00,3395.81,3398.09,3391.38,3391.98,4999.0
2025-08-28 04:00:00,3392.0,3392.96,3385.55,3386.05,7756.0
2025-08-28 05:00:00,3386.07,3391.34,3384.61,3391.33,6279.0
2025-08-28 06:00:00,3391.31,3392.48,3388.96,3390.16,4855.0
2025-08-28 07:00:00,3390.11,3392.28,3388.76,3390.15,3976.0
2025-08-28 08:00:00,3390.17,3390.79,3387.71,3389.23,4691.0
2025-08-28 09:00:00,3389.26,3395.94,3388.85,3395.41,6614.0
2025-08-28 10:00:00,3395.14,3397.64,3393.77,3395.81,6756.0
2025-08-28 11:00:00,3395.8,3401.05,3393.95,3400.72,7015.0
2025-08-28 12:00:00,3400.73,3401.58,3398.49,3399.26,5508.0
2025-08-28 13:00:00,3399.25,3399.33,3393.95,3397.07,6724.0
2025-08-28 14:00:00,3396.94,3407.69,3396.23,3404.08,7559.0
2025-08-28 15:00:00,3404.06,3408.75,3396.92,3397.09,8946.0
2025-08-28 16:00:00,3397.17,3410.35,3394.29,3407.25,9896.0
2025-08-28 17:00:00,3407.22,3413.45,3406.57,3412.26,8936.0
2025-08-28 18:00:00,3412.24,3413.17,3404.53,3410.92,7302.0
2025-08-28 19:00:00,3410.94,3417.73,3409.92,3415.51,7553.0
2025-08-28 20:00:00,3415.49,3418.74,3414.66,3418.04,6651.0
2025-08-28 21:00:00,3418.0,3420.29,3417.32,3420.0,5463.0
2025-08-28 22:00:00,3419.97,3423.18,3417.94,3422.21,6949.0
2025-08-28 23:00:00,3422.11,3422.43,3416.41,3416.79,3824.0
2025-08-29 01:00:00,3417.63,3418.47,3415.52,3416.89,2560.0
2025-08-29 02:00:00,3416.79,3416.86,3414.84,3414.84,1765.0
2025-08-29 03:00:00,3414.85,3417.93,3413.08,3413.53,5288.0
2025-08-29 04:00:00,3413.54,3413.74,3407.98,3409.99,7241.0
2025-08-29 05:00:00,3409.98,3413.96,3409.97,3411.35,6177.0
2025-08-29 06:00:00,3411.35,3413.6,3409.98,3410.88,4929.0
2025-08-29 07:00:00,3410.88,3411.66,3407.63,3408.94,5266.0
2025-08-29 08:00:00,3408.95,3410.85,3406.99,3410.32,5403.0
2025-08-29 09:00:00,3410.3,3412.6,3407.99,3410.25,5508.0
2025-08-29 10:00:00,3410.16,3412.66,3406.57,3412.19,6589.0
2025-08-29 11:00:00,3412.2,3414.84,3409.79,3410.35,6687.0
2025-08-29 12:00:00,3410.37,3410.94,3406.68,3407.18,7331.0
2025-08-29 13:00:00,3407.22,3408.63,3404.51,3405.32,6182.0
2025-08-29 14:00:00,3405.33,3411.08,3404.16,3410.54,6909.0
2025-08-29 15:00:00,3410.52,3416.86,3406.46,3416.49,8748.0
2025-08-29 16:00:00,3416.53,3429.08,3413.68,3428.86,9722.0
2025-08-29 17:00:00,3429.25,3441.03,3429.18,3440.88,10417.0
2025-08-29 18:00:00,3440.99,3447.63,3438.96,3445.44,9588.0
2025-08-29 19:00:00,3445.42,3449.38,3442.31,3449.19,8467.0
2025-08-29 20:00:00,3449.08,3450.16,3441.02,3443.76,8212.0
2025-08-29 21:00:00,3443.72,3445.7,3441.01,3442.94,6069.0
2025-08-29 22:00:00,3443.01,3453.87,3441.66,3452.61,8136.0
2025-08-29 23:00:00,3450.19,3450.29,3445.78,3448.22,2862.0
2025-09-01 01:00:00,3449.01,3452.54,3442.47,3450.28,3997.0
2025-09-01 02:00:00,3450.33,3450.77,3444.7,3448.01,3228.0
2025-09-01 03:00:00,3448.0,3448.0,3442.8,3444.16,5327.0
2025-09-01 04:00:00,3444.11,3459.3,3437.14,3457.35,8748.0
2025-09-01 05:00:00,3457.41,3484.76,3455.24,3483.59,11823.0
2025-09-01 06:00:00,3483.68,3486.12,3469.76,3474.53,9119.0
2025-09-01 07:00:00,3474.55,3479.49,3472.28,3475.08,6483.0
2025-09-01 08:00:00,3475.1,3482.82,3474.46,3477.29,8657.0
2025-09-01 09:00:00,3476.86,3489.88,3476.85,3479.33,9004.0
2025-09-01 10:00:00,3479.39,3481.06,3467.88,3477.84,9177.0
2025-09-01 11:00:00,3477.87,3479.82,3474.56,3477.0,7639.0
2025-09-01 12:00:00,3476.99,3477.12,3467.3,3469.44,8065.0
2025-09-01 13:00:00,3469.46,3473.97,3466.39,3470.54,9308.0
2025-09-01 14:00:00,3470.42,3473.52,3467.6,3470.04,9464.0
2025-09-01 15:00:00,3470.02,3471.59,3467.16,3469.45,8475.0
2025-09-01 16:00:00,3469.5,3479.11,3468.95,3475.35,8911.0
2025-09-01 17:00:00,3475.36,3481.27,3473.71,3475.59,8132.0
2025-09-01 18:00:00,3475.58,3479.09,3473.51,3474.07,5782.0
2025-09-01 19:00:00,3474.08,3477.69,3472.34,3477.35,3870.0
2025-09-01 20:00:00,3477.36,3478.88,3476.13,3477.93,3432.0
2025-09-01 21:00:00,3477.93,3478.02,3476.15,3476.38,1689.0
2025-09-02 01:00:00,3477.68,3480.49,3474.8,3475.32,4120.0
2025-09-02 02:00:00,3475.4,3481.56,3474.56,3479.26,4519.0
2025-09-02 03:00:00,3479.2,3485.11,3478.21,3479.29,7950.0
2025-09-02 04:00:00,3479.3,3508.72,3476.99,3497.84,10760.0
2025-09-02 05:00:00,3497.88,3500.67,3491.42,3496.33,9454.0
2025-09-02 06:00:00,3496.33,3496.33,3490.18,3495.15,7688.0
2025-09-02 07:00:00,3495.1,3498.37,3493.39,3496.73,6771.0
2025-09-02 08:00:00,3496.71,3497.85,3492.18,3493.39,7317.0
2025-09-02 09:00:00,3493.36,3495.76,3483.41,3485.64,9322.0
2025-09-02 10:00:00,3485.99,3488.54,3471.89,3476.64,9887.0
2025-09-02 11:00:00,3476.67,3481.2,3470.08,3477.43,9310.0
2025-09-02 12:00:00,3477.47,3480.12,3475.87,3476.56,8759.0
2025-09-02 13:00:00,3476.53,3485.74,3475.55,3485.52,8909.0
2025-09-02 14:00:00,3485.54,3489.87,3478.41,3489.45,9795.0
2025-09-02 15:00:00,3489.51,3493.89,3473.81,3481.89,10739.0
2025-09-02 16:00:00,3482.02,3493.55,3478.12,3489.53,11102.0
2025-09-02 17:00:00,3489.34,3513.83,3489.2,3511.09,11033.0
2025-09-02 18:00:00,3511.1,3520.28,3509.6,3520.28,9740.0
2025-09-02 19:00:00,3520.3,3528.74,3518.26,3527.71,8999.0
2025-09-02 20:00:00,3527.74,3530.55,3521.87,3529.37,8157.0
2025-09-02 21:00:00,3529.28,3532.09,3525.26,3528.34,7317.0
2025-09-02 22:00:00,3528.31,3540.19,3528.31,3536.9,8446.0
2025-09-02 23:00:00,3536.96,3537.79,3532.76,3533.47,4198.0
2025-09-03 01:00:00,3533.32,3534.96,3529.14,3529.3,3459.0
2025-09-03 02:00:00,3529.36,3533.3,3526.36,3530.07,4769.0
2025-09-03 03:00:00,3530.12,3546.85,3528.11,3536.18,8807.0
2025-09-03 04:00:00,3536.16,3541.76,3531.99,3538.74,8831.0
2025-09-03 05:00:00,3538.75,3545.99,3531.34,3531.78,8458.0
2025-09-03 06:00:00,3531.75,3533.39,3529.37,3530.83,7775.0
2025-09-03 07:00:00,3530.87,3538.3,3530.74,3536.89,6677.0
2025-09-03 08:00:00,3536.93,3538.07,3527.03,3529.95,7564.0
2025-09-03 09:00:00,3529.9,3537.39,3529.86,3535.34,7883.0
2025-09-03 10:00:00,3535.26,3537.28,3529.39,3533.91,8093.0
2025-09-03 11:00:00,3533.82,3541.28,3533.82,3540.05,8231.0
2025-09-03 12:00:00,3540.08,3541.9,3534.03,3534.44,8216.0
2025-09-03 13:00:00,3534.4,3541.66,3532.37,3540.03,8338.0
2025-09-03 14:00:00,3540.06,3549.61,3539.9,3547.58,9039.0
2025-09-03 15:00:00,3547.6,3551.46,3541.31,3550.41,9983.0
2025-09-03 16:00:00,3550.37,3561.4,3549.44,3553.83,11138.0
2025-09-03 17:00:00,3553.83,3565.46,3551.49,3558.48,11254.0
2025-09-03 18:00:00,3558.49,3567.25,3557.42,3563.92,9031.0
2025-09-03 19:00:00,3563.9,3572.55,3562.21,3572.47,8048.0
2025-09-03 20:00:00,3572.53,3575.98,3570.26,3574.3,8279.0
2025-09-03 21:00:00,3574.31,3578.47,3565.49,3570.41,8979.0
2025-09-03 22:00:00,3570.4,3571.6,3561.23,3563.59,9743.0
2025-09-03 23:00:00,3563.53,3566.11,3558.79,3559.04,5366.0
2025-09-04 01:00:00,3560.62,3564.26,3559.71,3561.9,5942.0
2025-09-04 02:00:00,3561.79,3561.84,3554.6,3560.34,6965.0
2025-09-04 03:00:00,3560.47,3562.62,3552.19,3561.59,7583.0
2025-09-04 04:00:00,3561.62,3563.46,3543.62,3546.11,10019.0
2025-09-04 05:00:00,3546.22,3550.53,3526.35,3530.82,10909.0
2025-09-04 06:00:00,3530.88,3531.78,3511.48,3529.07,9789.0
2025-09-04 07:00:00,3529.12,3534.39,3528.81,3533.11,6166.0
2025-09-04 08:00:00,3533.11,3534.11,3525.4,3527.39,8144.0
2025-09-04 09:00:00,3527.46,3541.45,3524.38,3535.81,8765.0
2025-09-04 10:00:00,3535.79,3541.04,3532.35,3540.9,8040.0
2025-09-04 11:00:00,3540.94,3545.28,3537.16,3541.05,8355.0
2025-09-04 12:00:00,3541.07,3544.74,3536.57,3538.53,7923.0
2025-09-04 13:00:00,3538.55,3546.66,3538.25,3540.67,8239.0
2025-09-04 14:00:00,3540.72,3549.56,3536.49,3545.23,9100.0
2025-09-04 15:00:00,3545.22,3552.7,3541.02,3548.12,10037.0
2025-09-04 16:00:00,3548.05,3558.81,3539.53,3547.01,10972.0
2025-09-04 17:00:00,3543.58,3546.44,3535.08,3545.87,10762.0
2025-09-04 18:00:00,3546.03,3553.28,3542.42,3552.77,8807.0
2025-09-04 19:00:00,3552.78,3556.08,3549.09,3552.52,7663.0
2025-09-04 20:00:00,3552.51,3555.39,3542.63,3542.94,7180.0
2025-09-04 21:00:00,3542.95,3548.27,3542.85,3546.33,5913.0
2025-09-04 22:00:00,3546.31,3551.03,3545.67,3549.71,5970.0
2025-09-04 23:00:00,3549.88,3550.51,3544.36,3545.63,2795.0
2025-09-05 01:00:00,3546.17,3546.84,3539.81,3540.83,3342.0
2025-09-05 02:00:00,3540.82,3554.55,3540.77,3552.64,5185.0
2025-09-05 03:00:00,3552.6,3556.47,3549.07,3552.12,7360.0
2025-09-05 04:00:00,3551.97,3556.5,3550.11,3552.44,8638.0
2025-09-05 05:00:00,3552.46,3555.24,3546.13,3550.76,7345.0
2025-09-05 06:00:00,3550.78,3559.11,3548.68,3558.41,6039.0
2025-09-05 07:00:00,3558.4,3559.16,3556.27,3558.5,4918.0
2025-09-05 08:00:00,3558.51,3561.13,3555.8,3557.76,6059.0
2025-09-05 09:00:00,3557.78,3558.08,3548.44,3552.65,7489.0
2025-09-05 10:00:00,3552.64,3554.31,3546.7,3548.15,7732.0
2025-09-05 11:00:00,3548.17,3549.8,3544.76,3546.06,7402.0
2025-09-05 12:00:00,3546.07,3553.68,3545.99,3552.36,6957.0
2025-09-05 13:00:00,3552.35,3552.95,3549.45,3551.81,6873.0
2025-09-05 14:00:00,3551.77,3555.13,3547.73,3553.19,8219.0
2025-09-05 15:00:00,3553.23,3586.79,3548.83,3580.27,11553.0
2025-09-05 16:00:00,3580.35,3595.14,3573.35,3594.4,12291.0
2025-09-05 17:00:00,3594.31,3597.63,3573.05,3590.08,11957.0
2025-09-05 18:00:00,3589.97,3595.51,3581.81,3592.01,10042.0
2025-09-05 19:00:00,3592.08,3600.1,3591.24,3595.29,8616.0
2025-09-05 20:00:00,3595.4,3597.42,3590.49,3596.4,8087.0
2025-09-05 21:00:00,3596.41,3597.2,3592.6,3595.49,7018.0
2025-09-05 22:00:00,3595.46,3595.96,3592.66,3594.8,7435.0
2025-09-05 23:00:00,3592.18,3592.29,3586.26,3587.22,2827.0
2025-09-08 01:00:00,3581.27,3596.78,3578.53,3592.18,9670.0
2025-09-08 02:00:00,3592.23,3594.04,3587.79,3591.23,6210.0
2025-09-08 03:00:00,3591.24,3594.29,3586.92,3594.26,8217.0
2025-09-08 04:00:00,3594.17,3597.09,3584.99,3589.48,10521.0
2025-09-08 05:00:00,3589.47,3594.39,3586.63,3590.61,9342.0
2025-09-08 06:00:00,3590.62,3592.21,3583.05,3583.54,7854.0
2025-09-08 07:00:00,3583.55,3584.75,3579.65,3581.58,6297.0
2025-09-08 08:00:00,3581.65,3591.6,3581.22,3591.17,7403.0
2025-09-08 09:00:00,3591.15,3598.84,3589.52,3597.99,8379.0
2025-09-08 10:00:00,3598.06,3613.65,3596.39,3609.52,9479.0
2025-09-08 11:00:00,3609.62,3617.33,3607.17,3611.36,8689.0
2025-09-08 12:00:00,3611.32,3614.93,3608.67,3613.76,7574.0
2025-09-08 13:00:00,3613.8,3622.38,3613.62,3616.97,8011.0
2025-09-08 14:00:00,3616.99,3619.99,3612.99,3619.93,7454.0
2025-09-08 15:00:00,3619.82,3626.15,3614.96,3624.15,9420.0
2025-09-08 16:00:00,3624.33,3636.91,3620.48,3633.51,11482.0
2025-09-08 17:00:00,3633.52,3640.9,3628.99,3640.66,10715.0
2025-09-08 18:00:00,3640.72,3646.35,3633.26,3639.31,9943.0
2025-09-08 19:00:00,3639.32,3641.74,3635.89,3640.59,8347.0
2025-09-08 20:00:00,3640.58,3641.09,3632.54,3633.38,7809.0
2025-09-08 21:00:00,3633.39,3636.61,3631.76,3636.04,6797.0
2025-09-08 22:00:00,3636.05,3637.65,3632.57,3636.54,7106.0
2025-09-08 23:00:00,3636.52,3637.85,3634.48,3635.65,3419.0
2025-09-09 01:00:00,3635.55,3636.84,3628.82,3629.51,4039.0
2025-09-09 02:00:00,3629.53,3636.23,3628.2,3635.02,5124.0
2025-09-09 03:00:00,3635.02,3640.93,3633.48,3638.6,6811.0
2025-09-09 04:00:00,3638.61,3647.43,3636.02,3646.42,9975.0
2025-09-09 05:00:00,3646.43,3654.48,3644.6,3647.68,9973.0
2025-09-09 06:00:00,3647.64,3651.95,3642.71,3645.97,8142.0
2025-09-09 07:00:00,3645.99,3657.08,3645.74,3655.11,6380.0
2025-09-09 08:00:00,3655.01,3659.31,3652.93,3655.28,7817.0
2025-09-09 09:00:00,3655.34,3656.46,3636.59,3647.49,10054.0
2025-09-09 10:00:00,3647.55,3650.83,3641.61,3644.29,8875.0
2025-09-09 11:00:00,3644.01,3650.97,3641.99,3648.19,8962.0
2025-09-09 12:00:00,3648.18,3656.61,3647.71,3653.65,7579.0
2025-09-09 13:00:00,3653.71,3656.06,3648.86,3651.84,7283.0
2025-09-09 14:00:00,3651.85,3654.18,3646.99,3648.03,7345.0
2025-09-09 15:00:00,3648.07,3655.29,3643.9,3647.44,10231.0
2025-09-09 16:00:00,3647.43,3668.29,3646.41,3666.03,11323.0
2025-09-09 17:00:00,3666.01,3674.35,3636.2,3644.85,12662.0
2025-09-09 18:00:00,3644.83,3646.15,3626.61,3645.24,10726.0
2025-09-09 19:00:00,3645.28,3649.15,3643.86,3644.75,8154.0
2025-09-09 20:00:00,3644.74,3646.21,3641.14,3642.59,7361.0
2025-09-09 21:00:00,3642.58,3644.87,3639.56,3640.2,6196.0
2025-09-09 22:00:00,3640.23,3641.1,3628.21,3629.1,8464.0
2025-09-09 23:00:00,3629.05,3632.61,3625.59,3625.74,4570.0
2025-09-10 01:00:00,3619.9,3635.79,3618.89,3635.35,6850.0
2025-09-10 02:00:00,3635.32,3640.6,3633.16,3633.38,5807.0
2025-09-10 03:00:00,3633.36,3634.21,3621.23,3623.74,8117.0
2025-09-10 04:00:00,3623.73,3632.41,3620.02,3630.57,9706.0
2025-09-10 05:00:00,3630.62,3638.11,3629.97,3636.15,7963.0
2025-09-10 06:00:00,3636.02,3636.84,3633.01,3636.29,5770.0
2025-09-10 07:00:00,3636.33,3643.09,3636.33,3642.82,5461.0
2025-09-10 08:00:00,3642.79,3645.21,3639.78,3642.77,6483.0
2025-09-10 09:00:00,3642.79,3647.34,3640.61,3643.51,7844.0
2025-09-10 10:00:00,3643.63,3648.19,3640.97,3643.96,7760.0
2025-09-10 11:00:00,3644.01,3647.44,3641.9,3645.62,7426.0
2025-09-10 12:00:00,3645.65,3656.01,3644.99,3655.15,7242.0
2025-09-10 13:00:00,3655.14,3657.53,3651.54,3655.27,8097.0
2025-09-10 14:00:00,3655.28,3656.25,3648.59,3649.26,9215.0
2025-09-10 15:00:00,3649.28,3657.57,3640.41,3644.02,10235.0
2025-09-10 16:00:00,3643.99,3654.03,3642.37,3651.21,10606.0
2025-09-10 17:00:00,3651.25,3655.29,3643.95,3647.56,10008.0
2025-09-10 18:00:00,3647.71,3648.51,3638.44,3644.51,8754.0
2025-09-10 19:00:00,3644.5,3646.86,3639.9,3642.88,7648.0
2025-09-10 20:00:00,3642.79,3647.55,3641.63,3647.35,6849.0
2025-09-10 21:00:00,3647.41,3649.71,3644.56,3645.34,5690.0
2025-09-10 22:00:00,3645.37,3646.54,3634.98,3641.93,7671.0
2025-09-10 23:00:00,3641.88,3642.85,3638.04,3640.66,3214.0
2025-09-11 01:00:00,3642.09,3644.54,3638.22,3639.86,3205.0
2025-09-11 02:00:00,3639.91,3645.6,3638.58,3644.92,3806.0
2025-09-11 03:00:00,3644.91,3647.14,3642.66,3643.94,6249.0
2025-09-11 04:00:00,3643.97,3649.11,3639.78,3641.0,7258.0
2025-09-11 05:00:00,3641.15,3643.49,3634.13,3637.38,6984.0
2025-09-11 06:00:00,3637.43,3637.43,3629.8,3632.0,6962.0
2025-09-11 07:00:00,3632.05,3634.35,3630.19,3630.62,4322.0
2025-09-11 08:00:00,3630.7,3633.41,3623.4,3625.15,8100.0
2025-09-11 09:00:00,3625.14,3638.05,3622.75,3633.21,8066.0
2025-09-11 10:00:00,3633.27,3633.34,3623.86,3629.83,8045.0
2025-09-11 11:00:00,3629.92,3631.65,3625.4,3626.18,6365.0
2025-09-11 12:00:00,3626.22,3626.22,3614.17,3621.67,8269.0
2025-09-11 13:00:00,3621.69,3624.58,3619.59,3621.65,6621.0
2025-09-11 14:00:00,3621.67,3622.0,3615.17,3616.64,7644.0
2025-09-11 15:00:00,3616.66,3644.03,3612.84,3628.9,10411.0
2025-09-11 16:00:00,3628.91,3637.04,3618.45,3630.28,11517.0
2025-09-11 17:00:00,3630.02,3637.95,3626.15,3629.38,10143.0
2025-09-11 18:00:00,3629.56,3639.05,3629.56,3633.11,8316.0
2025-09-11 19:00:00,3633.1,3641.85,3633.1,3636.18,8416.0
2025-09-11 20:00:00,3636.26,3636.57,3631.84,3635.08,7010.0
2025-09-11 21:00:00,3635.07,3637.11,3630.31,3632.33,5646.0
2025-09-11 22:00:00,3632.32,3637.46,3632.22,3636.9,5778.0
2025-09-11 23:00:00,3636.84,3637.65,3633.14,3633.82,2486.0
2025-09-12 01:00:00,3633.42,3638.24,3633.1,3634.9,2440.0
2025-09-12 02:00:00,3634.85,3636.13,3631.69,3631.82,3180.0
2025-09-12 03:00:00,3631.81,3637.99,3630.57,3636.59,5311.0
2025-09-12 04:00:00,3636.62,3647.47,3636.61,3646.4,9503.0
2025-09-12 05:00:00,3646.35,3650.91,3644.5,3649.03,7407.0
2025-09-12 06:00:00,3649.03,3653.35,3646.6,3652.96,5669.0
2025-09-12 07:00:00,3652.99,3655.98,3651.57,3654.91,4487.0
2025-09-12 08:00:00,3654.9,3656.64,3651.74,3653.49,5608.0
2025-09-12 09:00:00,3653.03,3654.12,3648.3,3650.75,6543.0
2025-09-12 10:00:00,3650.73,3653.77,3647.8,3648.33,7204.0
2025-09-12 11:00:00,3648.3,3651.24,3639.69,3641.1,8674.0
2025-09-12 12:00:00,3641.03,3646.8,3637.57,3646.4,8478.0
2025-09-12 13:00:00,3646.29,3652.15,3646.17,3651.07,7465.0
2025-09-12 14:00:00,3651.09,3651.92,3646.91,3647.04,7502.0
2025-09-12 15:00:00,3647.05,3648.94,3638.15,3645.18,9731.0
2025-09-12 16:00:00,3644.8,3652.34,3643.15,3650.45,10084.0
2025-09-12 17:00:00,3650.15,3654.22,3647.48,3648.14,9439.0
2025-09-12 18:00:00,3648.24,3648.32,3641.95,3644.5,8346.0
2025-09-12 19:00:00,3644.49,3649.66,3642.77,3649.15,6821.0
2025-09-12 20:00:00,3649.12,3650.6,3647.51,3648.68,7215.0
2025-09-12 21:00:00,3648.69,3649.39,3647.04,3648.45,5590.0
2025-09-12 22:00:00,3648.43,3648.49,3643.61,3644.15,5649.0
2025-09-12 23:00:00,3644.31,3645.4,3641.3,3643.36,2153.0
2025-09-15 01:00:00,3642.45,3646.47,3639.69,3642.06,3808.0
2025-09-15 02:00:00,3642.05,3642.09,3636.83,3638.23,3468.0
2025-09-15 03:00:00,3638.23,3642.63,3632.08,3633.38,6525.0
2025-09-15 04:00:00,3633.43,3634.77,3626.7,3634.43,9072.0
2025-09-15 05:00:00,3634.39,3645.46,3634.38,3641.04,7547.0
2025-09-15 06:00:00,3641.02,3646.46,3640.13,3646.13,5523.0
2025-09-15 07:00:00,3646.18,3646.85,3643.71,3645.64,3480.0
2025-09-15 08:00:00,3645.66,3646.27,3642.34,3643.65,5194.0
2025-09-15 09:00:00,3643.65,3643.94,3636.74,3636.74,7221.0
2025-09-15 10:00:00,3636.69,3644.76,3633.61,3643.68,8408.0
2025-09-15 11:00:00,3643.66,3645.55,3640.65,3645.24,7106.0
2025-09-15 12:00:00,3645.22,3645.72,3635.6,3641.01,7664.0
2025-09-15 13:00:00,3641.04,3646.32,3639.16,3639.97,8059.0
2025-09-15 14:00:00,3639.99,3646.72,3639.05,3642.58,8240.0
2025-09-15 15:00:00,3642.68,3650.83,3636.8,3650.12,9805.0
2025-09-15 16:00:00,3650.1,3664.32,3646.65,3657.12,10728.0
2025-09-15 17:00:00,3657.07,3663.79,3653.85,3663.46,9680.0
2025-09-15 18:00:00,3663.47,3681.88,3663.04,3680.52,9463.0
2025-09-15 19:00:00,3680.64,3685.58,3674.75,3679.18,10312.0
2025-09-15 20:00:00,3679.21,3682.67,3678.61,3681.68,8452.0
2025-09-15 21:00:00,3681.67,3681.99,3675.85,3676.94,6523.0
2025-09-15 22:00:00,3676.91,3682.78,3676.73,3680.94,7712.0
2025-09-15 23:00:00,3680.94,3682.07,3678.66,3678.9,3732.0
2025-09-16 01:00:00,3679.43,3681.25,3676.29,3678.81,3422.0
2025-09-16 02:00:00,3678.84,3680.43,3676.13,3676.96,3421.0
2025-09-16 03:00:00,3676.92,3686.85,3676.47,3686.38,7132.0
2025-09-16 04:00:00,3686.42,3689.42,3677.17,3679.3,9550.0
2025-09-16 05:00:00,3679.26,3682.63,3674.7,3677.67,8165.0
2025-09-16 06:00:00,3677.71,3683.16,3677.03,3681.13,6083.0
2025-09-16 07:00:00,3681.14,3685.44,3680.2,3684.32,4441.0
2025-09-16 08:00:00,3684.32,3684.55,3680.35,3682.77,5823.0
2025-09-16 09:00:00,3682.78,3694.22,3681.78,3693.44,8077.0
2025-09-16 10:00:00,3693.41,3694.16,3686.27,3686.43,8476.0
2025-09-16 11:00:00,3686.46,3697.21,3686.12,3694.27,8052.0
2025-09-16 12:00:00,3694.26,3698.79,3692.97,3698.27,7626.0
2025-09-16 13:00:00,3698.26,3698.74,3692.96,3693.14,7353.0
2025-09-16 14:00:00,3693.1,3699.48,3690.54,3697.13,9187.0
2025-09-16 15:00:00,3697.11,3697.52,3686.53,3689.23,10432.0
2025-09-16 16:00:00,3689.25,3698.4,3685.0,3695.7,11100.0
2025-09-16 17:00:00,3695.58,3703.15,3685.69,3686.31,11996.0
2025-09-16 18:00:00,3686.39,3688.71,3678.87,3686.12,11186.0
2025-09-16 19:00:00,3686.13,3690.96,3684.44,3689.56,9309.0
2025-09-16 20:00:00,3689.53,3690.75,3686.15,3687.53,8323.0
2025-09-16 21:00:00,3687.54,3690.76,3686.3,3690.47,6452.0
2025-09-16 22:00:00,3690.48,3690.89,3687.54,3689.47,5463.0
2025-09-16 23:00:00,3689.46,3693.58,3689.31,3689.61,3402.0
2025-09-17 01:00:00,3689.51,3692.69,3689.47,3691.71,2833.0
2025-09-17 02:00:00,3691.72,3694.99,3691.53,3694.05,3786.0
2025-09-17 03:00:00,3694.07,3695.15,3690.99,3691.38,5746.0
2025-09-17 04:00:00,3691.29,3691.96,3675.89,3679.34,10977.0
2025-09-17 05:00:00,3679.34,3683.65,3674.11,3681.98,10191.0
2025-09-17 06:00:00,3681.95,3683.29,3679.67,3681.5,5997.0
2025-09-17 07:00:00,3681.54,3682.34,3680.24,3680.59,3850.0
2025-09-17 08:00:00,3680.58,3685.73,3675.53,3678.89,8598.0
2025-09-17 09:00:00,3678.96,3679.82,3670.22,3674.84,9070.0
2025-09-17 10:00:00,3674.81,3677.14,3666.35,3666.91,9622.0
2025-09-17 11:00:00,3666.92,3667.72,3662.27,3664.64,9195.0
2025-09-17 12:00:00,3664.59,3670.76,3663.68,3667.65,9040.0
2025-09-17 13:00:00,3667.61,3669.49,3660.28,3661.27,10092.0
2025-09-17 14:00:00,3661.21,3669.59,3659.54,3665.72,9997.0
2025-09-17 15:00:00,3665.74,3679.16,3665.36,3678.48,10087.0
2025-09-17 16:00:00,3678.51,3682.35,3672.73,3678.51,11672.0
2025-09-17 17:00:00,3678.54,3686.08,3676.66,3684.3,10138.0
2025-09-17 18:00:00,3684.27,3687.22,3682.83,3684.19,8681.0
2025-09-17 19:00:00,3684.16,3688.55,3684.03,3684.71,7869.0
2025-09-17 20:00:00,3684.72,3687.79,3678.63,3686.9,8797.0
2025-09-17 21:00:00,3686.88,3707.45,3646.12,3650.36,14740.0
2025-09-17 22:00:00,3650.53,3667.01,3646.57,3661.67,12879.0
2025-09-17 23:00:00,3661.76,3661.82,3656.38,3659.96,5373.0
2025-09-18 01:00:00,3660.05,3665.43,3655.66,3663.05,5279.0
2025-09-18 02:00:00,3663.03,3672.05,3662.24,3669.18,5340.0
2025-09-18 03:00:00,3669.22,3669.98,3658.06,3665.21,7756.0
2025-09-18 04:00:00,3665.23,3668.75,3652.05,3657.23,11126.0
2025-09-18 05:00:00,3657.13,3665.78,3655.5,3664.83,8567.0
2025-09-18 06:00:00,3664.84,3666.04,3657.85,3658.51,5848.0
2025-09-18 07:00:00,3658.53,3659.32,3653.46,3653.72,5815.0
2025-09-18 08:00:00,3653.71,3659.13,3649.24,3651.61,8816.0
2025-09-18 09:00:00,3651.64,3651.95,3633.84,3637.48,10712.0
2025-09-18 10:00:00,3637.39,3659.82,3635.52,3658.99,9955.0
2025-09-18 11:00:00,3658.9,3665.68,3653.76,3665.53,8301.0
2025-09-18 12:00:00,3665.55,3672.9,3664.52,3671.68,8523.0
2025-09-18 13:00:00,3671.67,3672.44,3665.47,3667.03,7580.0
2025-09-18 14:00:00,3667.01,3670.92,3664.43,3667.07,7621.0
2025-09-18 15:00:00,3667.08,3672.49,3662.87,3663.35,9261.0
2025-09-18 16:00:00,3663.37,3664.19,3627.58,3642.09,12034.0
2025-09-18 17:00:00,3641.95,3646.18,3634.03,3638.2,11486.0
2025-09-18 18:00:00,3638.23,3642.31,3636.54,3641.09,8923.0
2025-09-18 19:00:00,3641.12,3647.06,3640.67,3646.36,7987.0
2025-09-18 20:00:00,3646.36,3646.58,3643.1,3643.44,7397.0
2025-09-18 21:00:00,3643.46,3643.46,3640.47,3641.16,6528.0
2025-09-18 22:00:00,3641.12,3646.79,3640.48,3646.44,6982.0
2025-09-18 23:00:00,3646.54,3646.92,3643.66,3643.96,2104.0
2025-09-19 01:00:00,3643.26,3644.08,3639.31,3640.18,2298.0
2025-09-19 02:00:00,3640.19,3641.69,3637.56,3640.06,3232.0
2025-09-19 03:00:00,3640.05,3642.59,3636.14,3639.88,5746.0
2025-09-19 04:00:00,3639.87,3650.85,3631.97,3639.74,9187.0
2025-09-19 05:00:00,3639.68,3650.13,3638.64,3647.18,7954.0
2025-09-19 06:00:00,3647.14,3656.1,3645.22,3653.49,7253.0
2025-09-19 07:00:00,3653.45,3659.93,3653.45,3658.72,6220.0
2025-09-19 08:00:00,3658.72,3661.05,3651.2,3652.31,7336.0
2025-09-19 09:00:00,3652.32,3654.17,3643.36,3646.98,8222.0
2025-09-19 10:00:00,3647.12,3657.51,3644.47,3653.94,7880.0
2025-09-19 11:00:00,3653.87,3656.59,3649.58,3655.69,7093.0
2025-09-19 12:00:00,3655.66,3658.73,3655.16,3658.56,6210.0
2025-09-19 13:00:00,3658.55,3659.16,3655.09,3655.85,5667.0
2025-09-19 14:00:00,3655.87,3655.87,3645.66,3648.4,7896.0
2025-09-19 15:00:00,3648.39,3651.86,3644.68,3649.23,8989.0
2025-09-19 16:00:00,3649.11,3664.3,3643.82,3663.29,10451.0
2025-09-19 17:00:00,3663.3,3669.29,3656.36,3666.99,10410.0
2025-09-19 18:00:00,3667.01,3676.11,3665.32,3670.84,9643.0
2025-09-19 19:00:00,3670.83,3673.31,3666.62,3668.28,8323.0
2025-09-19 20:00:00,3668.26,3679.44,3668.14,3678.67,8004.0
2025-09-19 21:00:00,3678.68,3684.13,3678.31,3683.66,7431.0
2025-09-19 22:00:00,3683.7,3685.2,3681.36,3684.49,7344.0
2025-09-19 23:00:00,3683.39,3685.1,3680.86,3685.06,2104.0
2025-09-22 01:00:00,3685.92,3692.4,3683.7,3688.37,5027.0
2025-09-22 02:00:00,3688.33,3690.64,3685.8,3686.22,4489.0
2025-09-22 03:00:00,3686.18,3690.97,3685.74,3690.73,5832.0
2025-09-22 04:00:00,3690.72,3696.94,3686.69,3689.33,9263.0
2025-09-22 05:00:00,3689.26,3693.28,3685.58,3686.43,7052.0
2025-09-22 06:00:00,3686.4,3697.48,3686.02,3695.37,7198.0
2025-09-22 07:00:00,3695.49,3695.92,3690.13,3692.2,4781.0
2025-09-22 08:00:00,3692.21,3700.45,3691.94,3697.08,6468.0
2025-09-22 09:00:00,3697.03,3719.84,3695.52,3714.32,9128.0
2025-09-22 10:00:00,3714.45,3716.3,3708.71,3713.23,8287.0
2025-09-22 11:00:00,3713.22,3722.66,3712.12,3720.44,7454.0
2025-09-22 12:00:00,3720.46,3726.66,3719.28,3723.27,7603.0
2025-09-22 13:00:00,3723.28,3728.23,3721.12,3727.42,7408.0
2025-09-22 14:00:00,3727.44,3728.23,3721.21,3724.65,7694.0
2025-09-22 15:00:00,3724.69,3725.62,3712.05,3721.65,9847.0
2025-09-22 16:00:00,3721.73,3725.61,3713.86,3722.36,11250.0
2025-09-22 17:00:00,3722.31,3726.3,3716.86,3725.8,10781.0
2025-09-22 18:00:00,3725.8,3736.45,3723.51,3736.18,9413.0
2025-09-22 19:00:00,3736.19,3739.59,3735.18,3737.14,8184.0
2025-09-22 20:00:00,3737.15,3747.21,3737.15,3746.66,8250.0
2025-09-22 21:00:00,3746.64,3748.02,3744.68,3747.62,6183.0
2025-09-22 22:00:00,3747.6,3748.75,3742.48,3747.76,7166.0
2025-09-22 23:00:00,3747.66,3748.59,3745.6,3746.58,3247.0
2025-09-23 01:00:00,3746.18,3747.69,3738.26,3740.06,3565.0
2025-09-23 02:00:00,3740.05,3749.24,3739.05,3747.82,5646.0
2025-09-23 03:00:00,3747.88,3751.37,3744.9,3747.26,6764.0
2025-09-23 04:00:00,3747.27,3759.39,3745.77,3754.52,11133.0
2025-09-23 05:00:00,3754.56,3755.42,3737.0,3741.6,10847.0
2025-09-23 06:00:00,3741.56,3747.21,3739.05,3746.5,7766.0
2025-09-23 07:00:00,3746.48,3747.54,3743.07,3744.79,5774.0
2025-09-23 08:00:00,3744.8,3758.75,3743.16,3753.2,8347.0
2025-09-23 09:00:00,3753.22,3757.37,3751.22,3753.93,8468.0
2025-09-23 10:00:00,3753.88,3757.39,3749.04,3753.41,8241.0
2025-09-23 11:00:00,3753.45,3775.19,3753.05,3774.31,8505.0
2025-09-23 12:00:00,3774.25,3791.13,3774.24,3784.82,10611.0
2025-09-23 13:00:00,3784.82,3787.79,3780.88,3782.97,8114.0
2025-09-23 14:00:00,3782.99,3788.66,3779.79,3783.47,9393.0
2025-09-23 15:00:00,3783.69,3785.18,3777.2,3784.13,9549.0
2025-09-23 16:00:00,3784.05,3788.62,3774.19,3783.67,11023.0
2025-09-23 17:00:00,3783.69,3784.67,3767.51,3773.8,10765.0
2025-09-23 18:00:00,3773.88,3781.78,3772.59,3779.15,8922.0
2025-09-23 19:00:00,3779.13,3781.72,3764.89,3778.97,9597.0
2025-09-23 20:00:00,3778.96,3785.43,3775.64,3777.2,8426.0
2025-09-23 21:00:00,3777.23,3781.24,3756.04,3756.47,7604.0
2025-09-23 22:00:00,3756.5,3767.96,3751.56,3764.11,10512.0
2025-09-23 23:00:00,3764.13,3767.24,3762.39,3763.94,4122.0
2025-09-24 01:00:00,3765.7,3767.31,3761.36,3765.31,3307.0
2025-09-24 02:00:00,3765.31,3770.1,3761.72,3763.69,5543.0
2025-09-24 03:00:00,3763.68,3765.38,3758.71,3765.06,7021.0
2025-09-24 04:00:00,3765.07,3771.65,3754.83,3756.37,10176.0
2025-09-24 05:00:00,3756.3,3759.12,3750.58,3756.89,8507.0
2025-09-24 06:00:00,3756.91,3766.41,3752.18,3765.28,8061.0
2025-09-24 07:00:00,3765.23,3768.07,3763.03,3768.03,5512.0
2025-09-24 08:00:00,3768.0,3776.8,3767.7,3774.75,7935.0
2025-09-24 09:00:00,3774.81,3775.94,3768.89,3771.05,7792.0
2025-09-24 10:00:00,3771.12,3779.02,3770.46,3777.16,7830.0
2025-09-24 11:00:00,3777.15,3777.53,3766.89,3769.92,7505.0
2025-09-24 12:00:00,3769.92,3771.49,3763.05,3768.25,6891.0
2025-09-24 13:00:00,3768.25,3768.47,3759.57,3761.91,7571.0
2025-09-24 14:00:00,3761.93,3769.35,3759.52,3768.75,7731.0
2025-09-24 15:00:00,3768.74,3771.15,3763.79,3767.81,9465.0
2025-09-24 16:00:00,3767.79,3772.88,3758.9,3761.06,10694.0
2025-09-24 17:00:00,3761.08,3764.76,3749.07,3752.47,11039.0
2025-09-24 18:00:00,3752.53,3756.39,3739.33,3741.02,9980.0
2025-09-24 19:00:00,3741.01,3745.05,3732.12,3735.58,9532.0
2025-09-24 20:00:00,3735.65,3738.58,3732.24,3733.04,7190.0
2025-09-24 21:00:00,3733.01,3733.74,3722.5,3723.95,7951.0
2025-09-24 22:00:00,3724.16,3731.71,3717.35,3729.91,8875.0
2025-09-24 23:00:00,3729.89,3737.45,3729.82,3735.78,3798.0
2025-09-25 01:00:00,3736.77,3745.11,3736.63,3740.93,4362.0
2025-09-25 02:00:00,3740.92,3745.07,3738.87,3742.8,4297.0
2025-09-25 03:00:00,3742.81,3751.46,3741.32,3748.82,7556.0
2025-09-25 04:00:00,3748.79,3750.26,3732.64,3735.91,9850.0
2025-09-25 05:00:00,3735.86,3742.24,3729.05,3739.37,8837.0
2025-09-25 06:00:00,3739.33,3739.46,3734.25,3736.49,6881.0
2025-09-25 07:00:00,3736.5,3740.62,3731.52,3737.95,5688.0
2025-09-25 08:00:00,3737.92,3741.06,3733.95,3738.51,6487.0
2025-09-25 09:00:00,3738.66,3748.18,3737.62,3740.83,7941.0
2025-09-25 10:00:00,3740.82,3754.7,3739.83,3751.98,8500.0
2025-09-25 11:00:00,3751.9,3761.5,3750.98,3756.18,8738.0
2025-09-25 12:00:00,3756.04,3760.8,3750.2,3756.81,7764.0
2025-09-25 13:00:00,3756.86,3760.6,3755.44,3756.99,7384.0
2025-09-25 14:00:00,3757.01,3757.44,3740.91,3752.82,8919.0
2025-09-25 15:00:00,3752.76,3755.71,3730.39,3738.59,10408.0
2025-09-25 16:00:00,3738.62,3745.2,3721.67,3733.58,11530.0
2025-09-25 17:00:00,3733.67,3736.26,3723.62,3731.45,10917.0
2025-09-25 18:00:00,3731.51,3738.75,3728.06,3735.87,9363.0
2025-09-25 19:00:00,3735.89,3742.72,3732.74,3733.84,8060.0
2025-09-25 20:00:00,3733.83,3744.13,3732.41,3741.81,8006.0
2025-09-25 21:00:00,3741.86,3758.23,3736.62,3755.17,8387.0
2025-09-25 22:00:00,3755.17,3756.64,3744.69,3746.58,7704.0
2025-09-25 23:00:00,3746.67,3752.5,3746.07,3749.02,3847.0
2025-09-26 01:00:00,3749.81,3751.62,3746.39,3748.84,3333.0
2025-09-26 02:00:00,3748.88,3749.93,3738.05,3744.7,5648.0
2025-09-26 03:00:00,3744.68,3749.59,3740.23,3749.55,7042.0
2025-09-26 04:00:00,3749.62,3753.4,3737.82,3738.97,9345.0
2025-09-26 05:00:00,3739.07,3742.89,3737.72,3738.46,7202.0
2025-09-26 06:00:00,3738.53,3746.1,3734.6,3745.53,6738.0
2025-09-26 07:00:00,3745.52,3747.75,3744.75,3747.72,4699.0
2025-09-26 08:00:00,3747.71,3749.68,3741.94,3742.15,5700.0
2025-09-26 09:00:00,3742.11,3754.06,3741.55,3743.61,9007.0
2025-09-26 10:00:00,3743.24,3749.54,3739.22,3747.99,8114.0
2025-09-26 11:00:00,3748.0,3755.14,3747.05,3752.95,7869.0
2025-09-26 12:00:00,3752.94,3754.4,3747.13,3751.51,6955.0
2025-09-26 13:00:00,3751.5,3754.76,3743.01,3744.64,7045.0
2025-09-26 14:00:00,3744.67,3752.91,3744.46,3748.61,7723.0
2025-09-26 15:00:00,3748.6,3757.49,3746.53,3752.08,9240.0
2025-09-26 16:00:00,3752.12,3766.33,3751.38,3762.15,11419.0
2025-09-26 17:00:00,3762.05,3783.84,3761.78,3778.86,11367.0
2025-09-26 18:00:00,3778.84,3780.96,3773.17,3780.42,8971.0
2025-09-26 19:00:00,3780.37,3781.2,3771.55,3774.21,8358.0
2025-09-26 20:00:00,3774.23,3783.09,3774.1,3782.9,7469.0
2025-09-26 21:00:00,3782.99,3783.16,3774.77,3778.56,6747.0
2025-09-26 22:00:00,3778.55,3778.57,3764.56,3766.79,8316.0
2025-09-26 23:00:00,3765.89,3769.57,3761.05,3761.42,2939.0
2025-09-29 01:00:00,3758.81,3770.98,3756.35,3770.57,5921.0
2025-09-29 02:00:00,3770.51,3772.58,3766.4,3766.88,5201.0
2025-09-29 03:00:00,3766.89,3787.47,3764.0,3787.13,8737.0
2025-09-29 04:00:00,3787.11,3788.77,3767.9,3778.7,12608.0
2025-09-29 05:00:00,3778.73,3798.87,3777.66,3792.89,11165.0
2025-09-29 06:00:00,3792.93,3799.39,3792.19,3794.33,9223.0
2025-09-29 07:00:00,3794.33,3808.82,3792.49,3805.06,9121.0
2025-09-29 08:00:00,3805.05,3814.45,3801.3,3813.68,10371.0
2025-09-29 09:00:00,3813.74,3819.87,3811.11,3817.43,10617.0
2025-09-29 10:00:00,3817.42,3819.1,3805.09,3806.33,9852.0
2025-09-29 11:00:00,3806.86,3819.32,3806.86,3818.58,8822.0
2025-09-29 12:00:00,3818.55,3819.46,3806.79,3807.35,8683.0
2025-09-29 13:00:00,3807.39,3818.36,3806.39,3817.68,9189.0
2025-09-29 14:00:00,3817.66,3831.38,3816.23,3828.96,9662.0
2025-09-29 15:00:00,3828.97,3830.4,3811.49,3813.59,10970.0
2025-09-29 16:00:00,3813.73,3827.84,3808.94,3821.22,11402.0
2025-09-29 17:00:00,3821.27,3830.06,3816.66,3827.95,11056.0
2025-09-29 18:00:00,3828.02,3832.96,3821.44,3830.23,9882.0
2025-09-29 19:00:00,3830.18,3833.36,3828.03,3830.06,8157.0
2025-09-29 20:00:00,3830.07,3832.64,3823.66,3828.71,8677.0
2025-09-29 21:00:00,3828.72,3830.46,3823.31,3824.36,7357.0
2025-09-29 22:00:00,3824.35,3829.59,3822.43,3828.54,7588.0
2025-09-29 23:00:00,3828.49,3834.02,3827.55,3833.68,4109.0
2025-09-30 01:00:00,3833.86,3833.86,3825.4,3830.49,3268.0
2025-09-30 02:00:00,3830.47,3833.2,3827.9,3832.66,3410.0
2025-09-30 03:00:00,3832.67,3840.28,3830.97,3838.74,7757.0
2025-09-30 04:00:00,3838.66,3850.34,3837.79,3847.84,9468.0
2025-09-30 05:00:00,3847.82,3851.84,3842.48,3847.79,9229.0
2025-09-30 06:00:00,3847.8,3867.06,3845.65,3864.52,9487.0
2025-09-30 07:00:00,3864.53,3867.04,3861.83,3867.0,6843.0
2025-09-30 08:00:00,3866.97,3870.18,3862.49,3869.53,8739.0
2025-09-30 09:00:00,3869.48,3871.47,3854.79,3855.6,9679.0
2025-09-30 10:00:00,3855.68,3859.35,3839.73,3843.56,10211.0
2025-09-30 11:00:00,3843.58,3846.97,3807.42,3816.12,11858.0
2025-09-30 12:00:00,3815.99,3821.27,3792.98,3798.43,11510.0
2025-09-30 13:00:00,3798.44,3814.32,3798.02,3811.91,9533.0
2025-09-30 14:00:00,3811.9,3817.57,3804.25,3815.0,9263.0
2025-09-30 15:00:00,3814.76,3821.47,3808.69,3819.14,10002.0
2025-09-30 16:00:00,3819.12,3829.81,3811.26,3823.94,10570.0
2025-09-30 17:00:00,3823.45,3854.33,3820.07,3853.93,11399.0
2025-09-30 18:00:00,3853.92,3854.02,3830.97,3838.85,10430.0
2025-09-30 19:00:00,3838.73,3847.8,3837.7,3845.73,8126.0
2025-09-30 20:00:00,3845.83,3849.11,3842.54,3843.86,7606.0
2025-09-30 21:00:00,3843.84,3848.81,3839.57,3847.79,6700.0
2025-09-30 22:00:00,3847.83,3860.58,3846.94,3858.79,7003.0
2025-09-30 23:00:00,3858.88,3859.91,3850.61,3858.11,5219.0
2025-10-01 01:00:00,3858.97,3861.09,3854.43,3859.94,4513.0
2025-10-01 02:00:00,3859.93,3862.84,3859.93,3862.7,4042.0
2025-10-01 03:00:00,3862.7,3865.15,3858.43,3860.76,6411.0
2025-10-01 04:00:00,3860.46,3868.79,3858.78,3868.77,7126.0
2025-10-01 05:00:00,3868.67,3875.43,3857.71,3863.18,9312.0
2025-10-01 06:00:00,3863.14,3866.15,3855.37,3861.8,7945.0
2025-10-01 07:00:00,3861.81,3864.87,3857.28,3864.73,6480.0
2025-10-01 08:00:00,3864.65,3869.72,3861.93,3863.24,6867.0
2025-10-01 09:00:00,3863.18,3864.66,3853.16,3859.01,8287.0
2025-10-01 10:00:00,3859.0,3879.78,3858.8,3878.99,9286.0
2025-10-01 11:00:00,3879.18,3895.18,3878.86,3892.81,9346.0
2025-10-01 12:00:00,3892.83,3895.23,3883.57,3889.02,8429.0
2025-10-01 13:00:00,3889.07,3889.56,3885.25,3887.51,7325.0
2025-10-01 14:00:00,3887.54,3888.45,3878.13,3883.58,7831.0
2025-10-01 15:00:00,3883.63,3891.25,3864.39,3870.19,10849.0
2025-10-01 16:00:00,3870.2,3876.87,3863.59,3872.74,10917.0
2025-10-01 17:00:00,3872.65,3878.57,3855.73,3872.84,11017.0
2025-10-01 18:00:00,3872.8,3876.64,3857.83,3868.31,10764.0
2025-10-01 19:00:00,3868.05,3871.38,3860.63,3870.69,8586.0
2025-10-01 20:00:00,3870.71,3871.68,3860.51,3860.65,7759.0
2025-10-01 21:00:00,3860.62,3866.09,3854.66,3861.94,9288.0
2025-10-01 22:00:00,3862.07,3870.8,3861.23,3867.6,8034.0
2025-10-01 23:00:00,3867.61,3867.67,3860.15,3865.08,4596.0
2025-10-02 01:00:00,3865.93,3870.26,3858.54,3861.95,3573.0
2025-10-02 02:00:00,3861.99,3866.43,3857.32,3863.28,5377.0
2025-10-02 03:00:00,3863.26,3863.6,3855.64,3855.88,6817.0
2025-10-02 04:00:00,3855.85,3864.95,3852.68,3864.81,7056.0
2025-10-02 05:00:00,3864.83,3869.79,3861.47,3866.07,6327.0
2025-10-02 06:00:00,3866.05,3869.26,3863.71,3866.36,5193.0
2025-10-02 07:00:00,3866.36,3867.51,3861.78,3864.05,3460.0
2025-10-02 08:00:00,3864.07,3871.27,3864.04,3867.65,5360.0
2025-10-02 09:00:00,3867.69,3874.1,3861.98,3863.92,6969.0
2025-10-02 10:00:00,3864.0,3874.49,3861.49,3868.35,9071.0
2025-10-02 11:00:00,3868.36,3878.48,3864.44,3874.45,7452.0
2025-10-02 12:00:00,3874.44,3879.43,3873.14,3878.85,6985.0
2025-10-02 13:00:00,3878.88,3883.58,3875.56,3881.59,6622.0
2025-10-02 14:00:00,3881.6,3886.45,3879.56,3886.14,6645.0
2025-10-02 15:00:00,3886.11,3891.76,3879.92,3884.2,9629.0
2025-10-02 16:00:00,3884.32,3896.64,3873.14,3875.14,11033.0
2025-10-02 17:00:00,3875.08,3876.49,3825.3,3839.71,12933.0
2025-10-02 18:00:00,3839.65,3844.67,3819.1,3828.13,11977.0
2025-10-02 19:00:00,3828.1,3845.12,3827.08,3844.64,10701.0
2025-10-02 20:00:00,3844.6,3847.78,3840.46,3844.08,9583.0
2025-10-02 21:00:00,3844.11,3851.36,3843.34,3850.7,6952.0
2025-10-02 22:00:00,3850.67,3858.85,3850.34,3855.36,8603.0
2025-10-02 23:00:00,3855.4,3859.11,3853.34,3856.28,3483.0
2025-10-03 01:00:00,3855.14,3858.69,3852.01,3856.99,3257.0
2025-10-03 02:00:00,3857.0,3863.63,3856.67,3862.27,4467.0
2025-10-03 03:00:00,3862.26,3862.48,3856.24,3856.74,5867.0
2025-10-03 04:00:00,3856.76,3862.36,3847.25,3858.14,8295.0
2025-10-03 05:00:00,3858.09,3858.89,3847.59,3847.99,6599.0
2025-10-03 06:00:00,3848.02,3850.77,3837.93,3842.52,7912.0
2025-10-03 07:00:00,3842.49,3848.09,3841.42,3843.85,5650.0
2025-10-03 08:00:00,3843.87,3858.98,3843.79,3854.94,7217.0
2025-10-03 09:00:00,3854.97,3860.92,3850.87,3858.98,6977.0
2025-10-03 10:00:00,3858.99,3865.05,3856.87,3864.03,7249.0
2025-10-03 11:00:00,3864.3,3865.42,3860.12,3864.58,6498.0
2025-10-03 12:00:00,3864.52,3864.63,3856.66,3864.01,6747.0
2025-10-03 13:00:00,3864.02,3867.46,3861.94,3865.69,7402.0
2025-10-03 14:00:00,3865.68,3866.86,3854.51,3861.86,8808.0
2025-10-03 15:00:00,3861.88,3874.73,3860.35,3873.59,9250.0
2025-10-03 16:00:00,3873.6,3890.29,3869.81,3882.39,11200.0
2025-10-03 17:00:00,3883.58,3885.82,3866.12,3879.43,11660.0
2025-10-03 18:00:00,3879.47,3891.38,3873.78,3889.1,10196.0
2025-10-03 19:00:00,3889.2,3889.38,3880.4,3883.67,9681.0
2025-10-03 20:00:00,3883.47,3885.8,3876.8,3881.79,9075.0
2025-10-03 21:00:00,3881.84,3889.02,3879.91,3885.91,8348.0
2025-10-03 22:00:00,3885.93,3888.94,3883.45,3885.56,7619.0
2025-10-03 23:00:00,3885.33,3886.95,3882.7,3886.33,2330.0
2025-10-06 01:00:00,3887.51,3901.18,3883.91,3899.74,6723.0
2025-10-06 02:00:00,3899.75,3920.19,3898.36,3909.35,9442.0
2025-10-06 03:00:00,3909.34,3909.46,3898.87,3900.21,9352.0
2025-10-06 04:00:00,3900.69,3918.1,3899.48,3917.82,8392.0
2025-10-06 05:00:00,3917.84,3924.26,3917.41,3920.84,7706.0
2025-10-06 06:00:00,3920.79,3931.85,3919.79,3929.43,8261.0
2025-10-06 07:00:00,3929.43,3940.1,3928.58,3938.49,8739.0
2025-10-06 08:00:00,3938.5,3945.05,3927.29,3932.59,10443.0
2025-10-06 09:00:00,3932.57,3934.61,3922.42,3934.14,9040.0
2025-10-06 10:00:00,3933.39,3943.69,3929.22,3941.44,9945.0
2025-10-06 11:00:00,3941.47,3949.42,3935.22,3942.24,9670.0
2025-10-06 12:00:00,3942.24,3944.79,3936.4,3942.19,7505.0
2025-10-06 13:00:00,3942.23,3946.67,3932.4,3942.0,7735.0
2025-10-06 14:00:00,3942.03,3942.53,3930.87,3938.14,9146.0
2025-10-06 15:00:00,3938.06,3941.05,3926.45,3933.79,10421.0
2025-10-06 16:00:00,3933.95,3946.88,3927.11,3944.44,10869.0
2025-10-06 17:00:00,3944.42,3958.74,3940.18,3954.73,10798.0
2025-10-06 18:00:00,3954.7,3963.97,3947.89,3962.22,10106.0
2025-10-06 19:00:00,3962.24,3969.67,3945.78,3953.81,10855.0
2025-10-06 20:00:00,3953.8,3958.72,3951.0,3957.63,9292.0
2025-10-06 21:00:00,3957.64,3960.41,3955.69,3958.04,7495.0
2025-10-06 22:00:00,3958.2,3964.74,3958.07,3959.26,7588.0
2025-10-06 23:00:00,3959.25,3962.26,3957.25,3960.52,3490.0
2025-10-07 01:00:00,3960.25,3976.06,3958.28,3963.24,7979.0
2025-10-07 02:00:00,3963.2,3972.39,3961.45,3969.4,6500.0
2025-10-07 03:00:00,3969.48,3977.31,3961.37,3962.66,9591.0
2025-10-07 04:00:00,3962.61,3963.63,3955.62,3957.98,8617.0
2025-10-07 05:00:00,3957.95,3966.78,3957.28,3964.65,6771.0
2025-10-07 06:00:00,3964.63,3974.42,3960.57,3973.11,7802.0
2025-10-07 07:00:00,3973.21,3976.71,3971.33,3975.87,6167.0
2025-10-07 08:00:00,3975.74,3976.63,3960.14,3964.47,9323.0
2025-10-07 09:00:00,3964.46,3966.15,3953.75,3955.0,8172.0
2025-10-07 10:00:00,3954.96,3955.89,3942.98,3945.8,10985.0
2025-10-07 11:00:00,3945.75,3953.85,3940.73,3951.11,9445.0
2025-10-07 12:00:00,3951.1,3963.22,3951.1,3954.95,8785.0
2025-10-07 13:00:00,3954.95,3962.76,3953.91,3959.92,7314.0
2025-10-07 14:00:00,3959.94,3968.96,3956.27,3966.75,7757.0
2025-10-07 15:00:00,3966.74,3979.87,3964.07,3979.25,10263.0
2025-10-07 16:00:00,3979.28,3985.41,3970.33,3979.02,11351.0
2025-10-07 17:00:00,3979.0,3986.38,3968.97,3985.36,11338.0
2025-10-07 18:00:00,3985.44,3990.8,3961.71,3965.89,11536.0
2025-10-07 19:00:00,3965.93,3979.23,3963.0,3976.33,10619.0
2025-10-07 20:00:00,3976.34,3987.51,3976.26,3980.7,9388.0
2025-10-07 21:00:00,3980.72,3983.65,3974.05,3980.85,9065.0
2025-10-07 22:00:00,3980.87,3983.15,3978.41,3979.98,7981.0
2025-10-07 23:00:00,3979.97,3986.31,3979.97,3984.24,4254.0
2025-10-08 01:00:00,3984.25,3990.52,3982.88,3989.39,3464.0
2025-10-08 02:00:00,3989.42,3995.76,3988.23,3994.17,5605.0
2025-10-08 03:00:00,3994.16,3999.06,3989.13,3992.06,7466.0
2025-10-08 04:00:00,3992.14,4000.53,3984.44,4000.23,8834.0
2025-10-08 05:00:00,4000.29,4011.44,3995.48,4011.41,8590.0
2025-10-08 06:00:00,4011.39,4016.38,4008.67,4014.56,7960.0
2025-10-08 07:00:00,4014.59,4027.01,4014.54,4026.55,8177.0
2025-10-08 08:00:00,4026.54,4036.85,4024.35,4029.0,9414.0
2025-10-08 09:00:00,4029.0,4032.94,4021.23,4031.38,8965.0
2025-10-08 10:00:00,4031.37,4038.78,4029.89,4034.02,8801.0
2025-10-08 11:00:00,4034.32,4040.17,4032.98,4036.09,8134.0
2025-10-08 12:00:00,4036.1,4049.38,4030.66,4049.14,7802.0
2025-10-08 13:00:00,4049.11,4049.36,4033.42,4036.87,8625.0
2025-10-08 14:00:00,4036.85,4037.86,4031.88,4037.74,8333.0
2025-10-08 15:00:00,4037.52,4046.29,4030.82,4039.78,10574.0
2025-10-08 16:00:00,4039.78,4049.23,4026.29,4038.03,11558.0
2025-10-08 17:00:00,4037.82,4048.74,4035.48,4048.02,10812.0
2025-10-08 18:00:00,4047.98,4050.52,4037.24,4045.52,10128.0
2025-10-08 19:00:00,4045.49,4059.05,4044.1,4056.38,10671.0
2025-10-08 20:00:00,4056.4,4057.87,4042.71,4050.73,9967.0
2025-10-08 21:00:00,4050.71,4052.97,4038.72,4049.67,9406.0
2025-10-08 22:00:00,4049.91,4054.34,4031.93,4044.74,11684.0
2025-10-08 23:00:00,4044.55,4046.46,4038.53,4040.81,4744.0
2025-10-09 01:00:00,4040.21,4040.92,4014.71,4021.2,6796.0
2025-10-09 02:00:00,4021.23,4021.74,4001.08,4011.55,10558.0
2025-10-09 03:00:00,4011.53,4027.73,4008.54,4022.6,10077.0
2025-10-09 04:00:00,4022.79,4036.13,4008.11,4019.53,12262.0
2025-10-09 05:00:00,4019.52,4021.03,4002.25,4018.47,11332.0
2025-10-09 06:00:00,4018.45,4029.32,4017.1,4026.59,8728.0
2025-10-09 07:00:00,4026.58,4040.83,4026.58,4038.83,7523.0
2025-10-09 08:00:00,4038.83,4043.52,4034.09,4039.59,9306.0
2025-10-09 09:00:00,4039.6,4040.76,4022.58,4025.88,9295.0
2025-10-09 10:00:00,4026.02,4032.73,4024.55,4031.35,8865.0
2025-10-09 11:00:00,4031.31,4040.06,4030.03,4037.95,7340.0
2025-10-09 12:00:00,4037.89,4041.8,4034.07,4037.21,7299.0
2025-10-09 13:00:00,4037.23,4044.12,4036.11,4044.03,6261.0
2025-10-09 14:00:00,4044.04,4046.62,4033.38,4044.29,8800.0
2025-10-09 15:00:00,4044.25,4053.55,4037.18,4053.28,9481.0
2025-10-09 16:00:00,4053.27,4057.75,4016.57,4016.57,12792.0
2025-10-09 17:00:00,4017.0,4028.78,4003.92,4024.13,13280.0
2025-10-09 18:00:00,4023.3,4028.4,4006.34,4014.43,11859.0
2025-10-09 19:00:00,4014.48,4021.51,3963.72,3968.17,12108.0
2025-10-09 20:00:00,3968.56,3974.12,3944.27,3949.97,12503.0
2025-10-09 21:00:00,3949.95,3968.78,3949.35,3957.04,11172.0
2025-10-09 22:00:00,3957.3,3982.02,3955.07,3972.87,11410.0
2025-10-09 23:00:00,3972.83,3978.76,3972.83,3975.97,5517.0
2025-10-10 01:00:00,3974.02,3981.28,3958.19,3975.21,4726.0
2025-10-10 02:00:00,3975.25,3990.61,3974.33,3989.8,6850.0
2025-10-10 03:00:00,3989.69,3994.24,3985.39,3990.87,7994.0
2025-10-10 04:00:00,3990.74,3992.28,3969.73,3973.1,11511.0
2025-10-10 05:00:00,3973.19,3986.6,3973.06,3978.48,8854.0
2025-10-10 06:00:00,3978.41,3979.12,3960.76,3961.83,10284.0
2025-10-10 07:00:00,3961.82,3966.61,3946.63,3966.2,9844.0
2025-10-10 08:00:00,3966.21,3977.69,3965.48,3974.65,11442.0
2025-10-10 09:00:00,3974.75,3975.92,3962.51,3968.09,9541.0
2025-10-10 10:00:00,3967.95,3975.96,3952.4,3971.72,10346.0
2025-10-10 11:00:00,3971.72,3994.66,3969.86,3991.8,9869.0
2025-10-10 12:00:00,3991.86,4006.57,3989.93,3995.63,10406.0
2025-10-10 13:00:00,3995.32,3999.88,3990.48,3993.78,9297.0
2025-10-10 14:00:00,3993.79,3999.51,3983.24,3986.91,9448.0
2025-10-10 15:00:00,3986.88,3993.29,3980.09,3985.51,9881.0
2025-10-10 16:00:00,3985.51,3997.98,3975.2,3980.4,11700.0
2025-10-10 17:00:00,3980.28,3993.9,3970.44,3989.74,11654.0
2025-10-10 18:00:00,3989.94,4022.3,3987.88,3997.71,12768.0
2025-10-10 19:00:00,3997.73,3998.4,3977.3,3983.16,11788.0
2025-10-10 20:00:00,3983.27,3991.82,3974.82,3989.56,10609.0
2025-10-10 21:00:00,3989.7,4008.79,3983.94,3998.86,9848.0
2025-10-10 22:00:00,3998.85,4021.02,3995.89,4011.2,9977.0
2025-10-10 23:00:00,4011.1,4019.93,4005.62,4018.47,3687.0
2025-10-13 01:00:00,3999.31,4045.0,3998.87,4042.05,7882.0
2025-10-13 02:00:00,4042.18,4060.17,4032.08,4034.91,9552.0
2025-10-13 03:00:00,4034.92,4059.53,4024.26,4043.65,10432.0
2025-10-13 04:00:00,4043.55,4054.68,4035.68,4053.0,10137.0
2025-10-13 05:00:00,4053.01,4055.64,4041.62,4047.78,8746.0
2025-10-13 06:00:00,4047.79,4056.2,4046.11,4051.74,8113.0
2025-10-13 07:00:00,4051.75,4059.2,4050.9,4056.16,6649.0
2025-10-13 08:00:00,4056.17,4077.92,4055.27,4063.47,10589.0
2025-10-13 09:00:00,4063.49,4073.44,4059.6,4069.23,9337.0
2025-10-13 10:00:00,4069.23,4077.13,4066.42,4070.96,9095.0
2025-10-13 11:00:00,4070.95,4079.0,4068.88,4077.56,9045.0
2025-10-13 12:00:00,4077.57,4079.59,4070.22,4077.08,8262.0
2025-10-13 13:00:00,4077.12,4085.03,4071.22,4080.74,8294.0
2025-10-13 14:00:00,4080.69,4084.4,4073.5,4073.75,8004.0
2025-10-13 15:00:00,4073.79,4085.48,4072.97,4079.43,9555.0
2025-10-13 16:00:00,4079.48,4095.35,4078.01,4093.86,11122.0
2025-10-13 17:00:00,4093.67,4103.75,4090.51,4097.25,10976.0
2025-10-13 18:00:00,4097.19,4107.07,4091.6,4104.66,10099.0
2025-10-13 19:00:00,4104.83,4116.81,4103.77,4105.52,10232.0
2025-10-13 20:00:00,4105.53,4115.12,4100.12,4103.71,9780.0
2025-10-13 21:00:00,4103.66,4107.32,4099.35,4101.55,8886.0
2025-10-13 22:00:00,4101.47,4110.69,4090.52,4108.4,9324.0
2025-10-13 23:00:00,4108.39,4112.49,4105.85,4110.47,3841.0
2025-10-14 01:00:00,4110.84,4115.64,4106.34,4114.79,5258.0
2025-10-14 02:00:00,4114.75,4131.91,4112.65,4127.85,8532.0
2025-10-14 03:00:00,4127.95,4129.94,4119.5,4124.25,8845.0
2025-10-14 04:00:00,4124.34,4149.81,4122.82,4137.01,12086.0
2025-10-14 05:00:00,4136.97,4149.61,4136.83,4145.81,10366.0
2025-10-14 06:00:00,4145.82,4166.32,4144.95,4163.17,10732.0
2025-10-14 07:00:00,4163.14,4169.82,4155.53,4168.1,8778.0
2025-10-14 08:00:00,4167.87,4179.47,4110.94,4120.92,11505.0
2025-10-14 09:00:00,4121.09,4133.54,4090.44,4111.88,12341.0
2025-10-14 10:00:00,4110.83,4127.52,4102.3,4126.03,11054.0
2025-10-14 11:00:00,4125.93,4144.85,4124.56,4143.76,10529.0
2025-10-14 12:00:00,4143.77,4144.01,4121.74,4127.33,10274.0
2025-10-14 13:00:00,4127.39,4143.92,4124.89,4131.56,10190.0
2025-10-14 14:00:00,4131.64,4137.45,4125.56,4130.3,9392.0
2025-10-14 15:00:00,4130.37,4134.2,4103.39,4106.38,10986.0
2025-10-14 16:00:00,4106.44,4129.38,4097.53,4123.81,12526.0
2025-10-14 17:00:00,4123.84,4137.29,4121.06,4128.91,11728.0
2025-10-14 18:00:00,4128.97,4142.61,4126.08,4137.88,10834.0
2025-10-14 19:00:00,4137.83,4155.17,4127.76,4140.29,11109.0
2025-10-14 20:00:00,4140.21,4152.63,4137.03,4148.0,10159.0
2025-10-14 21:00:00,4147.9,4152.25,4143.05,4148.18,9022.0
2025-10-14 22:00:00,4148.05,4150.44,4134.08,4141.29,9422.0
2025-10-14 23:00:00,4141.48,4145.79,4139.05,4142.01,4669.0
2025-10-15 01:00:00,4143.96,4163.86,4140.4,4158.34,6503.0
2025-10-15 02:00:00,4158.36,4166.86,4156.91,4161.44,6299.0
2025-10-15 03:00:00,4161.42,4169.47,4153.62,4162.36,8277.0
2025-10-15 04:00:00,4162.37,4186.6,4161.87,4181.5,10391.0
2025-10-15 05:00:00,4181.51,4184.52,4166.8,4176.08,9581.0
2025-10-15 06:00:00,4176.1,4190.46,4175.91,4186.83,8423.0
2025-10-15 07:00:00,4186.86,4187.35,4173.18,4179.56,6556.0
2025-10-15 08:00:00,4179.54,4193.54,4176.42,4185.74,9095.0
2025-10-15 09:00:00,4185.72,4200.17,4184.11,4199.21,8581.0
2025-10-15 10:00:00,4199.07,4209.6,4194.38,4207.48,8619.0
2025-10-15 11:00:00,4207.5,4217.92,4206.95,4207.94,9260.0
2025-10-15 12:00:00,4207.97,4211.77,4164.34,4192.3,10738.0
2025-10-15 13:00:00,4192.29,4205.92,4190.49,4202.38,9358.0
2025-10-15 14:00:00,4202.33,4204.03,4193.31,4198.42,8375.0
2025-10-15 15:00:00,4198.52,4202.5,4176.12,4190.17,10773.0
2025-10-15 16:00:00,4190.09,4198.21,4182.63,4191.79,11331.0
2025-10-15 17:00:00,4191.83,4212.14,4191.29,4199.67,11002.0
2025-10-15 18:00:00,4199.59,4202.83,4179.45,4189.96,11095.0
2025-10-15 19:00:00,4189.96,4199.62,4186.12,4198.72,9465.0
2025-10-15 20:00:00,4198.81,4199.47,4182.4,4197.6,9866.0
2025-10-15 21:00:00,4197.75,4204.39,4195.08,4200.34,8765.0
2025-10-15 22:00:00,4200.29,4212.86,4199.95,4210.22,9126.0
2025-10-15 23:00:00,4210.17,4212.75,4205.84,4207.92,5784.0
2025-10-16 01:00:00,4208.53,4215.47,4199.47,4213.13,5673.0
2025-10-16 02:00:00,4213.14,4215.68,4206.1,4209.29,6949.0
2025-10-16 03:00:00,4209.32,4227.02,4205.05,4210.46,8836.0
2025-10-16 04:00:00,4210.49,4232.62,4210.49,4229.98,9845.0
2025-10-16 05:00:00,4229.98,4239.33,4225.71,4239.3,8862.0
2025-10-16 06:00:00,4239.31,4241.97,4228.64,4233.65,9115.0
2025-10-16 07:00:00,4233.63,4239.2,4227.61,4233.15,7596.0
2025-10-16 08:00:00,4233.31,4234.48,4203.57,4204.74,11252.0
2025-10-16 09:00:00,4204.63,4226.84,4203.32,4222.63,9972.0
2025-10-16 10:00:00,4222.58,4233.78,4221.9,4230.31,8527.0
2025-10-16 11:00:00,4230.28,4235.58,4228.15,4232.67,7930.0
2025-10-16 12:00:00,4232.81,4241.29,4221.96,4239.23,8656.0
2025-10-16 13:00:00,4239.13,4246.12,4234.31,4242.64,8758.0
2025-10-16 14:00:00,4242.72,4247.4,4239.53,4240.54,8574.0
2025-10-16 15:00:00,4240.53,4250.98,4227.64,4235.74,10253.0
2025-10-16 16:00:00,4235.83,4258.62,4234.64,4246.24,11591.0
2025-10-16 17:00:00,4246.03,4267.6,4245.05,4263.18,11186.0
2025-10-16 18:00:00,4263.26,4276.12,4260.96,4273.35,10345.0
2025-10-16 19:00:00,4273.35,4291.75,4261.36,4282.61,11946.0
2025-10-16 20:00:00,4282.63,4298.7,4280.07,4293.89,10694.0
2025-10-16 21:00:00,4293.88,4294.94,4273.59,4291.12,10202.0
2025-10-16 22:00:00,4290.95,4312.9,4287.86,4307.46,9418.0
2025-10-16 23:00:00,4307.48,4330.39,4307.48,4325.84,7741.0
2025-10-17 01:00:00,4328.98,4379.25,4328.9,4346.65,11552.0
2025-10-17 02:00:00,4346.77,4379.11,4342.06,4365.78,10960.0
2025-10-17 03:00:00,4365.78,4371.46,4353.54,4358.32,10413.0
2025-10-17 04:00:00,4358.42,4362.1,4278.55,4313.96,12975.0
2025-10-17 05:00:00,4313.75,4348.41,4312.76,4342.44,11470.0
2025-10-17 06:00:00,4342.48,4366.63,4338.73,4366.63,10738.0
2025-10-17 07:00:00,4366.64,4377.02,4355.22,4376.28,10183.0
2025-10-17 08:00:00,4376.15,4378.52,4342.17,4365.38,11126.0
2025-10-17 09:00:00,4365.77,4369.62,4347.07,4360.36,10983.0
2025-10-17 10:00:00,4359.98,4361.81,4311.56,4342.46,11615.0
2025-10-17 11:00:00,4342.32,4349.7,4321.16,4347.74,11233.0
2025-10-17 12:00:00,4347.72,4348.51,4332.37,4340.14,9564.0
2025-10-17 13:00:00,4340.13,4342.15,4319.71,4327.7,9897.0
2025-10-17 14:00:00,4327.59,4335.92,4286.66,4287.13,11826.0
2025-10-17 15:00:00,4287.17,4320.02,4283.65,4314.56,12067.0
2025-10-17 16:00:00,4314.5,4317.65,4258.66,4274.18,13171.0
2025-10-17 17:00:00,4274.39,4274.65,4216.9,4248.84,13945.0
2025-10-17 18:00:00,4248.72,4259.24,4231.07,4237.15,11939.0
2025-10-17 19:00:00,4237.34,4244.73,4200.78,4204.54,12335.0
2025-10-17 20:00:00,4204.75,4228.03,4186.25,4220.91,11961.0
2025-10-17 21:00:00,4221.57,4244.42,4217.92,4235.32,10401.0
2025-10-17 22:00:00,4235.34,4237.59,4212.52,4225.78,10357.0
2025-10-17 23:00:00,4230.51,4250.34,4219.92,4246.81,4247.0
2025-10-20 01:00:00,4246.45,4274.37,4239.25,4255.49,9197.0
2025-10-20 02:00:00,4255.64,4256.07,4233.82,4237.73,8919.0
2025-10-20 03:00:00,4237.68,4250.52,4218.85,4249.31,11026.0
2025-10-20 04:00:00,4249.32,4268.85,4229.72,4262.24,12179.0
2025-10-20 05:00:00,4262.39,4270.99,4253.26,4255.61,10370.0
2025-10-20 06:00:00,4255.55,4265.09,4248.71,4264.48,9576.0
2025-10-20 07:00:00,4264.73,4268.06,4260.21,4266.17,6697.0
2025-10-20 08:00:00,4266.16,4266.46,4239.73,4239.83,10550.0
2025-10-20 09:00:00,4239.87,4245.37,4221.45,4235.92,10823.0
2025-10-20 10:00:00,4236.1,4260.73,4234.69,4254.96,10125.0
2025-10-20 11:00:00,4254.92,4265.91,4252.13,4258.46,9426.0
2025-10-20 12:00:00,4258.54,4263.37,4250.2,4260.52,9100.0
2025-10-20 13:00:00,4260.47,4260.66,4245.48,4254.81,10232.0
2025-10-20 14:00:00,4254.77,4279.48,4250.65,4279.35,9423.0
2025-10-20 15:00:00,4279.31,4327.09,4272.66,4323.66,12317.0
2025-10-20 16:00:00,4324.0,4325.14,4299.45,4300.91,12527.0
2025-10-20 17:00:00,4300.81,4334.41,4292.68,4332.04,12033.0
2025-10-20 18:00:00,4332.09,4355.53,4332.09,4348.98,11479.0
2025-10-20 19:00:00,4348.98,4350.57,4342.54,4347.63,9660.0
2025-10-20 20:00:00,4347.69,4350.92,4337.3,4347.26,10800.0
2025-10-20 21:00:00,4347.34,4364.35,4344.43,4359.15,10019.0
2025-10-20 22:00:00,4359.22,4381.57,4359.08,4378.13,11198.0
2025-10-20 23:00:00,4378.12,4380.17,4346.71,4355.71,9697.0
2025-10-21 01:00:00,4354.46,4375.43,4353.16,4367.5,7306.0
2025-10-21 02:00:00,4367.57,4371.61,4356.68,4360.48,7514.0
2025-10-21 03:00:00,4360.46,4371.15,4355.91,4368.87,9664.0
2025-10-21 04:00:00,4368.86,4372.28,4333.07,4350.73,12925.0
2025-10-21 05:00:00,4350.82,4355.38,4335.15,4338.95,11383.0
2025-10-21 06:00:00,4338.99,4350.66,4337.85,4346.59,8986.0
2025-10-21 07:00:00,4346.58,4346.93,4337.42,4342.04,6853.0
2025-10-21 08:00:00,4342.0,4344.19,4316.99,4323.52,10630.0
2025-10-21 09:00:00,4323.47,4344.29,4317.36,4343.25,10278.0
2025-10-21 10:00:00,4343.29,4343.29,4293.58,4298.5,11273.0
2025-10-21 11:00:00,4298.57,4301.71,4244.68,4273.86,12197.0
2025-10-21 12:00:00,4273.87,4278.03,4254.68,4265.14,11206.0
2025-10-21 13:00:00,4265.33,4266.43,4249.32,4253.83,10489.0
2025-10-21 14:00:00,4253.74,4272.34,4245.29,4253.09,10219.0
2025-10-21 15:00:00,4253.08,4257.31,4205.95,4211.1,12231.0
2025-10-21 16:00:00,4210.91,4225.19,4167.37,4173.81,13408.0
2025-10-21 17:00:00,4173.73,4187.74,4080.37,4138.34,14119.0
2025-10-21 18:00:00,4138.56,4150.53,4120.08,4138.31,12731.0
2025-10-21 19:00:00,4138.38,4143.57,4100.98,4113.26,12391.0
2025-10-21 20:00:00,4113.35,4120.03,4093.34,4111.03,12085.0
2025-10-21 21:00:00,4110.99,4125.56,4106.21,4114.61,11430.0
2025-10-21 22:00:00,4114.68,4121.94,4100.2,4108.68,12146.0
2025-10-21 23:00:00,4109.45,4130.71,4105.9,4124.49,7577.0
2025-10-22 01:00:00,4125.42,4132.42,4113.78,4123.04,7105.0
2025-10-22 02:00:00,4123.09,4127.63,4090.04,4092.9,8866.0
2025-10-22 03:00:00,4092.96,4093.89,4004.04,4074.93,12962.0
2025-10-22 04:00:00,4074.96,4120.61,4064.42,4086.98,11941.0
2025-10-22 05:00:00,4087.03,4117.63,4087.03,4114.77,9296.0
2025-10-22 06:00:00,4114.66,4142.82,4107.16,4128.42,8716.0
2025-10-22 07:00:00,4128.41,4133.27,4107.49,4127.99,8008.0
2025-10-22 08:00:00,4128.0,4146.87,4126.26,4134.98,9427.0
2025-10-22 09:00:00,4134.83,4161.06,4127.67,4155.87,9671.0
2025-10-22 10:00:00,4155.39,4156.26,4129.08,4132.7,10848.0
2025-10-22 11:00:00,4132.68,4135.56,4059.77,4070.32,12171.0
2025-10-22 12:00:00,4070.35,4101.49,4061.34,4069.34,11290.0
2025-10-22 13:00:00,4069.35,4090.49,4023.75,4034.81,11226.0
2025-10-22 14:00:00,4033.94,4044.93,4014.91,4027.35,11440.0
2025-10-22 15:00:00,4027.6,4053.23,4022.91,4033.6,11826.0
2025-10-22 16:00:00,4033.62,4085.03,4033.31,4075.71,12638.0
2025-10-22 17:00:00,4075.46,4078.09,4010.75,4014.92,12680.0
2025-10-22 18:00:00,4014.97,4046.95,4014.6,4036.84,11907.0
2025-10-22 19:00:00,4036.84,4063.93,4023.04,4059.09,11537.0
2025-10-22 20:00:00,4058.58,4070.84,4043.75,4069.84,10909.0
2025-10-22 21:00:00,4069.91,4081.14,4066.34,4076.6,9069.0
2025-10-22 22:00:00,4076.85,4113.28,4076.4,4102.21,10840.0
2025-10-22 23:00:00,4101.92,4107.07,4088.37,4098.23,7075.0
2025-10-23 01:00:00,4095.42,4116.31,4091.83,4101.87,7202.0
2025-10-23 02:00:00,4101.85,4104.5,4080.57,4087.6,9904.0
2025-10-23 03:00:00,4087.48,4096.69,4065.76,4081.64,11016.0
2025-10-23 04:00:00,4081.87,4092.59,4071.71,4073.08,11785.0
2025-10-23 05:00:00,4073.0,4085.1,4072.02,4082.39,9734.0
2025-10-23 06:00:00,4082.39,4100.47,4077.37,4091.01,9442.0
2025-10-23 07:00:00,4091.01,4092.76,4079.5,4089.54,7678.0
2025-10-23 08:00:00,4089.54,4110.22,4083.73,4110.12,9243.0
2025-10-23 09:00:00,4110.05,4137.41,4110.0,4113.48,11558.0
2025-10-23 10:00:00,4113.44,4120.93,4091.6,4094.01,10700.0
2025-10-23 11:00:00,4094.58,4118.7,4094.58,4115.87,10295.0
2025-10-23 12:00:00,4115.96,4125.27,4111.08,4124.32,9860.0
2025-10-23 13:00:00,4124.18,4124.99,4101.62,4108.55,10484.0
2025-10-23 14:00:00,4108.68,4120.48,4107.52,4109.42,10059.0
2025-10-23 15:00:00,4109.36,4129.21,4099.97,4127.03,10537.0
2025-10-23 16:00:00,4126.83,4150.98,4125.64,4144.55,12186.0
2025-10-23 17:00:00,4144.52,4154.45,4135.77,4148.01,11636.0
2025-10-23 18:00:00,4148.09,4151.67,4136.74,4141.61,10359.0
2025-10-23 19:00:00,4141.34,4148.46,4125.38,4132.79,10528.0
2025-10-23 20:00:00,4132.77,4138.87,4124.71,4137.52,9970.0
2025-10-23 21:00:00,4137.53,4143.22,4133.0,4135.76,8621.0
2025-10-23 22:00:00,4135.81,4137.93,4116.29,4118.09,10018.0
2025-10-23 23:00:00,4118.08,4125.91,4107.2,4125.83,6838.0
2025-10-24 01:00:00,4127.8,4132.6,4111.26,4115.92,5891.0
2025-10-24 02:00:00,4115.94,4122.84,4105.72,4121.31,6851.0
2025-10-24 03:00:00,4121.53,4133.49,4117.8,4132.41,7336.0
2025-10-24 04:00:00,4132.46,4143.97,4112.07,4118.71,10764.0
2025-10-24 05:00:00,4118.76,4118.9,4109.28,4109.28,9328.0
2025-10-24 06:00:00,4109.44,4123.22,4107.44,4122.02,7666.0
2025-10-24 07:00:00,4122.01,4123.0,4102.69,4111.6,8303.0
2025-10-24 08:00:00,4111.82,4117.88,4102.83,4104.44,7998.0
2025-10-24 09:00:00,4104.53,4104.61,4081.31,4091.99,10198.0
2025-10-24 10:00:00,4092.26,4095.82,4069.22,4074.09,10129.0
2025-10-24 11:00:00,4074.25,4077.74,4047.29,4065.06,11324.0
2025-10-24 12:00:00,4065.04,4073.34,4054.18,4060.61,10341.0
2025-10-24 13:00:00,4060.63,4070.62,4053.48,4054.53,9303.0
2025-10-24 14:00:00,4054.49,4065.43,4043.96,4061.2,10327.0
2025-10-24 15:00:00,4061.17,4092.64,4059.72,4081.84,11099.0
2025-10-24 16:00:00,4081.86,4121.9,4078.99,4106.74,12343.0
2025-10-24 17:00:00,4106.68,4134.87,4102.0,4117.18,11611.0
2025-10-24 18:00:00,4117.18,4131.56,4113.3,4130.13,10413.0
2025-10-24 19:00:00,4130.16,4138.31,4121.44,4129.0,10786.0
2025-10-24 20:00:00,4129.08,4134.05,4105.63,4107.41,11464.0
2025-10-24 21:00:00,4107.61,4113.41,4101.61,4110.22,10661.0
2025-10-24 22:00:00,4110.14,4117.16,4102.01,4103.81,9591.0
2025-10-24 23:00:00,4102.58,4113.95,4096.58,4113.0,2779.0
2025-10-27 00:00:00,4102.31,4109.05,4063.27,4081.5,9822.0
2025-10-27 01:00:00,4081.58,4088.18,4061.84,4064.25,9362.0
2025-10-27 02:00:00,4064.32,4083.89,4058.17,4081.09,9078.0
2025-10-27 03:00:00,4081.11,4097.55,4074.81,4081.62,10966.0
2025-10-27 04:00:00,4081.53,4081.91,4069.69,4071.36,10268.0
2025-10-27 05:00:00,4071.34,4081.62,4065.02,4069.28,9495.0
2025-10-27 06:00:00,4069.25,4071.52,4053.5,4068.62,10806.0
2025-10-27 07:00:00,4068.57,4084.31,4068.47,4079.46,9437.0
2025-10-27 08:00:00,4079.47,4084.37,4073.81,4078.11,9217.0
2025-10-27 09:00:00,4078.12,4079.83,4064.03,4068.43,8470.0
2025-10-27 10:00:00,4068.41,4070.42,4024.36,4043.21,10615.0
2025-10-27 11:00:00,4043.01,4050.2,4030.02,4039.48,11089.0
2025-10-27 12:00:00,4039.49,4047.56,4028.8,4037.23,10466.0
2025-10-27 13:00:00,4037.16,4041.15,4015.32,4023.8,11255.0
2025-10-27 14:00:00,4023.82,4046.39,4022.16,4045.11,11258.0
2025-10-27 15:00:00,4045.12,4049.79,4013.02,4021.65,12328.0
2025-10-27 16:00:00,4021.81,4022.91,3982.75,3987.76,12986.0
2025-10-27 17:00:00,3987.82,3993.37,3971.08,3989.71,12104.0
2025-10-27 18:00:00,3989.74,3999.91,3983.81,3998.78,11121.0
2025-10-27 19:00:00,3999.06,4008.58,3990.75,4006.25,10956.0
2025-10-27 20:00:00,4006.24,4009.97,3997.64,3998.93,10047.0
2025-10-27 21:00:00,3999.05,4005.52,3985.55,3989.91,10772.0
2025-10-27 22:00:00,3989.96,4000.07,3978.92,3981.24,7702.0
2025-10-28 00:00:00,3984.46,3996.24,3979.95,3989.6,5243.0
2025-10-28 01:00:00,3989.5,4004.28,3982.64,3998.31,7926.0
2025-10-28 02:00:00,3998.25,4009.52,3972.7,4006.68,9041.0
2025-10-28 03:00:00,4006.64,4019.6,4004.41,4010.86,10307.0
2025-10-28 04:00:00,4010.85,4013.83,3980.67,3983.48,9729.0
2025-10-28 05:00:00,3983.23,3994.21,3983.0,3992.67,7396.0
2025-10-28 06:00:00,3992.72,3994.0,3963.74,3973.49,9037.0
2025-10-28 07:00:00,3973.57,3980.01,3958.84,3966.34,9595.0
2025-10-28 08:00:00,3966.37,3968.47,3938.25,3942.51,10035.0
2025-10-28 09:00:00,3942.49,3948.28,3921.8,3932.14,10045.0
2025-10-28 10:00:00,3932.32,3935.68,3896.4,3897.57,11295.0
2025-10-28 11:00:00,3897.25,3910.66,3886.39,3904.56,11510.0
2025-10-28 12:00:00,3904.52,3930.59,3899.91,3926.3,11446.0
2025-10-28 13:00:00,3926.47,3929.73,3910.49,3922.97,11476.0
2025-10-28 14:00:00,3922.96,3930.0,3905.38,3912.91,11076.0
2025-10-28 15:00:00,3912.97,3940.24,3912.55,3938.46,12172.0
2025-10-28 16:00:00,3938.46,3953.73,3934.46,3949.65,11544.0
2025-10-28 17:00:00,3949.56,3969.42,3946.98,3964.61,10942.0
2025-10-28 18:00:00,3964.53,3965.08,3950.94,3958.28,10807.0
2025-10-28 19:00:00,3958.25,3970.09,3954.9,3962.24,10594.0
2025-10-28 20:00:00,3962.21,3963.85,3945.12,3956.39,10226.0
2025-10-28 21:00:00,3956.44,3962.61,3950.64,3959.91,9637.0
2025-10-28 22:00:00,3960.05,3960.76,3949.2,3952.32,5407.0
2025-10-29 00:00:00,3954.9,3960.86,3915.71,3933.88,7536.0
2025-10-29 01:00:00,3933.86,3967.59,3933.66,3964.63,7893.0
2025-10-29 02:00:00,3964.59,3981.95,3958.76,3975.41,9534.0
2025-10-29 03:00:00,3975.19,3979.43,3965.95,3973.53,10167.0
2025-10-29 04:00:00,3973.49,3974.27,3944.33,3960.99,10448.0
2025-10-29 05:00:00,3961.03,3971.83,3958.22,3963.21,9064.0
2025-10-29 06:00:00,3963.21,3964.86,3951.03,3951.82,9187.0
2025-10-29 07:00:00,3951.83,3966.18,3950.42,3962.31,10005.0
2025-10-29 08:00:00,3962.32,3984.87,3959.63,3978.08,10588.0
2025-10-29 09:00:00,3978.05,4001.45,3974.86,4001.22,10311.0
2025-10-29 10:00:00,4001.63,4017.97,4000.29,4016.22,10794.0
2025-10-29 11:00:00,4016.26,4029.32,4013.2,4023.81,10644.0
2025-10-29 12:00:00,4023.83,4029.53,4017.16,4023.25,10559.0
2025-10-29 13:00:00,4023.24,4028.52,4013.21,4015.95,10487.0
2025-10-29 14:00:00,4016.43,4030.05,4013.56,4025.32,11126.0
2025-10-29 15:00:00,4025.21,4025.22,4002.37,4012.22,11633.0
2025-10-29 16:00:00,4012.04,4022.13,4007.59,4008.42,11037.0
2025-10-29 17:00:00,4008.46,4011.91,3988.99,3992.86,11151.0
2025-10-29 18:00:00,3992.93,4001.0,3991.24,3992.74,9219.0
2025-10-29 19:00:00,3992.6,3997.57,3985.47,3994.54,9136.0
2025-10-29 20:00:00,3994.41,4007.0,3943.94,3969.33,13025.0
2025-10-29 21:00:00,3969.3,3979.36,3927.85,3945.37,12462.0
2025-10-29 22:00:00,3945.37,3953.88,3927.78,3929.63,8230.0
2025-10-30 00:00:00,3930.42,3948.22,3915.29,3941.22,9086.0
2025-10-30 01:00:00,3941.11,3953.8,3939.38,3952.63,7681.0
2025-10-30 02:00:00,3952.65,3964.04,3937.96,3950.09,8950.0
2025-10-30 03:00:00,3950.09,3966.24,3944.98,3947.76,10390.0
2025-10-30 04:00:00,3947.75,3948.0,3921.26,3921.65,10814.0
2025-10-30 05:00:00,3921.67,3938.03,3914.89,3937.79,8119.0
2025-10-30 06:00:00,3937.98,3982.02,3934.66,3972.53,10032.0
2025-10-30 07:00:00,3972.52,3978.45,3947.01,3963.48,10592.0
2025-10-30 08:00:00,3963.47,3976.81,3956.21,3976.54,9859.0
2025-10-30 09:00:00,3976.54,3976.95,3955.77,3961.3,9234.0
2025-10-30 10:00:00,3961.32,3976.6,3959.8,3976.22,9903.0
2025-10-30 11:00:00,3976.25,4011.71,3975.85,3998.35,10838.0
2025-10-30 12:00:00,3997.82,4000.81,3973.58,3984.11,10328.0
2025-10-30 13:00:00,3984.1,3984.68,3963.57,3974.09,10311.0
2025-10-30 14:00:00,3974.17,3984.83,3960.65,3961.23,10621.0
2025-10-30 15:00:00,3961.08,3995.15,3959.94,3995.11,11823.0
2025-10-30 16:00:00,3995.07,4014.41,3986.32,3996.16,12485.0
2025-10-30 17:00:00,3996.12,4008.02,3988.28,4001.78,11175.0
2025-10-30 18:00:00,4001.76,4003.78,3991.44,4001.1,10008.0
2025-10-30 19:00:00,4001.16,4017.65,3994.21,4004.56,9343.0
2025-10-30 20:00:00,4004.81,4017.51,4000.09,4015.94,9533.0
2025-10-30 21:00:00,4016.07,4025.88,4015.15,4023.2,10011.0
2025-10-30 22:00:00,4023.21,4027.18,4016.21,4024.12,5646.0
2025-10-31 00:00:00,4023.09,4045.6,4015.67,4037.75,8881.0
2025-10-31 01:00:00,4037.86,4042.76,4018.6,4036.25,12963.0
2025-10-31 02:00:00,4036.31,4036.56,4023.52,4024.66,11873.0
2025-10-31 03:00:00,4024.6,4038.89,4012.55,4018.56,12787.0
2025-10-31 04:00:00,4018.61,4018.85,4001.03,4010.7,14292.0
2025-10-31 05:00:00,4010.68,4013.86,3990.8,3995.88,12622.0
2025-10-31 06:00:00,3995.99,4010.25,3988.72,4005.33,10276.0
2025-10-31 07:00:00,4005.32,4011.28,3993.83,4004.92,10339.0
2025-10-31 08:00:00,4005.0,4014.77,4002.06,4012.96,10036.0
2025-10-31 09:00:00,4012.93,4025.09,4007.35,4020.96,9520.0
2025-10-31 10:00:00,4020.81,4026.57,4006.36,4010.2,9651.0
2025-10-31 11:00:00,4010.18,4014.0,3998.7,4008.3,9762.0
2025-10-31 12:00:00,4008.25,4016.51,4003.45,4007.3,9047.0
2025-10-31 13:00:00,4007.27,4011.02,4001.57,4010.19,9089.0
2025-10-31 14:00:00,4010.39,4036.14,4008.95,4022.78,10765.0
2025-10-31 15:00:00,4022.43,4034.94,4009.9,4016.44,11671.0
2025-10-31 16:00:00,4016.57,4027.22,4010.46,4020.42,11282.0
2025-10-31 17:00:00,4020.41,4022.24,4009.22,4012.72,10853.0
2025-10-31 18:00:00,4012.55,4014.93,3972.48,3980.57,11839.0
2025-10-31 19:00:00,3980.68,4003.29,3980.47,3997.49,10360.0
2025-10-31 20:00:00,3997.48,4009.99,3995.45,3999.9,9574.0
2025-10-31 21:00:00,3999.86,4005.46,3991.13,4000.92,9465.0
2025-10-31 22:00:00,4000.94,4006.39,3995.99,4001.83,4952.0
2025-11-03 01:00:00,3981.05,3998.77,3977.65,3980.39,6940.0
2025-11-03 02:00:00,3979.24,3987.56,3962.43,3970.54,9952.0
2025-11-03 03:00:00,3970.77,4001.62,3965.29,3995.68,12185.0
2025-11-03 04:00:00,3995.61,4006.44,3990.26,4003.88,10246.0
2025-11-03 05:00:00,4003.91,4015.48,4002.19,4010.85,9364.0
2025-11-03 06:00:00,4010.87,4014.4,4001.48,4003.5,8688.0
2025-11-03 07:00:00,4003.51,4018.6,3997.43,4013.89,8968.0
2025-11-03 08:00:00,4013.9,4018.33,4009.99,4017.23,8993.0
2025-11-03 09:00:00,4017.17,4025.89,4013.32,4025.01,8846.0
2025-11-03 10:00:00,4025.71,4027.46,4010.93,4019.57,9927.0
2025-11-03 11:00:00,4019.63,4025.72,3993.17,4000.56,10874.0
2025-11-03 12:00:00,4000.66,4004.56,3994.11,3998.83,9464.0
2025-11-03 13:00:00,3998.85,4008.33,3994.01,4007.38,9516.0
2025-11-03 14:00:00,4007.41,4013.27,4001.46,4012.93,9217.0
2025-11-03 15:00:00,4013.04,4020.4,4010.44,4015.88,10968.0
2025-11-03 16:00:00,4015.9,4025.78,4001.55,4022.21,11283.0
2025-11-03 17:00:00,4022.34,4030.63,4003.34,4008.41,12197.0
2025-11-03 18:00:00,4007.7,4013.14,3994.95,4008.05,10509.0
2025-11-03 19:00:00,4008.06,4011.88,4003.34,4006.03,8637.0
2025-11-03 20:00:00,4005.98,4009.56,3999.45,4006.62,8919.0
2025-11-03 21:00:00,4006.6,4008.14,3994.66,4004.54,9142.0
2025-11-03 22:00:00,4004.5,4014.59,4004.5,4010.02,8152.0
2025-11-03 23:00:00,4007.39,4009.73,3999.43,4000.99,4033.0
2025-11-04 01:00:00,4001.57,4005.93,3979.46,3997.14,6692.0
2025-11-04 02:00:00,3997.11,3999.17,3977.73,3986.29,9228.0
2025-11-04 03:00:00,3986.28,3994.4,3979.46,3987.22,9999.0
2025-11-04 04:00:00,3987.19,3987.19,3975.43,3986.47,10122.0
2025-11-04 05:00:00,3986.48,3999.21,3981.47,3994.42,8946.0
2025-11-04 06:00:00,3994.4,3994.99,3983.18,3985.3,8528.0
2025-11-04 07:00:00,3985.26,3986.8,3972.89,3973.28,9349.0
2025-11-04 08:00:00,3973.26,3987.65,3966.67,3985.02,9994.0
2025-11-04 09:00:00,3985.05,3996.14,3982.09,3993.76,8657.0
2025-11-04 10:00:00,3993.75,4000.49,3990.4,3995.89,9180.0
2025-11-04 11:00:00,3995.82,3999.18,3990.15,3990.97,8762.0
2025-11-04 12:00:00,3990.95,3997.18,3985.69,3993.66,8771.0
2025-11-04 13:00:00,3993.73,4000.06,3991.4,3995.29,7471.0
2025-11-04 14:00:00,3995.35,3997.32,3983.22,3984.6,8929.0
2025-11-04 15:00:00,3984.52,3995.75,3971.7,3975.52,10946.0
2025-11-04 16:00:00,3975.46,3977.44,3928.55,3956.68,11864.0
2025-11-04 17:00:00,3956.61,3967.52,3940.89,3956.6,11380.0
2025-11-04 18:00:00,3956.69,3975.87,3956.56,3968.81,10241.0
2025-11-04 19:00:00,3968.85,3970.78,3952.33,3954.85,9819.0
2025-11-04 20:00:00,3954.82,3956.65,3932.01,3937.56,10485.0
2025-11-04 21:00:00,3937.54,3943.85,3934.6,3937.16,9168.0
2025-11-04 22:00:00,3937.22,3941.82,3931.31,3938.54,8605.0
2025-11-04 23:00:00,3937.67,3938.31,3930.31,3931.51,3825.0
2025-11-05 01:00:00,3931.84,3940.18,3930.64,3934.57,6928.0
2025-11-05 02:00:00,3934.57,3943.01,3928.76,3939.69,8920.0
2025-11-05 03:00:00,3939.68,3949.24,3933.86,3936.89,9584.0
2025-11-05 04:00:00,3936.85,3950.82,3935.32,3948.41,8940.0
2025-11-05 05:00:00,3948.34,3965.2,3947.43,3960.67,7953.0
2025-11-05 06:00:00,3960.62,3973.2,3959.6,3970.14,7823.0
2025-11-05 07:00:00,3970.14,3978.39,3961.85,3964.62,8431.0
2025-11-05 08:00:00,3964.67,3973.49,3961.72,3965.82,9146.0
2025-11-05 09:00:00,3965.75,3974.64,3963.55,3972.2,8303.0
2025-11-05 10:00:00,3972.47,3987.24,3972.47,3979.9,9180.0
2025-11-05 11:00:00,3979.61,3981.18,3963.81,3971.76,8637.0
2025-11-05 12:00:00,3971.73,3971.74,3955.99,3964.36,8422.0
2025-11-05 13:00:00,3964.42,3968.81,3957.64,3966.83,8378.0
2025-11-05 14:00:00,3966.75,3969.91,3962.19,3969.41,7921.0
2025-11-05 15:00:00,3969.47,3979.71,3964.39,3975.81,10412.0
2025-11-05 16:00:00,3975.82,3985.48,3969.25,3973.27,10832.0
2025-11-05 17:00:00,3973.16,3984.44,3963.67,3978.26,11187.0
2025-11-05 18:00:00,3978.5,3990.35,3974.81,3986.91,9500.0
2025-11-05 19:00:00,3986.83,3989.62,3978.69,3982.02,8727.0
2025-11-05 20:00:00,3982.06,3985.97,3978.95,3982.43,8056.0
2025-11-05 21:00:00,3982.42,3988.83,3979.39,3987.82,7118.0
2025-11-05 22:00:00,3987.88,3990.15,3981.54,3984.35,7951.0
2025-11-05 23:00:00,3984.44,3984.9,3977.95,3978.94,3650.0
2025-11-06 01:00:00,3979.44,3979.44,3966.21,3973.57,6440.0
2025-11-06 02:00:00,3973.59,3975.89,3969.48,3975.89,7406.0
2025-11-06 03:00:00,3976.19,3977.28,3964.71,3976.63,9083.0
2025-11-06 04:00:00,3976.62,3985.18,3974.2,3983.4,8382.0
2025-11-06 05:00:00,3983.41,3990.66,3979.7,3987.62,8093.0
2025-11-06 06:00:00,3987.66,3989.96,3984.64,3988.81,6090.0
2025-11-06 07:00:00,3988.64,3991.07,3985.78,3987.73,7691.0
2025-11-06 08:00:00,3987.81,3992.96,3982.17,3991.57,8552.0
2025-11-06 09:00:00,3991.51,4009.78,3991.23,4005.81,9094.0
2025-11-06 10:00:00,4005.83,4016.69,4004.71,4014.7,9130.0
2025-11-06 11:00:00,4014.71,4015.25,4009.29,4011.02,8368.0
2025-11-06 12:00:00,4011.03,4011.32,4004.25,4008.37,8267.0
2025-11-06 13:00:00,4008.32,4019.57,4006.81,4018.0,8683.0
2025-11-06 14:00:00,4017.97,4019.53,4003.19,4005.25,8436.0
2025-11-06 15:00:00,4005.27,4016.02,4003.47,4012.1,9503.0
2025-11-06 16:00:00,4012.12,4013.84,3988.53,3993.07,11317.0
2025-11-06 17:00:00,3992.93,3993.78,3975.21,3979.96,11937.0
2025-11-06 18:00:00,3980.02,3985.93,3976.3,3980.71,10672.0
2025-11-06 19:00:00,3980.7,3987.68,3965.54,3986.2,10720.0
2025-11-06 20:00:00,3986.19,3990.85,3980.1,3987.54,9096.0
2025-11-06 21:00:00,3987.51,3995.02,3982.87,3985.14,7906.0
2025-11-06 22:00:00,3985.17,3987.03,3979.25,3980.53,8891.0
2025-11-06 23:00:00,3981.77,3981.86,3976.31,3976.57,5549.0
2025-11-07 01:00:00,3976.15,3989.51,3973.98,3988.99,4543.0
2025-11-07 02:00:00,3988.9,3994.13,3984.37,3988.42,6419.0
2025-11-07 03:00:00,3988.4,4002.6,3987.05,4001.54,8018.0
2025-11-07 04:00:00,4001.61,4003.37,3991.22,3995.18,7052.0
2025-11-07 05:00:00,3995.18,3996.29,3988.11,3990.28,6351.0
2025-11-07 06:00:00,3990.27,3998.44,3985.43,3998.25,5896.0
2025-11-07 07:00:00,3998.23,3998.67,3991.79,3995.05,6995.0
2025-11-07 08:00:00,3994.99,4008.22,3992.28,4006.64,8177.0
2025-11-07 09:00:00,4006.68,4009.88,4002.87,4007.67,7307.0
2025-11-07 10:00:00,4007.71,4010.03,4003.4,4009.55,7874.0
2025-11-07 11:00:00,4009.57,4013.97,4003.37,4006.29,7682.0
2025-11-07 12:00:00,4006.28,4009.19,4002.58,4007.68,7170.0
2025-11-07 13:00:00,4007.66,4012.14,3993.36,4002.71,8604.0
2025-11-07 14:00:00,4002.93,4008.13,3991.11,3995.69,8953.0
2025-11-07 15:00:00,3995.88,4001.66,3991.39,3997.5,9473.0
2025-11-07 16:00:00,3997.48,4007.28,3984.27,3992.88,10812.0
2025-11-07 17:00:00,3993.06,3999.06,3984.08,3990.79,10821.0
2025-11-07 18:00:00,3990.79,4027.56,3989.84,4007.48,11029.0
2025-11-07 19:00:00,4007.61,4009.71,3991.86,4005.18,10457.0
2025-11-07 20:00:00,4005.27,4008.82,3999.61,4005.29,8771.0
2025-11-07 21:00:00,4005.31,4008.73,4001.55,4006.7,7684.0
2025-11-07 22:00:00,4006.6,4007.11,3994.02,4003.84,8805.0
2025-11-07 23:00:00,4004.53,4005.04,3998.35,4001.22,1610.0
2025-11-10 01:00:00,4000.51,4011.9,3997.64,4011.66,6031.0
2025-11-10 02:00:00,4011.62,4023.54,4011.01,4020.17,6857.0
2025-11-10 03:00:00,4020.16,4053.12,4018.92,4043.9,11438.0
2025-11-10 04:00:00,4043.8,4048.79,4037.4,4047.86,9850.0
2025-11-10 05:00:00,4047.94,4052.75,4044.73,4050.05,7068.0
2025-11-10 06:00:00,4049.98,4056.63,4049.66,4053.94,7133.0
2025-11-10 07:00:00,4053.95,4069.43,4049.99,4069.0,8690.0
2025-11-10 08:00:00,4069.01,4078.5,4066.94,4074.84,10275.0
2025-11-10 09:00:00,4074.83,4079.03,4071.86,4075.03,7791.0
2025-11-10 10:00:00,4075.06,4085.09,4074.45,4081.98,8913.0
2025-11-10 11:00:00,4082.04,4085.88,4071.56,4076.45,8591.0
2025-11-10 12:00:00,4076.53,4083.29,4075.91,4080.58,7979.0
2025-11-10 13:00:00,4080.6,4085.2,4075.55,4085.07,7681.0
2025-11-10 14:00:00,4085.11,4100.19,4083.94,4097.55,9891.0
2025-11-10 15:00:00,4097.58,4105.77,4090.23,4091.7,11463.0
2025-11-10 16:00:00,4091.73,4094.14,4074.7,4083.35,11493.0
2025-11-10 17:00:00,4083.25,4094.03,4078.02,4084.61,11261.0
2025-11-10 18:00:00,4084.54,4095.54,4081.78,4094.7,9813.0
2025-11-10 19:00:00,4094.87,4102.33,4093.22,4102.2,9169.0
2025-11-10 20:00:00,4102.19,4115.59,4101.25,4109.9,10573.0
2025-11-10 21:00:00,4109.99,4115.59,4107.75,4112.99,9095.0
2025-11-10 22:00:00,4112.96,4114.36,4106.51,4111.37,9528.0
2025-11-10 23:00:00,4111.16,4116.48,4110.33,4115.53,3074.0
2025-11-11 01:00:00,4115.26,4122.24,4114.63,4119.82,6107.0
2025-11-11 02:00:00,4119.74,4133.43,4116.02,4130.67,8140.0
2025-11-11 03:00:00,4130.65,4140.83,4127.66,4136.15,10582.0
2025-11-11 04:00:00,4136.09,4139.32,4129.48,4137.78,9000.0
2025-11-11 05:00:00,4137.8,4147.82,4136.8,4146.7,8454.0
2025-11-11 06:00:00,4146.67,4148.52,4141.76,4143.05,6671.0
2025-11-11 07:00:00,4143.06,4144.29,4123.98,4130.81,9891.0
2025-11-11 08:00:00,4130.74,4137.75,4126.75,4129.63,8858.0
2025-11-11 09:00:00,4129.48,4133.36,4124.65,4129.44,8156.0
2025-11-11 10:00:00,4129.41,4137.57,4128.55,4135.42,8951.0
2025-11-11 11:00:00,4135.47,4145.96,4134.27,4141.84,8081.0
2025-11-11 12:00:00,4141.64,4143.87,4136.71,4141.63,8172.0
2025-11-11 13:00:00,4141.72,4144.26,4138.85,4142.65,7742.0
2025-11-11 14:00:00,4142.67,4143.89,4133.05,4134.1,8980.0
2025-11-11 15:00:00,4134.12,4146.43,4133.62,4142.24,9589.0
2025-11-11 16:00:00,4142.3,4142.94,4119.79,4124.85,11142.0
2025-11-11 17:00:00,4124.42,4126.34,4096.92,4106.32,11872.0
2025-11-11 18:00:00,4106.39,4115.41,4104.87,4113.03,10162.0
2025-11-11 19:00:00,4112.73,4117.82,4110.58,4114.09,9022.0
2025-11-11 20:00:00,4114.18,4116.08,4106.55,4113.91,9365.0
2025-11-11 21:00:00,4113.87,4126.05,4111.82,4122.89,8258.0
2025-11-11 22:00:00,4122.83,4131.84,4122.28,4129.65,8986.0
2025-11-11 23:00:00,4128.26,4131.18,4125.52,4126.01,3947.0
2025-11-12 01:00:00,4126.5,4144.5,4125.48,4142.47,7357.0
2025-11-12 02:00:00,4142.49,4145.22,4131.89,4132.88,8065.0
2025-11-12 03:00:00,4132.9,4137.19,4126.13,4131.43,10930.0
2025-11-12 04:00:00,4131.41,4135.26,4118.75,4123.78,9615.0
2025-11-12 05:00:00,4123.79,4125.1,4111.68,4111.76,9902.0
2025-11-12 06:00:00,4111.75,4113.06,4103.5,4110.21,9860.0
2025-11-12 07:00:00,4110.33,4110.73,4098.8,4104.53,9149.0
2025-11-12 08:00:00,4104.49,4118.83,4103.07,4118.06,10737.0
2025-11-12 09:00:00,4118.05,4125.26,4113.16,4116.83,9096.0
2025-11-12 10:00:00,4116.83,4132.81,4112.0,4131.06,9748.0
2025-11-12 11:00:00,4131.03,4133.37,4120.22,4124.45,9657.0
2025-11-12 12:00:00,4124.47,4128.8,4117.99,4127.5,9432.0
2025-11-12 13:00:00,4127.53,4130.87,4122.92,4126.19,9274.0
2025-11-12 14:00:00,4125.99,4139.57,4124.65,4130.0,10364.0
2025-11-12 15:00:00,4129.99,4132.48,4122.79,4126.91,11269.0
2025-11-12 16:00:00,4126.98,4139.86,4125.07,4136.47,11945.0
2025-11-12 17:00:00,4136.47,4185.72,4134.42,4181.24,12627.0
2025-11-12 18:00:00,4181.24,4197.76,4179.91,4196.16,11792.0
2025-11-12 19:00:00,4196.18,4206.23,4191.95,4199.08,11085.0
2025-11-12 20:00:00,4199.06,4211.71,4190.83,4206.72,11025.0
2025-11-12 21:00:00,4206.75,4209.86,4192.07,4197.33,10792.0
2025-11-12 22:00:00,4196.91,4199.68,4190.71,4195.79,10262.0
2025-11-12 23:00:00,4195.53,4202.07,4190.93,4195.22,5195.0
2025-11-13 01:00:00,4201.8,4207.84,4186.87,4190.87,7901.0
2025-11-13 02:00:00,4190.85,4208.54,4185.83,4205.72,9376.0
2025-11-13 03:00:00,4206.04,4209.08,4179.69,4192.21,11490.0
2025-11-13 04:00:00,4192.16,4195.55,4183.45,4189.92,11552.0
2025-11-13 05:00:00,4190.05,4213.5,4189.97,4213.12,10540.0
2025-11-13 06:00:00,4213.14,4219.43,4203.27,4209.03,9878.0
2025-11-13 07:00:00,4209.06,4217.54,4207.14,4212.09,10913.0
2025-11-13 08:00:00,4211.92,4212.0,4203.13,4210.14,9784.0
2025-11-13 09:00:00,4210.15,4219.99,4208.22,4219.72,8674.0
2025-11-13 10:00:00,4219.66,4239.36,4218.59,4232.56,10352.0
2025-11-13 11:00:00,4232.49,4239.22,4224.9,4232.93,9282.0
2025-11-13 12:00:00,4232.9,4240.23,4221.68,4224.85,9684.0
2025-11-13 13:00:00,4224.94,4232.07,4219.27,4230.34,9547.0
2025-11-13 14:00:00,4230.33,4245.24,4229.86,4242.3,9294.0
2025-11-13 15:00:00,4242.35,4243.88,4219.95,4231.6,11301.0
2025-11-13 16:00:00,4231.71,4232.26,4184.52,4195.41,12569.0
2025-11-13 17:00:00,4195.22,4204.77,4186.41,4202.3,12020.0
2025-11-13 18:00:00,4202.29,4210.65,4195.66,4206.52,11094.0
2025-11-13 19:00:00,4206.44,4208.07,4193.12,4201.55,10706.0
2025-11-13 20:00:00,4201.74,4203.08,4145.12,4157.73,11653.0
2025-11-13 21:00:00,4157.72,4170.32,4145.98,4163.65,10373.0
2025-11-13 22:00:00,4163.7,4170.46,4160.17,4163.61,9806.0
2025-11-13 23:00:00,4163.9,4181.41,4161.05,4170.81,5896.0
2025-11-14 01:00:00,4171.12,4186.44,4169.88,4185.74,7682.0
2025-11-14 02:00:00,4185.8,4189.86,4178.09,4183.65,8483.0
2025-11-14 03:00:00,4183.5,4193.52,4173.64,4189.95,11230.0
2025-11-14 04:00:00,4190.07,4209.86,4188.36,4206.97,11003.0
2025-11-14 05:00:00,4206.96,4211.08,4201.3,4204.24,9696.0
2025-11-14 06:00:00,4204.29,4205.78,4196.84,4203.07,8529.0
2025-11-14 07:00:00,4203.1,4203.45,4183.84,4189.82,10509.0
2025-11-14 08:00:00,4189.77,4193.09,4168.64,4174.63,10772.0
2025-11-14 09:00:00,4175.03,4182.33,4158.6,4180.76,9793.0
2025-11-14 10:00:00,4180.73,4186.8,4169.53,4175.74,10385.0
2025-11-14 11:00:00,4175.79,4180.16,4166.25,4169.07,9581.0
2025-11-14 12:00:00,4169.08,4170.74,4159.62,4167.64,9144.0
2025-11-14 13:00:00,4167.65,4169.65,4130.48,4132.49,10583.0
2025-11-14 14:00:00,4132.43,4140.23,4107.14,4115.47,11648.0
2025-11-14 15:00:00,4115.9,4118.55,4040.7,4055.72,12781.0
2025-11-14 16:00:00,4055.72,4083.57,4031.88,4082.5,12543.0
2025-11-14 17:00:00,4082.18,4096.16,4068.09,4093.37,12230.0
2025-11-14 18:00:00,4093.51,4111.18,4080.77,4104.89,11013.0
2025-11-14 19:00:00,4104.92,4110.33,4093.99,4099.63,10487.0
2025-11-14 20:00:00,4099.62,4103.47,4080.7,4098.03,10621.0
2025-11-14 21:00:00,4097.89,4099.69,4087.55,4089.86,9183.0
2025-11-14 22:00:00,4089.87,4092.13,4075.11,4086.8,9642.0
2025-11-14 23:00:00,4082.52,4085.54,4077.73,4084.89,2572.0
2025-11-17 01:00:00,4086.11,4106.62,4074.15,4096.19,7702.0
2025-11-17 02:00:00,4096.18,4098.07,4080.17,4082.95,8900.0
2025-11-17 03:00:00,4082.98,4101.99,4082.38,4091.05,10886.0
2025-11-17 04:00:00,4090.97,4093.49,4080.65,4081.64,10320.0
2025-11-17 05:00:00,4081.56,4085.64,4069.93,4082.79,10149.0
2025-11-17 06:00:00,4082.84,4087.74,4076.72,4078.4,7095.0
2025-11-17 07:00:00,4078.39,4078.52,4049.5,4058.18,11517.0
2025-11-17 08:00:00,4058.18,4071.5,4054.3,4065.94,10500.0
2025-11-17 09:00:00,4065.9,4089.17,4065.05,4087.98,8489.0
2025-11-17 10:00:00,4088.03,4095.56,4071.96,4077.12,10031.0
2025-11-17 11:00:00,4077.21,4088.79,4071.94,4081.74,9445.0
2025-11-17 12:00:00,4081.76,4089.22,4067.45,4070.09,9141.0
2025-11-17 13:00:00,4070.07,4085.85,4060.84,4078.28,9575.0
2025-11-17 14:00:00,4078.26,4085.05,4074.51,4076.95,8509.0
2025-11-17 15:00:00,4076.88,4091.99,4061.15,4065.1,10559.0
2025-11-17 16:00:00,4064.85,4081.85,4060.45,4076.01,11163.0
2025-11-17 17:00:00,4076.15,4077.39,4060.61,4064.2,11519.0
2025-11-17 18:00:00,4064.0,4073.16,4052.06,4069.74,10598.0
2025-11-17 19:00:00,4069.79,4080.82,4069.52,4073.16,9533.0
2025-11-17 20:00:00,4073.26,4076.14,4062.1,4062.41,9327.0
2025-11-17 21:00:00,4062.38,4064.73,4010.55,4010.92,11212.0
2025-11-17 22:00:00,4011.04,4043.7,4006.81,4040.18,10374.0
2025-11-17 23:00:00,4039.84,4046.02,4038.68,4045.1,4583.0
2025-11-18 01:00:00,4044.02,4055.35,4028.45,4036.58,7579.0
2025-11-18 02:00:00,4036.61,4040.79,4027.18,4039.93,9284.0
2025-11-18 03:00:00,4040.16,4044.88,4022.2,4024.88,10473.0
2025-11-18 04:00:00,4024.88,4035.74,4015.26,4017.61,9525.0
2025-11-18 05:00:00,4017.59,4026.03,4008.23,4012.99,9413.0
2025-11-18 06:00:00,4013.09,4018.02,4004.96,4010.28,8744.0
2025-11-18 07:00:00,4010.28,4024.92,4008.0,4018.73,8988.0
2025-11-18 08:00:00,4018.83,4020.31,4007.52,4008.88,9319.0
2025-11-18 09:00:00,4008.8,4017.49,3997.96,4013.48,8895.0
2025-11-18 10:00:00,4013.46,4042.44,4010.22,4036.55,9999.0
2025-11-18 11:00:00,4036.23,4046.95,4029.98,4040.01,9240.0
2025-11-18 12:00:00,4040.02,4050.24,4037.34,4044.0,9062.0
2025-11-18 13:00:00,4044.04,4050.13,4036.82,4039.15,8501.0
2025-11-18 14:00:00,4039.2,4044.72,4028.71,4032.12,9483.0
2025-11-18 15:00:00,4032.69,4070.03,4031.29,4065.01,11182.0
2025-11-18 16:00:00,4064.99,4081.9,4057.99,4065.51,12267.0
2025-11-18 17:00:00,4065.54,4071.75,4048.19,4052.72,12889.0
2025-11-18 18:00:00,4052.76,4069.02,4040.33,4066.67,11289.0
2025-11-18 19:00:00,4066.36,4075.41,4058.98,4071.16,10197.0
2025-11-18 20:00:00,4071.19,4074.52,4062.93,4072.45,9840.0
2025-11-18 21:00:00,4072.47,4081.85,4072.45,4080.97,9240.0
2025-11-18 22:00:00,4080.98,4082.0,4067.1,4069.12,9758.0
2025-11-18 23:00:00,4069.53,4072.08,4064.64,4067.31,4068.0
2025-11-19 01:00:00,4067.97,4077.6,4065.89,4076.62,4811.0
2025-11-19 02:00:00,4076.59,4078.13,4067.72,4069.33,7957.0
2025-11-19 03:00:00,4069.33,4070.14,4056.06,4058.88,9650.0
2025-11-19 04:00:00,4058.88,4080.34,4055.49,4075.31,9785.0
2025-11-19 05:00:00,4075.33,4078.53,4065.91,4066.75,8589.0
2025-11-19 06:00:00,4066.71,4076.71,4064.26,4075.06,7206.0
2025-11-19 07:00:00,4075.09,4097.34,4073.94,4095.29,9746.0
2025-11-19 08:00:00,4095.36,4098.46,4089.03,4090.81,8839.0
2025-11-19 09:00:00,4090.75,4096.89,4084.64,4086.91,7665.0
2025-11-19 10:00:00,4086.7,4088.6,4077.96,4083.26,8560.0
2025-11-19 11:00:00,4083.0,4116.38,4081.11,4113.2,9826.0
2025-11-19 12:00:00,4113.19,4118.89,4106.9,4108.83,9906.0
2025-11-19 13:00:00,4108.82,4117.4,4106.42,4112.67,8679.0
2025-11-19 14:00:00,4112.6,4119.89,4112.02,4114.29,9102.0
2025-11-19 15:00:00,4114.35,4117.66,4100.62,4110.21,11178.0
2025-11-19 16:00:00,4110.26,4128.51,4101.64,4127.62,11561.0
2025-11-19 17:00:00,4127.46,4132.33,4089.86,4096.37,12348.0
2025-11-19 18:00:00,4096.26,4098.39,4067.34,4074.56,12440.0
2025-11-19 19:00:00,4074.49,4081.03,4055.66,4078.73,12083.0
2025-11-19 20:00:00,4078.63,4091.05,4075.69,4086.78,10634.0
2025-11-19 21:00:00,4086.81,4086.99,4068.69,4073.43,10675.0
2025-11-19 22:00:00,4073.45,4081.95,4072.09,4076.16,9204.0
2025-11-19 23:00:00,4074.31,4084.49,4065.38,4077.65,6308.0
2025-11-20 01:00:00,4079.44,4107.95,4078.77,4104.67,7176.0
2025-11-20 02:00:00,4104.76,4110.23,4100.36,4102.95,8782.0
2025-11-20 03:00:00,4103.08,4108.99,4080.9,4081.18,10618.0
2025-11-20 04:00:00,4081.18,4081.53,4041.11,4066.84,11857.0
2025-11-20 05:00:00,4066.82,4085.58,4064.69,4072.17,10072.0
2025-11-20 06:00:00,4072.23,4080.33,4068.24,4075.55,6870.0
2025-11-20 07:00:00,4075.54,4075.9,4064.39,4066.52,8714.0
2025-11-20 08:00:00,4066.5,4077.36,4058.43,4068.33,10838.0
2025-11-20 09:00:00,4068.21,4076.37,4053.83,4059.77,9027.0
2025-11-20 10:00:00,4059.74,4069.18,4038.35,4063.48,10862.0
2025-11-20 11:00:00,4063.47,4072.45,4055.45,4063.9,9484.0
2025-11-20 12:00:00,4064.04,4067.93,4057.99,4059.82,8153.0
2025-11-20 13:00:00,4059.81,4068.12,4051.03,4060.15,8890.0
2025-11-20 14:00:00,4060.55,4081.79,4059.94,4081.58,9235.0
2025-11-20 15:00:00,4081.59,4096.17,4066.58,4080.22,12043.0
2025-11-20 16:00:00,4080.08,4107.05,4071.79,4093.37,12484.0
2025-11-20 17:00:00,4093.17,4098.51,4070.07,4070.15,12162.0
2025-11-20 18:00:00,4070.1,4082.43,4044.69,4048.9,12902.0
2025-11-20 19:00:00,4048.75,4068.27,4043.49,4065.89,13323.0
2025-11-20 20:00:00,4065.73,4072.51,4056.09,4060.31,11639.0
2025-11-20 21:00:00,4060.29,4087.2,4058.77,4084.35,10820.0
2025-11-20 22:00:00,4084.42,4084.89,4073.22,4077.03,9761.0
2025-11-20 23:00:00,4075.0,4080.58,4074.94,4077.13,3798.0
2025-11-21 01:00:00,4076.16,4088.47,4072.88,4078.71,5366.0
2025-11-21 02:00:00,4078.97,4081.11,4071.37,4073.64,6576.0
2025-11-21 03:00:00,4073.62,4074.12,4060.38,4068.28,10206.0
2025-11-21 04:00:00,4068.24,4079.77,4056.55,4057.17,9311.0
2025-11-21 05:00:00,4057.09,4059.17,4049.21,4056.06,9498.0
2025-11-21 06:00:00,4055.99,4062.2,4047.54,4051.98,8057.0
2025-11-21 07:00:00,4052.0,4059.32,4039.78,4058.4,9541.0
2025-11-21 08:00:00,4058.44,4064.32,4029.01,4032.7,10705.0
2025-11-21 09:00:00,4032.74,4039.58,4024.6,4031.49,9756.0
2025-11-21 10:00:00,4031.54,4047.92,4021.99,4040.8,10564.0
2025-11-21 11:00:00,4040.14,4063.4,4040.05,4050.38,9949.0
2025-11-21 12:00:00,4050.36,4052.54,4032.15,4037.04,10998.0
2025-11-21 13:00:00,4037.03,4046.71,4030.85,4036.27,10125.0
2025-11-21 14:00:00,4036.27,4071.82,4034.6,4065.68,11631.0
2025-11-21 15:00:00,4065.7,4080.8,4058.83,4079.24,11713.0
2025-11-21 16:00:00,4079.26,4083.77,4061.39,4071.42,12390.0
2025-11-21 17:00:00,4071.26,4076.77,4054.87,4069.42,13039.0
2025-11-21 18:00:00,4069.41,4100.25,4062.78,4099.61,12342.0
2025-11-21 19:00:00,4098.75,4101.09,4078.85,4085.32,11411.0
2025-11-21 20:00:00,4085.25,4088.03,4076.21,4082.66,10577.0
2025-11-21 21:00:00,4082.68,4092.1,4082.52,4087.41,9404.0
2025-11-21 22:00:00,4087.47,4088.56,4054.95,4063.87,10059.0
2025-11-21 23:00:00,4062.72,4066.66,4054.42,4065.73,3064.0
2025-11-24 01:00:00,4071.69,4077.59,4065.48,4074.85,7108.0
2025-11-24 02:00:00,4074.98,4075.98,4058.21,4067.45,7273.0
2025-11-24 03:00:00,4067.45,4072.89,4042.48,4044.07,10661.0
2025-11-24 04:00:00,4043.98,4051.48,4040.5,4043.44,8432.0
2025-11-24 05:00:00,4043.47,4057.9,4043.47,4050.02,8676.0
2025-11-24 06:00:00,4050.26,4060.98,4042.11,4043.85,8442.0
2025-11-24 07:00:00,4043.91,4049.3,4039.46,4046.12,9156.0
2025-11-24 08:00:00,4046.18,4057.87,4044.99,4053.14,10042.0
2025-11-24 09:00:00,4053.15,4067.38,4051.25,4059.89,9380.0
2025-11-24 10:00:00,4059.75,4066.89,4059.3,4063.17,9254.0
2025-11-24 11:00:00,4063.11,4074.0,4062.89,4071.66,9294.0
2025-11-24 12:00:00,4071.71,4076.91,4063.32,4063.78,8622.0
2025-11-24 13:00:00,4063.79,4071.47,4062.95,4069.73,8262.0
2025-11-24 14:00:00,4069.69,4083.82,4065.59,4080.21,9004.0
2025-11-24 15:00:00,4080.33,4085.88,4073.54,4077.53,10434.0
2025-11-24 16:00:00,4077.48,4085.71,4068.27,4081.21,11240.0
2025-11-24 17:00:00,4081.11,4093.74,4081.01,4091.57,11556.0
2025-11-24 18:00:00,4091.63,4098.76,4089.46,4096.99,9976.0
2025-11-24 19:00:00,4096.97,4100.2,4088.65,4093.03,9322.0
2025-11-24 20:00:00,4092.61,4125.37,4087.74,4120.25,10476.0
2025-11-24 21:00:00,4120.32,4123.96,4113.89,4118.32,8881.0
2025-11-24 22:00:00,4118.35,4133.16,4117.76,4132.5,8581.0
2025-11-24 23:00:00,4133.02,4139.76,4129.91,4134.25,3936.0
2025-11-25 01:00:00,4133.37,4143.97,4124.76,4143.53,7710.0
2025-11-25 02:00:00,4143.49,4144.16,4127.32,4129.57,9891.0
2025-11-25 03:00:00,4129.25,4138.93,4122.47,4134.53,12279.0
2025-11-25 04:00:00,4134.51,4155.69,4132.31,4150.6,11238.0
2025-11-25 05:00:00,4150.76,4150.84,4139.29,4142.94,10684.0
2025-11-25 06:00:00,4142.93,4148.08,4139.05,4140.52,9037.0
2025-11-25 07:00:00,4140.53,4151.93,4140.53,4150.81,8837.0
2025-11-25 08:00:00,4150.86,4151.81,4138.54,4141.37,10476.0
2025-11-25 09:00:00,4141.35,4145.87,4129.98,4132.35,9991.0
2025-11-25 10:00:00,4132.56,4139.43,4108.72,4115.92,10402.0
2025-11-25 11:00:00,4115.91,4131.12,4113.58,4128.27,10229.0
2025-11-25 12:00:00,4128.25,4138.57,4127.31,4131.05,9786.0
2025-11-25 13:00:00,4131.04,4137.06,4127.44,4133.23,10030.0
2025-11-25 14:00:00,4133.23,4138.55,4116.02,4129.74,10326.0
2025-11-25 15:00:00,4129.71,4150.7,4129.18,4147.63,10791.0
2025-11-25 16:00:00,4147.53,4148.53,4111.02,4124.72,11680.0
2025-11-25 17:00:00,4124.89,4133.58,4117.74,4122.94,10211.0
2025-11-25 18:00:00,4122.92,4140.9,4121.88,4136.07,7918.0
2025-11-25 19:00:00,4136.06,4159.15,4135.8,4145.72,10189.0
2025-11-25 20:00:00,4145.72,4150.41,4132.47,4134.03,8315.0
2025-11-25 21:00:00,4133.89,4139.93,4128.09,4133.42,9705.0
2025-11-25 22:00:00,4133.41,4137.9,4130.26,4131.8,7983.0
2025-11-25 23:00:00,4130.71,4132.17,4127.47,4130.16,4194.0
2025-11-26 01:00:00,4131.46,4136.61,4129.36,4133.31,4717.0
2025-11-26 02:00:00,4133.3,4143.9,4132.29,4142.19,7838.0
2025-11-26 03:00:00,4142.29,4152.49,4138.01,4147.89,9118.0
2025-11-26 04:00:00,4147.9,4166.24,4146.83,4161.23,10344.0
2025-11-26 05:00:00,4161.28,4169.24,4159.94,4165.68,8747.0
2025-11-26 06:00:00,4165.68,4166.62,4156.22,4161.6,7705.0
2025-11-26 07:00:00,4161.67,4168.36,4159.6,4162.09,8730.0
2025-11-26 08:00:00,4162.07,4162.44,4146.6,4149.9,9036.0
2025-11-26 09:00:00,4149.92,4161.46,4149.12,4157.21,5212.0
2025-11-26 10:00:00,4157.21,4168.42,4154.85,4161.05,5075.0
2025-11-26 11:00:00,4161.03,4164.56,4156.58,4162.69,4361.0
2025-11-26 12:00:00,4162.9,4165.04,4155.95,4159.85,4534.0
2025-11-26 13:00:00,4160.04,4172.86,4157.72,4171.45,4380.0
2025-11-26 14:00:00,4171.5,4173.26,4148.85,4155.04,5476.0
2025-11-26 15:00:00,4155.05,4166.52,4148.88,4153.22,6195.0
2025-11-26 16:00:00,4153.36,4156.76,4140.27,4142.31,6600.0
2025-11-26 17:00:00,4142.0,4165.58,4136.51,4165.27,6798.0
2025-11-26 18:00:00,4165.4,4168.44,4160.62,4167.08,5743.0
2025-11-26 19:00:00,4167.15,4169.76,4164.99,4167.13,4843.0
2025-11-26 20:00:00,4167.16,4171.49,4158.01,4164.61,5341.0
2025-11-26 21:00:00,4164.6,4169.62,4162.43,4163.24,4464.0
2025-11-26 22:00:00,4163.23,4167.4,4161.28,4164.04,4992.0
2025-11-26 23:00:00,4163.98,4167.32,4162.17,4163.74,2657.0
2025-11-27 01:00:00,4165.3,4168.55,4162.48,4164.72,2485.0
2025-11-27 02:00:00,4164.77,4166.99,4161.78,4164.44,2863.0
2025-11-27 03:00:00,4164.42,4165.29,4148.63,4154.14,5905.0
2025-11-27 04:00:00,4154.46,4156.09,4144.55,4145.42,4916.0
2025-11-27 05:00:00,4145.44,4150.53,4144.24,4147.31,4244.0
2025-11-27 06:00:00,4147.2,4154.51,4142.64,4150.62,3944.0
2025-11-27 07:00:00,4150.6,4154.54,4144.81,4146.97,4030.0
2025-11-27 08:00:00,4146.99,4159.16,4146.96,4157.37,4873.0
2025-11-27 09:00:00,4157.35,4162.22,4155.55,4160.02,4535.0
2025-11-27 10:00:00,4160.27,4167.08,4159.47,4165.73,4525.0
2025-11-27 11:00:00,4165.58,4165.82,4148.26,4158.67,4876.0
2025-11-27 12:00:00,4158.7,4160.46,4152.35,4156.43,4094.0
2025-11-27 13:00:00,4156.42,4162.43,4155.93,4157.36,3523.0
2025-11-27 14:00:00,4157.44,4159.08,4153.45,4153.91,3027.0
2025-11-27 15:00:00,4153.76,4157.92,4149.14,4154.98,5184.0
2025-11-27 16:00:00,4155.11,4160.66,4152.98,4153.22,4701.0
2025-11-27 17:00:00,4153.11,4161.66,4153.06,4157.88,4131.0
2025-11-27 18:00:00,4157.89,4158.27,4151.38,4156.28,3152.0
2025-11-27 19:00:00,4156.29,4159.15,4154.74,4157.72,1912.0
2025-11-27 20:00:00,4157.73,4158.44,4155.71,4156.24,1182.0
2025-11-28 01:00:00,4160.28,4163.8,4158.18,4163.22,1629.0
2025-11-28 02:00:00,4163.08,4182.71,4163.03,4180.57,3912.0
2025-11-28 03:00:00,4180.5,4193.0,4180.5,4191.08,4898.0
2025-11-28 04:00:00,4191.03,4191.9,4185.86,4189.1,3487.0
2025-11-28 05:00:00,4189.29,4191.66,4182.71,4184.03,1369.0
2025-11-28 06:00:00,4184.23,4188.67,4178.8,4188.53,1669.0
2025-11-28 07:00:00,4188.33,4188.7,4175.13,4182.41,1840.0
2025-11-28 08:00:00,4182.19,4188.67,4181.81,4187.38,1660.0
2025-11-28 09:00:00,4187.39,4187.84,4174.07,4174.72,1119.0
2025-11-28 10:00:00,4174.49,4180.14,4153.79,4169.34,1633.0
2025-11-28 11:00:00,4165.35,4167.07,4157.78,4165.08,1289.0
2025-11-28 12:00:00,4165.02,4178.26,4160.77,4163.81,1446.0
2025-11-28 13:00:00,4163.61,4180.32,4162.91,4172.05,2361.0
2025-11-28 14:00:00,4171.25,4177.41,4167.87,4176.19,1134.0
2025-11-28 15:00:00,4176.17,4182.78,4168.83,4182.35,2155.0
2025-11-28 16:00:00,4182.42,4208.23,4182.42,4197.38,4292.0
2025-11-28 17:00:00,4197.39,4203.81,4185.94,4203.66,3558.0
2025-11-28 18:00:00,4203.74,4210.97,4198.18,4205.8,3782.0
2025-11-28 19:00:00,4205.91,4216.51,4204.79,4216.51,3380.0
2025-11-28 20:00:00,4216.32,4225.99,4211.02,4219.92,3102.0
2025-11-28 21:00:00,4219.88,4221.05,4215.98,4218.55,1751.0
2025-12-01 01:00:00,4222.54,4230.48,4205.78,4221.87,6120.0
2025-12-01 02:00:00,4221.53,4233.62,4218.4,4230.86,6438.0
2025-12-01 03:00:00,4230.69,4255.82,4219.86,4255.32,7488.0
2025-12-01 04:00:00,4255.46,4256.24,4234.33,4242.89,6895.0
2025-12-01 05:00:00,4242.9,4243.79,4232.57,4239.15,6119.0
2025-12-01 06:00:00,4239.1,4246.83,4236.4,4245.67,5269.0
2025-12-01 07:00:00,4245.68,4246.59,4215.79,4229.63,6835.0
2025-12-01 08:00:00,4229.73,4240.35,4226.25,4236.74,6165.0
2025-12-01 09:00:00,4237.09,4246.53,4231.79,4245.12,3574.0
2025-12-01 10:00:00,4246.22,4253.29,4238.87,4244.68,4099.0
2025-12-01 11:00:00,4244.89,4251.67,4243.7,4249.88,3744.0
2025-12-01 12:00:00,4249.87,4262.34,4249.03,4255.98,3987.0
2025-12-01 13:00:00,4255.98,4258.31,4248.21,4254.53,4572.0
2025-12-01 14:00:00,4254.34,4256.5,4244.17,4246.44,5855.0
2025-12-01 15:00:00,4246.19,4264.54,4245.65,4247.27,6729.0
2025-12-01 16:00:00,4247.14,4249.23,4219.66,4239.71,7363.0
2025-12-01 17:00:00,4241.72,4244.78,4219.56,4232.46,7676.0
2025-12-01 18:00:00,4232.58,4242.21,4225.09,4226.09,7421.0
2025-12-01 19:00:00,4226.29,4239.82,4223.3,4232.32,6696.0
2025-12-01 20:00:00,4232.54,4244.52,4232.41,4240.13,5930.0
2025-12-01 21:00:00,4240.16,4243.6,4229.25,4237.0,6074.0
2025-12-01 22:00:00,4237.06,4241.31,4234.49,4237.33,5185.0
2025-12-01 23:00:00,4237.28,4240.41,4230.17,4232.1,2954.0
2025-12-02 01:00:00,4231.64,4235.82,4224.54,4227.35,3441.0
2025-12-02 02:00:00,4227.39,4229.49,4221.55,4226.78,4506.0
2025-12-02 03:00:00,4226.74,4227.0,4199.29,4219.48,6864.0
2025-12-02 04:00:00,4219.4,4224.29,4214.38,4221.34,5306.0
2025-12-02 05:00:00,4221.45,4226.27,4215.73,4216.74,4898.0
2025-12-02 06:00:00,4216.67,4220.56,4214.11,4218.61,3985.0
2025-12-02 07:00:00,4218.64,4225.24,4215.07,4224.83,4744.0
2025-12-02 08:00:00,4224.86,4226.15,4203.24,4212.71,5695.0
2025-12-02 09:00:00,4212.79,4219.19,4209.57,4213.26,4096.0
2025-12-02 10:00:00,4213.31,4217.02,4206.99,4210.16,4530.0
2025-12-02 11:00:00,4210.09,4213.07,4181.16,4191.86,5508.0
2025-12-02 12:00:00,4191.79,4192.25,4182.29,4185.72,4662.0
2025-12-02 13:00:00,4185.71,4205.83,4184.86,4205.35,4396.0
2025-12-02 14:00:00,4205.43,4209.45,4200.97,4208.52,4220.0
2025-12-02 15:00:00,4208.83,4215.08,4202.02,4212.29,6298.0
2025-12-02 16:00:00,4212.26,4230.42,4212.17,4218.93,7452.0
2025-12-02 17:00:00,4218.56,4219.47,4163.7,4169.34,7804.0
2025-12-02 18:00:00,4169.42,4190.2,4166.97,4184.65,7243.0
2025-12-02 19:00:00,4184.79,4196.64,4184.62,4193.75,5969.0
2025-12-02 20:00:00,4193.68,4196.86,4183.18,4190.74,5975.0
2025-12-02 21:00:00,4190.73,4200.37,4190.73,4196.38,4918.0
2025-12-02 22:00:00,4196.42,4212.17,4194.85,4209.93,4947.0
2025-12-02 23:00:00,4209.94,4211.64,4205.23,4205.6,2635.0
2025-12-03 01:00:00,4208.87,4215.95,4202.68,4212.76,3530.0
2025-12-03 02:00:00,4212.87,4212.88,4204.53,4211.73,4712.0
2025-12-03 03:00:00,4212.83,4220.95,4211.62,4214.32,6189.0
2025-12-03 04:00:00,4214.29,4228.8,4214.15,4226.51,5374.0
2025-12-03 05:00:00,4226.5,4227.36,4220.05,4221.11,4422.0
2025-12-03 06:00:00,4221.11,4225.1,4217.34,4222.21,3294.0
2025-12-03 07:00:00,4222.33,4223.75,4203.45,4207.53,5427.0
2025-12-03 08:00:00,4207.64,4211.69,4204.83,4208.11,5367.0
2025-12-03 09:00:00,4208.27,4210.15,4200.1,4206.28,4303.0
2025-12-03 10:00:00,4206.57,4210.06,4203.67,4206.36,4792.0
2025-12-03 11:00:00,4206.55,4207.5,4196.98,4202.02,4507.0
2025-12-03 12:00:00,4202.02,4204.67,4194.53,4200.45,4831.0
2025-12-03 13:00:00,4200.49,4209.17,4197.14,4208.73,4279.0
2025-12-03 14:00:00,4208.61,4214.22,4205.19,4213.35,4707.0
2025-12-03 15:00:00,4213.45,4238.21,4211.3,4237.1,6545.0
2025-12-03 16:00:00,4237.08,4241.42,4205.22,4212.52,7645.0
2025-12-03 17:00:00,4211.01,4229.26,4206.08,4216.29,7208.0
2025-12-03 18:00:00,4216.19,4224.95,4195.79,4200.97,6824.0
2025-12-03 19:00:00,4200.75,4215.39,4200.27,4211.02,6145.0
2025-12-03 20:00:00,4211.34,4211.4,4195.14,4196.95,6055.0
2025-12-03 21:00:00,4197.09,4209.84,4196.96,4207.79,4830.0
2025-12-03 22:00:00,4207.78,4212.7,4203.63,4206.17,4978.0
2025-12-03 23:00:00,4206.15,4209.97,4202.58,4203.05,2856.0
2025-12-04 01:00:00,4204.01,4208.97,4202.57,4207.13,2584.0
2025-12-04 02:00:00,4207.13,4215.7,4204.4,4211.66,3912.0
2025-12-04 03:00:00,4211.4,4216.8,4205.79,4209.16,6388.0
2025-12-04 04:00:00,4209.13,4209.13,4198.84,4200.45,5815.0
2025-12-04 05:00:00,4200.45,4201.46,4187.33,4195.74,5630.0
2025-12-04 06:00:00,4195.7,4199.08,4192.83,4196.89,3935.0
2025-12-04 07:00:00,4196.9,4198.9,4175.25,4181.01,5734.0
2025-12-04 08:00:00,4181.04,4190.15,4178.53,4190.09,6228.0
2025-12-04 09:00:00,4190.26,4195.0,4186.58,4193.71,4878.0
2025-12-04 10:00:00,4193.54,4196.28,4184.8,4184.85,5840.0
2025-12-04 11:00:00,4184.86,4202.14,4183.43,4199.81,5262.0
2025-12-04 12:00:00,4199.8,4202.59,4196.59,4197.16,4592.0
2025-12-04 13:00:00,4197.2,4206.45,4197.15,4198.45,4363.0
2025-12-04 14:00:00,4198.33,4201.69,4188.62,4190.37,5188.0
2025-12-04 15:00:00,4190.02,4198.44,4185.5,4198.27,6669.0
2025-12-04 16:00:00,4198.32,4213.24,4193.61,4201.21,7332.0
2025-12-04 17:00:00,4200.97,4210.0,4191.31,4207.38,7257.0
2025-12-04 18:00:00,4207.47,4219.42,4206.6,4215.62,6481.0
2025-12-04 19:00:00,4215.62,4217.44,4208.77,4216.41,5591.0
2025-12-04 20:00:00,4216.3,4217.31,4207.22,4207.84,5693.0
2025-12-04 21:00:00,4207.88,4210.15,4199.63,4208.85,5832.0
2025-12-04 22:00:00,4208.81,4210.23,4205.4,4209.78,5083.0
2025-12-04 23:00:00,4209.75,4210.07,4207.78,4208.64,2453.0
2025-12-05 01:00:00,4208.19,4209.43,4203.73,4205.96,2754.0
2025-12-05 02:00:00,4205.98,4210.27,4201.22,4201.59,3816.0
2025-12-05 03:00:00,4201.63,4204.34,4194.71,4203.05,5884.0
2025-12-05 04:00:00,4203.01,4208.46,4196.67,4207.6,5291.0
2025-12-05 05:00:00,4207.48,4210.87,4201.62,4209.46,4688.0
2025-12-05 06:00:00,4209.44,4217.29,4207.89,4216.68,3881.0
2025-12-05 07:00:00,4216.69,4221.01,4214.3,4220.29,4765.0
2025-12-05 08:00:00,4220.35,4229.21,4218.45,4224.36,5482.0
2025-12-05 09:00:00,4224.45,4230.77,4222.45,4224.37,4226.0
2025-12-05 10:00:00,4224.6,4226.88,4220.44,4220.55,4555.0
2025-12-05 11:00:00,4220.46,4224.93,4215.91,4223.22,4082.0
2025-12-05 12:00:00,4223.21,4227.43,4222.48,4222.83,3398.0
2025-12-05 13:00:00,4222.8,4225.6,4219.96,4223.65,3156.0
2025-12-05 14:00:00,4223.55,4229.6,4222.83,4228.63,4511.0
2025-12-05 15:00:00,4228.67,4238.92,4221.48,4234.45,6528.0
2025-12-05 16:00:00,4234.96,4245.27,4228.36,4241.99,6857.0
2025-12-05 17:00:00,4241.85,4259.16,4234.08,4243.54,7271.0
2025-12-05 18:00:00,4243.89,4245.62,4198.59,4214.26,7708.0
2025-12-05 19:00:00,4214.02,4219.31,4206.54,4217.46,6339.0
2025-12-05 20:00:00,4217.16,4219.06,4206.78,4208.74,5755.0
2025-12-05 21:00:00,4208.8,4210.85,4202.33,4207.55,5076.0
2025-12-05 22:00:00,4207.57,4207.69,4199.25,4202.34,5545.0
2025-12-05 23:00:00,4199.79,4201.55,4191.95,4195.97,3306.0
2025-12-08 01:00:00,4198.88,4209.27,4194.06,4201.17,3349.0
2025-12-08 02:00:00,4201.2,4211.6,4199.42,4210.67,4499.0
2025-12-08 03:00:00,4210.64,4211.5,4197.6,4201.1,6732.0
2025-12-08 04:00:00,4200.88,4212.3,4198.6,4208.28,5572.0
2025-12-08 05:00:00,4208.24,4213.07,4206.66,4209.89,4506.0
2025-12-08 06:00:00,4209.93,4213.13,4206.91,4208.65,3196.0
2025-12-08 07:00:00,4208.64,4216.96,4204.49,4216.96,4398.0
2025-12-08 08:00:00,4216.96,4218.88,4212.07,4216.91,4875.0
2025-12-08 09:00:00,4216.9,4217.34,4206.28,4206.74,4437.0
2025-12-08 10:00:00,4207.23,4216.43,4203.05,4209.75,4805.0
2025-12-08 11:00:00,4209.13,4212.66,4204.32,4207.96,4575.0
2025-12-08 12:00:00,4207.91,4210.2,4201.17,4203.4,3981.0
2025-12-08 13:00:00,4203.21,4214.1,4199.61,4208.38,4139.0
2025-12-08 14:00:00,4208.4,4215.4,4208.34,4213.72,4084.0
2025-12-08 15:00:00,4213.69,4214.68,4197.92,4201.64,6630.0
2025-12-08 16:00:00,4201.71,4211.55,4195.71,4196.53,6872.0
2025-12-08 17:00:00,4196.43,4196.5,4176.39,4182.82,7320.0
2025-12-08 18:00:00,4182.79,4197.72,4177.02,4191.43,6496.0
2025-12-08 19:00:00,4191.55,4195.62,4185.55,4194.69,5543.0
2025-12-08 20:00:00,4195.23,4195.59,4184.44,4187.18,5392.0
2025-12-08 21:00:00,4186.96,4188.75,4184.17,4187.06,4920.0
2025-12-08 22:00:00,4187.0,4195.56,4184.88,4191.43,5065.0
2025-12-08 23:00:00,4191.51,4193.17,4188.25,4190.52,2297.0
2025-12-09 01:00:00,4190.93,4195.4,4189.71,4194.81,2336.0
2025-12-09 02:00:00,4194.74,4195.54,4189.83,4190.3,3320.0
2025-12-09 03:00:00,4190.31,4197.34,4188.75,4196.04,5517.0
2025-12-09 04:00:00,4195.97,4197.07,4186.09,4189.77,5010.0
2025-12-09 05:00:00,4189.95,4198.62,4189.89,4194.37,4417.0
2025-12-09 06:00:00,4194.36,4195.57,4184.54,4186.87,4151.0
2025-12-09 07:00:00,4186.88,4187.17,4178.1,4179.72,5255.0
2025-12-09 08:00:00,4179.8,4183.98,4169.98,4181.99,5644.0
2025-12-09 09:00:00,4182.04,4185.73,4175.78,4182.36,5065.0
2025-12-09 10:00:00,4182.68,4191.71,4182.68,4191.63,4823.0
2025-12-09 11:00:00,4191.52,4212.73,4190.75,4202.88,6236.0
2025-12-09 12:00:00,4202.7,4208.27,4201.18,4203.91,5127.0
2025-12-09 13:00:00,4203.92,4206.38,4201.21,4202.94,4184.0
2025-12-09 14:00:00,4203.11,4207.5,4198.44,4204.12,4529.0
2025-12-09 15:00:00,4204.15,4208.05,4195.78,4201.25,6678.0
2025-12-09 16:00:00,4201.38,4210.26,4189.46,4204.71,6995.0
2025-12-09 17:00:00,4204.47,4216.33,4189.95,4212.48,7517.0
2025-12-09 18:00:00,4213.15,4221.13,4210.11,4212.35,7084.0
2025-12-09 19:00:00,4212.3,4216.13,4201.54,4202.96,6283.0
2025-12-09 20:00:00,4202.96,4209.64,4201.24,4208.92,5823.0
2025-12-09 21:00:00,4208.68,4214.36,4207.2,4212.44,5285.0
2025-12-09 22:00:00,4212.41,4215.91,4208.89,4212.05,5244.0
2025-12-09 23:00:00,4212.33,4212.83,4207.13,4208.13,3794.0
2025-12-10 01:00:00,4209.68,4212.85,4207.74,4210.77,2389.0
2025-12-10 02:00:00,4210.75,4212.54,4206.95,4208.22,3281.0
2025-12-10 03:00:00,4208.08,4217.97,4206.8,4213.71,6121.0
2025-12-10 04:00:00,4213.69,4218.68,4211.52,4216.97,4850.0
2025-12-10 05:00:00,4216.9,4217.03,4203.68,4206.31,4719.0
2025-12-10 06:00:00,4206.3,4209.54,4205.37,4206.92,2802.0
2025-12-10 07:00:00,4206.88,4214.46,4201.68,4211.39,4569.0
2025-12-10 08:00:00,4211.33,4211.61,4202.95,4207.22,5205.0
2025-12-10 09:00:00,4207.38,4209.31,4203.07,4203.18,4216.0
2025-12-10 10:00:00,4202.86,4206.37,4197.0,4197.87,4919.0
2025-12-10 11:00:00,4197.7,4200.52,4192.56,4194.26,5176.0
2025-12-10 12:00:00,4194.28,4196.25,4187.72,4193.12,5056.0
2025-12-10 13:00:00,4193.21,4197.75,4192.48,4197.26,4042.0
2025-12-10 14:00:00,4197.28,4202.09,4195.28,4196.27,4485.0
2025-12-10 15:00:00,4196.44,4204.98,4192.95,4200.65,6464.0
2025-12-10 16:00:00,4200.66,4206.76,4191.49,4192.41,7038.0
2025-12-10 17:00:00,4192.45,4201.09,4188.89,4193.68,6844.0
2025-12-10 18:00:00,4193.67,4204.99,4192.86,4204.7,5776.0
2025-12-10 19:00:00,4204.63,4204.78,4196.84,4199.62,5213.0
2025-12-10 20:00:00,4199.73,4200.56,4191.99,4194.47,4955.0
2025-12-10 21:00:00,4194.39,4219.7,4181.9,4216.39,7919.0
2025-12-10 22:00:00,4216.04,4238.55,4211.03,4229.85,7414.0
2025-12-10 23:00:00,4229.43,4232.36,4221.08,4228.4,3513.0
2025-12-11 01:00:00,4228.67,4233.87,4223.83,4232.21,3064.0
2025-12-11 02:00:00,4232.2,4245.1,4231.23,4237.08,4571.0
2025-12-11 03:00:00,4237.07,4247.53,4232.89,4238.2,6266.0
2025-12-11 04:00:00,4238.19,4240.62,4220.72,4222.33,5489.0
2025-12-11 05:00:00,4222.29,4224.87,4209.31,4216.71,5491.0
2025-12-11 06:00:00,4216.58,4218.2,4208.39,4213.58,4116.0
2025-12-11 07:00:00,4213.63,4216.21,4206.06,4207.4,4650.0
2025-12-11 08:00:00,4207.53,4215.4,4204.23,4214.31,4940.0
2025-12-11 09:00:00,4214.34,4218.33,4210.51,4215.86,3965.0
2025-12-11 10:00:00,4215.89,4219.48,4212.77,4216.49,4494.0
2025-12-11 11:00:00,4216.51,4221.48,4210.4,4218.45,4584.0
2025-12-11 12:00:00,4218.46,4225.82,4211.68,4216.85,4656.0
2025-12-11 13:00:00,4216.81,4218.92,4209.63,4211.26,3487.0
2025-12-11 14:00:00,4211.07,4220.32,4208.72,4220.32,4427.0
2025-12-11 15:00:00,4220.48,4223.23,4205.35,4220.91,6415.0
2025-12-11 16:00:00,4221.05,4244.21,4217.86,4230.07,7108.0
2025-12-11 17:00:00,4230.06,4261.32,4226.13,4255.86,7319.0
2025-12-11 18:00:00,4256.24,4278.89,4250.13,4273.5,6991.0
2025-12-11 19:00:00,4273.47,4281.73,4272.1,4278.59,6452.0
2025-12-11 20:00:00,4278.49,4285.84,4266.66,4268.29,5798.0
2025-12-11 21:00:00,4268.09,4277.58,4263.17,4273.41,5647.0
2025-12-11 22:00:00,4273.01,4276.32,4264.2,4276.23,5597.0
2025-12-11 23:00:00,4276.03,4283.67,4272.62,4279.65,2906.0
2025-12-12 01:00:00,4281.72,4283.39,4272.32,4276.37,3092.0
2025-12-12 02:00:00,4276.23,4279.97,4268.76,4269.13,3982.0
2025-12-12 03:00:00,4269.26,4276.07,4264.59,4270.91,6236.0
2025-12-12 04:00:00,4270.74,4276.72,4269.37,4270.27,5129.0
2025-12-12 05:00:00,4270.43,4274.47,4268.61,4270.53,4121.0
2025-12-12 06:00:00,4270.5,4270.89,4266.19,4266.3,3245.0
2025-12-12 07:00:00,4266.36,4280.45,4266.01,4278.84,4321.0
2025-12-12 08:00:00,4278.85,4283.08,4276.7,4282.76,4814.0
2025-12-12 09:00:00,4282.7,4290.4,4281.34,4287.01,4418.0
2025-12-12 10:00:00,4286.91,4309.28,4286.91,4308.01,5237.0
2025-12-12 11:00:00,4307.97,4320.11,4306.83,4318.09,5651.0
2025-12-12 12:00:00,4318.18,4330.75,4314.68,4329.81,5533.0
2025-12-12 13:00:00,4330.13,4339.17,4326.91,4336.36,5394.0
2025-12-12 14:00:00,4336.2,4339.08,4324.7,4325.87,5707.0
2025-12-12 15:00:00,4325.8,4346.04,4321.35,4340.87,6829.0
2025-12-12 16:00:00,4340.88,4353.35,4330.93,4346.82,7243.0
2025-12-12 17:00:00,4346.58,4351.27,4283.42,4290.49,8142.0
2025-12-12 18:00:00,4290.13,4296.23,4257.71,4281.93,8178.0
2025-12-12 19:00:00,4281.99,4298.22,4271.11,4294.16,7344.0
2025-12-12 20:00:00,4294.91,4303.49,4290.63,4294.87,6541.0
2025-12-12 21:00:00,4294.94,4299.65,4289.71,4296.51,5709.0
2025-12-12 22:00:00,4296.37,4302.8,4288.49,4298.98,5685.0
2025-12-12 23:00:00,4301.3,4304.11,4298.16,4300.29,2430.0
2025-12-15 01:00:00,4300.21,4308.24,4294.53,4302.33,4038.0
2025-12-15 02:00:00,4302.46,4307.78,4300.05,4307.38,3734.0
2025-12-15 03:00:00,4307.49,4325.56,4305.62,4322.47,6230.0
2025-12-15 04:00:00,4322.25,4329.09,4320.71,4326.34,5118.0
2025-12-15 05:00:00,4326.18,4329.57,4319.36,4327.14,4991.0
2025-12-15 06:00:00,4327.07,4329.64,4323.07,4325.96,3911.0
2025-12-15 07:00:00,4325.95,4344.23,4324.9,4343.42,5013.0
2025-12-15 08:00:00,4343.44,4347.22,4339.55,4343.65,5186.0
2025-12-15 09:00:00,4343.25,4344.65,4333.49,4339.24,4752.0
2025-12-15 10:00:00,4338.91,4348.88,4338.78,4347.07,4751.0
2025-12-15 11:00:00,4346.78,4350.17,4342.29,4342.74,4768.0
2025-12-15 12:00:00,4342.49,4348.13,4337.63,4339.56,4365.0
2025-12-15 13:00:00,4339.51,4343.55,4335.31,4342.7,3992.0
2025-12-15 14:00:00,4342.75,4348.23,4342.59,4345.64,4676.0
2025-12-15 15:00:00,4345.61,4346.14,4330.77,4332.07,6519.0
2025-12-15 16:00:00,4331.77,4336.61,4317.34,4323.75,7436.0
2025-12-15 17:00:00,4323.53,4327.66,4311.68,4318.15,7803.0
2025-12-15 18:00:00,4318.41,4318.57,4285.33,4297.49,7664.0
2025-12-15 19:00:00,4297.3,4306.48,4290.78,4304.37,6601.0
2025-12-15 20:00:00,4304.26,4313.6,4299.92,4313.06,5928.0
2025-12-15 21:00:00,4313.08,4317.64,4307.8,4314.02,5586.0
2025-12-15 22:00:00,4314.05,4314.27,4299.61,4304.39,5628.0
2025-12-15 23:00:00,4304.33,4305.77,4300.66,4305.01,2560.0
2025-12-16 01:00:00,4305.91,4309.56,4303.23,4303.96,2825.0
2025-12-16 02:00:00,4304.16,4313.1,4302.77,4307.62,4087.0
2025-12-16 03:00:00,4307.9,4317.76,4299.12,4308.84,6634.0
2025-12-16 04:00:00,4308.87,4312.08,4286.56,4289.68,6069.0
2025-12-16 05:00:00,4289.66,4294.36,4280.69,4290.74,6173.0
2025-12-16 06:00:00,4290.7,4292.07,4286.57,4289.01,4020.0
2025-12-16 07:00:00,4289.01,4292.18,4271.67,4284.03,5610.0
2025-12-16 08:00:00,4284.11,4292.1,4282.7,4289.31,5339.0
2025-12-16 09:00:00,4289.47,4289.86,4279.73,4287.7,4698.0
2025-12-16 10:00:00,4287.42,4289.27,4275.19,4284.57,5079.0
2025-12-16 11:00:00,4284.55,4285.8,4276.45,4280.33,4351.0
2025-12-16 12:00:00,4280.38,4284.05,4274.85,4277.27,4418.0
2025-12-16 13:00:00,4277.13,4279.32,4273.8,4278.39,3973.0
2025-12-16 14:00:00,4278.42,4294.81,4276.75,4294.42,5072.0
2025-12-16 15:00:00,4294.41,4313.18,4290.84,4312.94,6770.0
2025-12-16 16:00:00,4312.96,4331.86,4311.29,4324.4,7291.0
2025-12-16 17:00:00,4324.55,4334.89,4312.38,4319.47,7542.0
2025-12-16 18:00:00,4319.6,4323.12,4291.21,4300.5,7070.0
2025-12-16 19:00:00,4300.7,4310.8,4300.22,4303.68,6241.0
2025-12-16 20:00:00,4303.51,4313.47,4298.08,4311.22,6384.0
2025-12-16 21:00:00,4311.16,4315.76,4297.28,4310.49,5835.0
2025-12-16 22:00:00,4310.33,4314.33,4302.76,4304.59,4936.0
2025-12-16 23:00:00,4304.83,4305.35,4300.64,4302.28,2318.0
2025-12-17 01:00:00,4302.67,4309.0,4301.5,4307.64,2309.0
2025-12-17 02:00:00,4307.68,4314.85,4307.24,4313.29,2888.0
2025-12-17 03:00:00,4313.0,4326.71,4311.36,4326.6,6779.0
2025-12-17 04:00:00,4326.57,4327.7,4311.12,4314.27,5998.0
2025-12-17 05:00:00,4314.44,4324.96,4312.58,4323.6,5359.0
2025-12-17 06:00:00,4323.71,4331.43,4320.47,4329.57,4154.0
2025-12-17 07:00:00,4329.72,4342.14,4328.01,4333.8,5675.0
2025-12-17 08:00:00,4334.0,4337.64,4324.69,4328.56,5482.0
2025-12-17 09:00:00,4328.58,4328.6,4315.56,4317.9,5258.0
2025-12-17 10:00:00,4317.28,4320.82,4308.38,4319.1,5340.0
2025-12-17 11:00:00,4319.05,4323.19,4315.96,4316.81,4326.0
2025-12-17 12:00:00,4316.79,4322.09,4306.67,4317.61,4574.0
2025-12-17 13:00:00,4317.65,4320.38,4315.0,4316.38,4093.0
2025-12-17 14:00:00,4316.31,4323.09,4314.85,4317.63,4354.0
2025-12-17 15:00:00,4317.57,4343.96,4314.98,4341.98,6758.0
2025-12-17 16:00:00,4342.01,4345.85,4322.99,4338.06,7691.0
2025-12-17 17:00:00,4338.0,4348.76,4324.31,4330.17,7748.0
2025-12-17 18:00:00,4330.36,4337.51,4320.27,4333.45,7505.0
2025-12-17 19:00:00,4333.45,4342.3,4328.46,4342.29,6897.0
2025-12-17 20:00:00,4342.4,4346.25,4328.86,4335.91,6798.0
2025-12-17 21:00:00,4335.92,4340.92,4330.34,4336.96,5823.0
2025-12-17 22:00:00,4336.96,4345.99,4335.18,4341.3,5659.0
2025-12-17 23:00:00,4341.27,4346.08,4337.51,4338.22,2808.0
2025-12-18 01:00:00,4339.96,4342.96,4335.64,4338.95,2813.0
2025-12-18 02:00:00,4339.0,4342.77,4333.03,4334.68,4081.0
2025-12-18 03:00:00,4334.57,4336.91,4324.45,4331.45,6511.0
2025-12-18 04:00:00,4331.4,4337.62,4329.83,4333.11,5525.0
2025-12-18 05:00:00,4333.08,4336.63,4330.81,4333.0,4873.0
2025-12-18 06:00:00,4333.1,4333.36,4328.58,4331.78,3880.0
2025-12-18 07:00:00,4331.82,4337.31,4331.05,4333.22,5057.0
2025-12-18 08:00:00,4333.26,4335.99,4330.61,4334.01,5372.0
2025-12-18 09:00:00,4334.1,4337.57,4330.03,4331.6,3876.0
2025-12-18 10:00:00,4331.42,4332.53,4322.38,4326.52,4557.0
2025-12-18 11:00:00,4325.9,4328.48,4320.83,4323.46,4373.0
2025-12-18 12:00:00,4323.41,4327.59,4321.9,4325.27,3748.0
2025-12-18 13:00:00,4325.33,4328.58,4324.44,4325.56,3316.0
2025-12-18 14:00:00,4325.57,4326.49,4317.43,4320.82,4250.0
2025-12-18 15:00:00,4320.61,4342.81,4314.58,4336.5,6840.0
2025-12-18 16:00:00,4335.34,4341.22,4308.69,4328.42,7588.0
2025-12-18 17:00:00,4328.52,4341.37,4325.06,4338.05,7621.0
2025-12-18 18:00:00,4337.85,4374.41,4337.79,4360.36,7439.0
2025-12-18 19:00:00,4360.39,4363.44,4322.15,4333.22,7641.0
2025-12-18 20:00:00,4333.34,4341.24,4325.63,4331.63,6529.0
2025-12-18 21:00:00,4331.65,4334.53,4322.77,4324.85,6347.0
2025-12-18 22:00:00,4324.87,4338.17,4324.52,4334.82,6119.0
2025-12-18 23:00:00,4334.55,4334.55,4328.66,4332.6,2779.0
2025-12-19 01:00:00,4333.96,4336.78,4332.29,4335.0,2046.0
2025-12-19 02:00:00,4335.0,4335.69,4325.63,4325.97,3074.0
2025-12-19 03:00:00,4326.06,4328.3,4309.18,4323.23,6312.0
2025-12-19 04:00:00,4323.21,4327.8,4314.17,4316.62,4808.0
2025-12-19 05:00:00,4316.62,4322.29,4312.61,4317.91,4578.0
2025-12-19 06:00:00,4317.91,4322.87,4316.89,4322.63,3286.0
2025-12-19 07:00:00,4322.81,4328.91,4317.51,4325.86,4433.0
2025-12-19 08:00:00,4325.9,4329.34,4321.62,4326.3,5166.0
2025-12-19 09:00:00,4326.18,4329.53,4321.78,4322.67,3967.0
2025-12-19 10:00:00,4322.49,4330.87,4321.02,4326.0,4285.0
2025-12-19 11:00:00,4325.99,4333.5,4324.37,4329.41,3888.0
2025-12-19 12:00:00,4329.3,4331.66,4322.35,4327.75,4138.0
2025-12-19 13:00:00,4327.66,4329.38,4325.1,4327.13,4208.0
2025-12-19 14:00:00,4327.34,4328.76,4320.61,4326.67,4515.0
2025-12-19 15:00:00,4326.68,4335.18,4326.07,4328.27,6083.0
2025-12-19 16:00:00,4328.34,4337.68,4319.79,4332.4,7112.0
2025-12-19 17:00:00,4332.46,4348.94,4332.0,4347.8,7237.0
2025-12-19 18:00:00,4348.18,4354.6,4342.12,4349.78,6534.0
2025-12-19 19:00:00,4349.49,4355.88,4346.99,4353.41,5745.0
2025-12-19 20:00:00,4353.25,4356.45,4343.17,4348.52,5660.0
2025-12-19 21:00:00,4348.34,4350.6,4345.1,4345.17,4147.0
2025-12-19 22:00:00,4345.17,4346.28,4336.72,4338.2,4846.0
2025-12-19 23:00:00,4339.68,4339.73,4336.59,4338.51,1841.0
2025-12-22 01:00:00,4339.74,4356.06,4337.94,4355.11,3622.0
2025-12-22 02:00:00,4355.32,4366.05,4355.32,4364.77,4020.0
2025-12-22 03:00:00,4365.05,4384.67,4361.26,4382.92,6296.0
2025-12-22 04:00:00,4382.44,4388.62,4378.48,4385.79,5450.0
2025-12-22 05:00:00,4385.87,4394.75,4384.24,4392.52,4257.0
2025-12-22 06:00:00,4392.59,4400.78,4391.41,4398.32,3581.0
2025-12-22 07:00:00,4397.88,4409.4,4396.68,4399.92,5172.0
2025-12-22 08:00:00,4400.06,4419.89,4398.77,4419.38,5407.0
2025-12-22 09:00:00,4419.32,4420.28,4410.47,4414.33,4274.0
2025-12-22 10:00:00,4414.27,4414.94,4406.16,4408.11,4264.0
2025-12-22 11:00:00,4408.19,4414.69,4407.95,4411.01,3334.0
2025-12-22 12:00:00,4411.23,4415.73,4406.12,4408.56,3679.0
2025-12-22 13:00:00,4408.55,4411.64,4406.06,4410.34,3600.0
2025-12-22 14:00:00,4410.01,4415.86,4406.28,4415.66,4523.0
2025-12-22 15:00:00,4415.69,4427.24,4412.83,4423.63,6308.0
2025-12-22 16:00:00,4424.16,4428.94,4414.68,4419.22,6667.0
2025-12-22 17:00:00,4419.22,4435.4,4412.03,4431.77,6879.0
2025-12-22 18:00:00,4431.83,4442.03,4428.1,4438.65,6176.0
2025-12-22 19:00:00,4438.65,4441.93,4432.02,4438.45,4995.0
2025-12-22 20:00:00,4438.93,4438.93,4429.45,4435.18,4178.0
2025-12-22 21:00:00,4435.19,4435.87,4428.84,4433.62,3954.0
2025-12-22 22:00:00,4433.57,4439.12,4431.78,4438.49,4166.0
2025-12-22 23:00:00,4438.47,4448.97,4438.43,4443.62,3170.0
2025-12-23 01:00:00,4447.45,4461.52,4445.36,4460.01,3774.0
2025-12-23 02:00:00,4459.92,4470.43,4457.97,4470.4,3751.0
2025-12-23 03:00:00,4470.49,4490.6,4469.65,4486.62,6672.0
2025-12-23 04:00:00,4486.59,4497.65,4481.1,4493.32,5293.0
2025-12-23 05:00:00,4493.44,4496.47,4482.92,4486.78,5350.0
2025-12-23 06:00:00,4486.85,4488.23,4478.69,4482.4,3880.0
2025-12-23 07:00:00,4482.27,4485.38,4474.86,4475.18,5280.0
2025-12-23 08:00:00,4475.12,4481.44,4469.45,4481.39,5079.0
2025-12-23 09:00:00,4481.15,4489.53,4478.39,4486.6,4248.0
2025-12-23 10:00:00,4486.61,4493.14,4484.76,4489.91,4317.0
2025-12-23 11:00:00,4489.99,4491.19,4478.1,4480.35,4565.0
2025-12-23 12:00:00,4480.41,4487.51,4479.54,4484.19,4031.0
2025-12-23 13:00:00,4484.16,4494.22,4483.1,4493.46,3684.0
2025-12-23 14:00:00,4493.42,4493.52,4483.35,4486.48,4095.0
2025-12-23 15:00:00,4486.17,4497.23,4473.21,4479.0,6897.0
2025-12-23 16:00:00,4478.66,4479.73,4441.57,4446.08,7708.0
2025-12-23 17:00:00,4446.17,4459.2,4430.58,4458.38,7637.0
2025-12-23 18:00:00,4458.36,4476.42,4455.85,4474.14,6416.0
2025-12-23 19:00:00,4474.13,4479.82,4469.79,4472.64,6286.0
2025-12-23 20:00:00,4472.87,4484.95,4472.8,4484.41,5323.0
2025-12-23 21:00:00,4484.11,4496.25,4484.11,4490.73,5246.0
2025-12-23 22:00:00,4490.68,4499.73,4489.4,4497.43,4973.0
2025-12-23 23:00:00,4497.42,4498.83,4483.4,4484.57,3083.0
2025-12-24 01:00:00,4487.25,4510.14,4483.39,4503.22,4052.0
2025-12-24 02:00:00,4503.12,4517.94,4500.71,4511.85,4945.0
2025-12-24 03:00:00,4511.79,4525.66,4507.16,4518.66,6709.0
2025-12-24 04:00:00,4518.69,4519.11,4474.95,4477.46,6124.0
2025-12-24 05:00:00,4477.38,4498.07,4471.15,4493.14,5748.0
2025-12-24 06:00:00,4493.16,4501.36,4491.24,4499.18,3770.0
2025-12-24 07:00:00,4499.03,4500.43,4485.13,4488.37,5547.0
2025-12-24 08:00:00,4488.37,4498.02,4485.35,4493.37,5362.0
2025-12-24 09:00:00,4493.72,4495.05,4483.45,4483.55,4152.0
2025-12-24 10:00:00,4483.75,4492.67,4478.13,4482.31,5241.0
2025-12-24 11:00:00,4483.05,4495.91,4482.11,4494.6,4645.0
2025-12-24 12:00:00,4494.6,4499.84,4482.22,4489.42,4220.0
2025-12-24 13:00:00,4489.38,4491.86,4483.02,4491.44,4144.0
2025-12-24 14:00:00,4491.42,4495.99,4489.87,4490.7,4575.0
2025-12-24 15:00:00,4490.49,4493.34,4474.72,4487.75,6516.0
2025-12-24 16:00:00,4487.8,4489.31,4460.58,4464.73,7277.0
2025-12-24 17:00:00,4464.27,4476.47,4448.31,4458.41,7630.0
2025-12-24 18:00:00,4458.38,4478.05,4455.93,4476.78,6574.0
2025-12-24 19:00:00,4476.83,4487.68,4475.51,4480.53,6068.0
2025-12-26 01:00:00,4495.17,4499.67,4469.38,4495.02,4243.0
2025-12-26 02:00:00,4495.03,4518.08,4492.26,4517.94,4726.0
2025-12-26 03:00:00,4517.93,4530.87,4497.52,4503.95,7076.0
2025-12-26 04:00:00,4503.78,4509.69,4492.29,4508.66,6129.0
2025-12-26 05:00:00,4508.66,4513.3,4497.65,4501.82,5416.0
2025-12-26 06:00:00,4501.65,4511.6,4500.51,4509.02,4214.0
2025-12-26 07:00:00,4508.96,4514.83,4506.02,4509.94,5125.0
2025-12-26 08:00:00,4509.83,4519.39,4508.05,4511.72,5825.0
2025-12-26 09:00:00,4511.58,4515.47,4507.18,4510.89,4296.0
2025-12-26 10:00:00,4511.05,4519.37,4509.62,4518.68,3922.0
2025-12-26 11:00:00,4518.74,4520.31,4511.89,4512.68,3715.0
2025-12-26 12:00:00,4512.66,4523.53,4511.4,4514.41,4314.0
2025-12-26 13:00:00,4514.41,4515.04,4503.07,4509.68,5104.0
2025-12-26 14:00:00,4509.61,4514.76,4506.72,4508.85,4371.0
2025-12-26 15:00:00,4508.8,4528.34,4503.94,4525.18,6599.0
2025-12-26 16:00:00,4525.36,4533.27,4513.03,4520.96,6991.0
2025-12-26 17:00:00,4521.25,4547.28,4519.6,4546.5,7266.0
2025-12-26 18:00:00,4546.93,4549.86,4531.37,4536.28,6804.0
2025-12-26 19:00:00,4536.42,4537.51,4510.12,4519.14,6819.0
2025-12-26 20:00:00,4518.83,4532.57,4514.85,4530.94,6317.0
2025-12-26 21:00:00,4530.99,4535.58,4520.17,4523.79,5400.0
2025-12-26 22:00:00,4523.8,4535.39,4521.8,4531.7,6094.0
2025-12-26 23:00:00,4530.8,4534.57,4527.17,4531.87,3590.0
2025-12-29 01:00:00,4539.3,4549.55,4523.38,4527.29,6463.0
2025-12-29 02:00:00,4527.46,4527.93,4472.63,4497.52,6912.0
2025-12-29 03:00:00,4497.47,4517.37,4492.32,4497.32,7164.0
2025-12-29 04:00:00,4497.17,4515.72,4496.5,4512.42,5782.0
2025-12-29 05:00:00,4512.39,4520.2,4509.47,4516.4,5544.0
2025-12-29 06:00:00,4516.34,4519.52,4508.04,4515.41,4241.0
2025-12-29 07:00:00,4515.52,4519.18,4505.1,4506.37,4903.0
2025-12-29 08:00:00,4506.7,4510.54,4471.2,4475.28,6884.0
2025-12-29 09:00:00,4474.99,4481.47,4447.21,4474.49,6268.0
2025-12-29 10:00:00,4472.33,4488.31,4452.68,4461.03,6217.0
2025-12-29 11:00:00,4460.99,4476.14,4459.2,4472.11,5523.0
2025-12-29 12:00:00,4472.08,4474.42,4456.98,4460.95,4856.0
2025-12-29 13:00:00,4460.94,4467.43,4434.42,4446.73,5253.0
2025-12-29 14:00:00,4446.99,4464.49,4445.69,4464.1,5097.0
2025-12-29 15:00:00,4464.01,4467.35,4407.17,4421.58,7427.0
2025-12-29 16:00:00,4421.0,4421.0,4356.96,4360.17,7901.0
2025-12-29 17:00:00,4360.39,4360.39,4303.02,4325.15,7899.0
2025-12-29 18:00:00,4325.08,4347.32,4323.28,4341.53,7167.0
2025-12-29 19:00:00,4342.47,4342.85,4314.98,4328.06,6683.0
2025-12-29 20:00:00,4328.58,4334.23,4322.91,4331.09,6176.0
2025-12-29 21:00:00,4331.18,4337.85,4327.5,4336.77,5039.0
2025-12-29 22:00:00,4336.7,4344.38,4325.87,4334.45,5624.0
2025-12-29 23:00:00,4334.34,4339.29,4327.58,4331.84,3704.0
2025-12-30 01:00:00,4333.38,4347.0,4323.6,4345.59,4267.0
2025-12-30 02:00:00,4345.51,4350.6,4334.57,4339.86,4954.0
2025-12-30 03:00:00,4339.78,4360.1,4324.51,4360.1,6746.0
2025-12-30 04:00:00,4360.04,4364.75,4348.75,4362.54,6128.0
2025-12-30 05:00:00,4362.6,4369.13,4356.22,4359.15,5219.0
2025-12-30 06:00:00,4359.16,4369.59,4357.45,4363.31,3151.0
2025-12-30 07:00:00,4363.62,4380.1,4358.75,4377.5,5406.0
2025-12-30 08:00:00,4377.49,4378.26,4359.74,4364.68,6268.0
2025-12-30 09:00:00,4364.59,4383.31,4359.29,4372.31,5307.0
2025-12-30 10:00:00,4372.27,4373.7,4350.16,4364.93,5426.0
2025-12-30 11:00:00,4364.91,4376.28,4364.14,4371.93,5062.0
2025-12-30 12:00:00,4371.93,4391.52,4367.63,4384.79,4947.0
2025-12-30 13:00:00,4385.56,4390.15,4381.2,4384.27,4521.0
2025-12-30 14:00:00,4384.24,4402.7,4383.37,4401.05,5770.0
2025-12-30 15:00:00,4401.38,4404.18,4376.29,4388.42,7314.0
2025-12-30 16:00:00,4388.33,4391.96,4355.78,4366.26,7358.0
2025-12-30 17:00:00,4365.7,4377.37,4359.38,4364.87,7398.0
2025-12-30 18:00:00,4365.13,4379.79,4354.77,4377.7,6955.0
2025-12-30 19:00:00,4377.73,4381.69,4364.36,4370.14,6444.0
2025-12-30 20:00:00,4370.11,4378.56,4362.52,4364.65,6115.0
2025-12-30 21:00:00,4364.72,4367.92,4337.71,4348.56,5736.0
2025-12-30 22:00:00,4348.59,4355.42,4337.92,4341.17,6353.0
2025-12-30 23:00:00,4341.78,4350.27,4334.76,4338.55,3489.0
2025-12-31 01:00:00,4340.5,4346.46,4328.84,4338.89,4429.0
2025-12-31 02:00:00,4338.91,4346.46,4332.49,4342.38,4447.0
2025-12-31 03:00:00,4342.34,4373.2,4336.73,4366.02,6559.0
2025-12-31 04:00:00,4366.25,4371.02,4346.81,4348.72,6210.0
2025-12-31 05:00:00,4348.74,4359.78,4340.89,4348.47,6518.0
2025-12-31 06:00:00,4348.46,4351.25,4330.73,4332.77,5169.0
2025-12-31 07:00:00,4332.78,4342.98,4276.1,4285.84,6459.0
2025-12-31 08:00:00,4285.83,4328.68,4274.24,4327.96,6374.0
2025-12-31 09:00:00,4328.16,4334.75,4323.68,4331.15,4862.0
2025-12-31 10:00:00,4331.21,4332.74,4303.3,4307.23,5004.0
2025-12-31 11:00:00,4307.41,4337.13,4307.41,4325.71,5206.0
2025-12-31 12:00:00,4325.68,4331.18,4303.63,4306.38,4847.0
2025-12-31 13:00:00,4306.57,4316.11,4304.03,4310.96,4567.0
2025-12-31 14:00:00,4311.0,4317.98,4303.07,4313.67,4964.0
2025-12-31 15:00:00,4313.71,4348.22,4307.98,4345.64,6041.0
2025-12-31 16:00:00,4345.72,4353.31,4332.83,4345.77,7153.0
2025-12-31 17:00:00,4346.07,4346.07,4327.33,4337.22,7303.0
2025-12-31 18:00:00,4337.22,4339.61,4317.05,4322.97,6549.0
2025-12-31 19:00:00,4322.95,4329.48,4318.0,4321.77,6072.0
2025-12-31 20:00:00,4321.57,4331.32,4315.81,4319.63,6105.0
2025-12-31 21:00:00,4320.19,4322.84,4307.74,4311.39,5718.0
2025-12-31 22:00:00,4311.35,4324.14,4304.45,4313.14,5606.0
2026-01-02 01:00:00,4325.4,4351.11,4324.23,4348.19,3867.0
2026-01-02 02:00:00,4348.37,4355.83,4341.43,4353.99,4161.0
2026-01-02 03:00:00,4353.84,4355.89,4344.57,4347.84,5273.0
2026-01-02 04:00:00,4347.82,4363.13,4344.94,4362.92,4677.0
2026-01-02 05:00:00,4362.85,4375.4,4362.24,4375.08,4826.0
2026-01-02 06:00:00,4375.0,4378.31,4371.24,4373.07,4361.0
2026-01-02 07:00:00,4373.38,4381.59,4371.01,4380.59,4254.0
2026-01-02 08:00:00,4380.58,4380.83,4373.24,4374.6,4586.0
2026-01-02 09:00:00,4374.76,4383.24,4371.9,4382.74,4868.0
2026-01-02 10:00:00,4382.38,4397.35,4380.76,4386.89,4745.0
2026-01-02 11:00:00,4386.89,4391.49,4383.26,4385.34,4691.0
2026-01-02 12:00:00,4385.48,4398.52,4384.5,4396.13,4607.0
2026-01-02 13:00:00,4395.98,4399.16,4390.64,4392.9,4521.0
2026-01-02 14:00:00,4392.69,4398.19,4385.12,4394.29,5096.0
2026-01-02 15:00:00,4394.41,4402.17,4361.93,4365.95,6506.0
2026-01-02 16:00:00,4365.99,4373.51,4348.18,4353.5,7073.0
2026-01-02 17:00:00,4352.71,4356.89,4330.26,4335.35,7697.0
2026-01-02 18:00:00,4334.89,4337.26,4314.99,4326.42,7497.0
2026-01-02 19:00:00,4325.31,4333.44,4322.8,4322.94,6633.0
2026-01-02 20:00:00,4322.9,4323.54,4309.89,4315.1,6596.0
2026-01-02 21:00:00,4315.63,4326.17,4315.63,4318.14,6077.0
2026-01-02 22:00:00,4318.4,4331.21,4317.07,4330.56,5673.0
2026-01-02 23:00:00,4329.61,4333.22,4326.9,4332.89,2512.0
2026-01-05 01:00:00,4353.81,4375.58,4344.94,4372.3,5185.0
2026-01-05 02:00:00,4372.3,4396.43,4370.09,4394.74,5644.0
2026-01-05 03:00:00,4394.92,4419.88,4391.43,4401.89,7480.0
2026-01-05 04:00:00,4401.79,4409.5,4388.6,4405.39,6501.0
2026-01-05 05:00:00,4405.32,4413.94,4399.71,4400.1,5893.0
2026-01-05 06:00:00,4399.91,4408.2,4397.13,4404.19,3760.0
2026-01-05 07:00:00,4403.97,4414.31,4400.9,4412.44,4914.0
2026-01-05 08:00:00,4412.33,4426.13,4411.24,4420.19,5795.0
2026-01-05 09:00:00,4420.24,4425.0,4416.63,4421.74,4731.0
2026-01-05 10:00:00,4421.85,4433.7,4419.29,4429.92,4991.0
2026-01-05 11:00:00,4429.77,4437.83,4426.09,4434.75,5025.0
2026-01-05 12:00:00,4434.77,4439.71,4430.68,4436.16,4528.0
2026-01-05 13:00:00,4436.17,4437.21,4411.23,4419.27,5900.0
2026-01-05 14:00:00,4419.42,4421.35,4405.49,4409.57,5847.0
2026-01-05 15:00:00,4409.53,4418.78,4396.12,4416.72,7124.0
2026-01-05 16:00:00,4416.87,4442.76,4416.87,4436.54,7663.0
2026-01-05 17:00:00,4437.36,4455.58,4435.67,4448.41,7514.0
2026-01-05 18:00:00,4448.28,4454.3,4438.39,4441.76,6348.0
2026-01-05 19:00:00,4441.87,4448.98,4432.52,4443.47,6519.0
2026-01-05 20:00:00,4443.41,4448.46,4439.77,4448.42,5470.0
2026-01-05 21:00:00,4449.05,4449.05,4435.03,4439.66,5436.0
2026-01-05 22:00:00,4439.63,4446.96,4437.87,4444.76,5669.0
2026-01-05 23:00:00,4445.16,4449.11,4443.35,4448.86,2792.0
2026-01-06 01:00:00,4449.14,4459.87,4436.86,4440.43,3597.0
2026-01-06 02:00:00,4440.38,4444.59,4430.48,4436.29,4518.0
2026-01-06 03:00:00,4436.79,4452.23,4427.89,4450.49,6699.0
2026-01-06 04:00:00,4450.86,4461.02,4448.57,4454.78,6255.0
2026-01-06 05:00:00,4454.79,4467.95,4454.26,4467.59,4877.0
2026-01-06 06:00:00,4467.55,4468.43,4461.87,4467.24,3708.0
2026-01-06 07:00:00,4467.09,4474.06,4449.38,4452.17,5694.0
2026-01-06 08:00:00,4452.77,4466.96,4451.51,4465.61,5888.0
2026-01-06 09:00:00,4465.34,4470.32,4457.22,4459.42,4609.0
2026-01-06 10:00:00,4458.89,4475.7,4457.38,4468.4,4988.0
2026-01-06 11:00:00,4468.25,4468.4,4444.78,4446.21,5346.0
2026-01-06 12:00:00,4446.16,4455.96,4442.74,4451.78,4706.0
2026-01-06 13:00:00,4451.99,4464.46,4448.74,4463.27,4503.0
2026-01-06 14:00:00,4463.23,4466.07,4458.84,4463.57,4796.0
2026-01-06 15:00:00,4463.59,4470.37,4454.13,4467.88,6974.0
2026-01-06 16:00:00,4468.12,4489.52,4464.39,4487.16,7100.0
2026-01-06 17:00:00,4486.71,4490.83,4463.24,4478.35,7575.0
2026-01-06 18:00:00,4478.27,4488.79,4471.56,4488.23,6798.0
2026-01-06 19:00:00,4488.46,4491.3,4481.52,4489.38,6070.0
2026-01-06 20:00:00,4489.14,4494.06,4482.12,4488.39,5955.0
2026-01-06 21:00:00,4488.39,4489.35,4477.3,4481.29,5837.0
2026-01-06 22:00:00,4481.2,4496.83,4480.41,4493.67,5301.0
2026-01-06 23:00:00,4493.54,4497.2,4491.67,4494.62,2927.0
2026-01-07 01:00:00,4495.38,4500.42,4492.12,4493.27,3649.0
2026-01-07 02:00:00,4493.59,4494.67,4482.37,4492.2,4375.0
2026-01-07 03:00:00,4492.07,4495.61,4461.09,4465.41,7198.0
2026-01-07 04:00:00,4465.36,4478.59,4459.7,4474.78,6052.0
2026-01-07 05:00:00,4474.76,4480.14,4471.94,4474.53,5443.0
2026-01-07 06:00:00,4474.48,4475.97,4463.48,4464.7,4739.0
2026-01-07 07:00:00,4464.68,4470.36,4443.47,4454.3,5879.0
2026-01-07 08:00:00,4454.28,4460.29,4441.42,4444.08,6201.0
2026-01-07 09:00:00,4444.08,4464.74,4441.67,4460.98,4974.0
2026-01-07 10:00:00,4460.83,4474.54,4459.26,4468.24,4598.0
2026-01-07 11:00:00,4468.16,4468.51,4459.42,4463.49,4484.0
2026-01-07 12:00:00,4463.12,4467.6,4458.7,4464.31,4126.0
2026-01-07 13:00:00,4464.29,4464.76,4446.44,4447.27,4463.0
2026-01-07 14:00:00,4447.28,4454.98,4439.28,4445.13,5635.0
2026-01-07 15:00:00,4445.07,4453.01,4427.84,4452.86,7398.0
2026-01-07 16:00:00,4452.65,4454.19,4435.68,4445.45,7461.0
2026-01-07 17:00:00,4442.42,4452.06,4423.44,4446.0,7544.0
2026-01-07 18:00:00,4445.96,4468.24,4443.79,4464.19,6724.0
2026-01-07 19:00:00,4463.96,4465.32,4449.74,4451.84,5597.0
2026-01-07 20:00:00,4451.53,4458.71,4447.18,4451.98,6044.0
2026-01-07 21:00:00,4451.98,4457.85,4445.34,4456.91,5410.0
2026-01-07 22:00:00,4456.84,4461.63,4450.45,4451.93,5427.0
2026-01-07 23:00:00,4451.7,4456.33,4449.8,4456.33,2662.0
2026-01-08 01:00:00,4455.78,4463.87,4455.78,4463.3,2749.0
2026-01-08 02:00:00,4463.24,4466.16,4446.66,4450.14,4502.0
2026-01-08 03:00:00,4450.14,4460.3,4441.96,4448.32,6647.0
2026-01-08 04:00:00,4448.29,4449.44,4433.37,4441.18,6357.0
2026-01-08 05:00:00,4441.16,4446.24,4437.24,4440.26,5546.0
2026-01-08 06:00:00,4440.2,4440.28,4430.16,4431.47,4311.0
2026-01-08 07:00:00,4431.37,4432.31,4415.63,4425.56,6431.0
2026-01-08 08:00:00,4425.42,4437.63,4415.93,4433.2,6753.0
2026-01-08 09:00:00,4433.33,4439.63,4428.4,4430.88,5042.0
2026-01-08 10:00:00,4430.69,4432.96,4419.95,4431.61,5509.0
2026-01-08 11:00:00,4431.4,4435.26,4425.95,4432.68,4921.0
2026-01-08 12:00:00,4432.69,4434.59,4423.0,4433.26,4539.0
2026-01-08 13:00:00,4432.89,4432.93,4422.27,4422.75,4606.0
2026-01-08 14:00:00,4422.8,4431.28,4407.74,4427.66,6075.0
2026-01-08 15:00:00,4427.5,4435.91,4417.23,4423.68,6927.0
2026-01-08 16:00:00,4422.49,4439.3,4419.14,4432.88,7404.0
2026-01-08 17:00:00,4431.71,4456.33,4427.82,4454.08,7464.0
2026-01-08 18:00:00,4454.07,4464.43,4446.86,4463.22,6870.0
2026-01-08 19:00:00,4463.02,4465.21,4457.55,4463.4,5785.0
2026-01-08 20:00:00,4463.1,4463.1,4447.94,4449.48,5818.0
2026-01-08 21:00:00,4449.49,4452.8,4444.69,4452.08,4942.0
2026-01-08 22:00:00,4452.06,4477.9,4451.48,4475.94,5928.0
2026-01-08 23:00:00,4476.03,4479.38,4472.67,4477.34,3295.0
2026-01-09 01:00:00,4479.71,4483.88,4472.75,4475.61,3346.0
2026-01-09 02:00:00,4475.58,4476.63,4459.93,4461.46,4007.0
2026-01-09 03:00:00,4463.37,4469.89,4452.8,4468.83,6564.0
2026-01-09 04:00:00,4468.86,4476.35,4465.64,4469.42,5532.0
2026-01-09 05:00:00,4469.36,4469.93,4460.41,4464.1,5046.0
2026-01-09 06:00:00,4464.07,4466.84,4460.66,4464.61,3360.0
2026-01-09 07:00:00,4464.44,4471.74,4458.24,4467.95,4661.0
2026-01-09 08:00:00,4468.47,4477.29,4466.03,4473.99,5407.0
2026-01-09 09:00:00,4474.03,4475.52,4468.66,4470.25,3842.0
2026-01-09 10:00:00,4470.25,4476.74,4464.07,4468.45,4591.0
2026-01-09 11:00:00,4468.41,4477.44,4468.35,4471.07,4345.0
2026-01-09 12:00:00,4471.06,4474.14,4467.01,4472.57,3639.0
2026-01-09 13:00:00,4472.6,4476.05,4468.73,4475.37,3895.0
2026-01-09 14:00:00,4475.62,4480.44,4461.04,4465.98,5025.0
2026-01-09 15:00:00,4466.02,4491.62,4459.44,4482.67,7318.0
2026-01-09 16:00:00,4482.8,4497.84,4479.34,4494.42,7642.0
2026-01-09 17:00:00,4494.57,4517.01,4490.25,4512.24,7462.0
2026-01-09 18:00:00,4512.77,4514.2,4499.64,4506.51,6553.0
2026-01-09 19:00:00,4506.5,4511.43,4481.97,4484.52,6296.0
2026-01-09 20:00:00,4483.5,4504.49,4483.05,4496.09,6075.0
2026-01-09 21:00:00,4496.04,4501.81,4492.59,4499.37,4919.0
2026-01-09 22:00:00,4499.26,4509.34,4497.84,4507.89,5282.0
2026-01-09 23:00:00,4506.38,4511.08,4504.93,4509.81,2214.0
2026-01-12 01:00:00,4520.67,4544.93,4513.13,4539.98,5075.0
2026-01-12 02:00:00,4539.94,4600.99,4536.43,4588.79,6528.0
2026-01-12 03:00:00,4589.01,4594.65,4570.44,4570.5,7468.0
2026-01-12 04:00:00,4569.74,4581.94,4561.7,4577.41,6542.0
2026-01-12 05:00:00,4577.35,4581.31,4567.78,4570.49,5416.0
2026-01-12 06:00:00,4570.53,4572.15,4563.34,4568.53,4453.0
2026-01-12 07:00:00,4568.51,4584.76,4566.14,4580.68,5225.0
2026-01-12 08:00:00,4580.63,4580.63,4569.69,4578.2,5549.0
2026-01-12 09:00:00,4578.54,4589.56,4574.66,4587.64,5251.0
2026-01-12 10:00:00,4587.68,4598.2,4579.42,4596.77,5335.0
2026-01-12 11:00:00,4596.74,4599.18,4587.65,4589.01,5078.0
2026-01-12 12:00:00,4589.23,4595.35,4586.01,4594.15,4446.0
2026-01-12 13:00:00,4594.05,4594.84,4581.68,4585.19,4460.0
2026-01-12 14:00:00,4585.18,4590.48,4578.46,4590.36,5172.0
2026-01-12 15:00:00,4590.37,4620.09,4588.56,4615.75,6777.0
2026-01-12 16:00:00,4615.71,4617.0,4584.98,4602.08,7877.0
2026-01-12 17:00:00,4601.75,4627.38,4601.75,4621.19,7271.0
2026-01-12 18:00:00,4620.77,4630.09,4607.77,4616.85,6523.0
2026-01-12 19:00:00,4616.86,4620.36,4610.7,4616.37,5922.0
2026-01-12 20:00:00,4616.41,4618.39,4600.85,4610.73,5983.0
2026-01-12 21:00:00,4610.84,4618.79,4608.59,4610.98,5128.0
2026-01-12 22:00:00,4611.08,4611.59,4591.52,4593.43,6060.0
2026-01-12 23:00:00,4593.57,4597.48,4589.16,4597.31,3590.0
2026-01-13 01:00:00,4596.41,4607.76,4578.25,4599.12,4960.0
2026-01-13 02:00:00,4599.35,4599.35,4584.36,4587.21,4052.0
2026-01-13 03:00:00,4587.35,4595.68,4575.53,4577.76,6948.0
2026-01-13 04:00:00,4577.1,4594.87,4576.58,4594.16,5995.0
2026-01-13 05:00:00,4594.09,4599.44,4592.45,4594.01,4896.0
2026-01-13 06:00:00,4594.0,4599.69,4593.92,4596.46,3793.0
2026-01-13 07:00:00,4596.17,4602.03,4585.79,4591.95,5156.0
2026-01-13 08:00:00,4591.82,4592.29,4573.6,4581.64,6131.0
2026-01-13 09:00:00,4583.26,4586.97,4577.47,4580.54,4384.0
2026-01-13 10:00:00,4580.61,4596.99,4579.57,4592.71,4838.0
2026-01-13 11:00:00,4592.77,4595.59,4585.65,4586.01,4226.0
2026-01-13 12:00:00,4586.05,4588.22,4580.39,4586.23,3962.0
2026-01-13 13:00:00,4586.24,4591.94,4582.09,4588.22,4103.0
2026-01-13 14:00:00,4588.48,4595.03,4577.72,4593.19,4331.0
2026-01-13 15:00:00,4593.17,4620.75,4590.8,4611.39,7337.0
2026-01-13 16:00:00,4611.25,4634.57,4608.94,4629.74,7513.0
2026-01-13 17:00:00,4629.4,4630.05,4600.96,4619.06,7545.0
2026-01-13 18:00:00,4618.92,4620.68,4592.93,4613.47,6807.0
2026-01-13 19:00:00,4613.27,4615.99,4586.61,4590.3,6361.0
2026-01-13 20:00:00,4590.2,4601.92,4581.09,4594.03,6965.0
2026-01-13 21:00:00,4594.08,4598.9,4584.28,4597.49,5974.0
2026-01-13 22:00:00,4597.51,4597.7,4569.8,4585.91,6458.0
2026-01-13 23:00:00,4586.3,4589.76,4582.72,4586.42,3332.0
2026-01-14 01:00:00,4589.4,4598.68,4587.49,4597.0,3443.0
2026-01-14 02:00:00,4598.95,4610.56,4597.42,4608.92,4741.0
2026-01-14 03:00:00,4609.05,4619.78,4606.22,4619.08,6570.0
2026-01-14 04:00:00,4619.09,4623.47,4614.29,4620.45,5735.0
2026-01-14 05:00:00,4620.16,4629.7,4613.32,4628.12,5187.0
2026-01-14 06:00:00,4628.11,4630.37,4625.2,4629.2,4589.0
2026-01-14 07:00:00,4629.55,4639.47,4617.9,4620.09,5973.0
2026-01-14 08:00:00,4619.52,4637.19,4618.5,4637.19,6618.0
2026-01-14 09:00:00,4637.4,4639.48,4631.54,4632.45,4698.0
2026-01-14 10:00:00,4632.4,4637.79,4622.1,4634.84,5518.0
2026-01-14 11:00:00,4634.72,4639.42,4627.02,4630.33,4834.0
2026-01-14 12:00:00,4630.43,4638.07,4627.76,4632.97,4596.0
2026-01-14 13:00:00,4632.85,4637.37,4626.05,4630.24,4672.0
2026-01-14 14:00:00,4630.37,4641.58,4630.18,4638.58,5316.0
2026-01-14 15:00:00,4638.66,4641.22,4624.69,4635.6,7210.0
2026-01-14 16:00:00,4635.69,4638.85,4606.79,4617.51,7466.0
2026-01-14 17:00:00,4616.13,4626.41,4599.36,4617.77,7744.0
2026-01-14 18:00:00,4617.8,4624.67,4608.59,4616.94,7117.0
2026-01-14 19:00:00,4617.02,4618.97,4601.22,4614.21,7197.0
2026-01-14 20:00:00,4613.61,4637.1,4612.69,4634.95,6615.0
2026-01-14 21:00:00,4635.01,4642.71,4633.41,4639.14,6361.0
2026-01-14 22:00:00,4639.1,4641.44,4626.03,4632.5,6913.0
2026-01-14 23:00:00,4632.78,4632.94,4617.78,4626.35,4130.0
2026-01-15 01:00:00,4630.2,4632.51,4602.93,4615.15,5352.0
2026-01-15 02:00:00,4614.82,4618.08,4610.13,4615.11,4794.0
2026-01-15 03:00:00,4615.12,4617.44,4583.64,4599.93,7549.0
2026-01-15 04:00:00,4599.94,4614.52,4595.44,4602.74,6722.0
2026-01-15 05:00:00,4602.89,4604.12,4581.04,4592.27,6648.0
2026-01-15 06:00:00,4592.03,4597.41,4586.92,4591.9,5013.0
2026-01-15 07:00:00,4592.11,4598.81,4581.1,4595.2,5861.0
2026-01-15 08:00:00,4594.93,4611.85,4593.59,4610.11,6341.0
2026-01-15 09:00:00,4610.27,4613.44,4599.19,4601.65,4814.0
2026-01-15 10:00:00,4601.66,4607.02,4597.63,4604.13,5180.0
2026-01-15 11:00:00,4604.08,4612.96,4600.59,4612.53,4919.0
2026-01-15 12:00:00,4612.44,4620.15,4609.32,4619.69,4710.0
2026-01-15 13:00:00,4619.8,4622.92,4615.47,4619.16,4482.0
2026-01-15 14:00:00,4619.07,4620.73,4611.61,4613.87,4871.0
2026-01-15 15:00:00,4613.9,4616.04,4582.41,4587.78,7532.0
2026-01-15 16:00:00,4588.07,4614.97,4583.26,4611.03,7508.0
2026-01-15 17:00:00,4610.66,4617.9,4603.71,4615.48,7199.0
2026-01-15 18:00:00,4615.27,4624.67,4601.31,4605.59,7019.0
2026-01-15 19:00:00,4605.61,4616.82,4605.57,4616.41,6027.0
2026-01-15 20:00:00,4616.55,4621.06,4613.66,4617.42,5987.0
2026-01-15 21:00:00,4617.46,4621.39,4612.69,4615.76,5252.0
2026-01-15 22:00:00,4615.84,4616.18,4600.81,4605.67,6488.0
2026-01-15 23:00:00,4605.65,4616.27,4604.39,4615.76,3532.0
2026-01-16 01:00:00,4618.68,4620.55,4606.34,4610.2,4066.0
2026-01-16 02:00:00,4610.04,4611.22,4598.49,4600.0,4599.0
2026-01-16 03:00:00,4599.87,4608.38,4593.91,4600.63,6615.0
2026-01-16 04:00:00,4600.47,4604.05,4591.31,4594.89,6448.0
2026-01-16 05:00:00,4594.91,4599.65,4592.71,4596.24,4920.0
2026-01-16 06:00:00,4596.15,4601.92,4596.01,4601.03,3386.0
2026-01-16 07:00:00,4601.08,4615.92,4595.24,4611.4,4874.0
2026-01-16 08:00:00,4611.39,4612.21,4594.1,4598.0,6127.0
2026-01-16 09:00:00,4598.0,4612.05,4596.87,4607.42,4787.0
2026-01-16 10:00:00,4606.91,4610.52,4601.21,4603.19,4297.0
2026-01-16 11:00:00,4602.65,4608.21,4598.86,4600.63,3707.0
2026-01-16 12:00:00,4600.67,4611.03,4599.71,4600.13,3709.0
2026-01-16 13:00:00,4600.35,4615.78,4598.46,4612.44,4207.0
2026-01-16 14:00:00,4612.48,4612.89,4597.5,4601.79,4385.0
2026-01-16 15:00:00,4601.12,4605.29,4582.59,4601.82,7312.0
2026-01-16 16:00:00,4601.79,4614.45,4596.21,4607.83,7059.0
2026-01-16 17:00:00,4607.76,4620.21,4536.74,4571.14,7972.0
2026-01-16 18:00:00,4570.6,4598.83,4568.07,4591.21,7484.0
2026-01-16 19:00:00,4591.31,4593.04,4576.68,4581.33,6484.0
2026-01-16 20:00:00,4580.93,4595.97,4580.03,4582.51,6192.0
2026-01-16 21:00:00,4581.92,4592.38,4580.78,4590.51,5553.0
2026-01-16 22:00:00,4590.55,4595.76,4580.86,4583.47,5408.0
2026-01-16 23:00:00,4583.01,4598.27,4582.18,4595.46,3645.0
2026-01-19 01:00:00,4629.18,4690.36,4619.61,4672.49,6868.0
2026-01-19 02:00:00,4672.52,4681.83,4661.02,4675.17,5561.0
2026-01-19 03:00:00,4675.12,4678.39,4655.99,4657.24,7129.0
2026-01-19 04:00:00,4657.05,4664.83,4653.11,4662.28,5771.0
2026-01-19 05:00:00,4662.2,4669.69,4658.11,4658.24,4890.0
2026-01-19 06:00:00,4658.34,4665.8,4658.06,4663.06,3253.0
2026-01-19 07:00:00,4662.96,4674.15,4662.93,4669.76,4434.0
2026-01-19 08:00:00,4669.79,4678.92,4666.61,4677.74,4655.0
2026-01-19 09:00:00,4677.75,4678.56,4661.8,4665.01,4406.0
2026-01-19 10:00:00,4664.32,4673.77,4661.75,4663.66,4492.0
2026-01-19 11:00:00,4663.6,4672.78,4662.02,4668.28,4225.0
2026-01-19 12:00:00,4668.2,4671.15,4661.19,4663.64,3593.0
2026-01-19 13:00:00,4663.6,4667.45,4659.72,4660.78,3680.0
2026-01-19 14:00:00,4660.67,4673.65,4660.17,4671.85,4044.0
2026-01-19 15:00:00,4671.85,4673.64,4664.4,4665.95,4851.0
2026-01-19 16:00:00,4665.98,4670.22,4661.55,4666.47,4674.0
2026-01-19 17:00:00,4666.42,4675.93,4664.2,4674.17,4925.0
2026-01-19 18:00:00,4674.19,4675.43,4670.43,4672.17,3896.0
2026-01-19 19:00:00,4672.07,4678.77,4669.19,4676.17,3453.0
2026-01-19 20:00:00,4676.09,4680.08,4673.72,4676.57,2780.0
2026-01-19 21:00:00,4676.57,4676.67,4667.08,4670.68,1663.0
2026-01-20 01:00:00,4671.98,4676.73,4664.32,4665.27,2990.0
2026-01-20 02:00:00,4665.32,4667.86,4659.47,4660.36,3480.0
2026-01-20 03:00:00,4660.29,4675.91,4660.03,4669.55,5708.0
2026-01-20 04:00:00,4669.47,4674.65,4665.38,4668.62,5379.0
2026-01-20 05:00:00,4668.61,4681.32,4665.96,4680.04,4597.0
2026-01-20 06:00:00,4680.05,4696.86,4679.51,4695.17,4474.0
2026-01-20 07:00:00,4695.15,4716.55,4694.22,4714.45,5607.0
2026-01-20 08:00:00,4714.49,4716.98,4705.53,4712.33,6065.0
2026-01-20 09:00:00,4712.29,4722.67,4711.5,4716.07,4707.0
2026-01-20 10:00:00,4715.98,4731.45,4715.05,4729.3,5143.0
2026-01-20 11:00:00,4729.24,4737.27,4721.27,4732.34,4937.0
2026-01-20 12:00:00,4732.36,4734.91,4723.14,4726.43,4489.0
2026-01-20 13:00:00,4726.47,4735.19,4721.57,4733.04,4232.0
2026-01-20 14:00:00,4732.39,4732.52,4723.96,4727.65,5044.0
2026-01-20 15:00:00,4727.55,4738.2,4715.4,4737.09,6924.0
2026-01-20 16:00:00,4736.11,4750.91,4728.47,4741.07,7643.0
2026-01-20 17:00:00,4740.56,4748.4,4722.43,4737.37,7567.0
2026-01-20 18:00:00,4737.4,4757.54,4729.16,4753.57,6538.0
2026-01-20 19:00:00,4753.27,4762.36,4746.05,4759.19,5987.0
2026-01-20 20:00:00,4758.99,4766.07,4752.65,4759.36,5845.0
2026-01-20 21:00:00,4759.35,4766.17,4756.49,4760.72,5086.0
2026-01-20 22:00:00,4760.67,4761.12,4747.55,4756.53,5829.0
2026-01-20 23:00:00,4756.55,4763.76,4756.26,4763.36,5395.0
2026-01-21 01:00:00,4762.12,4780.97,4757.75,4775.72,3300.0
2026-01-21 02:00:00,4775.53,4786.94,4770.57,4784.51,4214.0
2026-01-21 03:00:00,4784.34,4843.95,4783.54,4835.06,7341.0
2026-01-21 04:00:00,4835.28,4841.96,4817.19,4836.63,6258.0
2026-01-21 05:00:00,4836.41,4849.58,4827.03,4844.98,5621.0
2026-01-21 06:00:00,4844.73,4870.7,4837.91,4865.78,5036.0
2026-01-21 07:00:00,4865.57,4878.05,4858.8,4869.57,5721.0
2026-01-21 08:00:00,4869.82,4888.25,4845.69,4847.47,6661.0
2026-01-21 09:00:00,4847.44,4857.06,4832.52,4855.14,6184.0
2026-01-21 10:00:00,4855.15,4869.54,4851.42,4854.53,5472.0
2026-01-21 11:00:00,4855.11,4877.05,4852.29,4860.27,5348.0
2026-01-21 12:00:00,4860.2,4866.67,4859.41,4861.89,4751.0
2026-01-21 13:00:00,4862.09,4871.41,4855.08,4866.77,4549.0
2026-01-21 14:00:00,4866.85,4870.71,4855.65,4864.95,5139.0
2026-01-21 15:00:00,4864.93,4880.15,4858.34,4879.28,6709.0
2026-01-21 16:00:00,4879.21,4880.8,4839.45,4851.83,7895.0
2026-01-21 17:00:00,4851.62,4868.67,4812.88,4847.73,7987.0
2026-01-21 18:00:00,4848.35,4855.47,4819.78,4833.25,7558.0
2026-01-21 19:00:00,4833.56,4834.24,4802.56,4826.15,7489.0
2026-01-21 20:00:00,4825.92,4850.55,4819.62,4850.15,6871.0
2026-01-21 21:00:00,4850.17,4853.77,4755.88,4781.18,7358.0
2026-01-21 22:00:00,4780.82,4827.72,4772.48,4826.61,7549.0
2026-01-21 23:00:00,4825.3,4839.66,4813.18,4831.05,4483.0
2026-01-22 01:00:00,4835.16,4835.16,4777.47,4778.25,4976.0
2026-01-22 02:00:00,4778.11,4798.63,4778.11,4798.19,5155.0
2026-01-22 03:00:00,4797.71,4809.48,4772.34,4797.89,6721.0
2026-01-22 04:00:00,4797.66,4798.03,4774.73,4788.9,5968.0
2026-01-22 05:00:00,4788.81,4796.62,4784.44,4796.5,5116.0
2026-01-22 06:00:00,4796.65,4800.28,4793.8,4797.36,4417.0
2026-01-22 07:00:00,4797.01,4821.52,4793.73,4821.18,5049.0
2026-01-22 08:00:00,4821.17,4829.1,4816.27,4826.46,5487.0
2026-01-22 09:00:00,4827.15,4838.15,4825.6,4832.62,4792.0
2026-01-22 10:00:00,4832.56,4835.55,4822.16,4830.67,4936.0
2026-01-22 11:00:00,4830.41,4837.81,4814.01,4823.02,5156.0
2026-01-22 12:00:00,4823.18,4831.57,4819.31,4828.83,4555.0
2026-01-22 13:00:00,4828.85,4836.28,4824.38,4830.97,4678.0
2026-01-22 14:00:00,4830.93,4832.45,4818.67,4819.61,4867.0
2026-01-22 15:00:00,4819.71,4835.11,4810.69,4822.16,6657.0
2026-01-22 16:00:00,4821.74,4847.54,4820.36,4834.96,6615.0
2026-01-22 17:00:00,4834.82,4873.57,4827.15,4871.58,7372.0
2026-01-22 18:00:00,4871.94,4885.3,4868.01,4877.86,6902.0
2026-01-22 19:00:00,4877.98,4906.14,4869.73,4904.5,6927.0
2026-01-22 20:00:00,4904.3,4919.4,4901.45,4915.95,6396.0
2026-01-22 21:00:00,4915.72,4924.26,4905.81,4911.65,6010.0
2026-01-22 22:00:00,4911.78,4928.22,4911.31,4916.89,5981.0
2026-01-22 23:00:00,4916.99,4940.55,4914.44,4936.21,4358.0
2026-01-23 01:00:00,4939.08,4960.3,4930.79,4958.86,5015.0
2026-01-23 02:00:00,4958.78,4965.43,4947.27,4964.89,4625.0
2026-01-23 03:00:00,4965.74,4967.12,4936.76,4953.27,6662.0
2026-01-23 04:00:00,4953.29,4962.02,4946.95,4955.33,4878.0
2026-01-23 05:00:00,4955.42,4958.83,4938.02,4951.83,4709.0
2026-01-23 06:00:00,4951.79,4958.19,4950.04,4956.11,2761.0
2026-01-23 07:00:00,4956.17,4967.16,4954.49,4960.53,3866.0
2026-01-23 08:00:00,4960.48,4962.99,4945.45,4953.48,5402.0
2026-01-23 09:00:00,4953.5,4959.44,4943.23,4944.35,4659.0
2026-01-23 10:00:00,4943.73,4947.43,4901.18,4913.86,6260.0
2026-01-23 11:00:00,4913.77,4921.44,4899.76,4918.62,6045.0
2026-01-23 12:00:00,4918.63,4932.36,4915.67,4929.74,4854.0
2026-01-23 13:00:00,4929.77,4929.81,4912.21,4922.78,4932.0
2026-01-23 14:00:00,4923.12,4942.47,4918.3,4939.22,5444.0
2026-01-23 15:00:00,4938.06,4947.87,4923.64,4938.95,7165.0
2026-01-23 16:00:00,4938.89,4956.36,4932.95,4943.2,7115.0
2026-01-23 17:00:00,4943.3,4963.16,4938.11,4960.45,7280.0
2026-01-23 18:00:00,4960.57,4988.03,4959.02,4980.25,7188.0
2026-01-23 19:00:00,4980.54,4987.92,4961.99,4965.45,6556.0
2026-01-23 20:00:00,4965.66,4983.97,4958.49,4966.5,6792.0
2026-01-23 21:00:00,4967.08,4989.69,4966.88,4984.26,5636.0
2026-01-23 22:00:00,4983.96,4985.52,4970.71,4982.94,5931.0
2026-01-23 23:00:00,4979.56,4986.4,4978.03,4986.07,2937.0
2026-01-26 01:00:00,5012.68,5039.91,5002.0,5039.66,6609.0
2026-01-26 02:00:00,5039.95,5051.87,5030.61,5041.55,6229.0
2026-01-26 03:00:00,5041.25,5085.48,5029.11,5070.83,7593.0
2026-01-26 04:00:00,5070.78,5092.78,5066.83,5080.8,6960.0
2026-01-26 05:00:00,5080.15,5087.66,5069.95,5076.43,6261.0
2026-01-26 06:00:00,5076.45,5077.88,5058.32,5070.27,5032.0
2026-01-26 07:00:00,5070.15,5076.26,5052.27,5074.29,6442.0
2026-01-26 08:00:00,5074.22,5110.94,5065.6,5077.92,6995.0
2026-01-26 09:00:00,5077.79,5095.68,5073.95,5089.1,5420.0
2026-01-26 10:00:00,5088.67,5098.1,5080.12,5083.42,5932.0
2026-01-26 11:00:00,5082.97,5098.24,5075.34,5083.89,6028.0
2026-01-26 12:00:00,5084.3,5094.9,5078.46,5091.55,5376.0
2026-01-26 13:00:00,5091.51,5092.63,5078.45,5091.37,5385.0
2026-01-26 14:00:00,5091.26,5096.75,5077.05,5078.91,5963.0
2026-01-26 15:00:00,5078.84,5083.11,5054.67,5068.49,7370.0
2026-01-26 16:00:00,5068.52,5096.73,5058.45,5096.07,7356.0
2026-01-26 17:00:00,5096.1,5097.07,5074.1,5091.0,7788.0
2026-01-26 18:00:00,5091.05,5104.63,5065.27,5089.65,7722.0
2026-01-26 19:00:00,5089.57,5104.75,5080.89,5100.8,7428.0
2026-01-26 20:00:00,5100.86,5103.0,5057.91,5068.76,8115.0
2026-01-26 21:00:00,5069.23,5069.52,5008.56,5028.8,8237.0
2026-01-26 22:00:00,5029.12,5062.11,5026.53,5055.08,7756.0
2026-01-26 23:00:00,5055.52,5059.12,4990.04,5008.04,6957.0
2026-01-27 01:00:00,5013.71,5061.28,5012.77,5043.44,5755.0
2026-01-27 02:00:00,5043.48,5053.87,5013.84,5032.72,5828.0
2026-01-27 03:00:00,5032.86,5075.67,5018.78,5060.18,7512.0
2026-01-27 04:00:00,5059.72,5079.49,5049.69,5072.24,6430.0
2026-01-27 05:00:00,5072.23,5079.06,5060.23,5076.73,6159.0
2026-01-27 06:00:00,5076.24,5078.44,5061.4,5067.67,5699.0
2026-01-27 07:00:00,5067.3,5085.05,5057.16,5082.73,6483.0
2026-01-27 08:00:00,5082.74,5093.77,5076.49,5085.54,6236.0
2026-01-27 09:00:00,5085.77,5100.44,5081.42,5085.87,6555.0
2026-01-27 10:00:00,5085.83,5088.17,5073.31,5079.29,6233.0
2026-01-27 11:00:00,5079.29,5099.46,5077.85,5098.74,5998.0
2026-01-27 12:00:00,5098.29,5098.29,5081.89,5086.41,5703.0
2026-01-27 13:00:00,5086.46,5090.7,5066.75,5077.19,5737.0
2026-01-27 14:00:00,5076.96,5091.04,5073.55,5085.0,6516.0
2026-01-27 15:00:00,5084.91,5092.7,5069.51,5077.32,7534.0
2026-01-27 16:00:00,5077.48,5082.15,5046.71,5054.51,8200.0
2026-01-27 17:00:00,5054.3,5091.06,5047.71,5090.88,8041.0
2026-01-27 18:00:00,5090.92,5103.02,5083.24,5087.42,7601.0
2026-01-27 19:00:00,5087.7,5094.0,5076.91,5081.3,7559.0
2026-01-27 20:00:00,5081.74,5095.32,5076.28,5088.01,7245.0
2026-01-27 21:00:00,5087.61,5099.91,5081.04,5098.78,6240.0
2026-01-27 22:00:00,5098.77,5182.19,5097.83,5176.26,8076.0
2026-01-27 23:00:00,5176.68,5190.25,5169.38,5181.1,6306.0
2026-01-28 01:00:00,5179.76,5184.75,5158.91,5172.18,6211.0
2026-01-28 02:00:00,5172.04,5180.01,5157.21,5171.76,6008.0
2026-01-28 03:00:00,5172.34,5225.13,5168.57,5204.58,7874.0
2026-01-28 04:00:00,5204.83,5234.32,5201.54,5231.8,7068.0
2026-01-28 05:00:00,5231.64,5247.4,5224.36,5235.06,6907.0
2026-01-28 06:00:00,5234.82,5248.68,5232.12,5245.35,5293.0
2026-01-28 07:00:00,5245.41,5266.06,5241.38,5261.12,6534.0
2026-01-28 08:00:00,5261.14,5271.22,5251.82,5269.66,6491.0
2026-01-28 09:00:00,5269.87,5292.62,5263.12,5290.4,6177.0
2026-01-28 10:00:00,5290.39,5311.43,5280.73,5293.59,6685.0
2026-01-28 11:00:00,5293.56,5297.48,5263.42,5278.05,6240.0
2026-01-28 12:00:00,5278.19,5285.69,5269.24,5269.9,5313.0
2026-01-28 13:00:00,5270.45,5270.45,5239.09,5261.62,6133.0
2026-01-28 14:00:00,5261.63,5279.17,5251.71,5279.12,6182.0
2026-01-28 15:00:00,5279.15,5289.31,5257.01,5266.42,7619.0
2026-01-28 16:00:00,5266.64,5288.3,5248.61,5285.93,7772.0
2026-01-28 17:00:00,5285.75,5298.28,5236.22,5278.18,8156.0
2026-01-28 18:00:00,5279.01,5299.86,5274.36,5299.65,7680.0
2026-01-28 19:00:00,5299.9,5306.84,5283.05,5298.02,7312.0
2026-01-28 20:00:00,5298.38,5325.76,5268.69,5283.1,7943.0
2026-01-28 21:00:00,5283.53,5331.5,5269.59,5325.31,8065.0
2026-01-28 22:00:00,5325.22,5391.28,5321.14,5376.39,8086.0
2026-01-28 23:00:00,5378.58,5418.96,5378.32,5417.39,6496.0
2026-01-29 01:00:00,5420.49,5596.58,5419.49,5512.88,7934.0
2026-01-29 02:00:00,5512.75,5527.1,5454.48,5520.03,7622.0
2026-01-29 03:00:00,5518.47,5551.45,5445.38,5545.51,8091.0
2026-01-29 04:00:00,5545.63,5549.93,5504.09,5535.56,7741.0
2026-01-29 05:00:00,5535.16,5548.67,5508.22,5545.6,7372.0
2026-01-29 06:00:00,5545.6,5564.28,5533.38,5557.9,6488.0
2026-01-29 07:00:00,5557.23,5564.06,5516.1,5561.94,7116.0
2026-01-29 08:00:00,5562.22,5595.2,5554.47,5561.33,7712.0
2026-01-29 09:00:00,5561.99,5574.8,5536.74,5548.84,7086.0
2026-01-29 10:00:00,5548.69,5554.62,5474.65,5509.78,7553.0
2026-01-29 11:00:00,5510.15,5529.26,5497.85,5514.04,6741.0
2026-01-29 12:00:00,5514.1,5525.12,5482.51,5483.24,6267.0
2026-01-29 13:00:00,5483.55,5528.8,5470.92,5522.59,6478.0
2026-01-29 14:00:00,5522.48,5543.0,5518.49,5534.14,6615.0
2026-01-29 15:00:00,5535.55,5540.98,5500.5,5509.87,7814.0
2026-01-29 16:00:00,5510.74,5549.32,5491.08,5496.9,8167.0
2026-01-29 17:00:00,5495.59,5495.59,5101.72,5182.78,8093.0
2026-01-29 18:00:00,5182.68,5309.86,5172.07,5263.77,8153.0
2026-01-29 19:00:00,5263.97,5375.17,5263.97,5335.43,8132.0
2026-01-29 20:00:00,5334.69,5361.68,5308.33,5338.62,8054.0
2026-01-29 21:00:00,5339.17,5345.07,5289.89,5305.6,8032.0
2026-01-29 22:00:00,5305.78,5406.64,5282.78,5394.24,7819.0
2026-01-29 23:00:00,5393.71,5425.86,5369.51,5370.52,6335.0
2026-01-30 01:00:00,5388.79,5448.47,5388.57,5438.19,6631.0
2026-01-30 02:00:00,5438.54,5450.97,5389.68,5406.82,7149.0
2026-01-30 03:00:00,5409.08,5409.08,5291.15,5300.56,8125.0
2026-01-30 04:00:00,5300.79,5312.18,5112.35,5226.0,8031.0
2026-01-30 05:00:00,5224.65,5229.39,5151.6,5196.15,7271.0
2026-01-30 06:00:00,5195.47,5229.99,5193.47,5214.59,6522.0
2026-01-30 07:00:00,5213.17,5240.39,5179.96,5184.65,6955.0
2026-01-30 08:00:00,5184.54,5204.92,5145.46,5156.1,7475.0
2026-01-30 09:00:00,5155.61,5186.18,5117.89,5180.79,7257.0
2026-01-30 10:00:00,5179.06,5179.06,5057.6,5116.57,6994.0
2026-01-30 11:00:00,5116.78,5132.03,4942.96,5013.32,7749.0
2026-01-30 12:00:00,5011.93,5121.92,5000.51,5119.08,7266.0
2026-01-30 13:00:00,5118.68,5143.8,5088.95,5135.49,6867.0
2026-01-30 14:00:00,5135.54,5145.32,5054.93,5064.2,7125.0
2026-01-30 15:00:00,5064.63,5099.45,4992.17,5019.16,7686.0
2026-01-30 16:00:00,5019.49,5113.23,5014.32,5032.34,7795.0
2026-01-30 17:00:00,5030.82,5073.9,4980.7,5049.91,7917.0
2026-01-30 18:00:00,5050.35,5051.42,4944.38,4985.37,7945.0
2026-01-30 19:00:00,4985.03,4985.61,4800.59,4849.29,7998.0
2026-01-30 20:00:00,4848.94,4891.77,4692.11,4878.77,7885.0
2026-01-30 21:00:00,4879.83,4947.53,4842.83,4932.53,7681.0
2026-01-30 22:00:00,4931.05,4932.83,4810.39,4833.93,7500.0
2026-01-30 23:00:00,4848.6,4892.25,4831.42,4883.85,5430.0
2026-02-02 01:00:00,4779.68,4867.66,4699.64,4740.48,7084.0
2026-02-02 02:00:00,4742.47,4884.44,4740.51,4766.4,7991.0
2026-02-02 03:00:00,4766.66,4784.43,4583.91,4736.66,8206.0
2026-02-02 04:00:00,4736.46,4772.6,4698.76,4710.72,8037.0
2026-02-02 05:00:00,4711.1,4729.1,4630.42,4646.01,8077.0
2026-02-02 06:00:00,4646.57,4713.14,4603.55,4679.51,7799.0
2026-02-02 07:00:00,4679.21,4695.44,4498.81,4548.93,7948.0
2026-02-02 08:00:00,4549.05,4573.15,4403.25,4503.06,8203.0
2026-02-02 09:00:00,4504.54,4618.73,4493.43,4586.79,7772.0
2026-02-02 10:00:00,4587.03,4650.48,4564.09,4640.55,7165.0
2026-02-02 11:00:00,4639.84,4730.4,4603.97,4719.41,7404.0
2026-02-02 12:00:00,4719.23,4733.5,4657.1,4705.26,7435.0
2026-02-02 13:00:00,4705.34,4778.73,4703.4,4766.13,7198.0
2026-02-02 14:00:00,4765.52,4812.16,4743.42,4793.86,7301.0
2026-02-02 15:00:00,4794.63,4803.58,4669.41,4705.81,8217.0
2026-02-02 16:00:00,4705.83,4793.12,4679.84,4718.91,8248.0
2026-02-02 17:00:00,4715.99,4745.24,4616.94,4619.74,8314.0
2026-02-02 18:00:00,4620.21,4708.22,4596.41,4665.67,8200.0
2026-02-02 19:00:00,4665.56,4713.61,4656.31,4674.47,7794.0
2026-02-02 20:00:00,4673.93,4673.96,4618.86,4657.79,7736.0
2026-02-02 21:00:00,4657.79,4712.18,4631.32,4685.13,7487.0
2026-02-02 22:00:00,4684.99,4700.52,4647.49,4652.25,7526.0
2026-02-02 23:00:00,4652.81,4686.86,4643.63,4660.83,5686.0
2026-02-03 01:00:00,4673.23,4775.18,4666.32,4774.16,6750.0
2026-02-03 02:00:00,4775.06,4830.0,4765.7,4779.96,7179.0
2026-02-03 03:00:00,4783.85,4855.81,4766.19,4841.31,8158.0
2026-02-03 04:00:00,4841.1,4841.44,4745.4,4783.28,8006.0
2026-02-03 05:00:00,4783.24,4813.04,4751.67,4809.57,7504.0
2026-02-03 06:00:00,4808.95,4824.82,4800.7,4808.69,6381.0
2026-02-03 07:00:00,4809.07,4841.88,4809.07,4824.98,6886.0
2026-02-03 08:00:00,4825.19,4893.78,4816.39,4881.25,7716.0
2026-02-03 09:00:00,4880.8,4933.36,4871.66,4917.07,6718.0
2026-02-03 10:00:00,4917.51,4948.61,4898.29,4911.89,6601.0
2026-02-03 11:00:00,4912.12,4925.94,4884.38,4915.98,6383.0
2026-02-03 12:00:00,4915.97,4929.42,4901.43,4902.03,5476.0
2026-02-03 13:00:00,4902.03,4919.15,4884.02,4916.75,5946.0
2026-02-03 14:00:00,4916.75,4935.43,4892.39,4913.83,6236.0
2026-02-03 15:00:00,4913.98,4950.82,4902.48,4932.67,7749.0
2026-02-03 16:00:00,4932.97,4936.3,4894.17,4917.12,7961.0
2026-02-03 17:00:00,4916.97,4948.27,4904.79,4935.12,7684.0
2026-02-03 18:00:00,4935.24,4993.61,4929.72,4955.52,7642.0
2026-02-03 19:00:00,4955.41,4969.59,4907.55,4929.13,8066.0
2026-02-03 20:00:00,4928.89,4953.89,4885.19,4908.03,7920.0
2026-02-03 21:00:00,4908.13,4948.67,4880.81,4927.07,7672.0
2026-02-03 22:00:00,4926.95,4956.55,4902.55,4944.27,7323.0
2026-02-03 23:00:00,4944.14,4963.91,4933.77,4946.81,4666.0
2026-02-04 01:00:00,4945.42,4972.18,4910.44,4947.28,6080.0
2026-02-04 02:00:00,4947.29,5016.07,4945.91,5015.85,7019.0
2026-02-04 03:00:00,5016.59,5053.01,4985.54,5046.74,7735.0
2026-02-04 04:00:00,5046.74,5065.41,5035.43,5040.3,6887.0
2026-02-04 05:00:00,5040.53,5073.38,5036.27,5069.89,6288.0
2026-02-04 06:00:00,5069.83,5081.06,5056.26,5080.41,4793.0
2026-02-04 07:00:00,5080.34,5090.16,5069.05,5079.13,5560.0
2026-02-04 08:00:00,5079.22,5082.48,5050.94,5076.76,6614.0
2026-02-04 09:00:00,5076.46,5091.14,5062.16,5084.7,5701.0
2026-02-04 10:00:00,5084.15,5091.67,5068.68,5083.5,4969.0
2026-02-04 11:00:00,5083.62,5086.75,5043.33,5060.03,6032.0
2026-02-04 12:00:00,5060.09,5064.15,5041.67,5048.5,5330.0
2026-02-04 13:00:00,5048.2,5053.3,5013.6,5047.43,5439.0
2026-02-04 14:00:00,5047.4,5063.13,5036.6,5040.92,5105.0
2026-02-04 15:00:00,5040.88,5063.36,5023.29,5053.81,7167.0
2026-02-04 16:00:00,5053.85,5058.67,4967.43,4986.25,7740.0
2026-02-04 17:00:00,4986.3,5007.53,4887.9,4920.95,8239.0
2026-02-04 18:00:00,4920.17,4939.78,4851.72,4904.37,8078.0
2026-02-04 19:00:00,4904.39,4929.96,4888.27,4898.11,7828.0
2026-02-04 20:00:00,4897.95,4935.09,4872.94,4927.29,7174.0
2026-02-04 21:00:00,4926.87,4957.62,4914.76,4941.72,6780.0
2026-02-04 22:00:00,4941.41,4951.01,4915.21,4938.55,6375.0
2026-02-04 23:00:00,4939.79,4970.69,4937.54,4964.76,3951.0
2026-02-05 01:00:00,4975.58,5023.56,4968.64,5012.06,5608.0
2026-02-05 02:00:00,5012.13,5020.27,4996.95,5006.69,5670.0
2026-02-05 03:00:00,5010.28,5011.76,4935.97,4958.75,8030.0
2026-02-05 04:00:00,4958.39,4961.39,4804.93,4811.65,8243.0
2026-02-05 05:00:00,4811.82,4888.06,4789.15,4880.51,7988.0
2026-02-05 06:00:00,4880.27,4890.85,4863.29,4863.52,6820.0
2026-02-05 07:00:00,4863.07,4906.46,4826.96,4895.79,7393.0
2026-02-05 08:00:00,4895.97,4933.77,4878.46,4920.48,7469.0
2026-02-05 09:00:00,4920.05,4940.54,4895.84,4914.91,6916.0
2026-02-05 10:00:00,4914.78,4943.41,4900.81,4912.13,6492.0
2026-02-05 11:00:00,4912.04,4914.03,4849.38,4854.82,7203.0
2026-02-05 12:00:00,4854.69,4886.75,4847.97,4877.02,6329.0
2026-02-05 13:00:00,4877.11,4894.21,4864.24,4868.24,5514.0
2026-02-05 14:00:00,4867.63,4877.89,4810.61,4853.72,7554.0
2026-02-05 15:00:00,4853.42,4867.46,4802.22,4835.5,7883.0
2026-02-05 16:00:00,4835.56,4870.12,4805.83,4846.77,8118.0
2026-02-05 17:00:00,4845.21,4863.57,4800.55,4817.83,8127.0
2026-02-05 18:00:00,4817.46,4906.46,4812.41,4888.78,7806.0
2026-02-05 19:00:00,4888.63,4889.81,4859.13,4869.22,7266.0
2026-02-05 20:00:00,4869.35,4875.21,4851.14,4857.73,6981.0
2026-02-05 21:00:00,4857.94,4865.0,4823.51,4829.45,6421.0
2026-02-05 22:00:00,4829.84,4843.29,4792.9,4811.64,7017.0
2026-02-05 23:00:00,4810.13,4826.04,4759.64,4779.4,5615.0
2026-02-06 01:00:00,4786.88,4795.76,4703.25,4703.65,6708.0
2026-02-06 02:00:00,4703.13,4764.48,4655.08,4762.67,7854.0
2026-02-06 03:00:00,4748.67,4784.64,4693.31,4773.77,7959.0
2026-02-06 04:00:00,4774.06,4846.09,4761.14,4816.48,7681.0
2026-02-06 05:00:00,4816.23,4838.98,4800.92,4824.16,6691.0
2026-02-06 06:00:00,4824.07,4831.52,4807.05,4813.81,5287.0
2026-02-06 07:00:00,4814.22,4897.58,4807.69,4897.44,6609.0
2026-02-06 08:00:00,4897.39,4902.73,4825.86,4846.17,7338.0
2026-02-06 09:00:00,4846.15,4861.98,4838.26,4841.02,5579.0
2026-02-06 10:00:00,4841.62,4881.95,4829.52,4861.83,5894.0
2026-02-06 11:00:00,4860.48,4872.45,4838.46,4866.7,5437.0
2026-02-06 12:00:00,4866.69,4879.83,4851.65,4878.45,4754.0
2026-02-06 13:00:00,4877.99,4895.53,4863.72,4886.84,5183.0
2026-02-06 14:00:00,4886.83,4903.3,4872.14,4900.17,5307.0
2026-02-06 15:00:00,4900.48,4938.18,4897.15,4929.05,7074.0
2026-02-06 16:00:00,4929.0,4949.53,4894.3,4948.16,7131.0
2026-02-06 17:00:00,4947.16,4964.77,4928.69,4943.62,7518.0
2026-02-06 18:00:00,4943.9,4953.08,4922.13,4951.43,6843.0
2026-02-06 19:00:00,4951.59,4968.45,4948.15,4960.28,5538.0
2026-02-06 20:00:00,4960.3,4971.14,4943.95,4962.36,5176.0
2026-02-06 21:00:00,4962.32,4963.03,4948.58,4956.98,3641.0
2026-02-06 22:00:00,4956.96,4958.93,4936.56,4949.75,4774.0
2026-02-06 23:00:00,4949.67,4964.38,4946.19,4964.08,2950.0
2026-02-09 01:00:00,4980.95,5046.7,4965.03,5035.91,6460.0
2026-02-09 02:00:00,5035.91,5044.54,5011.83,5019.67,6286.0
2026-02-09 03:00:00,5023.63,5041.72,4976.1,4982.25,7408.0
2026-02-09 04:00:00,4982.37,5017.17,4969.26,5007.06,6437.0
2026-02-09 05:00:00,5007.06,5031.03,5005.59,5016.04,5803.0
2026-02-09 06:00:00,5016.02,5024.69,5007.35,5011.92,4878.0
2026-02-09 07:00:00,5011.88,5041.47,5011.1,5036.77,5717.0
2026-02-09 08:00:00,5036.28,5045.22,5013.83,5030.97,6747.0
2026-02-09 09:00:00,5030.91,5030.91,4997.47,5006.22,5723.0
2026-02-09 10:00:00,5006.14,5035.16,5002.66,5027.19,5152.0
2026-02-09 11:00:00,5027.48,5040.52,5002.6,5007.82,4734.0
2026-02-09 12:00:00,5008.13,5015.03,4982.56,4990.9,5578.0
2026-02-09 13:00:00,4990.88,5018.01,4988.4,5010.57,4667.0
2026-02-09 14:00:00,5010.6,5021.13,5007.38,5013.48,4729.0
2026-02-09 15:00:00,5013.48,5024.44,4995.12,5006.99,6600.0
2026-02-09 16:00:00,5006.95,5040.31,5002.34,5037.88,6872.0
2026-02-09 17:00:00,5037.49,5060.09,5023.38,5058.61,6624.0
2026-02-09 18:00:00,5058.69,5080.66,5056.84,5073.18,6066.0
2026-02-09 19:00:00,5073.36,5075.29,5040.67,5046.16,5375.0
2026-02-09 20:00:00,5046.16,5063.91,5044.09,5062.66,5777.0
2026-02-09 21:00:00,5062.54,5079.92,5062.31,5074.41,4653.0
2026-02-09 22:00:00,5074.39,5086.26,5072.07,5079.23,5324.0
2026-02-09 23:00:00,5079.65,5082.9,5048.23,5058.26,3533.0
2026-02-10 01:00:00,5059.18,5075.16,4987.85,5031.77,6089.0
2026-02-10 02:00:00,5031.72,5047.63,5009.79,5018.76,5821.0
2026-02-10 03:00:00,5018.61,5037.52,5012.38,5032.7,6978.0
2026-02-10 04:00:00,5032.7,5055.93,5031.62,5038.14,6148.0
2026-02-10 05:00:00,5037.9,5037.9,5016.35,5029.9,5738.0
2026-02-10 06:00:00,5029.85,5033.81,5017.58,5031.48,4245.0
2026-02-10 07:00:00,5031.23,5040.32,5011.22,5039.59,5185.0
2026-02-10 08:00:00,5039.21,5045.19,5018.91,5024.27,5892.0
2026-02-10 09:00:00,5024.23,5035.82,5018.53,5033.72,4679.0
2026-02-10 10:00:00,5033.75,5054.83,5029.02,5041.99,5110.0
2026-02-10 11:00:00,5041.71,5062.96,5040.52,5046.64,4772.0
2026-02-10 12:00:00,5046.65,5058.16,5036.91,5046.96,4550.0
2026-02-10 13:00:00,5046.93,5057.35,5044.28,5055.88,3579.0
2026-02-10 14:00:00,5055.35,5056.89,5019.74,5032.31,5038.0
2026-02-10 15:00:00,5032.57,5058.27,5026.78,5050.98,6004.0
2026-02-10 16:00:00,5051.55,5078.45,5020.89,5039.72,6825.0
2026-02-10 17:00:00,5038.59,5048.15,4998.89,5019.4,7169.0
2026-02-10 18:00:00,5019.41,5026.41,5005.83,5023.76,6630.0
2026-02-10 19:00:00,5023.55,5039.99,5020.71,5026.15,5336.0
2026-02-10 20:00:00,5026.14,5027.8,5004.83,5012.98,5667.0
2026-02-10 21:00:00,5012.58,5030.1,5008.74,5027.94,4687.0
2026-02-10 22:00:00,5027.94,5045.03,5020.31,5030.35,4792.0
2026-02-10 23:00:00,5029.45,5032.75,5020.29,5025.29,3463.0
2026-02-11 01:00:00,5026.04,5054.5,5024.38,5041.76,3518.0
2026-02-11 02:00:00,5042.33,5049.32,5028.37,5037.69,4078.0
2026-02-11 03:00:00,5037.35,5052.81,5030.76,5052.42,5573.0
2026-02-11 04:00:00,5052.36,5057.57,5032.59,5054.93,5169.0
2026-02-11 05:00:00,5054.79,5060.53,5045.04,5054.32,4219.0
2026-02-11 06:00:00,5054.31,5059.51,5045.72,5046.31,3180.0
2026-02-11 07:00:00,5046.36,5063.87,5043.48,5052.16,4421.0
2026-02-11 08:00:00,5052.66,5064.52,5049.35,5064.1,4773.0
2026-02-11 09:00:00,5064.08,5069.12,5049.23,5055.48,5309.0
2026-02-11 10:00:00,5055.42,5060.28,5045.82,5053.57,4205.0
2026-02-11 11:00:00,5053.86,5071.98,5047.16,5062.67,4411.0
2026-02-11 12:00:00,5062.78,5100.89,5062.45,5093.11,5207.0
2026-02-11 13:00:00,5093.04,5116.47,5082.28,5111.68,4991.0
2026-02-11 14:00:00,5111.8,5119.17,5052.83,5083.63,6131.0
2026-02-11 15:00:00,5083.27,5089.76,5019.64,5065.98,7238.0
2026-02-11 16:00:00,5065.57,5082.57,5035.74,5059.69,7349.0
2026-02-11 17:00:00,5059.68,5081.7,5038.96,5060.17,7700.0
2026-02-11 18:00:00,5059.78,5078.03,5042.78,5075.0,6619.0
2026-02-11 19:00:00,5075.02,5098.73,5068.63,5091.4,5886.0
2026-02-11 20:00:00,5091.12,5092.74,5067.37,5082.41,5751.0
2026-02-11 21:00:00,5082.24,5094.17,5077.17,5081.79,4951.0
2026-02-11 22:00:00,5081.83,5089.76,5078.22,5086.67,5018.0
2026-02-11 23:00:00,5086.72,5092.74,5069.84,5084.42,3250.0
2026-02-12 01:00:00,5084.94,5099.73,5055.81,5061.11,4784.0
2026-02-12 02:00:00,5061.73,5067.7,5049.77,5062.68,5218.0
2026-02-12 03:00:00,5061.43,5064.17,5044.97,5063.28,5798.0
2026-02-12 04:00:00,5063.74,5072.56,5055.37,5065.96,4913.0
2026-02-12 05:00:00,5065.68,5074.52,5054.79,5056.81,4189.0
2026-02-12 06:00:00,5056.79,5069.99,5050.89,5069.37,2973.0
2026-02-12 07:00:00,5069.5,5078.02,5064.24,5075.41,4120.0
2026-02-12 08:00:00,5075.68,5076.24,5047.17,5059.68,5218.0
2026-02-12 09:00:00,5059.69,5066.18,5051.75,5063.79,3933.0
2026-02-12 10:00:00,5064.87,5073.4,5052.39,5068.39,4240.0
2026-02-12 11:00:00,5068.17,5080.66,5066.17,5073.07,3787.0
2026-02-12 12:00:00,5073.02,5076.95,5055.95,5062.11,3824.0
2026-02-12 13:00:00,5062.11,5068.27,5059.45,5063.81,3204.0
2026-02-12 14:00:00,5063.96,5068.58,5048.65,5052.63,4013.0
2026-02-12 15:00:00,5052.63,5083.65,5051.42,5075.16,5516.0
2026-02-12 16:00:00,5075.13,5077.53,5039.28,5044.33,6505.0
2026-02-12 17:00:00,5044.41,5074.69,5039.96,5060.51,6206.0
2026-02-12 18:00:00,5060.5,5067.98,4878.56,4955.35,8140.0
2026-02-12 19:00:00,4954.56,4982.26,4939.55,4941.04,7698.0
2026-02-12 20:00:00,4940.9,4952.05,4907.01,4935.71,7552.0
2026-02-12 21:00:00,4937.05,4957.63,4928.52,4945.41,6646.0
2026-02-12 22:00:00,4945.28,4948.25,4911.27,4915.22,6742.0
2026-02-12 23:00:00,4915.21,4926.5,4911.85,4921.73,3802.0
2026-02-13 01:00:00,4923.6,4929.4,4887.04,4920.32,4996.0
2026-02-13 02:00:00,4920.26,4948.57,4913.82,4928.12,5418.0
2026-02-13 03:00:00,4927.54,4988.56,4927.32,4980.65,6494.0
2026-02-13 04:00:00,4980.53,4991.06,4972.08,4988.35,5049.0
2026-02-13 05:00:00,4988.33,4989.23,4973.74,4981.16,4020.0
2026-02-13 06:00:00,4981.31,4997.19,4972.8,4976.54,3631.0
2026-02-13 07:00:00,4976.61,4986.42,4944.78,4945.95,5022.0
2026-02-13 08:00:00,4946.32,4968.62,4946.06,4967.09,5878.0
2026-02-13 09:00:00,4967.0,4982.51,4951.06,4974.67,4994.0
2026-02-13 10:00:00,4974.86,4989.41,4971.03,4982.51,5147.0
2026-02-13 11:00:00,4982.6,4982.61,4961.32,4970.18,4248.0
2026-02-13 12:00:00,4970.17,4980.65,4947.06,4949.97,3945.0
2026-02-13 13:00:00,4949.96,4954.69,4933.78,4953.81,4942.0
2026-02-13 14:00:00,4953.41,4973.72,4952.18,4969.6,4559.0
2026-02-13 15:00:00,4969.65,4999.2,4957.53,4986.97,6003.0
2026-02-13 16:00:00,4987.08,5010.81,4965.3,4995.5,7139.0
2026-02-13 17:00:00,4997.16,5020.3,4974.04,4976.87,7680.0
2026-02-13 18:00:00,4976.4,5033.83,4975.62,5007.87,6793.0
2026-02-13 19:00:00,5008.34,5029.04,5006.0,5021.03,5673.0
2026-02-13 20:00:00,5021.07,5035.21,5015.43,5030.97,5502.0
2026-02-13 21:00:00,5031.05,5045.89,5024.66,5024.66,5252.0
2026-02-13 22:00:00,5023.91,5034.08,5021.46,5030.27,5851.0
2026-02-13 23:00:00,5033.12,5045.95,5029.54,5043.08,2689.0
2026-02-16 01:00:00,5036.98,5050.56,5011.28,5020.02,5548.0
2026-02-16 02:00:00,5020.22,5022.36,5004.86,5015.39,4403.0
2026-02-16 03:00:00,5015.36,5031.03,5006.85,5028.83,4126.0
2026-02-16 04:00:00,5028.82,5031.1,4992.09,4994.66,4484.0
2026-02-16 05:00:00,4994.27,4999.86,4974.72,4987.46,4312.0
2026-02-16 06:00:00,4987.41,4992.05,4973.18,4976.76,4031.0
2026-02-16 07:00:00,4977.71,4990.57,4966.34,4990.57,3541.0
2026-02-16 08:00:00,4990.22,5002.91,4984.78,4994.67,3482.0
2026-02-16 09:00:00,4994.44,5009.91,4988.88,5007.19,3566.0
2026-02-16 10:00:00,5007.29,5013.23,4995.77,5007.92,4150.0
2026-02-16 11:00:00,5007.95,5017.22,5007.83,5013.41,3434.0
2026-02-16 12:00:00,5013.38,5017.16,5000.47,5005.94,3562.0
2026-02-16 13:00:00,5005.91,5007.97,4999.11,5004.29,3039.0
2026-02-16 14:00:00,5004.16,5008.1,4993.09,5001.92,3699.0
2026-02-16 15:00:00,5002.47,5003.54,4989.75,4997.3,3776.0
2026-02-16 16:00:00,4997.31,4999.44,4981.36,4988.28,4305.0
2026-02-16 17:00:00,4987.64,4988.28,4969.05,4979.54,4360.0
2026-02-16 18:00:00,4979.91,4990.24,4973.03,4987.88,3974.0
2026-02-16 19:00:00,4987.94,4995.85,4987.93,4991.48,2744.0
2026-02-16 20:00:00,4991.49,4997.5,4988.89,4994.53,3274.0
2026-02-16 21:00:00,4994.45,4996.16,4990.36,4993.31,1610.0
2026-02-17 01:00:00,4994.97,5000.33,4985.24,4989.63,3187.0
2026-02-17 02:00:00,4989.84,4991.39,4932.18,4935.55,4716.0
2026-02-17 03:00:00,4936.38,4963.73,4923.08,4957.41,5272.0
2026-02-17 04:00:00,4957.04,4970.94,4954.46,4966.94,3803.0
2026-02-17 05:00:00,4966.94,4969.95,4950.11,4956.69,3932.0
2026-02-17 06:00:00,4956.63,4960.16,4946.69,4952.92,3100.0
2026-02-17 07:00:00,4952.8,4954.2,4862.36,4888.75,6375.0
2026-02-17 08:00:00,4888.77,4914.12,4886.68,4910.33,4626.0
2026-02-17 09:00:00,4910.36,4921.66,4903.99,4917.12,4533.0
2026-02-17 10:00:00,4917.0,4930.21,4916.18,4920.8,4613.0
2026-02-17 11:00:00,4920.52,4932.48,4913.5,4925.86,4307.0
2026-02-17 12:00:00,4925.38,4939.4,4907.8,4913.15,4159.0
2026-02-17 13:00:00,4913.17,4930.75,4913.17,4929.28,3968.0
2026-02-17 14:00:00,4929.09,4943.99,4928.18,4931.97,4463.0
2026-02-17 15:00:00,4931.16,4933.25,4870.15,4870.57,6079.0
2026-02-17 16:00:00,4870.38,4906.94,4843.12,4863.88,7568.0
2026-02-17 17:00:00,4860.85,4882.34,4849.04,4878.47,7717.0
2026-02-17 18:00:00,4878.03,4893.34,4868.55,4868.99,7126.0
2026-02-17 19:00:00,4869.1,4871.19,4850.27,4865.0,6744.0
2026-02-17 20:00:00,4864.97,4910.1,4862.47,4898.82,6268.0
2026-02-17 21:00:00,4898.94,4900.98,4876.49,4880.21,5569.0
2026-02-17 22:00:00,4880.18,4883.92,4873.33,4877.94,5823.0
2026-02-17 23:00:00,4877.86,4886.78,4875.11,4877.34,2621.0
2026-02-18 01:00:00,4869.14,4884.34,4854.05,4859.19,4304.0
2026-02-18 02:00:00,4859.19,4882.11,4858.35,4874.72,4486.0
2026-02-18 03:00:00,4874.39,4892.48,4874.39,4889.81,4173.0
2026-02-18 04:00:00,4889.77,4907.22,4886.89,4905.19,3328.0
2026-02-18 05:00:00,4905.84,4922.05,4904.24,4920.65,3438.0
2026-02-18 06:00:00,4920.67,4940.25,4918.19,4934.0,3463.0
2026-02-18 07:00:00,4934.03,4939.71,4929.8,4933.24,2925.0
2026-02-18 08:00:00,4933.45,4935.88,4925.23,4930.67,3302.0
2026-02-18 09:00:00,4930.42,4942.13,4929.06,4930.19,3271.0
2026-02-18 10:00:00,4930.41,4932.18,4916.55,4917.13,3556.0
2026-02-18 11:00:00,4917.96,4922.99,4912.96,4917.21,3512.0
2026-02-18 12:00:00,4917.23,4924.35,4909.63,4914.34,3824.0
2026-02-18 13:00:00,4914.37,4917.55,4906.32,4912.85,3040.0
2026-02-18 14:00:00,4912.89,4946.99,4912.01,4942.91,4302.0
2026-02-18 15:00:00,4943.09,4968.87,4943.09,4954.35,5169.0
2026-02-18 16:00:00,4954.62,4993.74,4952.25,4991.45,5933.0
2026-02-18 17:00:00,4991.39,5009.03,4991.39,4997.86,6036.0
2026-02-18 18:00:00,4998.27,5010.89,4991.51,5000.45,5579.0
2026-02-18 19:00:00,5000.58,5001.63,4993.45,4999.21,4344.0
2026-02-18 20:00:00,4999.21,5003.11,4980.65,4987.51,5276.0
2026-02-18 21:00:00,4987.15,4995.33,4972.99,4980.66,5634.0
2026-02-18 22:00:00,4980.63,4987.63,4975.65,4984.95,5143.0
2026-02-18 23:00:00,4985.65,4986.49,4975.44,4977.31,2070.0
2026-02-19 01:00:00,4978.14,4988.77,4962.2,4976.03,3889.0
2026-02-19 02:00:00,4975.88,4975.88,4960.7,4961.29,3989.0
2026-02-19 03:00:00,4961.28,4975.83,4960.8,4972.97,3672.0
2026-02-19 04:00:00,4972.81,4977.11,4965.63,4967.98,3049.0
2026-02-19 05:00:00,4968.0,4983.1,4966.16,4981.38,3163.0
2026-02-19 06:00:00,4981.29,4985.32,4976.79,4984.08,2704.0
2026-02-19 07:00:00,4984.0,4998.44,4984.0,4996.78,2797.0
2026-02-19 08:00:00,4996.77,5019.7,4996.51,5018.16,3540.0
2026-02-19 09:00:00,5018.1,5021.46,5008.67,5010.09,3481.0
2026-02-19 10:00:00,5010.07,5021.81,5006.25,5016.9,4008.0
2026-02-19 11:00:00,5017.2,5020.31,4992.93,4995.5,4045.0
2026-02-19 12:00:00,4995.46,4995.92,4981.48,4993.17,4160.0
2026-02-19 13:00:00,4993.16,4996.08,4977.87,4984.35,3671.0
2026-02-19 14:00:00,4984.6,4992.66,4980.37,4984.8,3622.0
2026-02-19 15:00:00,4984.94,4998.3,4972.16,4996.9,4887.0
2026-02-19 16:00:00,4996.8,5010.16,4963.91,5005.4,6311.0
2026-02-19 17:00:00,5005.8,5022.02,4995.98,5013.6,7002.0
2026-02-19 18:00:00,5014.0,5014.12,4990.46,4995.08,5823.0
2026-02-19 19:00:00,4994.7,5001.52,4982.79,4984.72,5014.0
2026-02-19 20:00:00,4984.86,4989.04,4975.18,4981.6,4887.0
2026-02-19 21:00:00,4981.6,4990.14,4978.21,4987.72,4136.0
2026-02-19 22:00:00,4987.76,5003.26,4987.74,5001.63,4363.0
2026-02-19 23:00:00,5001.6,5004.06,4991.9,4996.06,2237.0
2026-02-20 01:00:00,4999.02,5008.48,4986.1,4987.46,3323.0
2026-02-20 02:00:00,4987.63,5006.68,4985.24,5006.24,2929.0
2026-02-20 03:00:00,5006.24,5014.54,4995.16,4996.8,3849.0
2026-02-20 04:00:00,4996.82,5007.24,4992.68,4996.06,3163.0
2026-02-20 05:00:00,4995.76,4998.96,4981.64,4987.22,3139.0
2026-02-20 06:00:00,4988.02,5003.12,4986.54,4999.61,2334.0
2026-02-20 07:00:00,4999.8,5011.7,4997.84,5011.7,2838.0
2026-02-20 08:00:00,5012.1,5029.86,5011.77,5020.44,3733.0
2026-02-20 09:00:00,5020.44,5027.95,5005.96,5006.12,3852.0
2026-02-20 10:00:00,5006.64,5030.38,5004.82,5028.66,3987.0
2026-02-20 11:00:00,5028.74,5042.4,5027.3,5027.48,4154.0
2026-02-20 12:00:00,5027.56,5038.26,5019.36,5034.44,3921.0
2026-02-20 13:00:00,5034.4,5034.61,5015.42,5017.17,3701.0
2026-02-20 14:00:00,5017.12,5026.36,5006.84,5024.88,4130.0
2026-02-20 15:00:00,5025.02,5048.53,5018.08,5043.2,5060.0
2026-02-20 16:00:00,5043.43,5060.23,5037.33,5054.43,6216.0
2026-02-20 17:00:00,5054.36,5063.85,4990.13,5042.37,8048.0
2026-02-20 18:00:00,5042.13,5069.01,5038.63,5066.58,6939.0
2026-02-20 19:00:00,5066.19,5075.97,5054.45,5072.66,6626.0
2026-02-20 20:00:00,5072.95,5074.83,5054.48,5070.9,6488.0
2026-02-20 21:00:00,5071.14,5079.73,5068.74,5079.3,4498.0
2026-02-20 22:00:00,5079.28,5096.94,5076.76,5096.68,5376.0
2026-02-20 23:00:00,5094.43,5106.88,5091.57,5103.62,2820.0
2026-02-23 01:00:00,5106.92,5171.7,5098.86,5165.22,5920.0
2026-02-23 02:00:00,5164.53,5166.71,5129.53,5144.33,6127.0
2026-02-23 03:00:00,5144.36,5167.49,5140.06,5157.29,5619.0
2026-02-23 04:00:00,5156.98,5176.4,5156.6,5173.59,4970.0
2026-02-23 05:00:00,5173.58,5175.88,5152.93,5166.65,4250.0
2026-02-23 06:00:00,5166.68,5168.55,5155.47,5160.56,3568.0
2026-02-23 07:00:00,5160.5,5161.43,5152.26,5158.1,3653.0
2026-02-23 08:00:00,5158.08,5161.01,5144.88,5145.52,3802.0
2026-02-23 09:00:00,5145.55,5154.29,5125.06,5136.52,5017.0
2026-02-23 10:00:00,5136.5,5141.84,5122.28,5140.01,4871.0
2026-02-23 11:00:00,5139.9,5149.9,5139.66,5149.36,3917.0
2026-02-23 12:00:00,5149.45,5163.23,5145.06,5162.7,4236.0
2026-02-23 13:00:00,5162.83,5163.22,5147.06,5149.59,3870.0
2026-02-23 14:00:00,5149.52,5165.23,5145.35,5163.94,4278.0
2026-02-23 15:00:00,5163.81,5164.98,5143.63,5146.2,4968.0
2026-02-23 16:00:00,5146.19,5200.08,5141.53,5192.18,6359.0
2026-02-23 17:00:00,5192.13,5204.75,5180.51,5196.3,7324.0
2026-02-23 18:00:00,5195.64,5218.63,5175.98,5209.75,6937.0
2026-02-23 19:00:00,5209.79,5213.27,5190.94,5207.71,6250.0
2026-02-23 20:00:00,5207.71,5215.57,5200.9,5209.21,5526.0
2026-02-23 21:00:00,5209.2,5218.07,5206.29,5215.37,5070.0
2026-02-23 22:00:00,5215.35,5237.5,5215.23,5236.09,5514.0
2026-02-23 23:00:00,5236.05,5237.04,5226.31,5227.35,3006.0
2026-02-24 01:00:00,5227.28,5249.61,5222.37,5235.5,4415.0
2026-02-24 02:00:00,5234.93,5237.89,5218.31,5223.71,5143.0
2026-02-24 03:00:00,5223.65,5223.65,5145.1,5177.2,7611.0
2026-02-24 04:00:00,5177.41,5190.6,5165.35,5189.69,5475.0
2026-02-24 05:00:00,5189.57,5191.51,5171.13,5171.88,4390.0
2026-02-24 06:00:00,5171.82,5174.81,5160.96,5168.04,3848.0
2026-02-24 07:00:00,5167.86,5185.53,5163.89,5182.32,4555.0
2026-02-24 08:00:00,5182.38,5184.65,5156.2,5173.46,4860.0
2026-02-24 09:00:00,5173.43,5183.49,5164.01,5179.15,4779.0
2026-02-24 10:00:00,5179.19,5181.74,5164.93,5173.28,4631.0
2026-02-24 11:00:00,5173.27,5180.27,5166.37,5171.21,3997.0
2026-02-24 12:00:00,5171.17,5180.97,5163.15,5172.66,3891.0
2026-02-24 13:00:00,5172.67,5178.23,5170.84,5172.53,3311.0
2026-02-24 14:00:00,5172.43,5173.32,5145.21,5150.64,5329.0
2026-02-24 15:00:00,5150.55,5161.06,5111.14,5115.04,6503.0
2026-02-24 16:00:00,5114.56,5139.05,5094.16,5128.28,7671.0
2026-02-24 17:00:00,5127.55,5155.0,5117.84,5150.09,7170.0
2026-02-24 18:00:00,5150.09,5151.95,5130.99,5141.65,6669.0
2026-02-24 19:00:00,5141.73,5163.63,5141.61,5163.56,5484.0
2026-02-24 20:00:00,5163.58,5169.97,5153.7,5159.87,5489.0
2026-02-24 21:00:00,5159.81,5160.11,5146.44,5153.77,5323.0
2026-02-24 22:00:00,5153.81,5172.96,5146.41,5163.98,5589.0
2026-02-24 23:00:00,5163.75,5165.48,5140.33,5143.67,3086.0
2026-02-25 01:00:00,5142.64,5152.24,5122.68,5146.51,3845.0
2026-02-25 02:00:00,5146.56,5155.91,5136.68,5152.1,3962.0
2026-02-25 03:00:00,5152.09,5189.75,5144.03,5176.63,6031.0
2026-02-25 04:00:00,5176.61,5193.68,5166.61,5180.52,5348.0
2026-02-25 05:00:00,5180.7,5189.87,5178.08,5181.82,4687.0
2026-02-25 06:00:00,5181.58,5184.91,5172.62,5182.5,3107.0
2026-02-25 07:00:00,5182.67,5210.3,5182.67,5201.51,4634.0
2026-02-25 08:00:00,5201.51,5201.51,5182.49,5194.47,5134.0
2026-02-25 09:00:00,5194.49,5194.9,5180.29,5184.48,3561.0
2026-02-25 10:00:00,5184.96,5197.1,5183.88,5185.17,4147.0
2026-02-25 11:00:00,5185.07,5194.35,5176.53,5192.99,4576.0
2026-02-25 12:00:00,5193.15,5194.9,5169.9,5174.87,4165.0
2026-02-25 13:00:00,5174.79,5182.4,5154.99,5181.43,4416.0
2026-02-25 14:00:00,5181.35,5187.19,5177.25,5182.58,4117.0
2026-02-25 15:00:00,5182.63,5191.19,5180.9,5184.97,5418.0
2026-02-25 16:00:00,5184.78,5193.03,5158.81,5191.03,6591.0
2026-02-25 17:00:00,5191.0,5202.34,5172.58,5194.34,7033.0
2026-02-25 18:00:00,5194.67,5213.75,5189.61,5212.08,5941.0
2026-02-25 19:00:00,5212.03,5217.34,5203.35,5206.68,5479.0
2026-02-25 20:00:00,5206.69,5207.37,5200.67,5202.12,3414.0
2026-02-25 21:00:00,5202.14,5208.09,5191.9,5204.56,5772.0
2026-02-25 22:00:00,5204.75,5205.94,5146.37,5151.94,6130.0
2026-02-25 23:00:00,5151.85,5173.27,5150.27,5164.75,4615.0
2026-02-26 01:00:00,5164.69,5181.83,5161.3,5163.05,4530.0
2026-02-26 02:00:00,5162.92,5191.91,5155.41,5188.08,5031.0
2026-02-26 03:00:00,5188.07,5198.23,5178.39,5191.52,6255.0
2026-02-26 04:00:00,5191.18,5195.31,5174.16,5184.06,5410.0
2026-02-26 05:00:00,5184.15,5193.61,5182.81,5192.45,4256.0
2026-02-26 06:00:00,5192.28,5198.81,5190.32,5192.51,3233.0
2026-02-26 07:00:00,5192.54,5205.11,5190.02,5198.16,4553.0
2026-02-26 08:00:00,5198.17,5199.41,5190.14,5193.04,4348.0
2026-02-26 09:00:00,5193.04,5194.52,5179.52,5185.84,4185.0
2026-02-26 10:00:00,5186.25,5190.65,5167.73,5179.17,5424.0
2026-02-26 11:00:00,5178.66,5189.53,5173.64,5186.21,4148.0
2026-02-26 12:00:00,5186.21,5189.97,5165.92,5171.24,3919.0
2026-02-26 13:00:00,5171.28,5178.16,5161.12,5164.15,3791.0
2026-02-26 14:00:00,5164.77,5187.57,5157.79,5183.85,4788.0
2026-02-26 15:00:00,5183.9,5185.2,5164.13,5166.13,6177.0
2026-02-26 16:00:00,5165.65,5175.85,5141.02,5164.93,6819.0
2026-02-26 17:00:00,5164.51,5192.66,5130.5,5185.57,7827.0
2026-02-26 18:00:00,5185.56,5186.88,5172.81,5179.47,6759.0
2026-02-26 19:00:00,5179.47,5190.16,5161.82,5167.09,5969.0
2026-02-26 20:00:00,5167.38,5185.6,5160.7,5180.07,5811.0
2026-02-26 21:00:00,5180.27,5193.8,5179.61,5186.79,4757.0
2026-02-26 22:00:00,5186.7,5200.58,5186.7,5196.21,5191.0
2026-02-26 23:00:00,5196.29,5200.42,5182.87,5184.97,2624.0
2026-02-27 01:00:00,5184.92,5189.7,5176.11,5184.45,2894.0
2026-02-27 02:00:00,5184.34,5194.69,5171.5,5174.76,4032.0
2026-02-27 03:00:00,5174.91,5194.31,5166.75,5193.95,5835.0
2026-02-27 04:00:00,5193.91,5199.43,5173.47,5183.35,5652.0
2026-02-27 05:00:00,5183.37,5190.28,5181.07,5183.88,4319.0
2026-02-27 06:00:00,5183.81,5188.65,5180.79,5181.61,3168.0
2026-02-27 07:00:00,5181.49,5200.2,5181.37,5197.7,4316.0
2026-02-27 08:00:00,5197.49,5199.04,5184.95,5185.47,5314.0
2026-02-27 09:00:00,5185.51,5189.49,5175.53,5175.83,4576.0
2026-02-27 10:00:00,5176.32,5182.2,5174.29,5178.64,4128.0
2026-02-27 11:00:00,5177.83,5182.39,5172.13,5175.82,3763.0
2026-02-27 12:00:00,5175.93,5180.77,5168.71,5177.42,3802.0
2026-02-27 13:00:00,5177.42,5185.47,5172.45,5185.47,3390.0
2026-02-27 14:00:00,5185.82,5190.26,5182.8,5187.36,4140.0
2026-02-27 15:00:00,5187.41,5240.17,5186.59,5222.81,7318.0
2026-02-27 16:00:00,5222.84,5236.03,5213.61,5223.47,7066.0
2026-02-27 17:00:00,5223.37,5246.06,5214.75,5239.14,7293.0
2026-02-27 18:00:00,5239.21,5257.55,5222.09,5229.02,7113.0
2026-02-27 19:00:00,5229.23,5236.92,5221.86,5234.81,6267.0
2026-02-27 20:00:00,5234.7,5246.96,5222.61,5245.39,5878.0
2026-02-27 21:00:00,5244.94,5252.31,5240.2,5250.14,5126.0
2026-02-27 22:00:00,5249.89,5265.27,5248.54,5262.47,5317.0
2026-02-27 23:00:00,5259.77,5281.05,5257.2,5280.29,2998.0
2026-03-02 01:00:00,5315.99,5392.89,5304.95,5386.76,6994.0
2026-03-02 02:00:00,5386.91,5387.63,5340.87,5347.19,6794.0
2026-03-02 03:00:00,5347.06,5347.06,5303.15,5324.79,7804.0
2026-03-02 04:00:00,5324.72,5351.34,5316.84,5346.31,6369.0
2026-03-02 05:00:00,5346.2,5366.44,5344.14,5366.02,5331.0
2026-03-02 06:00:00,5366.07,5366.74,5344.91,5355.41,4411.0
2026-03-02 07:00:00,5355.18,5365.98,5340.66,5365.81,5131.0
2026-03-02 08:00:00,5365.77,5389.49,5363.31,5387.31,5853.0
2026-03-02 09:00:00,5387.27,5418.9,5384.6,5407.88,6181.0
2026-03-02 10:00:00,5407.24,5416.51,5391.08,5393.82,6325.0
2026-03-02 11:00:00,5393.94,5402.31,5385.8,5391.67,5331.0
2026-03-02 12:00:00,5391.8,5400.53,5379.01,5389.11,5093.0
2026-03-02 13:00:00,5389.26,5399.68,5374.29,5385.05,4950.0
2026-03-02 14:00:00,5385.21,5398.34,5378.84,5396.75,5242.0
2026-03-02 15:00:00,5396.74,5416.41,5381.51,5393.81,7381.0
2026-03-02 16:00:00,5393.71,5394.84,5306.9,5333.16,8153.0
2026-03-02 17:00:00,5328.79,5348.57,5308.09,5315.74,8102.0
2026-03-02 18:00:00,5314.86,5314.86,5260.64,5289.91,8061.0
2026-03-02 19:00:00,5289.47,5320.33,5286.96,5306.47,7217.0
2026-03-02 20:00:00,5306.72,5316.38,5289.4,5315.24,6490.0
2026-03-02 21:00:00,5315.28,5333.54,5313.63,5330.3,5569.0
2026-03-02 22:00:00,5330.43,5346.12,5328.15,5331.92,6900.0
2026-03-02 23:00:00,5332.1,5340.07,5321.57,5321.81,3636.0
2026-03-03 01:00:00,5331.13,5346.76,5329.19,5345.63,3491.0
2026-03-03 02:00:00,5345.63,5361.95,5336.64,5349.54,4180.0
2026-03-03 03:00:00,5350.69,5379.65,5337.83,5338.78,6856.0
2026-03-03 04:00:00,5339.06,5367.82,5332.65,5366.54,6407.0
2026-03-03 05:00:00,5366.69,5373.35,5359.0,5367.05,4747.0
2026-03-03 06:00:00,5367.45,5375.29,5359.17,5360.59,4181.0
2026-03-03 07:00:00,5360.84,5366.7,5305.71,5319.04,6388.0
2026-03-03 08:00:00,5319.34,5322.93,5279.16,5310.43,7302.0
2026-03-03 09:00:00,5310.37,5330.86,5305.79,5327.55,5625.0
2026-03-03 10:00:00,5326.89,5335.76,5290.08,5295.51,6545.0
2026-03-03 11:00:00,5295.35,5303.73,5226.6,5275.0,7115.0
2026-03-03 12:00:00,5275.01,5287.76,5237.88,5248.15,6711.0
2026-03-03 13:00:00,5247.98,5263.87,5074.49,5144.93,7986.0
2026-03-03 14:00:00,5144.78,5226.6,5138.69,5224.45,7197.0
2026-03-03 15:00:00,5223.95,5223.95,5128.01,5156.71,7880.0
2026-03-03 16:00:00,5156.43,5175.08,5016.39,5037.73,7850.0
2026-03-03 17:00:00,5038.69,5096.81,4996.85,5095.24,8067.0
2026-03-03 18:00:00,5095.39,5134.5,5090.2,5106.43,7937.0
2026-03-03 19:00:00,5106.45,5109.61,5065.11,5079.02,7727.0
2026-03-03 20:00:00,5079.14,5137.94,5079.03,5135.88,7382.0
2026-03-03 21:00:00,5135.81,5148.51,5099.22,5113.1,7385.0
2026-03-03 22:00:00,5114.01,5130.15,5086.29,5097.0,7402.0
2026-03-03 23:00:00,5096.86,5110.21,5083.42,5088.17,4545.0
2026-03-04 01:00:00,5109.46,5129.57,5084.62,5125.11,4684.0
2026-03-04 02:00:00,5125.26,5140.18,5105.89,5138.17,5328.0
2026-03-04 03:00:00,5138.35,5178.11,5138.35,5174.81,7487.0
2026-03-04 04:00:00,5174.44,5190.59,5154.03,5156.11,6956.0
2026-03-04 05:00:00,5156.1,5177.18,5141.17,5174.01,6408.0
2026-03-04 06:00:00,5174.04,5180.66,5151.95,5156.53,5401.0
2026-03-04 07:00:00,5157.14,5167.6,5151.97,5159.54,6436.0
2026-03-04 08:00:00,5159.53,5160.21,5122.34,5160.21,6700.0
2026-03-04 09:00:00,5160.21,5175.62,5158.37,5168.06,5379.0
2026-03-04 10:00:00,5168.84,5181.86,5147.75,5167.5,5824.0
2026-03-04 11:00:00,5167.35,5184.83,5159.12,5181.99,5070.0
2026-03-04 12:00:00,5181.98,5202.01,5179.59,5189.72,5503.0
2026-03-04 13:00:00,5189.75,5200.48,5187.57,5191.97,4396.0
2026-03-04 14:00:00,5192.05,5206.01,5156.58,5171.11,6188.0
2026-03-04 15:00:00,5171.21,5196.13,5167.58,5167.65,6844.0
2026-03-04 16:00:00,5167.09,5184.77,5138.92,5147.05,7560.0
2026-03-04 17:00:00,5144.72,5166.69,5131.41,5151.06,7775.0
2026-03-04 18:00:00,5151.14,5162.34,5138.14,5149.57,7106.0
2026-03-04 19:00:00,5149.46,5152.74,5119.99,5140.98,6717.0
2026-03-04 20:00:00,5140.95,5143.17,5109.31,5133.69,6637.0
2026-03-04 21:00:00,5133.84,5139.32,5123.21,5137.66,5491.0
2026-03-04 22:00:00,5137.6,5146.37,5123.56,5134.64,5674.0
2026-03-04 23:00:00,5135.2,5143.84,5129.45,5141.09,3050.0
2026-03-05 01:00:00,5150.22,5165.98,5144.56,5165.06,3258.0
2026-03-05 02:00:00,5165.89,5179.69,5159.12,5172.4,3769.0
2026-03-05 03:00:00,5172.6,5186.26,5167.56,5172.51,6505.0
2026-03-05 04:00:00,5172.54,5192.2,5171.62,5191.81,5798.0
2026-03-05 05:00:00,5191.82,5194.79,5178.16,5180.04,4647.0
2026-03-05 06:00:00,5179.8,5186.5,5166.16,5171.47,3749.0
2026-03-05 07:00:00,5171.58,5176.59,5148.21,5148.32,4921.0
2026-03-05 08:00:00,5148.42,5168.61,5120.63,5167.84,6580.0
2026-03-05 09:00:00,5167.27,5172.5,5158.69,5161.86,5376.0
2026-03-05 10:00:00,5162.01,5169.88,5137.61,5165.35,5968.0
2026-03-05 11:00:00,5165.5,5180.24,5153.75,5160.76,6019.0
2026-03-05 12:00:00,5160.59,5167.37,5146.03,5164.41,4948.0
2026-03-05 13:00:00,5164.42,5167.82,5156.8,5163.78,4303.0
2026-03-05 14:00:00,5163.98,5171.49,5160.99,5162.55,4457.0
2026-03-05 15:00:00,5162.56,5164.0,5084.64,5117.95,7282.0
2026-03-05 16:00:00,5117.57,5129.71,5090.82,5101.77,7685.0
2026-03-05 17:00:00,5101.42,5119.32,5062.19,5102.52,7815.0
2026-03-05 18:00:00,5102.99,5104.37,5054.2,5077.56,7564.0
2026-03-05 19:00:00,5077.92,5089.4,5055.14,5062.81,7430.0
2026-03-05 20:00:00,5062.95,5085.24,5051.1,5069.24,7283.0
2026-03-05 21:00:00,5069.33,5081.21,5056.1,5065.82,7002.0
2026-03-05 22:00:00,5065.89,5094.46,5061.57,5076.48,7076.0
2026-03-05 23:00:00,5075.9,5084.77,5072.01,5080.83,3162.0
2026-03-06 01:00:00,5084.03,5101.55,5082.04,5085.99,3858.0
2026-03-06 02:00:00,5085.72,5092.19,5074.15,5084.49,4497.0
2026-03-06 03:00:00,5083.97,5143.3,5066.56,5134.46,7017.0
2026-03-06 04:00:00,5134.16,5138.24,5121.99,5126.14,5498.0
2026-03-06 05:00:00,5126.08,5141.29,5124.09,5130.88,4437.0
2026-03-06 06:00:00,5130.87,5136.14,5126.17,5127.33,3250.0
2026-03-06 07:00:00,5127.3,5129.88,5114.33,5117.02,4829.0
2026-03-06 08:00:00,5117.33,5122.79,5109.08,5115.62,4802.0
2026-03-06 09:00:00,5115.68,5120.54,5105.9,5119.42,4590.0
2026-03-06 10:00:00,5119.4,5122.96,5096.23,5108.46,5059.0
2026-03-06 11:00:00,5108.8,5108.8,5083.25,5085.52,5686.0
2026-03-06 12:00:00,5085.57,5092.5,5075.63,5090.77,5415.0
2026-03-06 13:00:00,5090.97,5099.18,5062.72,5077.07,5485.0
2026-03-06 14:00:00,5077.43,5096.54,5076.35,5083.27,5748.0
2026-03-06 15:00:00,5082.52,5130.75,5065.52,5084.98,7503.0
2026-03-06 16:00:00,5085.06,5131.62,5081.23,5130.11,7694.0
2026-03-06 17:00:00,5130.53,5171.39,5128.43,5141.67,7759.0
2026-03-06 18:00:00,5142.02,5153.07,5126.04,5139.67,7240.0
2026-03-06 19:00:00,5139.63,5152.4,5128.8,5140.54,6830.0
2026-03-06 20:00:00,5140.34,5167.46,5138.59,5160.89,6218.0
2026-03-06 21:00:00,5161.02,5174.34,5156.58,5159.61,5652.0
2026-03-06 22:00:00,5159.63,5162.51,5149.49,5154.7,5610.0
2026-03-06 23:00:00,5156.71,5172.05,5155.75,5171.24,2715.0
2026-03-09 00:00:00,5190.98,5191.87,5104.11,5130.24,7170.0
2026-03-09 01:00:00,5130.23,5135.39,5044.23,5075.72,6931.0
2026-03-09 02:00:00,5075.54,5079.56,5028.41,5049.86,7254.0
2026-03-09 03:00:00,5049.68,5087.25,5014.96,5070.04,7690.0
2026-03-09 04:00:00,5070.29,5098.88,5055.24,5094.36,7133.0
2026-03-09 05:00:00,5094.37,5101.89,5081.49,5091.13,5554.0
2026-03-09 06:00:00,5091.17,5096.96,5085.22,5090.02,4189.0
2026-03-09 07:00:00,5090.19,5140.46,5080.91,5124.13,6718.0
2026-03-09 08:00:00,5124.06,5133.8,5096.92,5097.44,6824.0
2026-03-09 09:00:00,5097.53,5107.72,5088.4,5098.72,5755.0
2026-03-09 10:00:00,5099.24,5110.65,5087.01,5096.5,6055.0
2026-03-09 11:00:00,5095.88,5132.28,5095.07,5105.09,6192.0
2026-03-09 12:00:00,5105.07,5110.81,5084.12,5087.03,5650.0
2026-03-09 13:00:00,5087.03,5097.19,5079.69,5087.95,5437.0
2026-03-09 14:00:00,5088.12,5111.95,5088.12,5094.74,5523.0
2026-03-09 15:00:00,5095.28,5111.0,5067.34,5074.11,7387.0
2026-03-09 16:00:00,5073.41,5115.78,5061.06,5093.7,7769.0
2026-03-09 17:00:00,5093.68,5103.26,5079.46,5099.36,6958.0
2026-03-09 18:00:00,5099.26,5110.35,5094.64,5104.43,6235.0
2026-03-09 19:00:00,5104.36,5106.42,5088.8,5095.8,6010.0
2026-03-09 20:00:00,5095.84,5126.16,5092.29,5122.97,5459.0
2026-03-09 21:00:00,5123.24,5143.86,5118.11,5140.88,6620.0
2026-03-09 22:00:00,5141.26,5147.76,5134.08,5136.56,3791.0
2026-03-10 00:00:00,5148.85,5152.73,5117.33,5152.55,4518.0
2026-03-10 01:00:00,5152.9,5155.88,5135.95,5139.5,4235.0
2026-03-10 02:00:00,5139.15,5141.03,5124.97,5131.14,5551.0
2026-03-10 03:00:00,5130.76,5186.1,5124.74,5184.0,7352.0
2026-03-10 04:00:00,5184.02,5186.38,5163.68,5165.79,6219.0
2026-03-10 05:00:00,5165.81,5173.34,5155.66,5157.36,5298.0
2026-03-10 06:00:00,5157.31,5166.33,5154.19,5163.48,3523.0
2026-03-10 07:00:00,5163.58,5179.18,5163.58,5177.76,4454.0
2026-03-10 08:00:00,5177.89,5180.8,5171.64,5175.2,4944.0
2026-03-10 09:00:00,5174.68,5181.07,5158.35,5180.88,5261.0
2026-03-10 10:00:00,5180.98,5194.92,5174.89,5183.2,5516.0
2026-03-10 11:00:00,5183.58,5189.27,5180.36,5182.33,4707.0
2026-03-10 12:00:00,5182.32,5183.65,5156.31,5177.11,5699.0
2026-03-10 13:00:00,5177.23,5191.82,5171.61,5175.08,5706.0
2026-03-10 14:00:00,5175.35,5189.26,5162.33,5186.78,5961.0
2026-03-10 15:00:00,5186.77,5228.51,5186.17,5205.4,7546.0
2026-03-10 16:00:00,5205.83,5214.17,5185.29,5206.46,7063.0
2026-03-10 17:00:00,5206.5,5238.46,5203.05,5228.44,6648.0
2026-03-10 18:00:00,5229.01,5235.29,5222.47,5227.57,5843.0
2026-03-10 19:00:00,5227.54,5235.18,5223.35,5227.47,6117.0
2026-03-10 20:00:00,5227.63,5227.76,5160.7,5191.39,7332.0
2026-03-10 21:00:00,5191.56,5207.45,5179.67,5198.59,6909.0
2026-03-10 22:00:00,5198.11,5198.85,5191.57,5192.62,3171.0
2026-03-11 00:00:00,5190.03,5197.57,5183.34,5189.09,3497.0
2026-03-11 01:00:00,5189.14,5197.31,5187.52,5197.13,2735.0
2026-03-11 02:00:00,5197.88,5219.21,5186.79,5215.12,4900.0
2026-03-11 03:00:00,5215.82,5222.93,5208.44,5208.44,5968.0
2026-03-11 04:00:00,5208.33,5220.26,5194.0,5217.23,5209.0
2026-03-11 05:00:00,5217.13,5220.24,5199.14,5203.22,4181.0
2026-03-11 06:00:00,5203.23,5208.49,5199.35,5204.05,2572.0
2026-03-11 07:00:00,5204.32,5208.11,5190.41,5199.42,4526.0
2026-03-11 08:00:00,5199.54,5210.61,5191.36,5197.48,4994.0
2026-03-11 09:00:00,5197.48,5201.84,5184.54,5195.63,5035.0
2026-03-11 10:00:00,5195.3,5198.47,5175.36,5187.47,5131.0
2026-03-11 11:00:00,5187.25,5196.91,5179.77,5187.48,4712.0
2026-03-11 12:00:00,5187.66,5195.13,5177.0,5186.2,4451.0
2026-03-11 13:00:00,5186.35,5193.42,5175.73,5181.22,4869.0
2026-03-11 14:00:00,5180.96,5196.21,5166.65,5167.35,6235.0
2026-03-11 15:00:00,5167.01,5182.91,5149.69,5176.76,7294.0
2026-03-11 16:00:00,5176.48,5195.83,5174.19,5183.06,7483.0
2026-03-11 17:00:00,5183.29,5185.68,5164.04,5166.16,7052.0
2026-03-11 18:00:00,5165.94,5177.76,5163.52,5175.52,6341.0
2026-03-11 19:00:00,5175.53,5180.73,5154.82,5169.62,6114.0
2026-03-11 20:00:00,5169.6,5178.06,5169.02,5172.45,5042.0
2026-03-11 21:00:00,5172.35,5183.23,5169.09,5182.97,4374.0
2026-03-11 22:00:00,5182.81,5183.27,5174.98,5175.77,2402.0
2026-03-12 00:00:00,5182.11,5182.16,5129.66,5138.91,3990.0
2026-03-12 01:00:00,5138.42,5157.7,5133.01,5133.93,4485.0
2026-03-12 02:00:00,5134.22,5161.24,5125.71,5152.67,5296.0
2026-03-12 03:00:00,5152.27,5172.69,5151.29,5168.35,6139.0
2026-03-12 04:00:00,5168.62,5174.85,5145.54,5150.55,5652.0
2026-03-12 05:00:00,5150.62,5155.38,5147.2,5152.9,4458.0
2026-03-12 06:00:00,5152.89,5153.7,5140.32,5142.41,2840.0
2026-03-12 07:00:00,5142.45,5157.26,5137.08,5154.38,4531.0
2026-03-12 08:00:00,5154.37,5170.02,5147.17,5165.98,4936.0
2026-03-12 09:00:00,5165.98,5185.0,5164.28,5181.89,4172.0
2026-03-12 10:00:00,5182.17,5189.42,5175.64,5177.93,4667.0
2026-03-12 11:00:00,5177.89,5190.03,5174.23,5188.09,4532.0
2026-03-12 12:00:00,5187.66,5191.43,5176.07,5182.17,4470.0
2026-03-12 13:00:00,5182.18,5183.6,5172.49,5178.78,4203.0
2026-03-12 14:00:00,5179.28,5185.27,5163.53,5181.25,6072.0
2026-03-12 15:00:00,5181.19,5185.89,5145.97,5151.14,7462.0
2026-03-12 16:00:00,5151.03,5163.12,5138.34,5142.78,7578.0
2026-03-12 17:00:00,5142.68,5144.64,5109.56,5132.13,7377.0
2026-03-12 18:00:00,5131.97,5137.65,5121.25,5123.39,6832.0
2026-03-12 19:00:00,5123.16,5129.43,5102.51,5105.24,6673.0
2026-03-12 20:00:00,5105.11,5112.5,5090.78,5094.06,6112.0
2026-03-12 21:00:00,5094.2,5096.64,5079.37,5084.74,6215.0
2026-03-12 22:00:00,5084.67,5090.47,5055.1,5078.82,4664.0
2026-03-13 00:00:00,5075.61,5095.79,5072.59,5095.69,3668.0
2026-03-13 01:00:00,5095.82,5101.14,5088.87,5097.85,3456.0
2026-03-13 02:00:00,5097.38,5115.05,5097.23,5113.36,3734.0
2026-03-13 03:00:00,5113.56,5123.83,5108.8,5123.77,5707.0
2026-03-13 04:00:00,5124.07,5128.3,5110.25,5111.84,4621.0
2026-03-13 05:00:00,5111.85,5116.52,5106.28,5115.43,4120.0
2026-03-13 06:00:00,5115.22,5117.74,5102.52,5104.08,2968.0
2026-03-13 07:00:00,5104.48,5110.69,5098.06,5102.83,4535.0
2026-03-13 08:00:00,5102.93,5107.59,5085.49,5088.18,6073.0
2026-03-13 09:00:00,5087.98,5094.01,5071.57,5085.06,5448.0
2026-03-13 10:00:00,5084.54,5087.8,5061.56,5087.24,6010.0
2026-03-13 11:00:00,5087.53,5096.92,5083.08,5089.4,5110.0
2026-03-13 12:00:00,5089.43,5098.06,5079.8,5094.67,4837.0
2026-03-13 13:00:00,5094.92,5107.54,5086.13,5107.54,4834.0
2026-03-13 14:00:00,5107.35,5121.66,5104.21,5118.07,6122.0
2026-03-13 15:00:00,5118.13,5121.02,5096.6,5101.62,6842.0
2026-03-13 16:00:00,5101.64,5107.76,5036.19,5041.42,7626.0
2026-03-13 17:00:00,5041.77,5071.28,5031.86,5034.21,7612.0
2026-03-13 18:00:00,5034.68,5052.78,5018.94,5045.8,7454.0
2026-03-13 19:00:00,5045.76,5063.7,5043.31,5046.15,6802.0
2026-03-13 20:00:00,5045.69,5051.6,5035.95,5046.4,6031.0
2026-03-13 21:00:00,5046.36,5049.65,5009.43,5016.22,6240.0
2026-03-13 22:00:00,5016.72,5025.16,5012.25,5021.46,3724.0
2026-03-16 00:00:00,5011.61,5030.36,5001.03,5024.85,5297.0
2026-03-16 01:00:00,5024.51,5026.0,4967.82,4997.3,6849.0
2026-03-16 02:00:00,4997.32,5030.53,4996.53,5025.52,5950.0
2026-03-16 03:00:00,5025.78,5026.18,4982.44,5015.78,7461.0
2026-03-16 04:00:00,5015.85,5018.52,4997.66,5003.57,6022.0
2026-03-16 05:00:00,5003.49,5020.45,4998.02,5018.93,4779.0
2026-03-16 06:00:00,5018.95,5026.07,5012.3,5012.58,3363.0
2026-03-16 07:00:00,5012.53,5019.98,5003.0,5017.36,4449.0
2026-03-16 08:00:00,5017.35,5035.79,5005.27,5011.94,5708.0
2026-03-16 09:00:00,5012.36,5016.19,4991.68,4995.29,5401.0
2026-03-16 10:00:00,4994.95,5003.32,4984.74,4990.97,5901.0
2026-03-16 11:00:00,4990.83,4991.37,4972.68,4975.35,5608.0
2026-03-16 12:00:00,4975.31,4999.11,4970.1,4998.6,5754.0
2026-03-16 13:00:00,4998.46,5022.36,4993.1,4996.77,5634.0
2026-03-16 14:00:00,4996.8,5024.81,4994.14,5019.63,6142.0
2026-03-16 15:00:00,5020.21,5034.04,5013.63,5029.61,7066.0
2026-03-16 16:00:00,5029.61,5037.59,4987.92,4995.77,7310.0
2026-03-16 17:00:00,4996.21,5005.5,4983.88,4986.95,6722.0
2026-03-16 18:00:00,4987.08,4998.71,4974.0,4990.45,6453.0
2026-03-16 19:00:00,4991.92,5003.6,4983.95,4991.21,6361.0
2026-03-16 20:00:00,4991.2,5017.69,4989.82,5012.66,5723.0
2026-03-16 21:00:00,5012.66,5020.11,5008.0,5013.07,5654.0
2026-03-16 22:00:00,5012.74,5021.43,5004.54,5006.06,3081.0
2026-03-17 00:00:00,5010.67,5015.89,4998.46,5002.24,3258.0
2026-03-17 01:00:00,5002.17,5015.35,5001.84,5012.68,2777.0
2026-03-17 02:00:00,5012.7,5014.01,4998.31,5002.93,4261.0
2026-03-17 03:00:00,5002.82,5027.78,4994.9,5027.72,5873.0
2026-03-17 04:00:00,5027.66,5029.33,5019.73,5022.45,4863.0
2026-03-17 05:00:00,5022.17,5033.25,5020.38,5027.34,4100.0
2026-03-17 06:00:00,5027.34,5041.62,5026.1,5037.72,3680.0
2026-03-17 07:00:00,5037.7,5044.31,5019.89,5020.49,5006.0
2026-03-17 08:00:00,5020.66,5022.51,5005.06,5009.99,5633.0
2026-03-17 09:00:00,5009.73,5027.84,5008.82,5021.08,4540.0
2026-03-17 10:00:00,5021.13,5029.38,5018.5,5024.8,4842.0
2026-03-17 11:00:00,5024.71,5025.66,5009.69,5010.18,4621.0
2026-03-17 12:00:00,5009.61,5016.05,4991.98,5000.15,5064.0
2026-03-17 13:00:00,5000.03,5011.21,4996.71,5003.17,4386.0
2026-03-17 14:00:00,5003.12,5023.67,4999.22,5011.61,5550.0
2026-03-17 15:00:00,5011.53,5031.23,5005.49,5016.41,6831.0
2026-03-17 16:00:00,5016.59,5020.22,5002.89,5007.43,6899.0
2026-03-17 17:00:00,5007.39,5017.24,4973.43,4997.74,7139.0
2026-03-17 18:00:00,4997.76,5005.63,4991.54,5001.69,6439.0
2026-03-17 19:00:00,5001.51,5008.48,4996.35,5002.25,5446.0
2026-03-17 20:00:00,5002.29,5008.91,4999.7,5003.64,4400.0
2026-03-17 21:00:00,5003.48,5005.45,4996.37,5000.08,4846.0
2026-03-17 22:00:00,5000.2,5006.16,4999.9,5005.39,2375.0
2026-03-18 00:00:00,5005.32,5005.32,4993.21,4999.61,2271.0
2026-03-18 01:00:00,4999.67,5003.45,4998.64,5002.68,2082.0
2026-03-18 02:00:00,5002.69,5012.02,4999.99,5004.14,3875.0
2026-03-18 03:00:00,5004.03,5015.65,4991.13,4998.73,5533.0
2026-03-18 04:00:00,4998.62,5006.82,4990.42,4991.78,4750.0
2026-03-18 05:00:00,4991.67,4997.34,4986.06,4991.19,4309.0
2026-03-18 06:00:00,4991.16,4993.22,4981.74,4987.01,3349.0
2026-03-18 07:00:00,4986.99,5002.31,4984.54,4997.52,4494.0
2026-03-18 08:00:00,4997.25,5016.12,4996.1,5009.17,4864.0
2026-03-18 09:00:00,5009.39,5014.43,4990.23,4994.71,4226.0
2026-03-18 10:00:00,4994.49,4996.58,4977.19,4987.39,5002.0
2026-03-18 11:00:00,4987.28,4995.5,4984.56,4991.97,3899.0
2026-03-18 12:00:00,4991.99,4991.99,4958.87,4967.7,4896.0
2026-03-18 13:00:00,4967.59,4973.7,4925.02,4930.05,6839.0
2026-03-18 14:00:00,4930.14,4932.3,4870.87,4881.53,7698.0
2026-03-18 15:00:00,4880.88,4885.3,4834.13,4878.16,8133.0
2026-03-18 16:00:00,4878.08,4894.44,4856.58,4869.26,7604.0
2026-03-18 17:00:00,4869.34,4879.88,4860.98,4862.27,6911.0
2026-03-18 18:00:00,4862.31,4890.16,4860.78,4886.74,6535.0
2026-03-18 19:00:00,4886.68,4898.74,4883.81,4890.42,6042.0
2026-03-18 20:00:00,4890.54,4899.03,4852.23,4852.71,7420.0
2026-03-18 21:00:00,4852.81,4865.06,4838.61,4843.17,7189.0
2026-03-18 22:00:00,4842.93,4848.53,4806.75,4818.56,5536.0
2026-03-19 00:00:00,4829.49,4838.74,4804.59,4834.33,5333.0
2026-03-19 01:00:00,4834.37,4842.31,4828.1,4836.69,4270.0
2026-03-19 02:00:00,4836.7,4848.48,4835.38,4841.13,4746.0
2026-03-19 03:00:00,4841.38,4866.96,4832.83,4849.73,6500.0
2026-03-19 04:00:00,4849.75,4861.87,4841.36,4858.55,5479.0
2026-03-19 05:00:00,4858.5,4865.61,4850.63,4850.64,4358.0
2026-03-19 06:00:00,4850.64,4853.56,4845.53,4849.68,3386.0
2026-03-19 07:00:00,4849.66,4853.64,4826.86,4827.4,5340.0
2026-03-19 08:00:00,4827.04,4841.93,4747.79,4763.52,7371.0
2026-03-19 09:00:00,4763.57,4784.24,4727.02,4727.64,6948.0
2026-03-19 10:00:00,4727.5,4740.07,4686.66,4709.18,7687.0
2026-03-19 11:00:00,4709.06,4725.71,4687.59,4698.86,7567.0
2026-03-19 12:00:00,4698.79,4719.59,4666.52,4679.02,7058.0
2026-03-19 13:00:00,4679.42,4699.46,4650.99,4652.63,7049.0
2026-03-19 14:00:00,4651.71,4653.86,4531.07,4574.48,8087.0
2026-03-19 15:00:00,4574.04,4620.76,4502.22,4619.89,8307.0
2026-03-19 16:00:00,4620.78,4648.67,4581.26,4601.9,8276.0
2026-03-19 17:00:00,4601.64,4638.39,4566.2,4596.22,8150.0
2026-03-19 18:00:00,4596.03,4626.18,4576.73,4584.73,8029.0
2026-03-19 19:00:00,4584.75,4629.65,4573.8,4615.91,7845.0
2026-03-19 20:00:00,4615.15,4622.82,4596.24,4622.7,7177.0
2026-03-19 21:00:00,4622.7,4663.11,4622.7,4643.74,7931.0
2026-03-19 22:00:00,4643.69,4661.74,4642.74,4650.2,4447.0
2026-03-20 00:00:00,4658.65,4676.91,4636.06,4636.26,4858.0
2026-03-20 01:00:00,4636.25,4647.72,4634.29,4643.48,4467.0
2026-03-20 02:00:00,4643.21,4664.78,4642.01,4648.38,4996.0
2026-03-20 03:00:00,4647.89,4699.09,4639.36,4677.14,7349.0
2026-03-20 04:00:00,4677.66,4703.57,4670.32,4696.66,5961.0
2026-03-20 05:00:00,4698.14,4735.65,4693.06,4725.64,5872.0
2026-03-20 06:00:00,4725.84,4727.34,4715.35,4721.5,3780.0
2026-03-20 07:00:00,4721.52,4723.33,4685.48,4688.28,5846.0
2026-03-20 08:00:00,4688.42,4700.96,4661.24,4669.09,6992.0
2026-03-20 09:00:00,4668.9,4707.81,4667.8,4705.98,5690.0
2026-03-20 10:00:00,4706.06,4734.56,4684.68,4693.57,6541.0
2026-03-20 11:00:00,4693.56,4700.36,4659.93,4667.46,6267.0
2026-03-20 12:00:00,4667.39,4669.98,4637.82,4645.2,6843.0
2026-03-20 13:00:00,4645.08,4674.01,4636.91,4671.48,6455.0
2026-03-20 14:00:00,4671.56,4695.3,4661.7,4678.04,7197.0
2026-03-20 15:00:00,4678.06,4679.07,4612.7,4616.34,8057.0
2026-03-20 16:00:00,4616.18,4622.36,4548.0,4563.84,8259.0
2026-03-20 17:00:00,4563.73,4579.97,4540.64,4553.3,8018.0
2026-03-20 18:00:00,4552.15,4613.56,4551.92,4583.05,7879.0
2026-03-20 19:00:00,4583.07,4600.56,4554.2,4573.34,7758.0
2026-03-20 20:00:00,4574.12,4578.22,4477.35,4499.76,7746.0
2026-03-20 21:00:00,4499.73,4516.35,4485.29,4501.38,8075.0
2026-03-20 22:00:00,4501.38,4514.34,4493.42,4497.38,5471.0
2026-03-23 00:00:00,4488.23,4536.11,4449.75,4497.8,6355.0
2026-03-23 01:00:00,4498.16,4510.75,4452.16,4464.49,6494.0
2026-03-23 02:00:00,4464.7,4472.92,4319.78,4354.21,8015.0
2026-03-23 03:00:00,4354.3,4453.89,4330.82,4387.29,8377.0
2026-03-23 04:00:00,4388.14,4421.82,4354.75,4360.44,7804.0
2026-03-23 05:00:00,4360.65,4377.7,4334.62,4352.67,7161.0
2026-03-23 06:00:00,4352.71,4381.43,4349.8,4367.4,5875.0
2026-03-23 07:00:00,4367.21,4379.8,4302.08,4309.98,7182.0
2026-03-23 08:00:00,4309.78,4309.98,4163.04,4220.29,8419.0
2026-03-23 09:00:00,4221.24,4232.19,4098.94,4203.23,8439.0
2026-03-23 10:00:00,4204.12,4270.36,4204.0,4250.88,8187.0
2026-03-23 11:00:00,4250.99,4308.23,4223.69,4253.25,7857.0
2026-03-23 12:00:00,4254.07,4281.38,4241.6,4268.77,7363.0
2026-03-23 13:00:00,4270.02,4462.05,4269.93,4378.79,8151.0
2026-03-23 14:00:00,4377.9,4492.33,4336.77,4478.45,8240.0
2026-03-23 15:00:00,4480.0,4484.97,4402.13,4453.78,8201.0
2026-03-23 16:00:00,4454.76,4512.68,4453.55,4461.8,8275.0
2026-03-23 17:00:00,4461.78,4486.72,4351.22,4363.68,8292.0
2026-03-23 18:00:00,4363.28,4391.51,4352.32,4375.37,8271.0
2026-03-23 19:00:00,4377.89,4438.69,4370.83,4426.09,8055.0
2026-03-23 20:00:00,4425.97,4466.86,4402.27,4448.78,7808.0
2026-03-23 21:00:00,4448.47,4450.27,4392.9,4398.1,7808.0
2026-03-23 22:00:00,4397.79,4412.97,4382.65,4406.34,4752.0
2026-03-24 00:00:00,4417.85,4431.04,4361.48,4426.71,5321.0
2026-03-24 01:00:00,4426.46,4447.96,4421.81,4440.97,5413.0
2026-03-24 02:00:00,4440.5,4446.4,4331.44,4364.65,7602.0
2026-03-24 03:00:00,4363.28,4373.91,4308.62,4321.88,8320.0
2026-03-24 04:00:00,4322.28,4379.07,4305.97,4365.94,8042.0
2026-03-24 05:00:00,4365.94,4367.77,4335.37,4347.09,7032.0
2026-03-24 06:00:00,4347.1,4356.98,4326.54,4333.25,6025.0
2026-03-24 07:00:00,4333.24,4373.75,4319.78,4347.06,7528.0
2026-03-24 08:00:00,4346.81,4405.01,4342.99,4402.01,7889.0
2026-03-24 09:00:00,4401.63,4432.62,4399.97,4417.36,7541.0
2026-03-24 10:00:00,4416.15,4420.81,4391.26,4411.84,7413.0
2026-03-24 11:00:00,4412.1,4430.64,4395.92,4426.19,6626.0
2026-03-24 12:00:00,4426.31,4441.53,4414.71,4438.39,6659.0
2026-03-24 13:00:00,4438.05,4441.81,4374.58,4407.92,7348.0
2026-03-24 14:00:00,4408.19,4427.23,4362.23,4378.68,7865.0
2026-03-24 15:00:00,4377.53,4389.58,4351.5,4381.42,8135.0
2026-03-24 16:00:00,4380.79,4433.32,4380.7,4415.63,8258.0
2026-03-24 17:00:00,4415.53,4430.65,4396.17,4411.61,7996.0
2026-03-24 18:00:00,4411.38,4427.21,4402.86,4421.13,7729.0
2026-03-24 19:00:00,4421.15,4426.14,4372.47,4388.43,7999.0
2026-03-24 20:00:00,4388.4,4423.19,4383.92,4389.39,7771.0
2026-03-24 21:00:00,4389.03,4411.08,4388.51,4400.13,6975.0
2026-03-24 22:00:00,4399.59,4483.96,4397.24,4473.98,6463.0
2026-03-25 00:00:00,4476.46,4484.78,4455.75,4484.39,5324.0
2026-03-25 01:00:00,4484.35,4551.15,4472.36,4546.61,6430.0
2026-03-25 02:00:00,4546.66,4571.94,4537.38,4563.05,6834.0
2026-03-25 03:00:00,4563.22,4600.89,4552.57,4594.78,7317.0
2026-03-25 04:00:00,4594.9,4602.13,4579.74,4583.62,6591.0
2026-03-25 05:00:00,4583.61,4586.17,4567.57,4569.93,5655.0
2026-03-25 06:00:00,4569.85,4574.51,4565.58,4572.48,3792.0
2026-03-25 07:00:00,4572.89,4573.24,4549.22,4555.62,5680.0
2026-03-25 08:00:00,4555.69,4556.66,4532.91,4545.25,6100.0
2026-03-25 09:00:00,4544.64,4563.0,4536.83,4539.21,5590.0
2026-03-25 10:00:00,4539.21,4567.38,4535.73,4556.04,6611.0
2026-03-25 11:00:00,4556.06,4567.34,4527.72,4551.69,6230.0
2026-03-25 12:00:00,4552.46,4562.17,4550.99,4558.58,5563.0
2026-03-25 13:00:00,4558.74,4585.35,4555.84,4578.81,5917.0
2026-03-25 14:00:00,4578.75,4583.52,4522.13,4543.77,7327.0
2026-03-25 15:00:00,4544.86,4576.2,4540.81,4544.58,7814.0
2026-03-25 16:00:00,4545.03,4579.01,4533.08,4566.91,7884.0
2026-03-25 17:00:00,4566.89,4568.52,4525.22,4558.93,7732.0
2026-03-25 18:00:00,4558.79,4564.74,4545.16,4555.12,7371.0
2026-03-25 19:00:00,4554.95,4563.63,4542.73,4550.44,6879.0
2026-03-25 20:00:00,4550.45,4568.68,4530.85,4538.28,6895.0
2026-03-25 21:00:00,4538.06,4539.31,4486.85,4530.69,7261.0
2026-03-25 22:00:00,4530.59,4541.94,4495.15,4506.3,4619.0
2026-03-26 00:00:00,4517.74,4534.54,4505.75,4517.31,4954.0
2026-03-26 01:00:00,4517.53,4517.89,4488.86,4498.13,5191.0
2026-03-26 02:00:00,4498.78,4538.91,4498.14,4535.44,5926.0
2026-03-26 03:00:00,4536.28,4543.77,4522.33,4535.29,6599.0
2026-03-26 04:00:00,4535.43,4535.56,4505.67,4508.75,6005.0
2026-03-26 05:00:00,4508.62,4518.62,4499.85,4516.5,5296.0
2026-03-26 06:00:00,4516.93,4524.02,4511.6,4520.24,3884.0
2026-03-26 07:00:00,4520.41,4522.01,4438.81,4438.81,6483.0
2026-03-26 08:00:00,4438.98,4459.31,4415.58,4456.27,7427.0
2026-03-26 09:00:00,4456.32,4463.47,4438.92,4452.52,6447.0
2026-03-26 10:00:00,4450.98,4458.99,4412.75,4427.66,7398.0
2026-03-26 11:00:00,4428.02,4436.78,4414.55,4423.55,6820.0
2026-03-26 12:00:00,4423.5,4447.92,4417.0,4442.78,6512.0
2026-03-26 13:00:00,4443.44,4456.36,4419.05,4422.87,6569.0
2026-03-26 14:00:00,4423.28,4445.16,4416.56,4430.19,7093.0
2026-03-26 15:00:00,4429.19,4460.25,4420.05,4452.6,7877.0
2026-03-26 16:00:00,4453.89,4478.84,4437.33,4464.86,8138.0
2026-03-26 17:00:00,4465.15,4468.66,4433.97,4438.1,7804.0
2026-03-26 18:00:00,4438.0,4442.34,4367.4,4389.12,7923.0
2026-03-26 19:00:00,4388.52,4402.23,4377.24,4381.41,7543.0
2026-03-26 20:00:00,4381.2,4397.58,4367.86,4394.31,7078.0
2026-03-26 21:00:00,4394.34,4399.04,4359.1,4363.96,6950.0
2026-03-26 22:00:00,4363.95,4420.33,4351.11,4378.21,6953.0
2026-03-27 00:00:00,4385.15,4415.17,4380.33,4411.5,4011.0
2026-03-27 01:00:00,4411.18,4414.27,4389.8,4404.83,3915.0
2026-03-27 02:00:00,4404.93,4410.9,4375.56,4378.62,5059.0
2026-03-27 03:00:00,4378.82,4420.19,4377.73,4417.13,6326.0
2026-03-27 04:00:00,4417.38,4440.25,4416.82,4431.87,5802.0
2026-03-27 05:00:00,4431.81,4445.52,4421.02,4437.34,5088.0
2026-03-27 06:00:00,4437.49,4449.24,4431.34,4445.92,3446.0
2026-03-27 07:00:00,4445.61,4474.94,4440.3,4454.44,5683.0
2026-03-27 08:00:00,4453.99,4472.63,4451.6,4459.29,5855.0
2026-03-27 09:00:00,4458.57,4462.82,4442.87,4447.53,5182.0
2026-03-27 10:00:00,4446.94,4450.41,4423.53,4423.99,6317.0
2026-03-27 11:00:00,4424.37,4438.11,4420.64,4428.76,5850.0
2026-03-27 12:00:00,4428.76,4432.61,4410.66,4414.64,5614.0
2026-03-27 13:00:00,4415.06,4426.12,4404.15,4419.9,5856.0
2026-03-27 14:00:00,4419.65,4444.99,4412.58,4437.71,6229.0
2026-03-27 15:00:00,4438.47,4443.63,4413.51,4432.28,7552.0
2026-03-27 16:00:00,4430.92,4514.25,4430.82,4509.47,7988.0
2026-03-27 17:00:00,4509.6,4554.98,4501.67,4523.77,8034.0
2026-03-27 18:00:00,4524.28,4533.45,4505.42,4515.81,7253.0
2026-03-27 19:00:00,4515.98,4521.51,4486.34,4486.47,7133.0
2026-03-27 20:00:00,4486.59,4528.44,4486.59,4516.61,6666.0
2026-03-27 21:00:00,4516.48,4525.98,4500.64,4514.35,6573.0
2026-03-27 22:00:00,4514.74,4519.92,4491.45,4495.17,3953.0
2026-03-30 01:00:00,4486.22,4515.21,4475.8,4484.47,6061.0
2026-03-30 02:00:00,4484.67,4492.35,4443.74,4448.14,5807.0
2026-03-30 03:00:00,4449.3,4466.28,4419.56,4432.01,7220.0
2026-03-30 04:00:00,4432.79,4475.47,4432.2,4469.73,7630.0
2026-03-30 05:00:00,4469.27,4498.94,4458.99,4481.15,6626.0
2026-03-30 06:00:00,4480.78,4517.35,4478.74,4495.97,6029.0
2026-03-30 07:00:00,4496.0,4498.58,4486.3,4496.72,4571.0
2026-03-30 08:00:00,4496.71,4528.24,4496.71,4522.28,5845.0
2026-03-30 09:00:00,4522.17,4550.32,4516.98,4532.33,6441.0
2026-03-30 10:00:00,4531.6,4534.37,4515.67,4527.25,6157.0
2026-03-30 11:00:00,4527.24,4539.97,4525.11,4537.96,5531.0
2026-03-30 12:00:00,4538.12,4540.51,4523.59,4532.18,5687.0
2026-03-30 13:00:00,4532.96,4540.02,4527.83,4532.46,4864.0
2026-03-30 14:00:00,4532.6,4580.41,4525.53,4559.4,6614.0
2026-03-30 15:00:00,4559.32,4577.61,4545.4,4569.16,6466.0
2026-03-30 16:00:00,4569.73,4578.5,4516.97,4523.18,7725.0
2026-03-30 17:00:00,4523.19,4541.26,4512.31,4538.43,8000.0
2026-03-30 18:00:00,4538.52,4556.59,4524.72,4548.06,7462.0
2026-03-30 19:00:00,4548.14,4549.53,4532.51,4539.79,6749.0
2026-03-30 20:00:00,4539.65,4541.95,4511.21,4514.85,7079.0
2026-03-30 21:00:00,4514.73,4522.8,4498.25,4498.87,6358.0
2026-03-30 22:00:00,4498.62,4518.18,4492.93,4513.48,7078.0
2026-03-30 23:00:00,4513.36,4516.25,4500.91,4510.86,3366.0
2026-03-31 01:00:00,4514.61,4523.6,4502.16,4510.8,3150.0
2026-03-31 02:00:00,4510.3,4521.04,4492.66,4513.62,4640.0
2026-03-31 03:00:00,4513.39,4547.97,4482.61,4547.06,7094.0
2026-03-31 04:00:00,4547.58,4619.21,4532.18,4604.99,7900.0
2026-03-31 05:00:00,4605.15,4607.26,4565.69,4568.2,7071.0
2026-03-31 06:00:00,4567.85,4576.84,4550.28,4557.07,5819.0
2026-03-31 07:00:00,4557.07,4569.2,4556.95,4564.56,4544.0
2026-03-31 08:00:00,4563.95,4581.36,4547.76,4568.75,5930.0
2026-03-31 09:00:00,4568.94,4568.94,4553.21,4557.04,6246.0
2026-03-31 10:00:00,4557.64,4565.57,4543.51,4564.25,5717.0
2026-03-31 11:00:00,4564.02,4574.91,4560.37,4568.43,5677.0
2026-03-31 12:00:00,4568.65,4571.99,4550.17,4555.54,5544.0
2026-03-31 13:00:00,4555.46,4561.78,4529.6,4546.9,5455.0
2026-03-31 14:00:00,4547.67,4593.09,4541.02,4582.15,7130.0
2026-03-31 15:00:00,4582.79,4597.36,4569.13,4574.67,7094.0
2026-03-31 16:00:00,4575.01,4609.5,4567.78,4607.62,7409.0
2026-03-31 17:00:00,4607.98,4629.96,4594.93,4599.06,8090.0
2026-03-31 18:00:00,4599.6,4625.31,4599.07,4609.25,7719.0
2026-03-31 19:00:00,4609.13,4650.94,4606.89,4637.91,7399.0
2026-03-31 20:00:00,4638.04,4667.14,4636.22,4654.82,7996.0
2026-03-31 21:00:00,4654.32,4670.81,4653.44,4667.34,7069.0
2026-03-31 22:00:00,4667.35,4685.35,4661.56,4682.68,6981.0
2026-03-31 23:00:00,4682.84,4686.88,4664.5,4666.84,4266.0
2026-04-01 01:00:00,4681.54,4695.84,4661.84,4680.47,4571.0
2026-04-01 02:00:00,4680.94,4699.81,4671.85,4695.72,4473.0
2026-04-01 03:00:00,4696.22,4722.32,4693.27,4710.58,6104.0
2026-04-01 04:00:00,4711.19,4724.0,4681.31,4692.65,7130.0
2026-04-01 05:00:00,4692.66,4700.34,4677.96,4684.58,5728.0
2026-04-01 06:00:00,4684.4,4694.16,4679.47,4681.68,4648.0
2026-04-01 07:00:00,4681.7,4681.79,4666.85,4676.35,4170.0
2026-04-01 08:00:00,4676.48,4703.39,4674.73,4684.23,5251.0
2026-04-01 09:00:00,4684.15,4732.85,4682.49,4730.43,6624.0
2026-04-01 10:00:00,4730.62,4747.52,4709.45,4712.77,6679.0
2026-04-01 11:00:00,4712.15,4740.39,4710.26,4728.6,5908.0
2026-04-01 12:00:00,4728.7,4730.17,4713.18,4723.18,5482.0
2026-04-01 13:00:00,4723.13,4738.76,4715.33,4731.34,5000.0
2026-04-01 14:00:00,4731.41,4762.85,4728.28,4752.52,5481.0
2026-04-01 15:00:00,4752.04,4753.74,4724.52,4724.95,6613.0
2026-04-01 16:00:00,4724.94,4749.52,4716.56,4738.3,7549.0
2026-04-01 17:00:00,4733.83,4768.71,4724.64,4760.75,7848.0
2026-04-01 18:00:00,4760.71,4788.08,4758.42,4786.51,7114.0
2026-04-01 19:00:00,4786.61,4790.58,4774.34,4787.33,6298.0
2026-04-01 20:00:00,4787.25,4792.97,4773.73,4774.35,5848.0
2026-04-01 21:00:00,4774.32,4775.21,4742.09,4753.09,7373.0
2026-04-01 22:00:00,4753.21,4778.19,4751.21,4766.17,6449.0
2026-04-01 23:00:00,4765.94,4771.16,4754.32,4758.04,3369.0
2026-04-02 01:00:00,4758.57,4782.43,4752.4,4776.4,3610.0
2026-04-02 02:00:00,4776.57,4800.43,4773.58,4784.06,4676.0
2026-04-02 03:00:00,4784.06,4798.49,4775.3,4784.54,5841.0
2026-04-02 04:00:00,4784.26,4786.11,4649.85,4696.33,8260.0
2026-04-02 05:00:00,4696.14,4703.83,4655.26,4686.8,7503.0
2026-04-02 06:00:00,4686.75,4699.14,4675.72,4676.07,5806.0
2026-04-02 07:00:00,4676.15,4681.46,4657.14,4672.51,4938.0
2026-04-02 08:00:00,4672.68,4680.38,4585.82,4594.15,6434.0
2026-04-02 09:00:00,4594.57,4608.37,4553.61,4599.02,7667.0
2026-04-02 10:00:00,4597.74,4651.16,4596.98,4642.54,6332.0
2026-04-02 11:00:00,4642.5,4648.63,4617.45,4620.7,6069.0
2026-04-02 12:00:00,4620.39,4631.72,4612.95,4621.58,5299.0
2026-04-02 13:00:00,4621.81,4634.93,4604.12,4620.3,5666.0
2026-04-02 14:00:00,4620.39,4630.5,4592.92,4599.9,6003.0
2026-04-02 15:00:00,4601.36,4629.79,4594.5,4601.41,6666.0
2026-04-02 16:00:00,4601.76,4651.03,4580.66,4644.98,8212.0
2026-04-02 17:00:00,4645.98,4699.88,4631.57,4681.25,8225.0
2026-04-02 18:00:00,4681.32,4683.65,4652.58,4660.92,8078.0
2026-04-02 19:00:00,4660.87,4670.28,4642.82,4659.07,7607.0
2026-04-02 20:00:00,4658.8,4668.16,4645.68,4648.47,7000.0
2026-04-02 21:00:00,4648.77,4671.81,4647.3,4668.29,6149.0
2026-04-02 22:00:00,4668.63,4681.61,4661.29,4672.14,6691.0
2026-04-02 23:00:00,4672.12,4677.71,4664.24,4675.95,3438.0
2026-04-06 01:00:00,4633.17,4665.48,4614.25,4645.7,5728.0
2026-04-06 02:00:00,4646.18,4650.98,4605.11,4610.39,5147.0
2026-04-06 03:00:00,4610.54,4628.99,4600.8,4622.2,5981.0
2026-04-06 04:00:00,4622.26,4642.92,4620.43,4625.69,5386.0
2026-04-06 05:00:00,4625.94,4671.39,4623.61,4647.85,5852.0
2026-04-06 06:00:00,4647.77,4647.88,4625.21,4640.28,5192.0
2026-04-06 07:00:00,4640.29,4659.78,4639.79,4658.82,3934.0
2026-04-06 08:00:00,4658.89,4678.31,4651.17,4652.37,4126.0
2026-04-06 09:00:00,4652.38,4667.23,4643.76,4665.81,4663.0
2026-04-06 10:00:00,4666.01,4688.07,4644.8,4684.48,5484.0
2026-04-06 11:00:00,4684.57,4697.96,4681.42,4695.54,5202.0
2026-04-06 12:00:00,4695.82,4706.29,4690.73,4693.45,4896.0
2026-04-06 13:00:00,4693.69,4697.35,4685.05,4689.56,4669.0
2026-04-06 14:00:00,4689.71,4696.58,4676.87,4677.77,4576.0
2026-04-06 15:00:00,4677.72,4686.51,4659.63,4675.65,5408.0
2026-04-06 16:00:00,4676.33,4681.36,4660.39,4679.95,6967.0
2026-04-06 17:00:00,4681.24,4697.3,4660.15,4682.48,7775.0
2026-04-06 18:00:00,4682.84,4683.57,4651.85,4667.97,6844.0
2026-04-06 19:00:00,4668.11,4672.35,4657.63,4660.28,5523.0
2026-04-06 20:00:00,4660.24,4660.82,4645.93,4653.19,6054.0
2026-04-06 21:00:00,4653.43,4666.14,4648.69,4658.11,5716.0
2026-04-06 22:00:00,4658.08,4659.13,4645.43,4655.28,4427.0
2026-04-06 23:00:00,4655.28,4658.15,4649.01,4650.34,2301.0
2026-04-07 01:00:00,4658.63,4667.74,4656.56,4658.19,2863.0
2026-04-07 02:00:00,4658.22,4660.91,4651.26,4658.63,2593.0
2026-04-07 03:00:00,4658.98,4660.92,4648.89,4654.9,4651.0
2026-04-07 04:00:00,4654.91,4664.25,4616.28,4626.86,7638.0
2026-04-07 05:00:00,4627.02,4653.78,4619.81,4650.27,5981.0
2026-04-07 06:00:00,4650.33,4653.81,4639.49,4649.44,4721.0
2026-04-07 07:00:00,4649.38,4663.58,4645.42,4659.32,3823.0
2026-04-07 08:00:00,4660.25,4661.22,4623.18,4642.8,5492.0
2026-04-07 09:00:00,4642.61,4656.53,4637.86,4653.42,6433.0
2026-04-07 10:00:00,4654.31,4657.05,4636.71,4646.03,5383.0
2026-04-07 11:00:00,4646.23,4690.73,4644.19,4682.97,6800.0
2026-04-07 12:00:00,4683.26,4694.41,4658.97,4670.88,6041.0
2026-04-07 13:00:00,4671.87,4680.57,4649.16,4651.82,6197.0
2026-04-07 14:00:00,4651.84,4663.7,4628.93,4659.57,6276.0
2026-04-07 15:00:00,4660.17,4670.84,4646.99,4651.34,6047.0
2026-04-07 16:00:00,4651.96,4662.88,4635.69,4643.84,6689.0
2026-04-07 17:00:00,4643.81,4661.14,4607.48,4633.07,7188.0
2026-04-07 18:00:00,4632.9,4659.12,4624.88,4655.44,6618.0
2026-04-07 19:00:00,4655.42,4668.35,4652.41,4656.85,6195.0
2026-04-07 20:00:00,4656.88,4686.16,4653.98,4675.57,5893.0
2026-04-07 21:00:00,4675.62,4686.08,4657.31,4661.9,5464.0
2026-04-07 22:00:00,4661.94,4718.46,4660.55,4700.39,6837.0
2026-04-07 23:00:00,4700.88,4716.46,4697.19,4705.35,5012.0
2026-04-08 01:00:00,4747.1,4818.99,4714.27,4818.14,6069.0
2026-04-08 02:00:00,4818.18,4835.94,4801.76,4833.26,6368.0
2026-04-08 03:00:00,4833.23,4854.4,4808.61,4817.44,6353.0
2026-04-08 04:00:00,4817.84,4825.16,4788.24,4810.03,6538.0
2026-04-08 05:00:00,4810.49,4824.89,4798.52,4803.83,5119.0
2026-04-08 06:00:00,4803.85,4805.65,4794.94,4797.28,4321.0
2026-04-08 07:00:00,4797.36,4806.25,4790.07,4803.55,3800.0
2026-04-08 08:00:00,4803.42,4843.34,4800.19,4827.33,5045.0
2026-04-08 09:00:00,4827.04,4839.33,4820.01,4820.32,5714.0
2026-04-08 10:00:00,4819.87,4820.86,4805.12,4813.33,5328.0
2026-04-08 11:00:00,4813.26,4819.62,4790.41,4793.64,5225.0
2026-04-08 12:00:00,4793.6,4806.23,4776.38,4783.0,4781.0
2026-04-08 13:00:00,4783.04,4795.73,4771.23,4782.39,4543.0
2026-04-08 14:00:00,4782.32,4802.55,4778.1,4798.05,5262.0
2026-04-08 15:00:00,4798.4,4806.96,4768.6,4799.47,5939.0
2026-04-08 16:00:00,4799.19,4806.4,4768.18,4777.91,6784.0
2026-04-08 17:00:00,4777.02,4791.77,4732.32,4735.78,7214.0
2026-04-08 18:00:00,4735.88,4762.89,4734.16,4756.24,6399.0
2026-04-08 19:00:00,4756.05,4765.35,4745.55,4760.33,5662.0
2026-04-08 20:00:00,4760.3,4764.21,4731.55,4733.68,5794.0
2026-04-08 21:00:00,4734.45,4744.19,4703.58,4705.22,6427.0
2026-04-08 22:00:00,4704.8,4731.56,4699.85,4730.54,6041.0
2026-04-08 23:00:00,4730.93,4732.03,4717.03,4719.11,3456.0
2026-04-09 01:00:00,4728.41,4732.31,4704.61,4717.49,3530.0
2026-04-09 02:00:00,4717.37,4719.68,4705.37,4715.34,3427.0
2026-04-09 03:00:00,4715.44,4718.87,4698.78,4706.65,4797.0
2026-04-09 04:00:00,4706.98,4728.06,4698.95,4727.15,5836.0
2026-04-09 05:00:00,4727.16,4732.74,4717.58,4718.82,4385.0
2026-04-09 06:00:00,4718.71,4719.95,4705.04,4711.36,4175.0
2026-04-09 07:00:00,4711.34,4725.1,4709.56,4720.68,3190.0
2026-04-09 08:00:00,4720.65,4726.28,4705.77,4713.41,4569.0
2026-04-09 09:00:00,4712.92,4725.15,4703.35,4712.22,5429.0
2026-04-09 10:00:00,4712.81,4731.17,4705.62,4724.25,5617.0
2026-04-09 11:00:00,4724.21,4732.71,4719.72,4725.98,4708.0
2026-04-09 12:00:00,4725.7,4732.92,4722.75,4729.05,4260.0
2026-04-09 13:00:00,4729.07,4746.51,4723.61,4741.11,4455.0
2026-04-09 14:00:00,4740.88,4756.97,4738.29,4756.39,4405.0
2026-04-09 15:00:00,4756.52,4759.48,4734.87,4745.74,5492.0
2026-04-09 16:00:00,4745.6,4776.88,4738.62,4764.3,6652.0
2026-04-09 17:00:00,4764.2,4776.07,4747.18,4768.44,6655.0
2026-04-09 18:00:00,4768.48,4797.79,4761.04,4792.79,6675.0
2026-04-09 19:00:00,4793.19,4800.8,4784.32,4788.71,5801.0
2026-04-09 20:00:00,4789.15,4800.91,4786.72,4797.66,5372.0
2026-04-09 21:00:00,4797.71,4797.94,4767.79,4771.83,5885.0
2026-04-09 22:00:00,4771.94,4782.42,4766.85,4768.61,5082.0
2026-04-09 23:00:00,4768.64,4773.18,4760.87,4765.37,2806.0
2026-04-10 01:00:00,4776.09,4779.51,4758.54,4763.98,2754.0
2026-04-10 02:00:00,4764.03,4764.03,4756.78,4763.68,2535.0
2026-04-10 03:00:00,4763.51,4763.51,4750.53,4762.81,3960.0
2026-04-10 04:00:00,4762.8,4776.57,4757.67,4764.24,5488.0
2026-04-10 05:00:00,4764.49,4765.19,4737.91,4752.7,5193.0
2026-04-10 06:00:00,4752.76,4769.32,4752.65,4766.4,4297.0
2026-04-10 07:00:00,4766.44,4770.53,4757.7,4758.35,2878.0
2026-04-10 08:00:00,4758.38,4768.92,4757.16,4765.64,3998.0
2026-04-10 09:00:00,4765.7,4765.7,4742.66,4746.1,5122.0
2026-04-10 10:00:00,4745.36,4757.31,4741.1,4749.36,4394.0
2026-04-10 11:00:00,4748.87,4753.05,4730.72,4740.54,4586.0
2026-04-10 12:00:00,4740.59,4760.48,4740.47,4751.45,4639.0
2026-04-10 13:00:00,4751.34,4760.39,4742.3,4757.12,4096.0
2026-04-10 14:00:00,4756.99,4768.52,4753.15,4767.94,3961.0
2026-04-10 15:00:00,4767.96,4782.07,4759.6,4771.69,5517.0
2026-04-10 16:00:00,4771.68,4779.93,4765.02,4774.85,6286.0
2026-04-10 17:00:00,4775.68,4794.85,4767.26,4774.61,6573.0
2026-04-10 18:00:00,4774.72,4787.24,4755.85,4762.24,6207.0
2026-04-10 19:00:00,4762.27,4765.93,4747.37,4763.43,5697.0
2026-04-10 20:00:00,4763.86,4768.41,4758.05,4760.05,5028.0
2026-04-10 21:00:00,4760.26,4773.02,4750.84,4765.13,4903.0
2026-04-10 22:00:00,4765.14,4770.28,4758.07,4759.5,4771.0
2026-04-10 23:00:00,4759.64,4759.64,4741.22,4748.48,2961.0
2026-04-13 01:00:00,4670.07,4694.19,4644.53,4658.88,4851.0
2026-04-13 02:00:00,4658.89,4671.31,4644.33,4671.25,3732.0
2026-04-13 03:00:00,4671.21,4698.02,4664.52,4694.94,4474.0
2026-04-13 04:00:00,4694.43,4727.79,4693.6,4721.05,5524.0
2026-04-13 05:00:00,4721.02,4727.57,4711.04,4720.3,4680.0
2026-04-13 06:00:00,4720.38,4723.67,4712.17,4717.94,3475.0
2026-04-13 07:00:00,4717.93,4724.45,4708.75,4722.81,3186.0
2026-04-13 08:00:00,4722.87,4730.45,4716.24,4729.14,4159.0
2026-04-13 09:00:00,4729.11,4732.48,4720.64,4725.45,4966.0
2026-04-13 10:00:00,4725.68,4739.78,4724.64,4733.51,4547.0
2026-04-13 11:00:00,4733.61,4738.28,4720.15,4723.22,4386.0
2026-04-13 12:00:00,4723.23,4728.29,4710.42,4714.48,4071.0
2026-04-13 13:00:00,4714.5,4723.71,4708.33,4721.96,3874.0
2026-04-13 14:00:00,4721.95,4728.86,4703.47,4706.44,4492.0
2026-04-13 15:00:00,4706.81,4724.95,4703.49,4723.33,5227.0
2026-04-13 16:00:00,4723.35,4744.22,4721.59,4730.33,6137.0
2026-04-13 17:00:00,4730.19,4730.84,4708.68,4718.96,6271.0
2026-04-13 18:00:00,4718.96,4719.57,4699.93,4714.38,5790.0
2026-04-13 19:00:00,4714.53,4746.05,4709.19,4732.84,5999.0
2026-04-13 20:00:00,4732.85,4749.86,4725.33,4729.84,5167.0
2026-04-13 21:00:00,4729.97,4740.45,4723.28,4738.31,4727.0
2026-04-13 22:00:00,4738.19,4747.25,4730.49,4741.05,4549.0
2026-04-13 23:00:00,4741.13,4743.91,4738.02,4740.03,2623.0
2026-04-14 01:00:00,4751.74,4759.31,4745.56,4757.69,2459.0
2026-04-14 02:00:00,4757.83,4765.43,4754.25,4757.41,3027.0
2026-04-14 03:00:00,4757.93,4775.49,4751.5,4769.66,4172.0
2026-04-14 04:00:00,4769.54,4776.65,4761.68,4764.82,5134.0
2026-04-14 05:00:00,4764.45,4776.8,4761.97,4774.95,3987.0
2026-04-14 06:00:00,4774.94,4775.36,4765.63,4767.57,3141.0
2026-04-14 07:00:00,4767.74,4776.45,4766.82,4773.95,2182.0
2026-04-14 08:00:00,4773.97,4774.13,4757.97,4759.76,4068.0
2026-04-14 09:00:00,4759.78,4782.79,4759.78,4781.96,4412.0
2026-04-14 10:00:00,4781.96,4795.7,4767.71,4777.31,5135.0
2026-04-14 11:00:00,4776.79,4790.0,4774.35,4786.62,4422.0
2026-04-14 12:00:00,4786.9,4789.28,4771.85,4778.28,4167.0
2026-04-14 13:00:00,4778.98,4788.03,4756.5,4768.44,4174.0
2026-04-14 14:00:00,4768.41,4782.95,4766.97,4774.92,4128.0
2026-04-14 15:00:00,4775.24,4777.51,4762.37,4771.32,5303.0
2026-04-14 16:00:00,4771.33,4803.37,4771.16,4794.66,6099.0
2026-04-14 17:00:00,4795.27,4817.89,4793.14,4803.72,6131.0
2026-04-14 18:00:00,4803.94,4816.14,4791.28,4808.17,5709.0
2026-04-14 19:00:00,4807.98,4820.1,4805.16,4810.29,4903.0
2026-04-14 20:00:00,4810.25,4841.34,4809.6,4835.14,5046.0
2026-04-14 21:00:00,4835.15,4843.4,4831.17,4835.78,4683.0
2026-04-14 22:00:00,4835.78,4846.23,4835.78,4845.06,4285.0
2026-04-14 23:00:00,4845.33,4846.29,4839.69,4841.7,2442.0
2026-04-15 01:00:00,4840.22,4850.67,4833.37,4835.17,2755.0
2026-04-15 02:00:00,4835.17,4844.05,4833.86,4837.18,3068.0
2026-04-15 03:00:00,4837.43,4840.02,4827.47,4835.46,3827.0
2026-04-15 04:00:00,4835.43,4871.36,4828.21,4847.08,5654.0
2026-04-15 05:00:00,4847.01,4853.4,4820.77,4823.97,5191.0
2026-04-15 06:00:00,4823.95,4829.56,4817.11,4824.02,3881.0
2026-04-15 07:00:00,4823.99,4827.73,4820.51,4824.88,2661.0
2026-04-15 08:00:00,4824.97,4830.54,4812.67,4819.78,4511.0
2026-04-15 09:00:00,4819.81,4824.95,4811.02,4811.56,5142.0
2026-04-15 10:00:00,4811.54,4816.73,4803.94,4811.0,4825.0
2026-04-15 11:00:00,4811.22,4820.4,4804.45,4818.19,4477.0
2026-04-15 12:00:00,4818.2,4819.24,4786.22,4797.96,5023.0
2026-04-15 13:00:00,4797.97,4805.02,4790.39,4799.86,4885.0
2026-04-15 14:00:00,4799.96,4814.66,4795.32,4812.45,4473.0
2026-04-15 15:00:00,4812.17,4815.95,4806.8,4811.4,4645.0
2026-04-15 16:00:00,4811.39,4829.96,4808.46,4828.71,6110.0
2026-04-15 17:00:00,4828.99,4830.29,4813.48,4815.35,5844.0
2026-04-15 18:00:00,4815.38,4815.95,4786.85,4801.43,5800.0
2026-04-15 19:00:00,4801.45,4812.35,4799.99,4803.8,5184.0
2026-04-15 20:00:00,4803.93,4808.46,4790.59,4792.43,4984.0
2026-04-15 21:00:00,4792.34,4801.81,4790.11,4799.6,4750.0
2026-04-15 22:00:00,4799.49,4803.12,4794.38,4795.62,4444.0
2026-04-15 23:00:00,4795.81,4796.39,4787.64,4790.54,2586.0
2026-04-16 01:00:00,4797.2,4811.75,4790.84,4807.44,2646.0
2026-04-16 02:00:00,4807.37,4826.5,4807.37,4823.22,2823.0
2026-04-16 03:00:00,4823.58,4837.36,4820.64,4832.86,3647.0
2026-04-16 04:00:00,4832.84,4836.07,4811.21,4817.72,4956.0
2026-04-16 05:00:00,4817.8,4824.67,4812.29,4819.53,4340.0
2026-04-16 06:00:00,4819.31,4826.86,4818.69,4823.91,3204.0
2026-04-16 07:00:00,4823.8,4833.21,4822.48,4832.88,2388.0
2026-04-16 08:00:00,4832.89,4837.99,4820.87,4821.07,4146.0
2026-04-16 09:00:00,4821.07,4830.32,4814.78,4825.83,5236.0
2026-04-16 10:00:00,4826.04,4830.73,4817.07,4820.8,4475.0
2026-04-16 11:00:00,4821.43,4821.52,4806.46,4813.57,4628.0
2026-04-16 12:00:00,4813.52,4817.76,4806.75,4812.71,3884.0
2026-04-16 13:00:00,4812.65,4817.04,4804.97,4817.04,4012.0
2026-04-16 14:00:00,4817.05,4822.24,4815.37,4821.98,3972.0
2026-04-16 15:00:00,4822.1,4822.79,4811.4,4815.99,4594.0
2026-04-16 16:00:00,4816.71,4823.6,4784.91,4794.65,5980.0
2026-04-16 17:00:00,4794.26,4805.23,4772.95,4788.56,6461.0
2026-04-16 18:00:00,4788.59,4812.74,4788.19,4807.01,5827.0
2026-04-16 19:00:00,4807.85,4809.88,4785.03,4791.86,5438.0
2026-04-16 20:00:00,4791.89,4795.23,4781.18,4789.04,5468.0
2026-04-16 21:00:00,4789.06,4793.85,4785.65,4789.43,5113.0
2026-04-16 22:00:00,4789.71,4798.38,4789.42,4793.35,4539.0
2026-04-16 23:00:00,4793.32,4793.62,4786.25,4790.54,2243.0
2026-04-17 01:00:00,4794.57,4797.75,4790.95,4795.12,2365.0
2026-04-17 02:00:00,4794.49,4797.61,4791.64,4791.78,2161.0
2026-04-17 03:00:00,4791.3,4800.86,4785.63,4794.63,3348.0
2026-04-17 04:00:00,4794.55,4795.1,4767.46,4789.29,5301.0
2026-04-17 05:00:00,4789.25,4794.45,4784.21,4784.39,3871.0
2026-04-17 06:00:00,4784.36,4797.56,4784.36,4793.08,3542.0
2026-04-17 07:00:00,4792.99,4804.25,4792.45,4802.94,2733.0
2026-04-17 08:00:00,4802.82,4806.01,4793.52,4794.06,4069.0
2026-04-17 09:00:00,4793.93,4795.02,4779.13,4784.74,4739.0
2026-04-17 10:00:00,4784.79,4794.47,4778.63,4784.19,4182.0
2026-04-17 11:00:00,4784.44,4796.7,4780.71,4795.75,3927.0
2026-04-17 12:00:00,4795.86,4800.72,4789.79,4790.16,3867.0
2026-04-17 13:00:00,4790.35,4793.81,4782.09,4787.15,3703.0
2026-04-17 14:00:00,4787.43,4811.52,4783.4,4799.19,3975.0
2026-04-17 15:00:00,4800.1,4847.64,4797.68,4846.41,5445.0
2026-04-17 16:00:00,4846.59,4889.39,4834.95,4880.32,6767.0
2026-04-17 17:00:00,4881.31,4885.41,4860.88,4873.22,6346.0
2026-04-17 18:00:00,4873.27,4880.4,4855.42,4867.34,6147.0
2026-04-17 19:00:00,4867.44,4873.37,4863.7,4867.05,5021.0
2026-04-17 20:00:00,4867.07,4869.52,4853.92,4862.63,5337.0
2026-04-17 21:00:00,4862.63,4868.04,4855.96,4858.27,4925.0
2026-04-17 22:00:00,4858.17,4861.2,4852.76,4854.58,4721.0
2026-04-17 23:00:00,4854.56,4855.13,4831.26,4833.86,3916.0
2026-04-20 01:00:00,4764.24,4794.77,4757.95,4779.06,5004.0
2026-04-20 02:00:00,4779.05,4779.21,4736.88,4754.9,5069.0
2026-04-20 03:00:00,4754.95,4774.12,4744.64,4772.34,5279.0
2026-04-20 04:00:00,4772.08,4814.13,4771.86,4807.55,5990.0
2026-04-20 05:00:00,4807.65,4808.78,4792.91,4797.01,4812.0
2026-04-20 06:00:00,4796.93,4797.98,4788.64,4790.71,3844.0
2026-04-20 07:00:00,4790.68,4795.51,4786.99,4788.69,3075.0
2026-04-20 08:00:00,4788.71,4795.8,4779.45,4790.67,4830.0
2026-04-20 09:00:00,4790.68,4795.18,4783.64,4795.04,5530.0
2026-04-20 10:00:00,4795.35,4805.58,4786.78,4789.54,5430.0
2026-04-20 11:00:00,4789.51,4796.04,4785.95,4796.04,4725.0
2026-04-20 12:00:00,4795.96,4797.72,4783.28,4791.39,4543.0
2026-04-20 13:00:00,4791.42,4800.55,4789.67,4795.63,4064.0
2026-04-20 14:00:00,4795.83,4810.64,4786.39,4810.31,4807.0
2026-04-20 15:00:00,4810.35,4821.95,4799.08,4803.22,5547.0
2026-04-20 16:00:00,4803.89,4826.11,4799.59,4817.67,6648.0
2026-04-20 17:00:00,4817.95,4827.55,4792.46,4805.17,6771.0
2026-04-20 18:00:00,4805.57,4809.18,4792.66,4799.5,6427.0
2026-04-20 19:00:00,4799.8,4806.14,4792.61,4805.38,5121.0
2026-04-20 20:00:00,4805.64,4811.9,4803.62,4806.49,4751.0
2026-04-20 21:00:00,4807.31,4816.32,4807.31,4813.88,4216.0
2026-04-20 22:00:00,4813.85,4821.19,4810.22,4814.02,4122.0
2026-04-20 23:00:00,4814.05,4821.71,4812.15,4820.47,2604.0
2026-04-21 01:00:00,4824.41,4832.78,4820.64,4827.4,3554.0
2026-04-21 02:00:00,4827.46,4831.59,4819.7,4821.58,2491.0
2026-04-21 03:00:00,4821.64,4830.47,4816.61,4823.8,4522.0
2026-04-21 04:00:00,4824.46,4824.46,4805.62,4810.06,5173.0
2026-04-21 05:00:00,4810.12,4810.34,4802.43,4806.78,4378.0
2026-04-21 06:00:00,4806.67,4807.36,4792.38,4796.89,4390.0
2026-04-21 07:00:00,4797.13,4797.59,4788.56,4788.87,3318.0
2026-04-21 08:00:00,4789.1,4796.7,4783.02,4783.84,4602.0
2026-04-21 09:00:00,4783.72,4790.5,4774.48,4778.56,5624.0
2026-04-21 10:00:00,4777.86,4792.4,4772.54,4785.54,4888.0
2026-04-21 11:00:00,4785.5,4792.63,4774.59,4785.78,4823.0
2026-04-21 12:00:00,4785.86,4789.24,4781.07,4783.56,4356.0
2026-04-21 13:00:00,4783.54,4790.17,4780.6,4789.56,3835.0
2026-04-21 14:00:00,4789.64,4797.67,4775.59,4794.42,4649.0
2026-04-21 15:00:00,4794.46,4796.68,4766.54,4778.53,5756.0
2026-04-21 16:00:00,4778.57,4794.21,4761.74,4778.86,6778.0
2026-04-21 17:00:00,4778.78,4782.32,4723.44,4738.92,6945.0
2026-04-21 18:00:00,4738.77,4757.17,4727.78,4741.34,7017.0
2026-04-21 19:00:00,4742.06,4746.44,4708.14,4710.82,6382.0
2026-04-21 20:00:00,4710.9,4721.43,4696.91,4711.04,6616.0
2026-04-21 21:00:00,4710.94,4714.63,4692.36,4709.13,6070.0
2026-04-21 22:00:00,4709.11,4714.95,4668.36,4679.28,6547.0
2026-04-21 23:00:00,4678.92,4719.97,4668.84,4719.89,5427.0
2026-04-22 01:00:00,4722.15,4729.25,4715.41,4719.41,3124.0
2026-04-22 02:00:00,4719.34,4740.37,4717.93,4737.79,3357.0
2026-04-22 03:00:00,4737.8,4746.93,4737.8,4739.66,4126.0
2026-04-22 04:00:00,4739.32,4754.32,4735.79,4751.98,5342.0
2026-04-22 05:00:00,4751.97,4758.5,4750.02,4755.5,3932.0
2026-04-22 06:00:00,4755.43,4764.77,4752.95,4757.86,3669.0
2026-04-22 07:00:00,4758.02,4759.36,4752.03,4754.38,2817.0
2026-04-22 08:00:00,4754.42,4771.69,4752.01,4767.45,4566.0
2026-04-22 09:00:00,4767.61,4767.61,4758.63,4767.35,4649.0
2026-04-22 10:00:00,4767.47,4771.88,4759.65,4760.58,4461.0
2026-04-22 11:00:00,4760.62,4762.25,4751.97,4757.08,4735.0
2026-04-22 12:00:00,4757.08,4762.45,4752.51,4755.16,4399.0
2026-04-22 13:00:00,4755.34,4760.07,4745.85,4759.21,4421.0
2026-04-22 14:00:00,4759.45,4760.78,4747.95,4750.41,4807.0
2026-04-22 15:00:00,4750.83,4759.58,4742.86,4744.24,5341.0
2026-04-22 16:00:00,4744.27,4760.72,4736.43,4752.76,6723.0
2026-04-22 17:00:00,4752.29,4757.18,4729.95,4735.69,6700.0
2026-04-22 18:00:00,4735.77,4739.83,4724.79,4727.43,6209.0
2026-04-22 19:00:00,4728.04,4734.66,4723.71,4728.45,5427.0
2026-04-22 20:00:00,4728.63,4739.31,4728.37,4736.96,5097.0
2026-04-22 21:00:00,4737.0,4749.16,4729.7,4741.55,4320.0
2026-04-22 22:00:00,4741.57,4745.17,4736.74,4740.17,4847.0
2026-04-22 23:00:00,4740.07,4740.48,4734.22,4739.96,3062.0
2026-04-23 01:00:00,4745.49,4745.69,4725.54,4725.65,2864.0
2026-04-23 02:00:00,4725.73,4729.57,4723.41,4727.62,2573.0
2026-04-23 03:00:00,4727.74,4753.63,4694.0,4747.89,6221.0
2026-04-23 04:00:00,4748.01,4749.61,4722.24,4723.27,5986.0
2026-04-23 05:00:00,4723.03,4724.49,4698.04,4698.81,6266.0
2026-04-23 06:00:00,4698.58,4708.4,4698.04,4703.62,5390.0
2026-04-23 07:00:00,4703.51,4706.78,4698.55,4704.17,3631.0
2026-04-23 08:00:00,4704.21,4714.88,4692.6,4713.18,5042.0
2026-04-23 09:00:00,4713.22,4720.87,4708.34,4712.7,5363.0
2026-04-23 10:00:00,4712.88,4720.33,4702.94,4718.93,5549.0
2026-04-23 11:00:00,4718.99,4724.53,4701.77,4703.09,5249.0
2026-04-23 12:00:00,4703.09,4703.44,4694.48,4697.31,5304.0
2026-04-23 13:00:00,4697.37,4701.46,4684.05,4696.38,5385.0
2026-04-23 14:00:00,4696.7,4720.64,4695.44,4720.43,5324.0
2026-04-23 15:00:00,4719.46,4743.24,4719.46,4740.19,6353.0
2026-04-23 16:00:00,4740.77,4741.16,4723.93,4724.48,6491.0
2026-04-23 17:00:00,4724.64,4736.58,4717.17,4733.64,6762.0
2026-04-23 18:00:00,4733.77,4741.03,4716.4,4720.5,6232.0
2026-04-23 19:00:00,4720.68,4737.15,4715.65,4733.0,5474.0
2026-04-23 20:00:00,4732.99,4734.51,4664.15,4709.13,7461.0
2026-04-23 21:00:00,4709.74,4721.95,4699.27,4700.9,6434.0
2026-04-23 22:00:00,4701.01,4704.28,4689.24,4695.85,6118.0
2026-04-23 23:00:00,4695.6,4697.97,4686.32,4694.02,3859.0
2026-04-24 01:00:00,4699.15,4699.84,4689.89,4693.02,2899.0
2026-04-24 02:00:00,4692.96,4700.46,4686.74,4695.08,3431.0
2026-04-24 03:00:00,4695.98,4707.64,4690.75,4704.29,5357.0
2026-04-24 04:00:00,4704.39,4710.83,4690.12,4699.04,5972.0
2026-04-24 05:00:00,4699.26,4700.4,4673.02,4676.56,5608.0
2026-04-24 06:00:00,4676.58,4678.1,4668.55,4671.93,4749.0
2026-04-24 07:00:00,4671.57,4676.57,4657.62,4674.28,4388.0
2026-04-24 08:00:00,4674.27,4687.07,4669.48,4686.15,4649.0
2026-04-24 09:00:00,4686.16,4687.61,4666.63,4671.77,5673.0
2026-04-24 10:00:00,4671.61,4695.03,4670.78,4694.27,4834.0
2026-04-24 11:00:00,4693.67,4697.14,4684.85,4690.3,5201.0
2026-04-24 12:00:00,4690.66,4696.49,4679.18,4681.84,5004.0
2026-04-24 13:00:00,4681.75,4685.99,4674.45,4677.27,4480.0
2026-04-24 14:00:00,4677.6,4717.1,4677.6,4706.66,6251.0
2026-04-24 15:00:00,4706.86,4711.62,4690.18,4700.57,5865.0
2026-04-24 16:00:00,4701.04,4717.04,4689.61,4711.0,6731.0
2026-04-24 17:00:00,4711.27,4740.06,4706.69,4726.2,6871.0
2026-04-24 18:00:00,4726.25,4733.17,4715.05,4727.06,6476.0
2026-04-24 19:00:00,4727.19,4729.49,4718.93,4726.72,5780.0
2026-04-24 20:00:00,4726.68,4729.82,4718.94,4723.26,5331.0
2026-04-24 21:00:00,4723.36,4724.67,4716.75,4722.53,4862.0
2026-04-24 22:00:00,4722.57,4725.91,4713.48,4716.9,4735.0
2026-04-24 23:00:00,4715.92,4717.1,4705.19,4707.98,3094.0
2026-04-27 01:00:00,4692.8,4699.44,4680.19,4684.36,4016.0
2026-04-27 02:00:00,4684.15,4684.63,4674.94,4679.79,3340.0
2026-04-27 03:00:00,4679.76,4697.95,4671.84,4697.64,4536.0
2026-04-27 04:00:00,4697.65,4709.32,4690.61,4702.39,6023.0
2026-04-27 05:00:00,4702.6,4723.16,4695.98,4718.02,5035.0
2026-04-27 06:00:00,4717.92,4729.06,4714.22,4723.96,4514.0
2026-04-27 07:00:00,4723.95,4729.82,4722.52,4724.73,3450.0
2026-04-27 08:00:00,4724.82,4725.25,4708.5,4709.86,4541.0
2026-04-27 09:00:00,4709.78,4715.38,4709.07,4712.58,5012.0
2026-04-27 10:00:00,4712.31,4718.09,4709.77,4713.13,5112.0
2026-04-27 11:00:00,4713.13,4714.49,4705.18,4706.54,5034.0
2026-04-27 12:00:00,4706.66,4708.04,4699.37,4703.5,4289.0
2026-04-27 13:00:00,4703.37,4710.48,4699.35,4708.62,4166.0
2026-04-27 14:00:00,4708.72,4708.82,4699.9,4704.61,4539.0
2026-04-27 15:00:00,4704.63,4712.4,4696.85,4699.02,5601.0
2026-04-27 16:00:00,4699.52,4703.12,4688.87,4695.99,6488.0
2026-04-27 17:00:00,4695.79,4696.48,4676.4,4678.04,6568.0
2026-04-27 18:00:00,4677.93,4682.23,4667.0,4669.82,6219.0
2026-04-27 19:00:00,4669.95,4679.29,4667.17,4676.48,4960.0
2026-04-27 20:00:00,4676.61,4685.95,4668.1,4682.0,5260.0
2026-04-27 21:00:00,4681.98,4685.22,4678.76,4680.53,4261.0
2026-04-27 22:00:00,4680.5,4682.43,4676.65,4680.49,4244.0
2026-04-27 23:00:00,4680.82,4681.61,4677.28,4681.61,2269.0
2026-04-28 01:00:00,4684.0,4690.89,4682.26,4687.68,2536.0
2026-04-28 02:00:00,4687.66,4694.79,4687.09,4691.77,2349.0
2026-04-28 03:00:00,4692.21,4701.03,4690.36,4690.4,3983.0
2026-04-28 04:00:00,4690.09,4691.17,4669.29,4670.54,5438.0
2026-04-28 05:00:00,4670.39,4679.47,4666.44,4668.85,5089.0
2026-04-28 06:00:00,4668.88,4675.49,4668.27,4670.7,3887.0
2026-04-28 07:00:00,4670.63,4671.01,4666.38,4667.45,3022.0
2026-04-28 08:00:00,4667.38,4667.74,4623.66,4631.9,5742.0
2026-04-28 09:00:00,4631.7,4642.57,4623.24,4628.83,6063.0
2026-04-28 10:00:00,4628.74,4639.21,4620.41,4632.51,5694.0
2026-04-28 11:00:00,4633.23,4635.08,4614.5,4629.45,5843.0
2026-04-28 12:00:00,4629.41,4629.79,4604.4,4604.61,5685.0
2026-04-28 13:00:00,4604.51,4616.24,4603.06,4603.06,5041.0
2026-04-28 14:00:00,4602.98,4608.5,4555.36,4562.4,6395.0
2026-04-28 15:00:00,4562.33,4599.81,4554.77,4593.75,6775.0
2026-04-28 16:00:00,4593.28,4594.14,4570.7,4579.95,7124.0
2026-04-28 17:00:00,4580.17,4580.43,4557.12,4574.31,7159.0
2026-04-28 18:00:00,4574.27,4586.26,4566.83,4586.23,6691.0
2026-04-28 19:00:00,4586.66,4594.54,4577.72,4592.13,5771.0
2026-04-28 20:00:00,4592.31,4601.27,4587.11,4594.57,5571.0
2026-04-28 21:00:00,4594.63,4600.33,4591.98,4594.04,4895.0
2026-04-28 22:00:00,4594.12,4599.89,4593.3,4595.46,4640.0
2026-04-28 23:00:00,4595.39,4598.54,4591.03,4596.93,3013.0
2026-04-29 01:00:00,4599.85,4599.85,4592.22,4593.94,1789.0
2026-04-29 02:00:00,4593.97,4595.93,4587.71,4595.51,2223.0
2026-04-29 03:00:00,4595.44,4609.9,4595.09,4600.04,4050.0
2026-04-29 04:00:00,4600.17,4600.17,4575.92,4584.66,5766.0
2026-04-29 05:00:00,4584.65,4603.93,4584.65,4593.42,5082.0
2026-04-29 06:00:00,4593.46,4603.06,4591.96,4595.21,3879.0
2026-04-29 07:00:00,4595.23,4605.35,4595.06,4604.55,2992.0
2026-04-29 08:00:00,4604.5,4607.37,4590.54,4590.54,4198.0
2026-04-29 09:00:00,4590.7,4598.39,4580.65,4584.33,5414.0
2026-04-29 10:00:00,4584.35,4588.65,4567.15,4567.59,5791.0
2026-04-29 11:00:00,4568.74,4576.48,4557.15,4572.96,5843.0
2026-04-29 12:00:00,4573.04,4580.59,4551.4,4555.64,5665.0
2026-04-29 13:00:00,4555.16,4576.38,4554.88,4569.68,5241.0
2026-04-29 14:00:00,4570.02,4571.85,4559.06,4561.53,5428.0
2026-04-29 15:00:00,4561.45,4568.67,4542.12,4544.69,5948.0
2026-04-29 16:00:00,4544.75,4553.03,4510.05,4521.58,6882.0
2026-04-29 17:00:00,4521.58,4542.36,4517.67,4539.2,6770.0
2026-04-29 18:00:00,4539.14,4558.64,4536.06,4547.47,6623.0
2026-04-29 19:00:00,4547.64,4564.73,4543.26,4545.23,6106.0
2026-04-29 20:00:00,4545.29,4554.23,4541.43,4547.03,5635.0
2026-04-29 21:00:00,4547.37,4552.43,4518.13,4537.9,6988.0
2026-04-29 22:00:00,4537.9,4550.5,4533.11,4546.7,6220.0
2026-04-29 23:00:00,4546.76,4553.29,4541.15,4543.32,5306.0
2026-04-30 01:00:00,4544.16,4552.28,4539.15,4551.88,2859.0
2026-04-30 02:00:00,4551.89,4561.73,4549.51,4561.5,2657.0
2026-04-30 03:00:00,4561.47,4573.79,4556.33,4569.76,5063.0
2026-04-30 04:00:00,4569.44,4582.26,4564.68,4578.95,5648.0
2026-04-30 05:00:00,4578.79,4581.61,4559.67,4564.73,5005.0
2026-04-30 06:00:00,4564.29,4568.82,4555.56,4555.88,4263.0
2026-04-30 07:00:00,4555.83,4556.76,4540.68,4542.04,4749.0
2026-04-30 08:00:00,4541.96,4569.44,4541.95,4562.35,5028.0
2026-04-30 09:00:00,4562.36,4591.57,4560.0,4589.54,5894.0
2026-04-30 10:00:00,4589.57,4605.44,4585.02,4598.47,5620.0
2026-04-30 11:00:00,4598.53,4629.79,4597.39,4616.48,5819.0
2026-04-30 12:00:00,4616.47,4631.72,4614.24,4625.22,5665.0
2026-04-30 13:00:00,4625.19,4646.78,4623.75,4639.78,5694.0
2026-04-30 14:00:00,4639.81,4645.06,4626.73,4629.72,6041.0
2026-04-30 15:00:00,4630.36,4640.13,4624.73,4639.59,5866.0
2026-04-30 16:00:00,4639.85,4645.81,4610.87,4611.04,6638.0
2026-04-30 17:00:00,4610.98,4625.93,4609.71,4619.66,6956.0
2026-04-30 18:00:00,4619.7,4625.31,4611.47,4615.37,6373.0
2026-04-30 19:00:00,4615.33,4617.73,4605.41,4607.61,5431.0
2026-04-30 20:00:00,4607.67,4621.54,4607.67,4616.85,5355.0
2026-04-30 21:00:00,4617.11,4625.22,4616.79,4622.51,4962.0
2026-04-30 22:00:00,4622.5,4627.11,4614.58,4617.07,5088.0
2026-04-30 23:00:00,4616.56,4621.98,4615.52,4621.72,3751.0
2026-05-01 01:00:00,4628.34,4632.77,4625.59,4630.36,2825.0
2026-05-01 02:00:00,4630.42,4633.98,4626.41,4626.51,2782.0
2026-05-01 03:00:00,4626.66,4631.05,4618.66,4619.76,4610.0
2026-05-01 04:00:00,4619.73,4622.2,4613.91,4620.9,3873.0
2026-05-01 05:00:00,4620.85,4635.88,4616.44,4619.1,3757.0
2026-05-01 06:00:00,4619.07,4631.97,4617.8,4626.68,3257.0
2026-05-01 07:00:00,4626.69,4628.63,4609.21,4609.22,3464.0
2026-05-01 08:00:00,4609.17,4616.0,4602.76,4604.7,3613.0
2026-05-01 09:00:00,4604.85,4607.64,4590.66,4594.67,4925.0
2026-05-01 10:00:00,4594.33,4597.89,4575.7,4578.0,5071.0
2026-05-01 11:00:00,4578.49,4582.33,4564.97,4568.74,4858.0
2026-05-01 12:00:00,4569.04,4572.81,4560.18,4562.47,4246.0
2026-05-01 13:00:00,4562.48,4575.81,4561.19,4566.61,3789.0
2026-05-01 14:00:00,4567.15,4579.35,4562.25,4578.48,4669.0
2026-05-01 15:00:00,4578.45,4607.52,4574.71,4590.95,5817.0
2026-05-01 16:00:00,4590.98,4628.63,4586.36,4625.47,6256.0
2026-05-01 17:00:00,4625.35,4659.96,4625.35,4631.89,7011.0
2026-05-01 18:00:00,4632.54,4647.69,4618.96,4643.02,6195.0
2026-05-01 19:00:00,4642.47,4649.82,4633.8,4638.71,5589.0
2026-05-01 20:00:00,4638.6,4642.49,4626.68,4629.42,4820.0
2026-05-01 21:00:00,4629.34,4630.62,4613.58,4624.05,5222.0
2026-05-01 22:00:00,4624.24,4627.48,4608.71,4609.81,4829.0
2026-05-01 23:00:00,4610.32,4617.16,4606.78,4616.26,2812.0
2026-05-04 01:00:00,4620.28,4629.11,4612.22,4618.66,3621.0
2026-05-04 02:00:00,4618.62,4620.57,4611.36,4613.7,3479.0
2026-05-04 03:00:00,4613.69,4616.23,4601.79,4612.83,4727.0
2026-05-04 04:00:00,4612.85,4613.76,4592.47,4613.02,4496.0
2026-05-04 05:00:00,4612.79,4618.21,4590.93,4605.52,4592.0
2026-05-04 06:00:00,4605.59,4616.81,4598.28,4614.81,4268.0
2026-05-04 07:00:00,4615.02,4615.12,4604.91,4605.7,3787.0
2026-05-04 08:00:00,4605.68,4612.66,4592.07,4598.81,4795.0
2026-05-04 09:00:00,4599.12,4600.44,4583.47,4588.21,5282.0
2026-05-04 10:00:00,4588.45,4593.12,4577.9,4578.72,4889.0
2026-05-04 11:00:00,4578.79,4581.04,4573.55,4576.79,4920.0
2026-05-04 12:00:00,4576.77,4584.24,4572.38,4575.13,4039.0
2026-05-04 13:00:00,4575.09,4575.47,4525.87,4562.53,6610.0
2026-05-04 14:00:00,4563.27,4570.49,4551.3,4559.79,5661.0
2026-05-04 15:00:00,4560.48,4579.12,4559.11,4568.49,5652.0
2026-05-04 16:00:00,4567.84,4575.33,4555.48,4563.79,6556.0
2026-05-04 17:00:00,4563.81,4583.0,4553.38,4561.22,6499.0
2026-05-04 18:00:00,4561.41,4565.76,4513.73,4521.03,7155.0
2026-05-04 19:00:00,4521.37,4526.64,4500.6,4510.39,6635.0
2026-05-04 20:00:00,4511.33,4531.22,4510.62,4521.96,5824.0
2026-05-04 21:00:00,4522.01,4524.9,4509.69,4516.03,5153.0
2026-05-04 22:00:00,4516.02,4526.95,4511.27,4517.6,5296.0
2026-05-04 23:00:00,4516.85,4523.68,4511.58,4523.61,3002.0
2026-05-05 01:00:00,4523.33,4524.48,4515.43,4517.22,2021.0
2026-05-05 02:00:00,4517.14,4521.28,4515.97,4518.71,2084.0
2026-05-05 03:00:00,4519.33,4530.14,4513.4,4529.87,4095.0
2026-05-05 04:00:00,4529.51,4542.08,4525.2,4540.68,4438.0
2026-05-05 05:00:00,4540.69,4546.39,4534.69,4538.9,3573.0
2026-05-05 06:00:00,4538.57,4542.44,4532.3,4534.35,2984.0
2026-05-05 07:00:00,4534.32,4536.36,4527.7,4533.41,2816.0
2026-05-05 08:00:00,4533.4,4551.36,4531.22,4545.43,4153.0
2026-05-05 09:00:00,4545.4,4551.83,4533.77,4547.86,5028.0
2026-05-05 10:00:00,4547.83,4557.98,4543.11,4545.38,5081.0
2026-05-05 11:00:00,4545.42,4559.43,4545.3,4558.14,5063.0
2026-05-05 12:00:00,4558.64,4560.22,4550.92,4556.04,4665.0
2026-05-05 13:00:00,4556.43,4556.65,4540.02,4543.59,4422.0
2026-05-05 14:00:00,4542.79,4564.67,4539.77,4562.31,5194.0
2026-05-05 15:00:00,4562.53,4574.42,4554.13,4564.65,5642.0
2026-05-05 16:00:00,4564.33,4584.74,4564.33,4579.4,6127.0
2026-05-05 17:00:00,4581.98,4586.36,4566.01,4582.31,6318.0
2026-05-05 18:00:00,4582.4,4583.82,4568.43,4568.55,5606.0
2026-05-05 19:00:00,4568.53,4568.96,4553.77,4561.29,5057.0
2026-05-05 20:00:00,4561.46,4562.75,4553.37,4559.75,4569.0
2026-05-05 21:00:00,4559.94,4565.74,4557.68,4561.07,3865.0
2026-05-05 22:00:00,4561.03,4561.37,4551.56,4555.1,3710.0
2026-05-05 23:00:00,4555.11,4559.98,4554.06,4557.46,2568.0
2026-05-06 01:00:00,4558.34,4577.11,4546.32,4573.42,3059.0
2026-05-06 02:00:00,4573.36,4595.67,4569.54,4593.97,4500.0
2026-05-06 03:00:00,4594.68,4619.65,4588.24,4618.72,5133.0
2026-05-06 04:00:00,4618.7,4628.46,4609.45,4626.04,5479.0
2026-05-06 05:00:00,4625.92,4641.79,4625.31,4640.76,4579.0
2026-05-06 06:00:00,4640.58,4651.5,4638.5,4643.84,3977.0
2026-05-06 07:00:00,4643.68,4653.6,4643.41,4648.98,4153.0
2026-05-06 08:00:00,4648.88,4663.76,4644.68,4662.98,4660.0
2026-05-06 09:00:00,4662.79,4669.34,4657.11,4669.25,5376.0
2026-05-06 10:00:00,4669.63,4681.79,4657.45,4681.59,5107.0
2026-05-06 11:00:00,4680.94,4702.41,4671.62,4700.11,5412.0
2026-05-06 12:00:00,4700.53,4708.52,4689.26,4701.92,6060.0
2026-05-06 13:00:00,4701.91,4722.92,4695.69,4718.31,6042.0
2026-05-06 14:00:00,4718.02,4721.33,4690.94,4692.19,6386.0
2026-05-06 15:00:00,4692.43,4692.82,4660.36,4683.11,6596.0
2026-05-06 16:00:00,4683.12,4707.45,4668.76,4702.13,6939.0
2026-05-06 17:00:00,4701.94,4717.38,4698.0,4703.0,6827.0
2026-05-06 18:00:00,4703.06,4705.76,4687.95,4687.95,6083.0
2026-05-06 19:00:00,4687.29,4692.04,4679.73,4683.15,5487.0
2026-05-06 20:00:00,4683.09,4688.06,4679.03,4684.06,5033.0
2026-05-06 21:00:00,4684.06,4690.37,4682.0,4686.08,4321.0
2026-05-06 22:00:00,4686.09,4700.25,4686.09,4692.47,4478.0
2026-05-06 23:00:00,4692.75,4699.62,4685.23,4690.91,3283.0
2026-05-07 01:00:00,4696.68,4699.8,4689.39,4694.87,2663.0
2026-05-07 02:00:00,4694.83,4699.48,4690.22,4698.96,2794.0
2026-05-07 03:00:00,4698.88,4701.13,4685.5,4688.55,5116.0
2026-05-07 04:00:00,4688.56,4721.04,4685.13,4714.74,5877.0
2026-05-07 05:00:00,4714.69,4718.41,4700.05,4707.28,4792.0
2026-05-07 06:00:00,4707.16,4709.8,4698.96,4699.23,3617.0
2026-05-07 07:00:00,4699.1,4700.75,4692.31,4696.37,3584.0
2026-05-07 08:00:00,4696.27,4706.49,4694.67,4701.01,4235.0
2026-05-07 09:00:00,4701.17,4750.16,4701.07,4739.03,5629.0
2026-05-07 10:00:00,4738.5,4750.61,4731.68,4743.12,5909.0
2026-05-07 11:00:00,4743.14,4753.38,4730.73,4730.81,5558.0
2026-05-07 12:00:00,4730.84,4739.21,4721.66,4728.87,5312.0
2026-05-07 13:00:00,4728.28,4739.65,4726.48,4735.46,4802.0
2026-05-07 14:00:00,4735.69,4743.4,4727.11,4742.6,5231.0
2026-05-07 15:00:00,4742.78,4752.38,4732.93,4749.89,5869.0
2026-05-07 16:00:00,4749.95,4757.97,4731.13,4746.01,6560.0
2026-05-07 17:00:00,4746.03,4763.19,4740.89,4762.59,6469.0
2026-05-07 18:00:00,4762.61,4764.51,4726.18,4729.02,6635.0
2026-05-07 19:00:00,4729.32,4729.52,4704.22,4714.85,6709.0
2026-05-07 20:00:00,4715.3,4719.3,4687.73,4711.35,6809.0
2026-05-07 21:00:00,4712.23,4715.7,4695.27,4709.5,6303.0
2026-05-07 22:00:00,4709.51,4712.77,4697.64,4702.73,6024.0
2026-05-07 23:00:00,4703.09,4719.0,4686.04,4686.97,4839.0
2026-05-08 01:00:00,4687.0,4699.23,4681.54,4685.64,4048.0
2026-05-08 02:00:00,4685.68,4705.3,4684.38,4704.19,3371.0
2026-05-08 03:00:00,4704.04,4709.21,4693.84,4701.18,5043.0
2026-05-08 04:00:00,4701.15,4725.18,4700.9,4722.62,5702.0
2026-05-08 05:00:00,4722.68,4732.47,4706.86,4713.16,5394.0
2026-05-08 06:00:00,4713.67,4730.72,4710.91,4719.45,4366.0
2026-05-08 07:00:00,4719.42,4723.08,4708.83,4710.82,3911.0
2026-05-08 08:00:00,4710.93,4730.99,4709.5,4727.31,4600.0
2026-05-08 09:00:00,4727.32,4734.31,4712.44,4725.48,5813.0
2026-05-08 10:00:00,4725.32,4726.22,4696.87,4707.77,5744.0
2026-05-08 11:00:00,4707.76,4723.31,4706.53,4715.57,5137.0
2026-05-08 12:00:00,4715.9,4722.59,4707.32,4711.7,4711.0
2026-05-08 13:00:00,4711.72,4727.5,4710.88,4719.74,4424.0
2026-05-08 14:00:00,4719.93,4727.13,4713.48,4717.59,4793.0
2026-05-08 15:00:00,4717.56,4731.85,4702.7,4724.21,6152.0
2026-05-08 16:00:00,4723.73,4747.87,4716.55,4747.82,6633.0
2026-05-08 17:00:00,4747.66,4749.14,4713.16,4715.71,6743.0
2026-05-08 18:00:00,4715.23,4720.66,4701.87,4706.83,6291.0
2026-05-08 19:00:00,4707.0,4720.03,4705.24,4712.23,5150.0
2026-05-08 20:00:00,4712.18,4722.51,4712.07,4720.68,4374.0
2026-05-08 21:00:00,4720.72,4728.76,4719.75,4721.71,4264.0
2026-05-08 22:00:00,4721.66,4726.61,4720.84,4723.7,4032.0
2026-05-08 23:00:00,4723.73,4724.03,4714.37,4715.2,2706.0
2026-05-11 01:00:00,4697.68,4701.72,4678.79,4691.55,4245.0
2026-05-11 02:00:00,4691.54,4698.32,4688.61,4691.48,3407.0
2026-05-11 03:00:00,4691.32,4693.08,4670.02,4683.33,5331.0
2026-05-11 04:00:00,4683.18,4705.25,4674.5,4685.44,6418.0
2026-05-11 05:00:00,4685.44,4699.95,4676.31,4681.44,5533.0
2026-05-11 06:00:00,4681.16,4690.11,4675.06,4678.38,4702.0
2026-05-11 07:00:00,4678.93,4679.56,4668.27,4671.79,4013.0
2026-05-11 08:00:00,4671.78,4680.44,4647.91,4652.1,4979.0
2026-05-11 09:00:00,4652.08,4680.18,4649.07,4678.17,5622.0
2026-05-11 10:00:00,4679.03,4680.08,4664.18,4667.55,4836.0
2026-05-11 11:00:00,4667.59,4678.52,4664.05,4667.31,4912.0
2026-05-11 12:00:00,4667.33,4669.74,4650.38,4656.52,4559.0
2026-05-11 13:00:00,4656.51,4667.28,4656.18,4663.65,4353.0
2026-05-11 14:00:00,4664.29,4677.11,4664.29,4674.31,4732.0
2026-05-11 15:00:00,4674.29,4700.75,4667.27,4699.77,5930.0
2026-05-11 16:00:00,4699.88,4748.52,4698.91,4735.94,6823.0
2026-05-11 17:00:00,4736.0,4738.43,4715.22,4725.6,6431.0
2026-05-11 18:00:00,4725.5,4738.24,4722.85,4732.2,5631.0
2026-05-11 19:00:00,4732.2,4733.41,4708.19,4716.45,5327.0
2026-05-11 20:00:00,4716.46,4724.62,4715.93,4723.71,4774.0
2026-05-11 21:00:00,4723.7,4729.36,4721.22,4724.97,4293.0
2026-05-11 22:00:00,4725.14,4736.16,4722.45,4733.55,4411.0
2026-05-11 23:00:00,4734.19,4738.43,4730.0,4734.73,2813.0
2026-05-12 01:00:00,4740.28,4755.02,4737.54,4750.9,2662.0
2026-05-12 02:00:00,4751.12,4769.36,4746.19,4767.88,3681.0
2026-05-12 03:00:00,4767.39,4773.32,4748.86,4749.42,5179.0
2026-05-12 04:00:00,4749.28,4755.5,4720.39,4727.25,6203.0
2026-05-12 05:00:00,4727.28,4733.9,4722.32,4730.03,5437.0
2026-05-12 06:00:00,4729.97,4733.16,4718.25,4720.19,4424.0
2026-05-12 07:00:00,4720.24,4730.34,4711.06,4713.57,3831.0
2026-05-12 08:00:00,4713.58,4721.77,4708.7,4714.08,5184.0
2026-05-12 09:00:00,4714.09,4714.09,4694.37,4696.94,5922.0
2026-05-12 10:00:00,4696.74,4703.65,4687.19,4699.63,5346.0
2026-05-12 11:00:00,4700.58,4706.51,4697.08,4703.1,4988.0
2026-05-12 12:00:00,4702.98,4704.99,4694.07,4699.3,4769.0
2026-05-12 13:00:00,4699.35,4708.17,4685.04,4693.7,4768.0
2026-05-12 14:00:00,4694.16,4708.97,4687.08,4706.38,5306.0
2026-05-12 15:00:00,4706.47,4711.33,4689.62,4705.5,5914.0
2026-05-12 16:00:00,4705.43,4708.63,4676.85,4678.38,6724.0
2026-05-12 17:00:00,4679.0,4694.83,4669.63,4672.6,6728.0
2026-05-12 18:00:00,4672.75,4675.96,4638.5,4665.93,6621.0
2026-05-12 19:00:00,4665.89,4674.94,4663.94,4670.99,5664.0
2026-05-12 20:00:00,4671.07,4682.15,4671.07,4678.66,5150.0
2026-05-12 21:00:00,4678.19,4697.87,4676.01,4695.78,5184.0
2026-05-12 22:00:00,4695.91,4715.36,4695.91,4715.36,4706.0
2026-05-12 23:00:00,4715.45,4718.96,4711.95,4715.09,3233.0
2026-05-13 01:00:00,4715.04,4722.25,4712.55,4716.8,3229.0
2026-05-13 02:00:00,4716.77,4723.66,4714.98,4716.76,3955.0
2026-05-13 03:00:00,4715.76,4726.27,4714.11,4714.3,5237.0
2026-05-13 04:00:00,4714.51,4716.49,4700.86,4702.33,5568.0
2026-05-13 05:00:00,4702.25,4707.42,4687.58,4691.73,4901.0
2026-05-13 06:00:00,4691.79,4705.65,4688.76,4695.8,4208.0
2026-05-13 07:00:00,4695.83,4703.12,4695.29,4699.38,3338.0
2026-05-13 08:00:00,4699.29,4707.0,4693.54,4703.76,4810.0
2026-05-13 09:00:00,4703.96,4715.21,4697.78,4701.22,5270.0
2026-05-13 10:00:00,4701.25,4708.55,4696.55,4702.7,4686.0
2026-05-13 11:00:00,4702.45,4704.08,4694.29,4700.47,4600.0
2026-05-13 12:00:00,4700.48,4701.54,4685.82,4700.7,4765.0
2026-05-13 13:00:00,4700.71,4710.36,4693.56,4693.92,4774.0
2026-05-13 14:00:00,4694.28,4705.09,4691.39,4697.22,4957.0
2026-05-13 15:00:00,4696.87,4701.14,4676.13,4683.62,5924.0
2026-05-13 16:00:00,4683.89,4694.35,4669.25,4679.16,6349.0
2026-05-13 17:00:00,4679.11,4690.71,4672.68,4679.87,6480.0
2026-05-13 18:00:00,4679.57,4699.58,4678.79,4695.3,5855.0
2026-05-13 19:00:00,4695.28,4709.6,4694.95,4695.53,5582.0
2026-05-13 20:00:00,4695.69,4701.08,4684.4,4685.36,5096.0
2026-05-13 21:00:00,4685.26,4693.81,4677.45,4684.77,4935.0
2026-05-13 22:00:00,4684.78,4690.32,4683.17,4688.17,4583.0
2026-05-13 23:00:00,4688.05,4693.24,4685.8,4688.63,2720.0
2026-05-14 01:00:00,4692.85,4700.34,4688.92,4699.9,2643.0
2026-05-14 02:00:00,4699.7,4701.99,4693.05,4696.41,2630.0
2026-05-14 03:00:00,4696.44,4706.55,4689.27,4704.86,4583.0
2026-05-14 04:00:00,4704.81,4706.81,4683.55,4688.62,6311.0
2026-05-14 05:00:00,4688.58,4699.47,4679.9,4686.09,5293.0
2026-05-14 06:00:00,4686.08,4693.09,4673.84,4674.82,4983.0
2026-05-14 07:00:00,4674.61,4712.38,4668.75,4702.3,4476.0
2026-05-14 08:00:00,4702.49,4703.95,4688.93,4689.41,4972.0
2026-05-14 09:00:00,4688.39,4702.22,4685.9,4700.02,5559.0
2026-05-14 10:00:00,4698.95,4718.35,4690.8,4692.88,5322.0
2026-05-14 11:00:00,4691.95,4706.45,4691.82,4693.12,5034.0
2026-05-14 12:00:00,4693.13,4702.33,4688.3,4699.32,4885.0
2026-05-14 13:00:00,4699.37,4705.1,4691.06,4696.86,4692.0
2026-05-14 14:00:00,4696.89,4704.59,4689.19,4694.2,4766.0
2026-05-14 15:00:00,4693.24,4709.81,4692.2,4705.18,5422.0
2026-05-14 16:00:00,4704.78,4707.59,4666.8,4679.06,6714.0
2026-05-14 17:00:00,4679.32,4700.61,4677.48,4679.17,6487.0
2026-05-14 18:00:00,4679.2,4689.21,4676.91,4685.7,5666.0
2026-05-14 19:00:00,4685.56,4686.77,4670.12,4678.37,5466.0
2026-05-14 20:00:00,4678.75,4682.83,4676.23,4677.91,5025.0
2026-05-14 21:00:00,4678.11,4678.17,4666.97,4671.42,4504.0
2026-05-14 22:00:00,4671.48,4671.58,4652.97,4653.99,4575.0
2026-05-14 23:00:00,4654.31,4656.66,4644.23,4652.13,3538.0
2026-05-15 01:00:00,4649.58,4662.48,4647.2,4662.14,3115.0
2026-05-15 02:00:00,4662.17,4665.04,4646.84,4651.89,3801.0
2026-05-15 03:00:00,4651.85,4657.85,4613.53,4629.95,6075.0
2026-05-15 04:00:00,4630.1,4631.28,4607.1,4612.92,6921.0
2026-05-15 05:00:00,4613.54,4623.12,4609.12,4617.8,5923.0
2026-05-15 06:00:00,4617.66,4622.03,4607.21,4615.26,5084.0
2026-05-15 07:00:00,4615.33,4621.33,4604.17,4605.62,4459.0
2026-05-15 08:00:00,4605.58,4606.16,4558.6,4558.6,6568.0
2026-05-15 09:00:00,4558.58,4580.18,4556.18,4569.81,6631.0
2026-05-15 10:00:00,4569.86,4588.52,4565.78,4570.65,5844.0
2026-05-15 11:00:00,4571.63,4571.75,4550.18,4553.66,6095.0
2026-05-15 12:00:00,4554.15,4563.49,4531.68,4545.52,6152.0
2026-05-15 13:00:00,4546.23,4572.26,4543.95,4565.93,6074.0
2026-05-15 14:00:00,4565.73,4569.98,4549.68,4551.79,5700.0
2026-05-15 15:00:00,4551.78,4558.34,4543.5,4545.7,6026.0
2026-05-15 16:00:00,4545.68,4557.28,4511.58,4533.3,7000.0
2026-05-15 17:00:00,4533.18,4566.26,4525.15,4562.48,7107.0
2026-05-15 18:00:00,4562.62,4563.43,4533.66,4539.63,6601.0
2026-05-15 19:00:00,4540.95,4547.93,4529.24,4544.55,6066.0
2026-05-15 20:00:00,4544.15,4564.24,4542.99,4559.34,5651.0
2026-05-15 21:00:00,4559.56,4562.83,4552.16,4559.05,5259.0
2026-05-15 22:00:00,4559.04,4559.84,4544.8,4545.61,5219.0
2026-05-15 23:00:00,4545.63,4546.13,4532.94,4538.16,3840.0
2026-05-18 01:00:00,4531.77,4554.72,4528.3,4545.96,4408.0
2026-05-18 02:00:00,4545.93,4547.79,4532.0,4536.94,4900.0
2026-05-18 03:00:00,4536.94,4542.46,4480.4,4515.7,6878.0
2026-05-18 04:00:00,4514.52,4535.18,4489.24,4525.19,7141.0
2026-05-18 05:00:00,4525.14,4542.56,4521.88,4533.37,6183.0
2026-05-18 06:00:00,4533.47,4547.73,4525.12,4540.84,5815.0
2026-05-18 07:00:00,4540.62,4549.43,4529.91,4540.48,5121.0
2026-05-18 08:00:00,4540.58,4551.75,4529.8,4530.73,5783.0
2026-05-18 09:00:00,4529.82,4547.91,4529.57,4546.61,5951.0
2026-05-18 10:00:00,4546.57,4559.46,4538.08,4546.03,5752.0
2026-05-18 11:00:00,4545.66,4556.76,4542.38,4549.8,5304.0
2026-05-18 12:00:00,4549.65,4551.74,4540.12,4542.97,4819.0
2026-05-18 13:00:00,4542.76,4547.45,4531.92,4540.04,4863.0
2026-05-18 14:00:00,4540.23,4566.53,4529.97,4550.44,5920.0
2026-05-18 15:00:00,4550.47,4574.58,4545.22,4571.21,6282.0
2026-05-18 16:00:00,4571.93,4583.98,4561.76,4575.34,6645.0
2026-05-18 17:00:00,4575.46,4575.46,4537.77,4546.52,6971.0
2026-05-18 18:00:00,4546.4,4547.73,4532.02,4543.29,6447.0
2026-05-18 19:00:00,4543.31,4554.32,4533.85,4550.0,6148.0
2026-05-18 20:00:00,4549.53,4558.06,4545.5,4546.9,5275.0
2026-05-18 21:00:00,4546.81,4547.53,4534.12,4535.33,5352.0
2026-05-18 22:00:00,4535.8,4564.64,4535.11,4558.45,6139.0
2026-05-18 23:00:00,4558.9,4566.43,4557.71,4565.95,3186.0
2026-05-19 01:00:00,4569.08,4578.24,4567.28,4573.51,2695.0
2026-05-19 02:00:00,4573.71,4588.61,4573.41,4581.61,3214.0
2026-05-19 03:00:00,4581.57,4589.06,4561.12,4563.1,5398.0
2026-05-19 04:00:00,4562.73,4571.96,4554.05,4563.65,5930.0
2026-05-19 05:00:00,4563.2,4563.2,4545.78,4546.86,5522.0
2026-05-19 06:00:00,4546.85,4554.74,4543.46,4544.79,4436.0
2026-05-19 07:00:00,4544.74,4545.43,4537.73,4542.27,3997.0
2026-05-19 08:00:00,4542.44,4546.38,4530.89,4540.6,5480.0
2026-05-19 09:00:00,4540.96,4553.67,4533.31,4547.85,5743.0
2026-05-19 10:00:00,4547.88,4559.15,4541.2,4557.03,5418.0
2026-05-19 11:00:00,4558.85,4558.85,4536.16,4542.54,5137.0
2026-05-19 12:00:00,4542.41,4546.48,4535.95,4541.61,5125.0
2026-05-19 13:00:00,4541.0,4544.4,4525.37,4544.4,5117.0
2026-05-19 14:00:00,4544.96,4547.71,4529.7,4530.56,5178.0
2026-05-19 15:00:00,4530.55,4546.85,4527.27,4537.0,5461.0
2026-05-19 16:00:00,4536.91,4537.02,4464.84,4503.82,7225.0
2026-05-19 17:00:00,4503.35,4513.73,4484.41,4494.0,7116.0
2026-05-19 18:00:00,4493.97,4509.07,4489.73,4508.19,6390.0
2026-05-19 19:00:00,4508.69,4512.38,4496.19,4507.54,5592.0
2026-05-19 20:00:00,4507.48,4510.8,4498.99,4500.7,5333.0
2026-05-19 21:00:00,4501.09,4503.5,4490.27,4493.41,5337.0
2026-05-19 22:00:00,4493.22,4497.37,4481.07,4483.22,5306.0
2026-05-19 23:00:00,4482.99,4488.03,4480.83,4481.81,3238.0
2026-05-20 01:00:00,4481.62,4485.63,4477.36,4484.27,2985.0
2026-05-20 02:00:00,4484.11,4496.18,4479.73,4489.12,3452.0
2026-05-20 03:00:00,4488.46,4508.6,4479.5,4500.74,6007.0
2026-05-20 04:00:00,4500.74,4505.31,4456.02,4481.1,6644.0
2026-05-20 05:00:00,4481.14,4486.65,4458.42,4465.07,6064.0
2026-05-20 06:00:00,4465.0,4466.99,4453.46,4463.48,5376.0
2026-05-20 07:00:00,4463.53,4470.41,4456.56,4461.89,4453.0
2026-05-20 08:00:00,4461.77,4478.66,4461.65,4472.61,5340.0
2026-05-20 09:00:00,4472.32,4478.16,4461.43,4474.45,6081.0
2026-05-20 10:00:00,4474.08,4485.62,4471.78,4478.62,5383.0
2026-05-20 11:00:00,4478.16,4489.85,4476.79,4484.1,5486.0
2026-05-20 12:00:00,4483.72,4491.11,4472.9,4484.98,4806.0
2026-05-20 13:00:00,4484.88,4496.94,4484.81,4494.57,4539.0
2026-05-20 14:00:00,4494.66,4501.07,4490.91,4499.16,4719.0
2026-05-20 15:00:00,4499.13,4505.37,4492.98,4496.1,5160.0
2026-05-20 16:00:00,4496.19,4505.98,4482.17,4483.12,6487.0
2026-05-20 17:00:00,4484.88,4537.03,4466.93,4531.19,7177.0
2026-05-20 18:00:00,4530.49,4552.31,4522.98,4528.99,6706.0
2026-05-20 19:00:00,4528.83,4535.15,4523.98,4534.21,5840.0
2026-05-20 20:00:00,4534.29,4537.88,4529.78,4531.16,5293.0
2026-05-20 21:00:00,4531.21,4544.91,4529.27,4542.24,4947.0
2026-05-20 22:00:00,4542.23,4549.83,4541.77,4545.56,4674.0
2026-05-20 23:00:00,4545.93,4550.11,4541.79,4543.53,3795.0
2026-05-21 01:00:00,4546.76,4546.92,4534.99,4539.69,3543.0
2026-05-21 02:00:00,4539.74,4547.1,4534.37,4546.4,3043.0
2026-05-21 03:00:00,4546.5,4553.03,4537.38,4545.06,4999.0
2026-05-21 04:00:00,4545.76,4570.45,4539.82,4560.9,5923.0
2026-05-21 05:00:00,4560.87,4564.7,4531.39,4533.02,5431.0
2026-05-21 06:00:00,4532.97,4540.07,4526.99,4528.29,4400.0
2026-05-21 07:00:00,4527.92,4540.07,4527.22,4538.26,3349.0
2026-05-21 08:00:00,4538.24,4540.01,4518.4,4527.66,5093.0
2026-05-21 09:00:00,4527.73,4539.67,4518.75,4521.25,5788.0
2026-05-21 10:00:00,4521.3,4524.15,4511.87,4519.5,5176.0
2026-05-21 11:00:00,4519.02,4536.55,4518.17,4532.3,5524.0
2026-05-21 12:00:00,4531.98,4543.0,4527.82,4530.67,5049.0
2026-05-21 13:00:00,4530.65,4535.18,4504.96,4511.33,5885.0
2026-05-21 14:00:00,4510.93,4521.05,4507.93,4513.93,5406.0
2026-05-21 15:00:00,4514.18,4519.07,4502.32,4504.03,5879.0
2026-05-21 16:00:00,4502.89,4520.64,4488.56,4512.77,6961.0
2026-05-21 17:00:00,4512.99,4515.11,4498.04,4508.64,6788.0
2026-05-21 18:00:00,4509.05,4515.01,4496.45,4511.69,6284.0
2026-05-21 19:00:00,4511.71,4520.44,4511.71,4519.46,5607.0
2026-05-21 20:00:00,4519.72,4559.24,4514.13,4551.47,6747.0
2026-05-21 21:00:00,4551.46,4555.93,4527.17,4531.73,6265.0
2026-05-21 22:00:00,4531.38,4543.52,4529.76,4542.71,5383.0
2026-05-21 23:00:00,4542.87,4544.6,4539.58,4543.0,2811.0
2026-05-22 01:00:00,4541.7,4545.78,4539.44,4543.03,2120.0
2026-05-22 02:00:00,4543.47,4544.73,4532.47,4535.27,2552.0
2026-05-22 03:00:00,4535.28,4540.82,4525.37,4526.48,4790.0
2026-05-22 04:00:00,4526.42,4535.91,4520.98,4526.12,5666.0
2026-05-22 05:00:00,4526.13,4528.98,4518.55,4523.1,4725.0
2026-05-22 06:00:00,4523.0,4529.76,4519.05,4529.22,3904.0
2026-05-22 07:00:00,4529.32,4532.76,4525.29,4526.97,3113.0
2026-05-22 08:00:00,4526.86,4534.0,4507.17,4511.13,4379.0
2026-05-22 09:00:00,4511.29,4528.48,4510.1,4526.64,5608.0
2026-05-22 10:00:00,4526.48,4527.17,4516.02,4521.68,4870.0
2026-05-22 11:00:00,4522.02,4530.94,4516.96,4521.68,5074.0
2026-05-22 12:00:00,4521.65,4535.59,4514.61,4532.04,4580.0
2026-05-22 13:00:00,4532.02,4536.58,4509.98,4514.54,4743.0
2026-05-22 14:00:00,4514.44,4524.79,4511.4,4520.54,4568.0
2026-05-22 15:00:00,4520.15,4535.77,4514.92,4528.06,5710.0
2026-05-22 16:00:00,4529.16,4534.04,4510.25,4513.65,6345.0
2026-05-22 17:00:00,4513.81,4513.81,4490.96,4500.39,6661.0
2026-05-22 18:00:00,4500.38,4522.03,4500.08,4519.88,5791.0
2026-05-22 19:00:00,4519.93,4526.59,4512.31,4514.65,5139.0
2026-05-22 20:00:00,4514.73,4527.48,4513.06,4518.95,5342.0
2026-05-22 21:00:00,4519.06,4519.71,4511.9,4514.68,4711.0
2026-05-22 22:00:00,4514.98,4515.62,4504.18,4508.16,4866.0
2026-05-22 23:00:00,4508.24,4510.29,4503.97,4506.98,2545.0
2026-05-25 01:00:00,4543.23,4565.4,4542.18,4564.82,4559.0
2026-05-25 02:00:00,4564.83,4579.69,4564.83,4566.92,3932.0
2026-05-25 03:00:00,4566.9,4579.24,4565.93,4569.47,4681.0
2026-05-25 04:00:00,4568.96,4576.17,4560.07,4562.75,5708.0
2026-05-25 05:00:00,4563.02,4570.13,4558.74,4561.14,4502.0
2026-05-25 06:00:00,4561.26,4564.47,4556.83,4559.79,4220.0
2026-05-25 07:00:00,4559.68,4565.68,4559.41,4564.75,3238.0
2026-05-25 08:00:00,4564.76,4565.7,4551.87,4553.31,3951.0
2026-05-25 09:00:00,4552.95,4562.99,4550.46,4562.68,4708.0
2026-05-25 10:00:00,4562.25,4565.1,4552.5,4564.79,4558.0
2026-05-25 11:00:00,4564.81,4564.97,4553.33,4556.14,3851.0
2026-05-25 12:00:00,4556.09,4569.01,4554.97,4567.53,3352.0
2026-05-25 13:00:00,4567.51,4573.67,4567.51,4568.63,3441.0
2026-05-25 14:00:00,4568.7,4576.95,4567.62,4569.42,3514.0
2026-05-25 15:00:00,4569.42,4570.01,4552.85,4567.47,4509.0
2026-05-25 16:00:00,4567.52,4571.36,4560.0,4562.9,4784.0
2026-05-25 17:00:00,4562.91,4570.39,4562.14,4566.81,3999.0
2026-05-25 18:00:00,4566.76,4574.45,4565.7,4570.88,3900.0
2026-05-25 19:00:00,4570.94,4574.58,4567.97,4573.59,2522.0
2026-05-25 20:00:00,4573.46,4577.58,4563.33,4565.34,1788.0
2026-05-25 21:00:00,4565.24,4571.55,4564.42,4570.41,691.0
2026-05-26 01:00:00,4572.16,4576.49,4569.64,4574.88,2647.0
2026-05-26 02:00:00,4574.89,4580.16,4555.24,4559.66,3876.0
2026-05-26 03:00:00,4559.03,4559.03,4539.57,4549.57,5224.0
2026-05-26 04:00:00,4549.83,4550.03,4527.79,4537.0,5740.0
2026-05-26 05:00:00,4537.01,4539.49,4529.91,4532.07,4124.0
2026-05-26 06:00:00,4532.03,4545.11,4531.83,4542.08,3518.0
2026-05-26 07:00:00,4542.01,4542.93,4523.45,4525.24,3376.0
2026-05-26 08:00:00,4525.1,4534.85,4522.91,4527.0,4468.0
2026-05-26 09:00:00,4527.03,4536.0,4527.03,4530.8,4778.0
2026-05-26 10:00:00,4531.18,4538.73,4521.52,4538.0,5245.0
2026-05-26 11:00:00,4538.86,4538.86,4520.06,4523.57,4684.0
2026-05-26 12:00:00,4523.59,4526.18,4511.96,4522.52,4739.0
2026-05-26 13:00:00,4522.75,4540.3,4519.18,4534.4,4930.0
2026-05-26 14:00:00,4534.52,4536.03,4503.69,4507.0,5222.0
2026-05-26 15:00:00,4506.5,4523.34,4500.42,4520.22,5627.0
2026-05-26 16:00:00,4519.53,4531.26,4512.21,4513.87,6071.0
2026-05-26 17:00:00,4513.99,4524.72,4507.73,4515.06,5961.0
2026-05-26 18:00:00,4515.28,4515.28,4502.12,4506.22,5884.0
2026-05-26 19:00:00,4506.79,4511.05,4499.94,4504.7,5002.0
2026-05-26 20:00:00,4504.77,4507.28,4489.91,4490.86,4808.0
2026-05-26 21:00:00,4490.54,4499.3,4482.44,4499.08,4725.0
2026-05-26 22:00:00,4499.18,4509.72,4497.47,4508.72,4209.0
2026-05-26 23:00:00,4508.79,4510.19,4503.91,4507.36,2393.0
2026-05-27 01:00:00,4512.45,4512.46,4498.01,4510.82,3037.0
2026-05-27 02:00:00,4510.87,4527.61,4504.29,4519.4,3437.0
2026-05-27 03:00:00,4519.13,4525.59,4513.92,4514.9,4024.0
2026-05-27 04:00:00,4514.87,4520.86,4506.62,4507.8,4651.0
2026-05-27 05:00:00,4507.84,4509.35,4498.11,4505.57,3845.0
2026-05-27 06:00:00,4505.7,4511.7,4496.6,4496.93,3199.0
2026-05-27 07:00:00,4496.91,4517.1,4495.87,4509.76,3462.0
2026-05-27 08:00:00,4509.96,4513.51,4491.66,4497.35,4897.0
2026-05-27 09:00:00,4497.56,4498.99,4479.78,4485.01,5694.0
2026-05-27 10:00:00,4485.01,4488.94,4475.66,4481.97,4697.0
2026-05-27 11:00:00,4481.89,4498.48,4481.77,4497.66,4711.0
2026-05-27 12:00:00,4497.42,4497.42,4486.73,4490.0,3819.0
2026-05-27 13:00:00,4489.99,4490.36,4442.6,4445.54,5175.0
2026-05-27 14:00:00,4446.62,4452.91,4424.9,4428.54,5701.0
2026-05-27 15:00:00,4428.5,4466.07,4427.32,4438.69,6291.0
2026-05-27 16:00:00,4438.66,4438.66,4401.29,4427.13,7099.0
2026-05-27 17:00:00,4428.53,4455.23,4426.0,4433.79,6634.0
2026-05-27 18:00:00,4433.65,4441.34,4428.02,4436.35,5767.0
2026-05-27 19:00:00,4436.45,4453.04,4434.0,4450.62,5027.0
2026-05-27 20:00:00,4450.68,4454.13,4441.28,4450.18,4913.0
2026-05-27 21:00:00,4449.66,4458.07,4447.53,4454.12,4002.0
2026-05-27 22:00:00,4454.2,4454.61,4448.71,4450.67,3638.0
2026-05-27 23:00:00,4450.29,4458.69,4449.92,4456.05,2282.0
2026-05-28 01:00:00,4463.43,4465.75,4455.01,4457.26,2246.0
2026-05-28 02:00:00,4457.25,4457.54,4444.05,4446.91,3325.0
2026-05-28 03:00:00,4445.23,4457.28,4443.56,4456.87,4629.0
2026-05-28 04:00:00,4457.21,4458.44,4406.94,4409.86,6129.0
2026-05-28 05:00:00,4410.1,4412.36,4392.47,4394.29,5418.0
2026-05-28 06:00:00,4394.17,4397.59,4368.32,4374.6,5702.0
2026-05-28 07:00:00,4374.6,4381.78,4366.61,4372.8,5123.0
2026-05-28 08:00:00,4372.82,4395.65,4367.1,4387.77,5333.0
2026-05-28 09:00:00,4387.72,4390.23,4374.08,4383.31,5244.0
2026-05-28 10:00:00,4384.55,4395.92,4382.74,4387.34,4896.0
2026-05-28 11:00:00,4387.99,4394.76,4385.77,4386.96,4547.0
2026-05-28 12:00:00,4386.75,4398.87,4386.27,4393.49,4650.0
2026-05-28 13:00:00,4393.48,4403.82,4375.49,4382.93,4892.0
2026-05-28 14:00:00,4383.97,4390.36,4380.95,4387.75,4869.0
2026-05-28 15:00:00,4388.12,4433.22,4379.54,4432.21,5690.0
2026-05-28 16:00:00,4432.02,4438.47,4418.08,4430.28,6481.0
2026-05-28 17:00:00,4430.26,4480.14,4420.74,4469.13,7100.0
2026-05-28 18:00:00,4470.0,4484.49,4468.61,4482.0,6035.0
2026-05-28 19:00:00,4482.07,4511.15,4477.74,4511.02,5760.0
2026-05-28 20:00:00,4511.03,4514.46,4501.35,4508.94,5158.0
2026-05-28 21:00:00,4508.95,4516.52,4498.61,4501.04,4991.0
2026-05-28 22:00:00,4501.21,4503.71,4497.23,4498.04,4039.0
2026-05-28 23:00:00,4497.78,4500.72,4494.92,4495.69,2678.0
2026-05-29 01:00:00,4499.37,4499.37,4491.08,4491.26,2212.0
2026-05-29 02:00:00,4491.35,4496.99,4489.09,4495.15,2703.0
2026-05-29 03:00:00,4495.14,4500.42,4492.13,4495.98,4417.0
2026-05-29 04:00:00,4496.09,4520.7,4492.5,4506.46,5598.0
2026-05-29 05:00:00,4506.24,4511.14,4498.47,4501.7,4241.0
2026-05-29 06:00:00,4501.77,4501.91,4494.93,4501.29,4231.0
2026-05-29 07:00:00,4501.3,4514.6,4501.08,4514.11,3496.0
2026-05-29 08:00:00,4514.1,4515.76,4502.79,4514.63,4043.0
2026-05-29 09:00:00,4514.89,4524.03,4510.14,4523.63,5096.0
2026-05-29 10:00:00,4523.16,4526.01,4510.77,4524.83,4686.0
2026-05-29 11:00:00,4524.72,4524.77,4509.82,4514.73,4363.0
2026-05-29 12:00:00,4514.74,4539.31,4513.24,4530.88,4732.0
2026-05-29 13:00:00,4530.62,4543.08,4525.33,4538.53,4317.0
2026-05-29 14:00:00,4538.72,4540.42,4526.01,4538.21,4406.0
2026-05-29 15:00:00,4538.22,4538.35,4512.63,4522.81,5280.0
2026-05-29 16:00:00,4522.86,4540.49,4516.92,4536.72,5998.0
2026-05-29 17:00:00,4536.62,4570.13,4525.6,4564.07,6752.0
2026-05-29 18:00:00,4564.56,4595.24,4557.81,4571.15,6685.0
2026-05-29 19:00:00,4571.22,4573.11,4560.15,4566.77,5360.0
2026-05-29 20:00:00,4567.01,4568.27,4551.49,4553.26,5005.0
2026-05-29 21:00:00,4553.27,4561.48,4551.01,4553.09,4516.0
2026-05-29 22:00:00,4553.14,4560.03,4542.78,4545.32,4381.0
2026-05-29 23:00:00,4545.25,4548.93,4539.19,4539.63,2807.0
2026-06-01 01:00:00,4522.18,4540.03,4517.86,4535.07,3749.0
2026-06-01 02:00:00,4535.1,4545.53,4534.74,4539.4,3231.0
2026-06-01 03:00:00,4539.34,4545.69,4535.17,4540.45,4223.0
2026-06-01 04:00:00,4540.81,4541.16,4523.53,4525.24,5453.0
2026-06-01 05:00:00,4525.26,4534.39,4520.96,4521.23,4539.0
2026-06-01 06:00:00,4521.2,4525.15,4509.63,4516.1,4005.0
2026-06-01 07:00:00,4516.1,4519.39,4508.48,4514.19,3093.0
2026-06-01 08:00:00,4514.22,4524.89,4512.53,4517.79,4272.0
2026-06-01 09:00:00,4518.01,4518.49,4500.21,4501.54,5075.0
2026-06-01 10:00:00,4501.47,4509.58,4492.29,4502.96,4659.0
2026-06-01 11:00:00,4503.34,4504.25,4490.52,4497.88,3917.0
2026-06-01 12:00:00,4497.9,4506.13,4488.94,4495.83,4407.0
2026-06-01 13:00:00,4496.75,4510.62,4496.06,4503.81,3849.0
2026-06-01 14:00:00,4503.85,4512.71,4499.71,4506.04,4098.0
2026-06-01 15:00:00,4505.7,4510.27,4497.4,4501.71,4876.0
2026-06-01 16:00:00,4502.71,4503.61,4448.71,4450.17,7076.0
2026-06-01 17:00:00,4449.74,4464.36,4447.54,4458.48,6414.0
2026-06-01 18:00:00,4458.8,4479.44,4455.42,4473.95,5845.0
2026-06-01 19:00:00,4473.89,4481.96,4463.08,4479.92,4894.0
2026-06-01 20:00:00,4480.42,4495.18,4471.4,4487.34,5199.0
2026-06-01 21:00:00,4487.37,4490.0,4484.68,4486.5,3614.0
2026-06-01 22:00:00,4486.44,4488.0,4478.89,4480.93,3804.0
2026-06-01 23:00:00,4480.96,4485.53,4479.96,4484.59,2542.0
2026-06-02 01:00:00,4486.01,4486.43,4479.54,4485.66,2413.0
2026-06-02 02:00:00,4485.25,4487.98,4479.17,4484.23,2453.0
2026-06-02 03:00:00,4484.27,4496.99,4476.77,4481.56,4662.0
2026-06-02 04:00:00,4481.25,4492.14,4462.84,4473.93,5991.0
2026-06-02 05:00:00,4473.82,4486.27,4471.95,4485.66,4776.0
2026-06-02 06:00:00,4485.87,4499.09,4485.48,4499.09,4076.0
2026-06-02 07:00:00,4499.05,4517.99,4497.56,4517.12,3593.0
2026-06-02 08:00:00,4517.16,4527.9,4515.0,4516.77,4502.0
2026-06-02 09:00:00,4516.78,4537.72,4516.78,4535.61,4953.0
2026-06-02 10:00:00,4535.68,4541.46,4527.95,4535.17,4337.0
2026-06-02 11:00:00,4535.09,4539.1,4525.97,4526.77,4381.0
2026-06-02 12:00:00,4526.78,4535.35,4521.84,4529.78,4228.0
2026-06-02 13:00:00,4529.77,4533.76,4524.48,4533.06,3339.0
2026-06-02 14:00:00,4532.95,4534.34,4525.54,4527.03,3724.0
2026-06-02 15:00:00,4527.28,4533.92,4513.29,4514.62,4743.0
2026-06-02 16:00:00,4514.59,4524.58,4502.6,4502.6,6131.0
2026-06-02 17:00:00,4502.53,4506.8,4490.2,4503.84,5973.0
2026-06-02 18:00:00,4503.88,4508.33,4499.94,4501.89,5045.0
2026-06-02 19:00:00,4502.17,4502.56,4486.13,4491.56,4865.0
2026-06-02 20:00:00,4491.69,4492.87,4481.9,4484.41,4631.0
2026-06-02 21:00:00,4484.43,4490.74,4478.63,4487.21,4101.0
2026-06-02 22:00:00,4487.2,4490.09,4483.28,4487.79,3598.0
2026-06-02 23:00:00,4487.8,4490.78,4486.14,4487.71,2141.0
2026-06-03 01:00:00,4491.91,4492.99,4484.06,4484.71,2970.0
2026-06-03 02:00:00,4484.77,4488.57,4462.14,4474.27,4703.0
2026-06-03 03:00:00,4474.26,4496.43,4473.66,4486.1,4087.0
2026-06-03 04:00:00,4485.97,4487.01,4463.57,4475.56,5469.0
2026-06-03 05:00:00,4475.63,4484.95,4472.68,4481.74,4215.0
2026-06-03 06:00:00,4481.74,4487.35,4481.74,4484.23,3072.0
2026-06-03 07:00:00,4484.27,4487.83,4468.13,4469.25,2621.0
2026-06-03 08:00:00,4469.21,4473.97,4456.47,4456.85,4376.0
2026-06-03 09:00:00,4456.92,4470.75,4455.14,4462.82,5329.0
2026-06-03 10:00:00,4462.82,4471.61,4452.68,4453.15,4879.0
2026-06-03 11:00:00,4453.09,4458.92,4440.07,4443.78,4785.0
2026-06-03 12:00:00,4443.56,4458.72,4438.79,4442.93,4720.0
2026-06-03 13:00:00,4442.95,4466.55,4440.76,4458.82,4996.0
2026-06-03 14:00:00,4459.28,4467.86,4458.33,4462.21,4361.0
2026-06-03 15:00:00,4462.34,4466.89,4448.06,4460.26,5324.0
2026-06-03 16:00:00,4460.13,4465.42,4426.28,4447.01,6424.0
2026-06-03 17:00:00,4444.4,4459.33,4442.38,4457.04,6438.0
2026-06-03 18:00:00,4456.95,4458.15,4436.83,4442.04,5895.0
2026-06-03 19:00:00,4442.01,4443.7,4433.67,4441.67,5329.0
2026-06-03 20:00:00,4442.16,4448.03,4435.46,4438.83,4814.0
2026-06-03 21:00:00,4438.83,4442.65,4435.3,4441.88,4221.0
2026-06-03 22:00:00,4441.85,4451.99,4441.24,4444.01,4337.0
2026-06-03 23:00:00,4443.76,4445.1,4430.31,4434.23,3591.0
2026-06-04 01:00:00,4436.86,4452.58,4423.93,4448.71,3741.0
2026-06-04 02:00:00,4448.96,4464.49,4445.18,4457.11,3508.0
2026-06-04 03:00:00,4456.71,4464.97,4444.09,4448.24,4924.0
2026-06-04 04:00:00,4448.18,4473.33,4442.79,4465.74,5710.0
2026-06-04 05:00:00,4465.57,4476.13,4455.49,4474.9,4773.0
2026-06-04 06:00:00,4474.64,4476.89,4458.17,4463.45,4057.0
2026-06-04 07:00:00,4463.52,4483.77,4462.06,4480.53,3513.0
2026-06-04 08:00:00,4480.87,4482.13,4466.83,4468.73,4055.0
2026-06-04 09:00:00,4469.01,4476.99,4462.73,4467.57,5102.0
2026-06-04 10:00:00,4467.64,4470.51,4459.7,4461.4,4584.0
2026-06-04 11:00:00,4461.95,4469.02,4458.41,4463.11,5063.0
2026-06-04 12:00:00,4463.08,4475.37,4460.79,4470.12,5039.0
2026-06-04 13:00:00,4470.0,4473.59,4464.15,4473.44,4262.0
2026-06-04 14:00:00,4473.47,4514.59,4468.65,4511.73,5584.0
2026-06-04 15:00:00,4511.74,4513.73,4491.04,4503.94,5583.0
2026-06-04 16:00:00,4503.87,4515.08,4495.36,4495.56,6169.0
2026-06-04 17:00:00,4495.99,4499.68,4457.11,4465.64,6547.0
2026-06-04 18:00:00,4465.72,4478.91,4463.74,4477.2,5431.0
2026-06-04 19:00:00,4477.22,4484.94,4475.29,4482.61,4681.0
2026-06-04 20:00:00,4482.59,4482.59,4473.87,4477.93,4579.0
2026-06-04 21:00:00,4477.99,4480.81,4472.58,4477.93,4085.0
2026-06-04 22:00:00,4477.98,4483.16,4476.0,4480.39,3805.0
2026-06-04 23:00:00,4480.59,4481.31,4474.25,4475.13,2546.0
2026-06-05 01:00:00,4474.02,4481.21,4468.76,4469.43,2876.0
2026-06-05 02:00:00,4469.67,4473.84,4460.36,4461.48,3210.0
2026-06-05 03:00:00,4461.24,4466.72,4450.49,4459.43,5012.0
2026-06-05 04:00:00,4459.24,4469.55,4444.11,4446.63,5926.0
2026-06-05 05:00:00,4446.78,4454.81,4438.3,4440.36,5262.0
2026-06-05 06:00:00,4440.38,4443.65,4435.05,4442.18,4481.0
2026-06-05 07:00:00,4442.21,4446.37,4437.41,4444.78,3689.0
2026-06-05 08:00:00,4444.79,4449.69,4438.61,4439.67,4500.0
2026-06-05 09:00:00,4439.82,4455.93,4428.68,4452.59,5613.0
2026-06-05 10:00:00,4451.96,4467.14,4451.71,4460.73,4782.0
2026-06-05 11:00:00,4460.7,4468.02,4458.59,4462.61,4326.0
2026-06-05 12:00:00,4462.37,4469.07,4458.68,4464.71,4540.0
2026-06-05 13:00:00,4464.76,4467.9,4461.72,4466.71,3353.0
2026-06-05 14:00:00,4466.49,4475.17,4458.66,4470.05,4232.0
2026-06-05 15:00:00,4470.04,4475.54,4404.65,4405.88,6033.0
2026-06-05 16:00:00,4404.86,4420.68,4365.67,4365.74,7245.0
2026-06-05 17:00:00,4365.9,4378.99,4344.44,4369.38,7332.0
2026-06-05 18:00:00,4369.45,4372.28,4333.82,4335.31,6671.0
2026-06-05 19:00:00,4335.43,4344.72,4323.38,4344.36,6630.0
2026-06-05 20:00:00,4345.11,4347.1,4335.62,4341.57,6366.0
2026-06-05 21:00:00,4341.89,4341.96,4315.12,4322.14,6480.0
2026-06-05 22:00:00,4322.17,4324.87,4313.75,4318.56,6677.0
2026-06-05 23:00:00,4318.32,4329.71,4311.61,4327.54,4726.0
2026-06-08 01:00:00,4328.8,4330.36,4310.05,4317.2,5327.0
2026-06-08 02:00:00,4317.19,4346.75,4317.19,4343.69,4847.0
2026-06-08 03:00:00,4343.83,4353.12,4339.66,4342.26,5484.0
2026-06-08 04:00:00,4341.99,4345.57,4300.05,4325.25,7065.0
2026-06-08 05:00:00,4325.46,4330.5,4307.16,4310.33,6216.0
2026-06-08 06:00:00,4310.3,4316.95,4303.2,4316.64,5105.0
2026-06-08 07:00:00,4316.69,4321.54,4307.45,4312.43,4632.0
2026-06-08 08:00:00,4312.74,4315.91,4268.6,4291.85,5939.0
2026-06-08 09:00:00,4292.15,4311.05,4292.15,4299.96,6260.0
2026-06-08 10:00:00,4299.84,4316.64,4294.24,4294.29,5880.0
2026-06-08 11:00:00,4294.23,4296.88,4285.25,4288.65,5622.0
2026-06-08 12:00:00,4288.93,4301.8,4272.91,4294.14,5341.0
2026-06-08 13:00:00,4294.41,4305.36,4286.04,4301.84,5085.0
2026-06-08 14:00:00,4302.16,4332.97,4297.14,4331.01,5805.0
2026-06-08 15:00:00,4331.07,4339.09,4320.16,4332.95,5844.0
2026-06-08 16:00:00,4332.93,4346.37,4321.38,4326.61,6826.0
2026-06-08 17:00:00,4326.8,4331.24,4315.02,4330.81,6824.0
2026-06-08 18:00:00,4331.38,4345.44,4322.52,4341.57,6210.0
2026-06-08 19:00:00,4341.63,4346.08,4337.77,4340.48,5769.0
2026-06-08 20:00:00,4340.48,4342.16,4331.84,4339.04,5790.0
2026-06-08 21:00:00,4338.99,4345.73,4332.87,4334.43,4923.0
2026-06-08 22:00:00,4334.38,4337.95,4323.21,4326.47,5298.0
2026-06-08 23:00:00,4327.14,4330.27,4324.39,4329.62,2764.0
2026-06-09 01:00:00,4330.5,4330.86,4322.6,4327.69,2197.0
2026-06-09 02:00:00,4327.7,4328.63,4312.76,4317.54,2895.0
2026-06-09 03:00:00,4317.46,4323.48,4314.88,4319.73,5221.0
2026-06-09 04:00:00,4319.6,4338.61,4318.49,4336.4,5736.0
2026-06-09 05:00:00,4336.43,4340.72,4328.14,4335.74,5059.0
2026-06-09 06:00:00,4335.84,4341.91,4331.24,4336.32,4143.0
2026-06-09 07:00:00,4335.99,4339.14,4324.07,4332.16,3199.0
2026-06-09 08:00:00,4332.17,4351.21,4330.42,4343.25,4553.0
2026-06-09 09:00:00,4343.26,4348.51,4330.21,4330.38,5111.0
2026-06-09 10:00:00,4330.3,4334.54,4322.09,4326.31,4897.0
2026-06-09 11:00:00,4326.2,4336.58,4321.09,4326.41,4740.0
2026-06-09 12:00:00,4326.36,4335.54,4324.0,4331.98,4135.0
2026-06-09 13:00:00,4331.96,4340.39,4325.14,4338.97,4086.0
2026-06-09 14:00:00,4338.85,4343.53,4335.45,4339.66,3911.0
2026-06-09 15:00:00,4339.71,4343.88,4334.69,4341.16,4732.0
2026-06-09 16:00:00,4341.3,4363.19,4325.22,4328.45,6266.0
2026-06-09 17:00:00,4328.59,4335.59,4278.51,4300.47,7373.0
2026-06-09 18:00:00,4300.36,4301.88,4262.99,4272.17,7312.0
2026-06-09 19:00:00,4272.19,4280.77,4236.64,4251.98,7545.0
2026-06-09 20:00:00,4252.23,4267.85,4251.05,4262.87,6901.0
2026-06-09 21:00:00,4263.01,4274.1,4259.42,4269.69,6240.0
2026-06-09 22:00:00,4269.84,4271.49,4249.78,4258.15,6393.0
2026-06-09 23:00:00,4258.58,4261.88,4255.48,4259.23,3380.0
2026-06-10 01:00:00,4255.71,4257.24,4232.31,4236.94,3728.0
2026-06-10 02:00:00,4237.06,4246.99,4210.3,4221.78,4761.0
2026-06-10 03:00:00,4221.84,4228.0,4199.0,4217.56,6164.0
2026-06-10 04:00:00,4218.49,4218.59,4183.83,4188.55,6621.0
2026-06-10 05:00:00,4188.96,4192.35,4173.29,4173.88,5815.0
2026-06-10 06:00:00,4173.79,4186.29,4173.18,4184.63,5154.0
2026-06-10 07:00:00,4184.62,4186.97,4172.54,4174.6,4502.0
2026-06-10 08:00:00,4174.96,4208.87,4173.41,4205.01,5678.0
2026-06-10 09:00:00,4205.48,4221.58,4201.62,4203.66,5785.0
2026-06-10 10:00:00,4203.66,4207.5,4181.39,4186.35,5467.0
2026-06-10 11:00:00,4186.3,4187.13,4161.25,4168.46,6156.0
2026-06-10 12:00:00,4168.86,4179.25,4162.89,4168.5,5774.0
2026-06-10 13:00:00,4168.62,4178.34,4155.36,4174.44,5292.0
2026-06-10 14:00:00,4174.75,4175.9,4145.51,4147.41,6463.0
2026-06-10 15:00:00,4147.38,4173.63,4131.3,4146.89,6892.0
2026-06-10 16:00:00,4146.87,4185.93,4132.87,4179.35,7294.0
2026-06-10 17:00:00,4179.97,4180.67,4118.0,4124.67,7233.0
2026-06-10 18:00:00,4124.66,4136.65,4106.63,4128.55,7384.0
2026-06-10 19:00:00,4129.07,4134.77,4115.79,4121.71,6854.0
2026-06-10 20:00:00,4122.11,4134.73,4100.85,4111.58,6658.0
2026-06-10 21:00:00,4111.56,4120.28,4096.88,4101.37,6207.0
2026-06-10 22:00:00,4101.63,4101.74,4081.47,4082.69,6376.0
2026-06-10 23:00:00,4082.24,4082.94,4066.93,4071.18,4254.0
2026-06-11 01:00:00,4070.56,4071.79,4036.0,4046.32,5185.0
2026-06-11 02:00:00,4046.29,4064.28,4023.77,4047.02,5783.0
2026-06-11 03:00:00,4048.29,4077.66,4036.03,4076.21,6733.0
2026-06-11 04:00:00,4075.73,4117.78,4066.2,4101.65,6783.0
2026-06-11 05:00:00,4101.75,4102.34,4052.08,4067.67,6412.0
2026-06-11 06:00:00,4067.71,4078.05,4056.74,4072.57,5620.0
2026-06-11 07:00:00,4072.59,4085.68,4069.92,4082.55,4817.0
2026-06-11 08:00:00,4082.54,4106.05,4072.54,4094.12,5754.0
2026-06-11 09:00:00,4094.07,4097.35,4076.21,4094.22,5777.0
2026-06-11 10:00:00,4094.18,4110.25,4091.52,4104.75,5423.0
2026-06-11 11:00:00,4104.74,4112.36,4084.33,4084.35,5463.0
2026-06-11 12:00:00,4084.26,4096.23,4077.38,4091.39,5023.0
2026-06-11 13:00:00,4091.05,4094.26,4086.39,4089.7,4400.0
2026-06-11 14:00:00,4089.41,4095.68,4079.81,4080.16,5238.0
2026-06-11 15:00:00,4080.17,4086.93,4057.44,4081.89,6409.0
2026-06-11 16:00:00,4081.87,4092.37,4067.17,4083.02,7036.0
2026-06-11 17:00:00,4083.02,4085.15,4052.94,4073.22,7205.0
2026-06-11 18:00:00,4073.2,4095.21,4070.13,4088.61,6868.0
2026-06-11 19:00:00,4088.93,4107.14,4077.85,4079.98,6438.0
2026-06-11 20:00:00,4080.04,4169.85,4071.78,4151.62,7171.0
2026-06-11 21:00:00,4152.11,4171.39,4131.16,4161.77,6987.0
2026-06-11 22:00:00,4161.68,4219.76,4161.68,4208.79,6868.0
2026-06-11 23:00:00,4210.19,4218.45,4208.04,4210.59,4201.0
2026-06-12 01:00:00,4218.91,4246.42,4205.08,4243.08,4238.0
2026-06-12 02:00:00,4243.25,4245.62,4214.11,4219.82,5018.0
2026-06-12 03:00:00,4219.74,4230.16,4200.65,4207.7,5921.0
2026-06-12 04:00:00,4208.04,4210.02,4171.21,4186.66,6477.0
2026-06-12 05:00:00,4186.53,4199.79,4182.45,4191.43,5603.0
2026-06-12 06:00:00,4191.32,4204.65,4189.61,4196.9,5107.0
2026-06-12 07:00:00,4197.14,4200.78,4189.26,4189.78,3844.0
2026-06-12 08:00:00,4189.73,4192.56,4170.53,4173.17,5388.0
2026-06-12 09:00:00,4173.21,4185.38,4172.24,4184.0,5620.0
2026-06-12 10:00:00,4184.28,4193.62,4170.1,4193.62,5367.0
2026-06-12 11:00:00,4194.78,4225.77,4191.82,4219.36,6169.0
2026-06-12 12:00:00,4219.42,4227.7,4217.3,4221.69,5299.0
2026-06-12 13:00:00,4221.61,4225.4,4202.66,4210.73,5086.0
2026-06-12 14:00:00,4211.25,4215.12,4197.38,4206.74,4960.0
2026-06-12 15:00:00,4206.71,4215.08,4188.29,4191.58,5688.0
2026-06-12 16:00:00,4191.58,4209.92,4182.61,4185.9,6683.0
2026-06-12 17:00:00,4186.61,4207.99,4177.09,4203.72,7053.0
2026-06-12 18:00:00,4204.14,4235.24,4200.2,4211.69,6892.0
2026-06-12 19:00:00,4211.25,4232.53,4207.95,4216.16,6455.0
2026-06-12 20:00:00,4215.8,4225.98,4213.63,4221.1,5799.0
2026-06-12 21:00:00,4221.32,4235.17,4214.02,4215.35,5381.0
2026-06-12 22:00:00,4214.91,4218.68,4201.68,4210.63,5190.0
2026-06-12 23:00:00,4210.45,4217.77,4209.24,4216.82,2669.0
2026-06-15 01:00:00,4267.8,4308.81,4265.45,4285.75,4996.0
2026-06-15 02:00:00,4285.43,4294.73,4280.87,4293.8,3876.0
2026-06-15 03:00:00,4293.57,4307.87,4291.54,4292.29,5095.0
2026-06-15 04:00:00,4292.38,4319.43,4285.25,4316.47,6193.0
2026-06-15 05:00:00,4316.6,4335.21,4316.01,4329.37,4982.0
2026-06-15 06:00:00,4329.36,4330.8,4321.03,4324.81,4030.0
2026-06-15 07:00:00,4324.75,4329.89,4320.72,4328.04,2766.0
2026-06-15 08:00:00,4328.02,4332.73,4307.39,4309.95,4425.0
2026-06-15 09:00:00,4310.0,4313.14,4300.91,4307.95,5234.0
2026-06-15 10:00:00,4307.88,4325.08,4305.19,4322.94,4813.0
2026-06-15 11:00:00,4322.52,4345.1,4321.61,4334.25,5024.0
2026-06-15 12:00:00,4334.3,4343.23,4334.3,4336.62,4767.0
2026-06-15 13:00:00,4336.77,4341.49,4335.36,4338.14,4077.0
2026-06-15 14:00:00,4337.95,4347.49,4331.94,4335.03,4660.0
2026-06-15 15:00:00,4335.28,4349.36,4324.7,4348.98,5223.0
2026-06-15 16:00:00,4348.6,4368.63,4341.32,4355.65,6179.0
2026-06-15 17:00:00,4355.33,4369.1,4354.01,4357.11,6225.0
2026-06-15 18:00:00,4356.76,4360.76,4349.58,4356.32,5702.0
2026-06-15 19:00:00,4356.21,4358.71,4334.59,4338.97,5151.0
2026-06-15 20:00:00,4339.07,4339.07,4320.58,4324.74,5277.0
2026-06-15 21:00:00,4324.59,4327.81,4317.98,4325.47,4676.0
2026-06-15 22:00:00,4325.46,4326.48,4316.44,4320.92,4539.0
2026-06-15 23:00:00,4320.46,4321.89,4306.19,4309.14,2668.0
2026-06-16 01:00:00,4311.06,4315.05,4305.74,4311.76,2848.0
2026-06-16 02:00:00,4311.78,4319.05,4311.27,4315.39,3166.0
2026-06-16 03:00:00,4315.22,4320.53,4306.67,4319.0,4546.0
2026-06-16 04:00:00,4319.02,4325.66,4311.95,4313.33,5727.0
2026-06-16 05:00:00,4313.31,4320.62,4307.38,4318.5,4603.0
2026-06-16 06:00:00,4318.52,4332.91,4315.26,4330.3,4377.0
2026-06-16 07:00:00,4330.29,4331.99,4321.04,4322.31,3722.0
2026-06-16 08:00:00,4322.33,4330.57,4314.13,4315.68,4568.0
2026-06-16 09:00:00,4315.95,4324.11,4313.42,4323.8,4823.0
2026-06-16 10:00:00,4323.68,4335.41,4322.42,4334.97,4671.0
2026-06-16 11:00:00,4335.21,4347.76,4332.68,4346.84,4669.0
2026-06-16 12:00:00,4346.79,4348.22,4338.45,4345.22,4290.0
2026-06-16 13:00:00,4345.24,4348.87,4342.19,4348.87,3659.0
2026-06-16 14:00:00,4348.69,4349.26,4335.45,4340.98,4506.0
2026-06-16 15:00:00,4340.92,4354.87,4337.38,4354.69,5132.0
2026-06-16 16:00:00,4354.67,4354.8,4331.67,4331.87,6216.0
2026-06-16 17:00:00,4331.77,4338.74,4313.09,4323.79,6346.0
2026-06-16 18:00:00,4324.08,4343.4,4320.95,4335.28,5929.0
2026-06-16 19:00:00,4335.33,4346.92,4334.92,4340.63,5476.0
2026-06-16 20:00:00,4340.64,4341.19,4325.39,4340.33,5289.0
2026-06-16 21:00:00,4340.34,4342.78,4336.2,4338.5,4499.0
2026-06-16 22:00:00,4338.53,4342.86,4330.66,4334.35,4818.0
2026-06-16 23:00:00,4333.59,4334.92,4329.55,4331.24,2433.0
2026-06-17 01:00:00,4334.17,4335.87,4329.0,4335.41,1886.0
2026-06-17 02:00:00,4335.38,4338.23,4329.62,4330.91,2082.0
2026-06-17 03:00:00,4330.92,4341.6,4328.54,4337.03,4169.0
2026-06-17 04:00:00,4337.08,4349.56,4334.39,4340.87,5170.0
2026-06-17 05:00:00,4340.89,4344.39,4329.77,4331.45,4430.0
2026-06-17 06:00:00,4331.46,4334.04,4328.65,4332.26,3939.0
2026-06-17 07:00:00,4332.24,4334.11,4317.85,4326.39,3580.0
2026-06-17 08:00:00,4326.72,4333.92,4321.2,4326.48,4406.0
2026-06-17 09:00:00,4326.49,4331.8,4320.7,4331.73,4759.0
2026-06-17 10:00:00,4331.72,4332.84,4324.74,4325.19,4502.0
2026-06-17 11:00:00,4325.06,4327.8,4317.83,4324.81,4835.0
2026-06-17 12:00:00,4324.76,4335.55,4321.33,4329.56,4286.0
2026-06-17 13:00:00,4329.57,4335.08,4326.78,4331.46,4083.0
2026-06-17 14:00:00,4331.54,4331.85,4320.97,4323.15,4387.0
2026-06-17 15:00:00,4323.7,4335.3,4319.85,4333.67,4522.0
2026-06-17 16:00:00,4333.66,4345.17,4324.13,4339.98,5840.0
2026-06-17 17:00:00,4339.88,4363.8,4331.04,4344.52,6415.0
2026-06-17 18:00:00,4344.55,4364.71,4343.94,4363.53,5621.0
2026-06-17 19:00:00,4363.79,4366.47,4355.22,4359.57,4686.0
2026-06-17 20:00:00,4359.5,4382.18,4355.36,4379.97,5392.0
2026-06-17 21:00:00,4341.48,4355.07,4270.04,4285.66,7867.0
2026-06-17 22:00:00,4285.42,4294.86,4218.79,4235.55,7721.0
2026-06-17 23:00:00,4235.09,4269.52,4234.88,4257.57,5313.0
2026-06-18 01:00:00,4256.4,4270.98,4254.33,4266.6,3633.0
2026-06-18 02:00:00,4266.57,4283.6,4264.02,4277.73,4171.0
2026-06-18 03:00:00,4278.44,4315.03,4276.36,4308.46,5654.0
2026-06-18 04:00:00,4308.25,4328.18,4306.86,4317.6,5874.0
2026-06-18 05:00:00,4317.63,4329.63,4310.31,4310.73,5227.0
2026-06-18 06:00:00,4310.74,4322.43,4308.92,4319.5,4610.0
2026-06-18 07:00:00,4319.8,4323.73,4309.58,4315.84,4001.0
2026-06-18 08:00:00,4315.81,4324.41,4301.17,4307.92,5113.0
2026-06-18 09:00:00,4308.01,4309.68,4296.13,4306.36,5801.0
2026-06-18 10:00:00,4306.89,4309.21,4287.27,4288.47,5176.0
2026-06-18 11:00:00,4288.31,4292.61,4265.41,4266.52,5439.0
2026-06-18 12:00:00,4267.14,4273.06,4259.45,4268.5,5350.0
2026-06-18 13:00:00,4268.19,4272.57,4254.72,4255.3,5101.0
2026-06-18 14:00:00,4255.21,4255.46,4239.91,4241.88,5637.0
2026-06-18 15:00:00,4242.41,4268.94,4240.5,4246.46,6055.0
2026-06-18 16:00:00,4246.44,4276.27,4244.85,4256.41,6503.0
2026-06-18 17:00:00,4256.31,4257.59,4236.92,4252.23,6630.0
2026-06-18 18:00:00,4252.15,4254.57,4222.94,4226.54,6437.0
2026-06-18 19:00:00,4226.6,4233.05,4213.86,4219.21,6091.0
2026-06-18 20:00:00,4219.32,4232.84,4218.36,4230.12,5441.0
2026-06-18 21:00:00,4230.11,4232.92,4218.05,4218.05,5089.0
2026-06-18 22:00:00,4218.35,4218.75,4201.53,4216.84,5623.0
2026-06-18 23:00:00,4216.77,4219.39,4207.74,4208.92,3190.0
2026-06-19 01:00:00,4212.57,4213.22,4202.65,4207.18,2414.0
2026-06-19 02:00:00,4207.2,4207.99,4186.65,4188.13,3717.0
2026-06-19 03:00:00,4188.83,4197.81,4184.08,4190.05,4779.0
2026-06-19 04:00:00,4190.11,4194.31,4183.85,4184.57,4176.0
2026-06-19 05:00:00,4184.65,4185.96,4171.74,4176.05,4183.0
2026-06-19 06:00:00,4176.08,4177.02,4147.09,4153.23,4852.0
2026-06-19 07:00:00,4153.24,4154.8,4124.88,4125.53,5192.0
2026-06-19 08:00:00,4125.5,4141.33,4121.66,4139.45,5294.0
2026-06-19 09:00:00,4139.39,4150.28,4132.66,4147.41,5366.0
2026-06-19 10:00:00,4147.42,4162.94,4147.42,4157.81,5069.0
2026-06-19 11:00:00,4157.9,4178.28,4155.11,4168.9,5184.0
2026-06-19 12:00:00,4168.87,4170.72,4160.8,4162.67,4669.0
2026-06-19 13:00:00,4162.66,4162.84,4147.95,4149.53,4845.0
2026-06-19 14:00:00,4149.43,4154.72,4141.69,4152.35,4728.0
2026-06-19 15:00:00,4152.39,4179.83,4147.25,4178.77,5208.0
2026-06-19 16:00:00,4179.0,4182.64,4150.57,4151.23,5616.0
2026-06-19 17:00:00,4151.47,4154.19,4142.39,4149.09,5154.0
2026-06-19 18:00:00,4149.07,4153.74,4147.42,4150.76,4100.0
2026-06-19 19:00:00,4150.86,4157.65,4144.28,4155.37,3242.0
2026-06-22 01:00:00,4148.74,4159.34,4147.68,4156.07,3833.0
2026-06-22 02:00:00,4155.99,4164.36,4136.41,4140.07,4606.0
2026-06-22 03:00:00,4140.13,4200.68,4139.82,4200.58,5825.0
2026-06-22 04:00:00,4201.13,4220.25,4189.54,4190.67,6583.0
2026-06-22 05:00:00,4190.71,4199.92,4183.39,4188.34,5529.0
2026-06-22 06:00:00,4188.38,4189.83,4170.54,4171.4,4732.0
2026-06-22 07:00:00,4171.47,4181.95,4170.63,4181.56,4107.0
2026-06-22 08:00:00,4181.43,4198.12,4179.18,4193.56,5171.0
2026-06-22 09:00:00,4193.69,4207.07,4191.09,4197.39,5479.0
2026-06-22 10:00:00,4197.93,4201.62,4188.67,4190.22,4798.0
2026-06-22 11:00:00,4190.26,4197.44,4188.6,4197.21,4805.0
2026-06-22 12:00:00,4197.82,4209.81,4195.82,4208.02,4658.0
2026-06-22 13:00:00,4208.01,4213.93,4203.47,4204.48,4307.0
2026-06-22 14:00:00,4204.63,4214.86,4201.32,4207.24,4705.0
2026-06-22 15:00:00,4207.25,4211.53,4192.07,4193.18,4884.0
2026-06-22 16:00:00,4193.25,4205.38,4182.8,4199.69,6462.0
2026-06-22 17:00:00,4199.84,4210.43,4186.41,4198.09,6679.0
2026-06-22 18:00:00,4198.25,4201.1,4169.69,4182.74,6257.0
2026-06-22 19:00:00,4182.82,4192.3,4174.28,4189.6,5450.0
2026-06-22 20:00:00,4189.73,4191.4,4176.94,4182.68,5031.0
2026-06-22 21:00:00,4182.91,4192.59,4182.3,4191.06,4651.0
2026-06-22 22:00:00,4191.13,4193.14,4183.97,4190.67,4793.0
2026-06-22 23:00:00,4190.78,4193.55,4188.49,4191.16,2052.0
2026-06-23 01:00:00,4191.95,4194.33,4188.32,4190.08,1915.0
2026-06-23 02:00:00,4189.73,4195.1,4186.61,4187.35,2264.0
2026-06-23 03:00:00,4187.77,4194.38,4178.17,4193.08,5093.0
2026-06-23 04:00:00,4193.04,4198.04,4149.91,4161.05,6287.0
2026-06-23 05:00:00,4161.06,4163.28,4146.42,4146.69,5591.0
2026-06-23 06:00:00,4147.1,4149.41,4130.57,4143.8,5442.0
2026-06-23 07:00:00,4144.04,4146.7,4114.93,4117.94,4418.0
2026-06-23 08:00:00,4118.26,4137.15,4115.25,4120.98,5827.0
2026-06-23 09:00:00,4121.43,4126.62,4110.23,4114.19,6187.0
2026-06-23 10:00:00,4114.12,4124.53,4096.27,4098.6,5895.0
2026-06-23 11:00:00,4098.58,4110.68,4090.8,4105.1,5943.0
2026-06-23 12:00:00,4105.05,4122.08,4103.83,4122.08,5191.0
2026-06-23 13:00:00,4122.49,4133.0,4119.51,4119.63,5234.0
2026-06-23 14:00:00,4119.87,4131.5,4117.31,4123.11,5438.0
2026-06-23 15:00:00,4123.13,4127.11,4111.6,4113.29,5636.0
2026-06-23 16:00:00,4113.07,4140.21,4105.25,4135.64,6723.0
2026-06-23 17:00:00,4135.3,4144.82,4122.75,4129.97,6841.0
2026-06-23 18:00:00,4129.99,4141.37,4123.35,4138.45,6162.0
2026-06-23 19:00:00,4138.97,4143.64,4131.39,4134.06,5300.0
2026-06-23 20:00:00,4134.02,4139.51,4127.61,4127.84,5228.0
2026-06-23 21:00:00,4127.82,4130.87,4112.67,4117.55,4971.0
2026-06-23 22:00:00,4117.55,4125.64,4111.57,4111.57,5592.0
2026-06-23 23:00:00,4111.84,4112.73,4107.26,4110.04,2556.0
2026-06-24 01:00:00,4112.98,4114.89,4097.09,4104.24,3918.0
2026-06-24 02:00:00,4104.2,4104.21,4080.91,4098.68,4765.0
2026-06-24 03:00:00,4099.23,4111.78,4093.61,4097.16,5954.0
2026-06-24 04:00:00,4097.43,4102.02,4068.37,4088.82,6728.0
2026-06-24 05:00:00,4088.81,4095.65,4052.05,4060.92,5961.0
2026-06-24 06:00:00,4060.9,4070.42,4050.29,4062.54,5795.0
2026-06-24 07:00:00,4062.75,4066.84,4054.81,4064.28,5035.0
2026-06-24 08:00:00,4064.5,4085.98,4060.55,4075.68,5544.0
2026-06-24 09:00:00,4076.1,4097.34,4075.71,4086.87,5931.0
2026-06-24 10:00:00,4086.96,4090.59,4073.51,4074.63,5185.0
2026-06-24 11:00:00,4074.18,4087.31,4072.97,4076.09,5241.0
2026-06-24 12:00:00,4076.09,4078.89,4063.99,4064.51,4835.0
2026-06-24 13:00:00,4064.41,4066.65,4054.61,4055.43,5121.0
2026-06-24 14:00:00,4055.82,4058.27,4037.39,4046.43,6011.0
2026-06-24 15:00:00,4046.63,4048.61,3987.51,3987.51,6586.0
2026-06-24 16:00:00,3987.54,4041.75,3964.36,4038.22,7418.0
2026-06-24 17:00:00,4038.05,4040.69,4002.97,4007.76,6934.0
2026-06-24 18:00:00,4007.87,4016.53,3997.15,4002.28,6501.0
2026-06-24 19:00:00,4002.27,4022.0,3995.48,4006.48,6212.0
2026-06-24 20:00:00,4006.56,4011.02,3972.55,3972.55,6542.0
2026-06-24 21:00:00,3973.12,3994.04,3959.14,3981.18,6556.0
2026-06-24 22:00:00,3981.54,3990.53,3973.38,3987.9,6038.0
2026-06-24 23:00:00,3987.61,4002.57,3984.62,3998.97,4571.0
2026-06-25 01:00:00,4006.65,4008.61,3992.78,3996.21,3461.0
2026-06-25 02:00:00,3996.23,4018.44,3990.8,4012.17,4360.0
2026-06-25 03:00:00,4012.18,4016.12,3978.38,3991.3,5995.0
2026-06-25 04:00:00,3991.32,4005.57,3972.47,3976.45,6781.0
2026-06-25 05:00:00,3976.51,3990.63,3963.56,3983.13,6339.0
2026-06-25 06:00:00,3982.72,4000.88,3966.14,3995.39,5878.0
2026-06-25 07:00:00,3995.35,3997.33,3983.52,3995.85,4803.0
2026-06-25 08:00:00,3995.81,3999.85,3980.35,3986.17,5675.0
2026-06-25 09:00:00,3985.83,3988.87,3973.9,3977.09,5846.0
2026-06-25 10:00:00,3977.31,3989.46,3971.3,3987.66,5343.0
2026-06-25 11:00:00,3987.67,4001.83,3984.13,3989.01,5398.0
2026-06-25 12:00:00,3989.01,3997.41,3985.92,3987.71,4886.0
2026-06-25 13:00:00,3988.0,3989.18,3981.2,3984.11,4289.0
2026-06-25 14:00:00,3984.32,3987.56,3973.51,3980.01,4871.0
2026-06-25 15:00:00,3980.46,4018.67,3978.74,4012.19,6188.0
2026-06-25 16:00:00,4012.17,4033.7,4000.96,4002.11,7137.0
2026-06-25 17:00:00,4002.06,4028.18,3998.97,4011.8,7134.0
2026-06-25 18:00:00,4012.08,4042.41,4005.0,4040.99,6722.0
2026-06-25 19:00:00,4041.3,4043.85,4023.63,4028.53,6144.0
2026-06-25 20:00:00,4028.55,4036.53,4026.73,4034.57,5643.0
2026-06-25 21:00:00,4034.54,4044.01,4025.99,4034.59,5700.0
2026-06-25 22:00:00,4034.92,4043.58,4021.73,4026.66,5359.0
2026-06-25 23:00:00,4026.56,4034.81,4024.1,4026.47,2787.0
2026-06-26 01:00:00,4028.67,4036.33,4019.73,4026.18,3770.0
2026-06-26 02:00:00,4026.14,4030.12,4012.35,4014.25,4094.0
2026-06-26 03:00:00,4014.47,4024.12,4011.01,4020.06,5653.0
2026-06-26 04:00:00,4020.21,4029.22,4014.15,4020.76,6157.0
2026-06-26 05:00:00,4020.75,4023.07,3982.9,3990.51,5859.0
2026-06-26 06:00:00,3990.52,4006.33,3986.44,4003.99,5489.0
2026-06-26 07:00:00,4003.98,4015.02,3998.62,4011.12,5041.0
2026-06-26 08:00:00,4011.53,4021.28,4005.68,4007.71,5517.0
2026-06-26 09:00:00,4007.81,4032.95,4006.7,4031.89,6090.0
2026-06-26 10:00:00,4031.53,4039.49,4026.54,4030.6,4961.0
2026-06-26 11:00:00,4030.43,4037.58,4025.62,4030.75,5010.0
2026-06-26 12:00:00,4030.81,4053.88,4029.45,4046.97,5224.0
2026-06-26 13:00:00,4047.0,4054.56,4042.11,4054.44,4641.0
2026-06-26 14:00:00,4054.49,4055.17,4042.53,4045.71,4706.0
2026-06-26 15:00:00,4045.98,4061.24,4035.81,4058.83,5283.0
2026-06-26 16:00:00,4059.84,4077.66,4043.3,4073.34,6812.0
2026-06-26 17:00:00,4074.14,4092.8,4067.63,4080.6,6703.0
2026-06-26 18:00:00,4080.57,4095.92,4075.78,4090.56,6080.0
2026-06-26 19:00:00,4090.55,4093.5,4082.3,4085.09,5230.0
2026-06-26 20:00:00,4085.13,4088.17,4073.72,4074.75,4944.0
2026-06-26 21:00:00,4074.89,4078.92,4067.14,4067.33,4489.0
2026-06-26 22:00:00,4067.32,4074.66,4064.58,4071.61,4803.0
2026-06-26 23:00:00,4071.83,4081.77,4064.63,4080.88,3307.0
2026-06-29 01:00:00,4079.36,4085.94,4053.3,4066.22,4592.0
2026-06-29 02:00:00,4066.26,4070.07,4051.83,4062.44,4241.0
2026-06-29 03:00:00,4062.54,4073.94,4048.11,4069.49,6033.0
2026-06-29 04:00:00,4068.93,4074.31,4053.62,4061.03,6390.0
2026-06-29 05:00:00,4061.1,4071.46,4058.26,4066.15,5832.0
2026-06-29 06:00:00,4065.98,4075.39,4064.86,4068.76,5037.0
2026-06-29 07:00:00,4068.75,4068.77,4049.44,4052.04,4265.0
2026-06-29 08:00:00,4051.58,4057.21,4039.2,4054.25,5541.0
2026-06-29 09:00:00,4054.69,4064.77,4053.72,4062.09,5451.0
2026-06-29 10:00:00,4062.27,4068.29,4055.97,4061.5,4778.0
2026-06-29 11:00:00,4061.23,4066.44,4044.09,4046.8,5017.0
2026-06-29 12:00:00,4046.82,4055.01,4025.38,4031.25,5150.0
2026-06-29 13:00:00,4031.34,4039.37,4027.41,4036.62,4776.0
2026-06-29 14:00:00,4036.61,4042.05,4027.18,4039.01,4413.0
2026-06-29 15:00:00,4039.28,4052.14,4037.47,4043.38,5031.0
2026-06-29 16:00:00,4043.78,4051.47,4028.05,4031.86,6175.0
2026-06-29 17:00:00,4032.02,4034.96,4000.56,4025.42,6709.0
2026-06-29 18:00:00,4025.46,4030.02,4016.54,4026.79,5695.0
2026-06-29 19:00:00,4026.92,4028.49,4018.63,4023.72,4525.0
2026-06-29 20:00:00,4023.78,4031.86,4019.23,4020.84,4443.0
2026-06-29 21:00:00,4020.85,4025.05,4011.81,4013.22,3706.0
2026-06-29 22:00:00,4013.2,4019.27,4005.08,4015.67,4261.0
2026-06-29 23:00:00,4015.63,4017.78,4012.61,4016.44,1736.0
2026-06-30 01:00:00,4018.43,4021.52,4009.51,4013.94,2994.0
2026-06-30 02:00:00,4014.0,4022.19,4013.27,4014.64,3386.0
2026-06-30 03:00:00,4014.66,4014.9,3979.96,3987.35,5518.0
2026-06-30 04:00:00,3986.94,3986.94,3943.54,3969.15,6642.0
2026-06-30 05:00:00,3969.36,3972.9,3952.23,3962.33,5900.0
2026-06-30 06:00:00,3962.5,3970.83,3960.05,3969.57,5036.0
2026-06-30 07:00:00,3969.6,3997.46,3968.0,3985.31,4726.0
2026-06-30 08:00:00,3985.33,3990.51,3975.1,3977.78,5312.0
2026-06-30 09:00:00,3978.06,4033.66,3978.06,4029.78,6361.0
2026-06-30 10:00:00,4029.58,4034.55,4023.69,4032.08,4928.0
2026-06-30 11:00:00,4032.11,4037.33,4013.65,4015.42,5144.0
2026-06-30 12:00:00,4015.1,4023.68,4011.9,4023.68,4418.0
2026-06-30 13:00:00,4023.74,4031.07,4021.36,4029.66,4038.0
2026-06-30 14:00:00,4029.69,4037.3,4025.25,4033.92,4522.0
2026-06-30 15:00:00,4033.94,4034.41,4008.75,4010.24,5294.0
2026-06-30 16:00:00,4009.83,4033.32,4009.36,4029.41,6346.0
2026-06-30 17:00:00,4029.69,4063.33,4025.47,4037.42,6651.0
2026-06-30 18:00:00,4037.41,4039.28,4022.02,4029.24,5793.0
2026-06-30 19:00:00,4029.16,4033.71,4025.76,4026.01,4500.0
2026-06-30 20:00:00,4025.96,4032.0,4020.6,4030.6,4507.0
2026-06-30 21:00:00,4030.85,4033.59,4028.08,4028.34,3475.0
2026-06-30 22:00:00,4028.36,4029.25,4014.62,4015.9,4299.0
2026-06-30 23:00:00,4015.57,4020.89,4006.35,4007.31,2523.0
2026-07-01 01:00:00,4013.12,4017.69,4010.94,4012.92,3090.0
2026-07-01 02:00:00,4013.0,4018.0,4004.87,4005.63,3515.0
2026-07-01 03:00:00,4005.55,4009.5,3993.01,3996.48,4965.0
2026-07-01 04:00:00,3996.36,3999.25,3973.7,3977.63,6168.0
2026-07-01 05:00:00,3977.55,3985.75,3969.99,3978.84,5349.0
2026-07-01 06:00:00,3978.86,3986.64,3976.52,3980.26,4382.0
2026-07-01 07:00:00,3980.3,3982.36,3972.19,3976.41,4027.0
2026-07-01 08:00:00,3976.37,3978.58,3969.66,3973.57,5025.0
2026-07-01 09:00:00,3973.72,3977.2,3962.98,3971.65,5442.0
2026-07-01 10:00:00,3971.64,3978.02,3960.04,3975.83,5206.0
2026-07-01 11:00:00,3975.6,3984.14,3969.21,3974.26,4860.0
2026-07-01 12:00:00,3974.24,3985.69,3972.59,3984.23,4313.0
2026-07-01 13:00:00,3984.28,3998.55,3981.25,3998.19,4325.0
2026-07-01 14:00:00,3997.74,4035.42,3997.74,4030.49,5449.0
2026-07-01 15:00:00,4030.72,4033.92,4019.76,4022.86,5805.0
2026-07-01 16:00:00,4023.12,4107.78,4012.92,4089.81,7144.0
2026-07-01 17:00:00,4092.23,4115.71,4083.04,4093.42,6877.0
2026-07-01 18:00:00,4093.46,4094.52,4076.94,4081.24,5961.0
2026-07-01 19:00:00,4081.22,4088.38,4070.59,4071.24,5176.0
2026-07-01 20:00:00,4071.62,4073.55,4067.25,4068.04,4867.0
2026-07-01 21:00:00,4068.14,4070.59,4057.77,4062.01,4651.0
2026-07-01 22:00:00,4061.99,4068.16,4034.43,4038.84,4887.0
2026-07-01 23:00:00,4038.78,4039.54,4028.36,4030.91,3369.0
2026-07-02 01:00:00,4033.83,4044.91,4033.74,4044.79,2912.0
2026-07-02 02:00:00,4044.27,4044.8,4033.2,4034.86,3254.0
2026-07-02 03:00:00,4034.83,4052.34,4030.54,4051.63,4993.0
2026-07-02 04:00:00,4051.58,4068.23,4045.12,4050.12,5890.0
2026-07-02 05:00:00,4049.99,4060.71,4041.08,4057.11,5130.0
2026-07-02 06:00:00,4056.9,4073.89,4055.26,4069.71,4823.0
2026-07-02 07:00:00,4069.72,4072.7,4060.44,4060.5,4044.0
2026-07-02 08:00:00,4060.61,4067.37,4053.23,4065.85,5196.0
2026-07-02 09:00:00,4065.87,4079.52,4065.87,4072.94,5658.0
2026-07-02 10:00:00,4073.43,4075.28,4060.58,4064.42,5172.0
2026-07-02 11:00:00,4064.04,4079.8,4061.14,4075.93,5189.0
2026-07-02 12:00:00,4075.89,4076.7,4063.76,4064.71,4731.0
2026-07-02 13:00:00,4065.14,4068.43,4061.33,4066.07,4342.0
2026-07-02 14:00:00,4066.64,4072.09,4057.29,4065.26,4964.0
2026-07-02 15:00:00,4065.26,4140.19,4061.21,4117.22,6252.0
2026-07-02 16:00:00,4117.96,4143.58,4109.28,4136.52,7131.0
2026-07-02 17:00:00,4136.57,4138.09,4113.92,4128.5,6931.0
2026-07-02 18:00:00,4128.43,4131.02,4114.58,4128.25,6369.0
2026-07-02 19:00:00,4128.29,4129.98,4100.18,4117.91,6102.0
2026-07-02 20:00:00,4117.73,4119.61,4105.64,4106.67,5840.0
2026-07-02 21:00:00,4106.6,4126.8,4105.88,4122.45,5425.0
2026-07-02 22:00:00,4122.47,4124.24,4108.02,4121.35,5282.0
2026-07-02 23:00:00,4121.12,4124.85,4116.22,4123.56,2277.0
2026-07-03 01:00:00,4126.14,4127.84,4122.35,4124.41,1852.0
2026-07-03 02:00:00,4124.39,4131.89,4121.03,4126.01,3555.0
2026-07-03 03:00:00,4125.89,4150.77,4122.88,4147.06,5626.0
2026-07-03 04:00:00,4147.02,4195.15,4146.52,4182.08,6421.0
2026-07-03 05:00:00,4182.1,4186.87,4176.36,4183.57,5059.0
2026-07-03 06:00:00,4183.53,4184.58,4175.07,4175.79,4247.0
2026-07-03 07:00:00,4175.8,4182.53,4173.12,4178.64,3316.0
2026-07-03 08:00:00,4178.65,4181.83,4169.26,4171.19,4581.0
2026-07-03 09:00:00,4171.21,4174.46,4160.47,4173.06,5259.0
2026-07-03 10:00:00,4173.13,4181.42,4169.12,4176.46,4694.0
2026-07-03 11:00:00,4177.43,4186.37,4176.83,4180.81,4406.0
2026-07-03 12:00:00,4180.83,4181.32,4168.49,4171.81,4097.0
2026-07-03 13:00:00,4171.63,4180.9,4170.96,4176.9,3346.0
2026-07-03 14:00:00,4176.66,4186.11,4175.38,4180.75,3808.0
2026-07-03 15:00:00,4180.74,4182.9,4172.05,4176.83,4142.0
2026-07-03 16:00:00,4176.62,4179.05,4163.37,4164.53,5280.0
2026-07-03 17:00:00,4164.53,4170.89,4155.25,4169.62,4776.0
2026-07-03 18:00:00,4169.65,4174.17,4164.31,4164.77,4081.0
2026-07-03 19:00:00,4164.65,4176.18,4162.62,4174.71,2830.0
2026-07-06 01:00:00,4178.47,4191.28,4172.82,4188.11,3974.0
2026-07-06 02:00:00,4188.13,4201.21,4177.61,4182.94,3892.0
2026-07-06 03:00:00,4183.58,4188.72,4170.54,4180.11,5533.0
2026-07-06 04:00:00,4179.17,4202.34,4172.42,4185.83,6284.0
2026-07-06 05:00:00,4185.92,4187.62,4168.42,4173.88,5735.0
2026-07-06 06:00:00,4173.88,4175.88,4160.86,4165.03,4779.0
2026-07-06 07:00:00,4165.07,4166.37,4157.37,4159.47,3898.0
2026-07-06 08:00:00,4159.55,4160.77,4144.59,4147.75,4924.0
2026-07-06 09:00:00,4147.82,4159.3,4145.59,4150.08,4953.0
2026-07-06 10:00:00,4150.18,4166.02,4147.01,4164.25,4551.0
2026-07-06 11:00:00,4164.26,4165.81,4146.91,4150.3,4301.0
2026-07-06 12:00:00,4150.28,4151.03,4136.46,4143.04,4257.0
2026-07-06 13:00:00,4143.03,4155.59,4141.87,4154.69,3670.0
2026-07-06 14:00:00,4154.65,4159.33,4151.34,4155.05,3911.0
2026-07-06 15:00:00,4155.03,4158.26,4131.29,4139.44,5100.0
2026-07-06 16:00:00,4139.54,4150.2,4136.93,4140.65,6131.0
2026-07-06 17:00:00,4139.7,4147.0,4128.31,4137.96,6039.0
2026-07-06 18:00:00,4137.97,4151.7,4137.37,4148.16,5208.0
2026-07-06 19:00:00,4147.79,4155.96,4140.09,4154.83,4654.0
2026-07-06 20:00:00,4155.03,4161.38,4150.16,4161.16,4746.0
2026-07-06 21:00:00,4161.26,4167.22,4155.22,4163.7,4302.0
2026-07-06 22:00:00,4163.83,4165.14,4158.68,4163.58,4403.0
2026-07-06 23:00:00,4163.6,4164.76,4160.59,4164.76,1764.0
2026-07-07 01:00:00,4166.29,4168.21,4163.47,4164.28,2033.0
2026-07-07 02:00:00,4164.04,4165.41,4156.79,4157.17,2526.0
2026-07-07 03:00:00,4157.01,4162.48,4145.1,4145.87,5159.0
2026-07-07 04:00:00,4145.83,4147.77,4125.65,4141.7,5890.0
2026-07-07 05:00:00,4141.68,4145.05,4131.16,4136.31,4819.0
2026-07-07 06:00:00,4136.49,4139.85,4124.29,4130.88,4657.0
2026-07-07 07:00:00,4130.89,4141.03,4125.69,4126.43,4134.0
2026-07-07 08:00:00,4126.42,4130.97,4116.58,4123.7,5315.0
2026-07-07 09:00:00,4123.43,4132.7,4121.33,4130.23,5148.0
2026-07-07 10:00:00,4130.31,4133.26,4124.17,4124.64,4555.0
2026-07-07 11:00:00,4124.55,4138.92,4121.67,4125.84,4850.0
2026-07-07 12:00:00,4125.72,4133.53,4119.67,4130.98,4460.0
2026-07-07 13:00:00,4130.97,4138.67,4130.97,4135.24,4079.0
2026-07-07 14:00:00,4135.47,4158.04,4131.36,4156.73,4731.0
2026-07-07 15:00:00,4156.96,4174.78,4154.51,4172.33,5698.0
2026-07-07 16:00:00,4173.66,4180.42,4156.15,4158.64,6391.0
2026-07-07 17:00:00,4158.56,4163.54,4143.54,4154.12,6518.0
2026-07-07 18:00:00,4154.07,4155.36,4135.7,4138.9,5743.0
2026-07-07 19:00:00,4138.9,4147.03,4136.94,4144.85,4941.0
2026-07-07 20:00:00,4144.88,4147.96,4140.48,4144.31,4600.0
2026-07-07 21:00:00,4144.52,4144.97,4124.98,4126.73,5018.0
2026-07-07 22:00:00,4126.7,4127.35,4092.11,4114.02,6137.0
2026-07-07 23:00:00,4114.2,4115.68,4103.25,4105.7,2747.0
2026-07-08 01:00:00,4094.83,4106.05,4093.77,4098.17,3313.0
2026-07-08 02:00:00,4098.16,4107.68,4095.8,4098.46,3985.0
2026-07-08 03:00:00,4097.88,4126.45,4096.77,4111.33,5784.0
2026-07-08 04:00:00,4111.66,4117.64,4096.24,4111.11,6196.0
2026-07-08 05:00:00,4111.06,4124.69,4105.84,4114.39,5484.0
2026-07-08 06:00:00,4114.39,4130.79,4114.39,4123.24,5073.0
2026-07-08 07:00:00,4123.41,4128.58,4120.4,4124.87,4497.0
2026-07-08 08:00:00,4124.83,4133.73,4120.89,4127.61,5483.0
2026-07-08 09:00:00,4127.58,4133.38,4121.95,4123.45,5251.0
2026-07-08 10:00:00,4123.43,4127.03,4114.66,4120.84,5110.0
2026-07-08 11:00:00,4120.91,4121.0,4052.3,4056.3,6621.0
2026-07-08 12:00:00,4056.5,4060.71,4041.4,4043.13,6180.0
2026-07-08 13:00:00,4043.57,4058.09,4040.53,4052.78,5517.0
2026-07-08 14:00:00,4052.91,4072.29,4041.43,4061.94,5631.0
2026-07-08 15:00:00,4061.92,4086.16,4058.54,4071.89,6133.0
2026-07-08 16:00:00,4072.18,4082.81,4065.16,4070.63,6894.0
2026-07-08 17:00:00,4070.6,4071.18,4033.62,4040.73,6946.0
2026-07-08 18:00:00,4040.72,4043.55,4021.57,4034.16,6590.0
2026-07-08 19:00:00,4034.07,4064.14,4033.1,4063.49,6134.0
2026-07-08 20:00:00,4063.66,4076.11,4059.48,4065.47,5660.0
2026-07-08 21:00:00,4065.17,4091.16,4063.43,4084.16,5972.0
2026-07-08 22:00:00,4084.63,4091.02,4078.15,4079.92,5326.0
2026-07-08 23:00:00,4079.6,4083.14,4071.28,4077.23,3482.0
2026-07-09 01:00:00,4077.62,4079.64,4072.32,4076.38,2875.0
2026-07-09 02:00:00,4076.66,4077.57,4071.61,4076.01,2875.0
2026-07-09 03:00:00,4076.02,4089.48,4070.19,4073.72,5137.0
2026-07-09 04:00:00,4073.7,4078.49,4062.19,4072.62,5761.0
2026-07-09 05:00:00,4072.58,4082.31,4064.24,4064.77,4952.0
2026-07-09 06:00:00,4064.73,4067.26,4054.07,4063.75,4760.0
2026-07-09 07:00:00,4063.86,4064.32,4056.33,4064.12,3799.0
2026-07-09 08:00:00,4064.07,4084.01,4063.54,4081.83,5264.0
2026-07-09 09:00:00,4081.82,4107.86,4081.58,4107.76,5668.0
2026-07-09 10:00:00,4107.77,4110.97,4101.42,4107.77,4809.0
2026-07-09 11:00:00,4108.24,4117.5,4105.15,4108.1,4727.0
2026-07-09 12:00:00,4108.17,4111.8,4103.04,4106.14,4319.0
2026-07-09 13:00:00,4106.13,4109.81,4093.89,4098.83,4209.0
2026-07-09 14:00:00,4099.18,4110.39,4097.66,4108.5,4585.0
2026-07-09 15:00:00,4108.51,4122.37,4104.94,4107.52,5367.0
2026-07-09 16:00:00,4107.51,4129.54,4106.64,4122.02,6247.0
2026-07-09 17:00:00,4121.68,4135.94,4114.28,4127.71,6170.0
2026-07-09 18:00:00,4127.79,4132.72,4124.91,4126.97,5347.0
2026-07-09 19:00:00,4127.06,4137.93,4125.71,4128.04,4900.0
2026-07-09 20:00:00,4128.01,4137.99,4125.04,4136.22,4742.0
2026-07-09 21:00:00,4136.15,4136.36,4121.52,4124.55,4270.0
2026-07-09 22:00:00,4124.46,4126.95,4119.16,4122.62,4335.0
2026-07-09 23:00:00,4122.47,4125.53,4120.44,4123.67,2057.0
2026-07-10 01:00:00,4124.85,4127.46,4121.54,4122.25,2154.0
2026-07-10 02:00:00,4121.77,4125.16,4121.06,4123.41,2033.0
2026-07-10 03:00:00,4123.45,4128.26,4114.37,4126.54,4433.0
2026-07-10 04:00:00,4126.45,4130.95,4108.77,4116.88,5598.0
2026-07-10 05:00:00,4117.18,4129.08,4116.18,4127.74,4644.0
2026-07-10 06:00:00,4127.68,4134.75,4119.39,4120.22,4172.0
2026-07-10 07:00:00,4120.23,4121.06,4112.15,4115.13,3422.0
2026-07-10 08:00:00,4115.09,4117.11,4108.23,4116.76,4511.0
2026-07-10 09:00:00,4116.88,4120.06,4111.1,4111.73,4669.0
2026-07-10 10:00:00,4111.7,4115.31,4104.05,4108.75,4125.0
2026-07-10 11:00:00,4108.76,4109.29,4093.69,4097.64,4424.0
2026-07-10 12:00:00,4097.63,4105.22,4094.19,4104.14,3978.0
2026-07-10 13:00:00,4104.32,4112.44,4104.15,4104.29,3651.0
2026-07-10 14:00:00,4104.24,4107.92,4095.93,4102.13,4074.0
2026-07-10 15:00:00,4102.14,4116.73,4097.37,4100.64,5116.0
2026-07-10 16:00:00,4100.53,4106.45,4085.43,4099.8,5781.0
2026-07-10 17:00:00,4099.69,4108.64,4072.31,4092.66,6211.0
2026-07-10 18:00:00,4092.56,4113.26,4091.18,4112.87,5685.0
2026-07-10 19:00:00,4112.85,4115.25,4104.21,4104.38,4812.0
2026-07-10 20:00:00,4103.93,4106.6,4100.28,4100.6,4434.0
2026-07-10 21:00:00,4100.86,4105.22,4097.93,4100.93,3881.0
2026-07-10 22:00:00,4100.99,4108.78,4097.65,4108.36,3672.0
2026-07-10 23:00:00,4108.15,4119.78,4108.14,4119.05,2054.0
2026-07-13 01:00:00,4097.95,4102.85,4070.11,4076.47,4286.0
2026-07-13 02:00:00,4076.5,4084.51,4068.35,4084.07,4329.0
2026-07-13 03:00:00,4084.2,4090.85,4061.02,4073.82,5724.0
2026-07-13 04:00:00,4073.79,4089.46,4065.3,4071.98,6433.0
2026-07-13 05:00:00,4072.59,4077.25,4064.61,4068.5,5672.0
2026-07-13 06:00:00,4068.34,4069.17,4052.82,4060.2,4878.0
2026-07-13 07:00:00,4060.21,4060.21,4050.11,4058.59,4190.0
2026-07-13 08:00:00,4058.56,4072.74,4052.08,4053.47,5556.0
2026-07-13 09:00:00,4053.46,4063.33,4043.63,4055.41,5648.0
2026-07-13 10:00:00,4055.29,4064.85,4048.83,4064.33,4958.0
2026-07-13 11:00:00,4064.6,4080.44,4062.94,4074.42,5194.0
2026-07-13 12:00:00,4074.4,4076.48,4067.93,4068.09,4264.0
2026-07-13 13:00:00,4068.05,4070.33,4046.8,4060.34,4587.0
2026-07-13 14:00:00,4060.63,4067.98,4054.77,4056.22,5023.0
2026-07-13 15:00:00,4056.25,4067.19,4053.35,4067.13,5309.0
2026-07-13 16:00:00,4067.14,4067.35,4041.94,4042.83,6284.0
2026-07-13 17:00:00,4043.22,4046.61,4000.15,4015.09,6944.0
2026-07-13 18:00:00,4015.18,4019.99,4010.16,4015.81,5854.0
2026-07-13 19:00:00,4015.73,4017.65,3986.41,3992.98,6128.0
2026-07-13 20:00:00,3993.06,4001.62,3991.99,3993.02,5790.0
2026-07-13 21:00:00,3993.25,4004.88,3986.58,4001.28,5684.0
2026-07-13 22:00:00,4001.27,4004.28,3993.3,4002.16,5435.0
2026-07-13 23:00:00,4001.8,4005.96,3996.73,4000.68,3171.0
2026-07-14 01:00:00,4005.43,4005.67,4000.6,4000.6,2598.0
2026-07-14 02:00:00,4000.73,4002.82,3992.51,4001.01,3621.0
2026-07-14 03:00:00,4000.88,4007.0,3983.78,4003.84,6259.0
2026-07-14 04:00:00,4003.98,4011.81,3992.09,4010.19,6144.0
2026-07-14 05:00:00,4010.37,4018.76,4005.79,4012.03,5506.0
2026-07-14 06:00:00,4012.05,4018.81,4010.95,4016.37,4917.0
2026-07-14 07:00:00,4016.69,4023.01,4013.3,4020.04,4175.0
2026-07-14 08:00:00,4020.05,4033.83,4019.56,4031.21,4927.0
2026-07-14 09:00:00,4031.2,4032.96,4021.54,4023.72,5045.0
2026-07-14 10:00:00,4023.69,4029.62,4019.98,4020.5,5097.0
2026-07-14 11:00:00,4020.82,4023.61,4014.38,4015.73,4976.0
2026-07-14 12:00:00,4015.68,4024.11,4013.57,4021.5,4924.0
2026-07-14 13:00:00,4021.7,4022.59,4014.96,4021.44,4533.0
2026-07-14 14:00:00,4021.45,4031.73,4015.3,4031.05,4990.0
2026-07-14 15:00:00,4031.08,4100.72,4023.03,4075.96,6132.0
2026-07-14 16:00:00,4076.07,4088.37,4070.75,4076.46,6867.0
2026-07-14 17:00:00,4076.49,4090.17,4070.76,4085.0,6788.0
2026-07-14 18:00:00,4085.12,4100.09,4064.46,4066.02,6473.0
2026-07-14 19:00:00,4066.03,4066.64,4057.56,4061.37,5503.0
2026-07-14 20:00:00,4061.69,4064.89,4054.32,4062.59,4938.0
2026-07-14 21:00:00,4062.55,4062.92,4042.59,4053.88,4861.0
2026-07-14 22:00:00,4053.95,4057.04,4047.37,4055.51,4795.0
2026-07-14 23:00:00,4055.71,4056.18,4049.1,4052.59,2418.0
2026-07-15 01:00:00,4052.1,4053.3,4048.33,4048.72,2449.0
2026-07-15 02:00:00,4048.73,4055.83,4046.61,4052.73,3130.0
2026-07-15 03:00:00,4052.8,4060.15,4050.84,4058.76,4761.0
2026-07-15 04:00:00,4058.79,4061.84,4035.4,4037.25,5732.0
2026-07-15 05:00:00,4037.1,4041.93,4028.75,4035.06,5049.0
2026-07-15 06:00:00,4034.99,4040.06,4027.94,4030.93,4351.0
2026-07-15 07:00:00,4030.98,4034.83,4028.02,4032.91,3401.0
2026-07-15 08:00:00,4032.89,4036.32,4022.09,4034.27,4810.0
2026-07-15 09:00:00,4034.59,4035.09,4021.1,4031.89,5040.0
2026-07-15 10:00:00,4031.92,4034.07,4019.54,4024.24,4918.0
2026-07-15 11:00:00,4024.79,4032.98,4017.24,4031.0,4956.0
2026-07-15 12:00:00,4031.21,4034.02,4025.35,4030.03,4375.0
2026-07-15 13:00:00,4030.04,4035.74,4026.38,4027.94,4481.0
2026-07-15 14:00:00,4027.89,4039.98,4027.38,4038.1,4738.0
2026-07-15 15:00:00,4038.14,4071.46,4035.78,4067.76,5743.0
2026-07-15 16:00:00,4067.8,4073.98,4054.18,4061.17,6166.0
2026-07-15 17:00:00,4061.47,4065.85,4053.15,4060.29,6344.0
2026-07-15 18:00:00,4060.86,4062.67,4039.55,4046.88,6176.0
2026-07-15 19:00:00,4046.74,4047.65,4026.77,4033.7,6097.0
2026-07-15 20:00:00,4033.59,4065.84,4032.89,4062.08,5638.0
2026-07-15 21:00:00,4062.12,4081.26,4058.04,4059.16,5604.0
2026-07-15 22:00:00,4059.29,4062.88,4047.95,4057.02,5238.0
2026-07-15 23:00:00,4056.97,4063.13,4055.21,4060.4,2227.0
2026-07-16 01:00:00,4064.6,4065.47,4058.32,4059.65,2717.0
2026-07-16 02:00:00,4059.64,4062.07,4055.69,4057.79,3147.0
2026-07-16 03:00:00,4057.82,4061.16,4043.97,4044.43,4872.0
2026-07-16 04:00:00,4044.58,4050.48,4033.87,4039.02,5898.0
2026-07-16 05:00:00,4039.05,4040.0,4024.25,4031.42,5242.0
2026-07-16 06:00:00,4031.38,4036.66,4027.67,4036.08,4637.0
2026-07-16 07:00:00,4036.23,4037.68,4031.15,4032.93,3469.0
2026-07-16 08:00:00,4032.94,4033.74,4025.07,4027.12,4985.0
2026-07-16 09:00:00,4027.1,4036.26,4022.88,4030.43,5290.0
2026-07-16 10:00:00,4030.38,4031.58,4022.87,4030.59,4966.0
2026-07-16 11:00:00,4030.22,4036.33,4025.07,4035.11,4870.0
2026-07-16 12:00:00,4035.12,4037.31,4030.28,4031.65,4290.0
2026-07-16 13:00:00,4031.51,4034.45,4028.48,4029.34,4203.0
2026-07-16 14:00:00,4029.3,4042.17,4021.14,4038.29,5000.0
2026-07-16 15:00:00,4038.73,4043.1,3990.18,3992.1,6242.0
2026-07-16 16:00:00,3992.1,4008.11,3973.8,3989.97,6846.0
2026-07-16 17:00:00,3989.93,4006.43,3987.03,3997.62,6532.0
2026-07-16 18:00:00,3997.65,4016.59,3989.18,4006.81,6176.0
2026-07-16 19:00:00,4006.97,4007.4,3982.27,3991.87,5957.0
2026-07-16 20:00:00,3992.1,3992.7,3979.95,3984.42,5623.0
2026-07-16 21:00:00,3984.65,3990.2,3976.4,3980.16,5394.0
2026-07-16 22:00:00,3980.17,3985.91,3969.24,3979.64,5460.0
2026-07-16 23:00:00,3979.81,3979.96,3971.63,3976.19,2671.0
2026-07-17 01:00:00,3977.74,3980.0,3973.01,3978.07,2589.0
2026-07-17 02:00:00,3978.03,3986.15,3974.93,3985.75,3451.0
2026-07-17 03:00:00,3986.02,3991.77,3980.43,3991.65,5233.0
2026-07-17 04:00:00,3991.75,3995.94,3979.0,3982.95,6131.0
2026-07-17 05:00:00,3983.01,3987.02,3970.62,3978.89,5467.0
2026-07-17 06:00:00,3978.95,4008.41,3978.58,3991.14,5211.0
2026-07-17 07:00:00,3990.86,3991.43,3979.94,3981.57,4605.0
2026-07-17 08:00:00,3981.58,3991.2,3975.21,3984.83,5632.0
2026-07-17 09:00:00,3985.33,4006.98,3985.33,3999.22,5795.0
2026-07-17 10:00:00,3998.83,4002.32,3992.53,3992.53,5165.0
2026-07-17 11:00:00,3992.47,3999.64,3987.73,3994.06,5442.0
2026-07-17 12:00:00,3993.99,4002.22,3992.58,3997.87,5003.0
2026-07-17 13:00:00,3997.86,3998.86,3990.39,3990.63,4631.0
2026-07-17 14:00:00,3990.94,3998.51,3989.63,3993.91,4928.0
2026-07-17 15:00:00,3994.08,3995.29,3963.96,3965.91,5596.0
2026-07-17 16:00:00,3966.16,4003.46,3959.46,3997.32,6915.0
2026-07-17 17:00:00,3997.07,4004.29,3990.02,4001.05,6706.0
2026-07-17 18:00:00,4001.03,4020.89,3997.6,4018.93,6382.0
2026-07-17 19:00:00,4018.97,4023.71,4010.72,4014.92,5788.0
2026-07-17 20:00:00,4015.02,4019.24,4008.52,4010.06,5200.0
2026-07-17 21:00:00,4010.07,4016.19,4006.63,4011.3,5232.0
2026-07-17 22:00:00,4011.31,4016.55,4002.34,4015.6,5244.0
2026-07-17 23:00:00,4015.5,4018.33,4008.73,4016.41,2768.0
2026-07-20 01:00:00,4001.71,4003.87,3993.15,3994.61,3727.0
2026-07-20 02:00:00,3994.62,3995.85,3989.38,3995.35,3858.0
2026-07-20 03:00:00,3995.21,4009.79,3982.5,4008.51,5437.0
2026-07-20 04:00:00,4008.36,4020.38,3995.62,4001.93,6129.0
2026-07-20 05:00:00,4002.2,4028.46,4001.15,4021.73,5555.0
2026-07-20 06:00:00,4021.69,4027.63,4018.43,4023.88,5003.0
2026-07-20 07:00:00,4023.89,4026.45,4018.27,4018.64,3897.0
2026-07-20 08:00:00,4018.85,4020.86,4005.23,4008.48,4992.0
2026-07-20 09:00:00,4008.56,4011.55,4002.8,4003.67,5111.0
2026-07-20 10:00:00,4003.69,4021.6,4002.02,4016.84,4938.0
2026-07-20 11:00:00,4017.19,4030.31,4017.19,4018.71,4739.0
2026-07-20 12:00:00,4018.7,4023.09,4014.64,4020.99,4356.0
2026-07-20 13:00:00,4021.0,4025.4,4018.05,4023.94,3990.0
2026-07-20 14:00:00,4024.05,4040.29,4019.66,4025.12,5218.0
2026-07-20 15:00:00,4025.0,4025.0,4006.37,4008.03,5603.0
2026-07-20 16:00:00,4008.29,4017.15,4005.54,4005.58,6026.0
2026-07-20 17:00:00,4005.86,4013.14,3998.14,4005.94,6074.0
2026-07-20 18:00:00,4006.11,4019.29,4004.26,4011.62,5591.0
2026-07-20 19:00:00,4011.63,4018.15,4001.73,4009.62,5032.0
2026-07-20 20:00:00,4009.62,4012.76,4003.57,4005.02,4622.0
2026-07-20 21:00:00,4005.11,4011.59,4003.17,4007.19,4633.0
2026-07-20 22:00:00,4007.16,4017.62,4004.14,4006.71,4772.0
2026-07-20 23:00:00,4006.95,4009.18,4005.57,4007.36,2237.0
2026-07-21 01:00:00,4009.23,4010.44,3999.57,4000.19,3254.0
2026-07-21 02:00:00,4000.21,4010.19,3999.97,4009.62,3619.0
2026-07-21 03:00:00,4009.71,4026.63,4003.62,4024.61,5276.0
2026-07-21 04:00:00,4024.72,4035.45,4018.23,4023.0,5701.0
2026-07-21 05:00:00,4023.02,4044.42,4021.71,4037.83,5059.0
2026-07-21 06:00:00,4037.79,4050.56,4036.71,4046.77,4646.0
2026-07-21 07:00:00,4046.74,4051.42,4043.6,4049.43,3461.0
2026-07-21 08:00:00,4049.41,4067.91,4046.23,4061.53,4677.0
2026-07-21 09:00:00,4061.52,4084.1,4061.52,4078.76,5323.0
2026-07-21 10:00:00,4078.54,4080.1,4067.73,4071.38,4375.0
2026-07-21 11:00:00,4071.32,4072.52,4059.22,4062.83,4371.0
2026-07-21 12:00:00,4063.04,4069.67,4061.15,4066.03,3944.0
2026-07-21 13:00:00,4066.05,4070.19,4061.0,4062.93,4362.0
2026-07-21 14:00:00,4063.04,4063.71,4054.27,4055.77,4226.0
2026-07-21 15:00:00,4055.85,4065.49,4050.91,4053.88,5112.0
2026-07-21 16:00:00,4053.87,4061.45,4044.32,4053.01,6186.0
2026-07-21 17:00:00,4053.3,4073.51,4051.64,4068.31,6040.0
2026-07-21 18:00:00,4068.17,4083.11,4065.45,4074.0,5433.0
2026-07-21 19:00:00,4073.94,4078.91,4069.74,4071.38,4242.0
2026-07-21 20:00:00,4071.35,4072.62,4066.64,4068.42,3821.0
2026-07-21 21:00:00,4068.43,4086.21,4067.53,4082.07,4137.0
2026-07-21 22:00:00,4082.63,4085.39,4079.95,4084.53,4097.0
2026-07-21 23:00:00,4085.07,4086.29,4076.69,4077.7,2065.0
2026-07-22 01:00:00,4080.01,4084.96,4077.11,4080.47,2739.0
2026-07-22 02:00:00,4080.47,4083.06,4079.26,4080.91,2338.0
2026-07-22 03:00:00,4080.61,4102.14,4076.77,4097.43,5235.0
2026-07-22 04:00:00,4097.76,4123.47,4097.17,4122.03,6028.0
2026-07-22 05:00:00,4121.87,4130.8,4118.77,4130.52,5291.0
2026-07-22 06:00:00,4130.33,4141.66,4129.3,4130.88,4769.0
2026-07-22 07:00:00,4130.88,4131.22,4124.8,4126.99,3952.0
2026-07-22 08:00:00,4127.02,4133.98,4123.18,4131.02,4903.0
2026-07-22 09:00:00,4131.05,4135.11,4113.4,4116.55,5399.0
2026-07-22 10:00:00,4116.51,4123.01,4109.06,4110.44,4976.0
2026-07-22 11:00:00,4110.43,4119.92,4110.43,4118.11,4928.0
2026-07-22 12:00:00,4118.14,4122.07,4113.11,4114.88,4722.0
2026-07-22 13:00:00,4114.68,4121.59,4114.68,4117.32,4372.0
2026-07-22 14:00:00,4117.35,4122.81,4112.47,4122.39,4519.0
2026-07-22 15:00:00,4122.43,4134.16,4106.63,4112.77,5255.0
2026-07-22 16:00:00,4112.66,4155.97,4112.57,4154.71,6152.0
2026-07-22 17:00:00,4154.79,4163.36,4144.16,4148.55,6268.0
2026-07-22 18:00:00,4148.56,4166.02,4148.56,4159.38,5464.0
2026-07-22 19:00:00,4159.46,4159.46,4144.43,4146.88,5307.0
2026-07-22 20:00:00,4147.03,4147.85,4138.43,4142.21,4952.0
2026-07-22 21:00:00,4142.13,4142.52,4131.79,4135.85,4847.0
2026-07-22 22:00:00,4135.89,4137.01,4128.85,4131.65,4471.0
2026-07-22 23:00:00,4131.58,4137.61,4128.18,4129.73,3482.0
2026-07-23 01:00:00,4117.59,4129.43,4117.01,4121.53,4204.0
2026-07-23 02:00:00,4121.79,4133.79,4116.51,4133.18,3881.0
2026-07-23 03:00:00,4133.94,4134.51,4124.94,4131.97,4534.0
2026-07-23 04:00:00,4131.83,4140.76,4114.09,4117.7,6007.0
2026-07-23 05:00:00,4117.67,4128.24,4112.03,4127.8,5353.0
2026-07-23 06:00:00,4128.13,4132.8,4123.89,4124.5,4567.0
2026-07-23 07:00:00,4124.47,4130.06,4119.86,4121.02,4101.0
2026-07-23 08:00:00,4121.01,4130.3,4119.43,4123.86,4969.0
2026-07-23 09:00:00,4123.87,4127.95,4116.69,4118.36,5153.0
2026-07-23 10:00:00,4118.46,4119.17,4090.07,4095.24,5555.0
2026-07-23 11:00:00,4095.49,4097.5,4086.68,4093.08,5039.0
2026-07-23 12:00:00,4092.97,4099.19,4088.28,4089.64,4670.0
2026-07-23 13:00:00,4089.77,4095.05,4085.94,4093.0,4587.0
2026-07-23 14:00:00,4093.35,4093.63,4072.86,4085.47,5221.0
2026-07-23 15:00:00,4085.47,4085.67,4060.84,4061.6,5923.0
2026-07-23 16:00:00,4061.66,4067.23,4040.33,4042.89,7054.0
2026-07-23 17:00:00,4043.1,4061.48,4040.01,4057.74,6730.0
2026-07-23 18:00:00,4058.07,4059.14,4042.22,4048.35,6362.0
2026-07-23 19:00:00,4048.45,4051.56,4045.69,4051.22,5054.0
2026-07-23 20:00:00,4051.23,4054.38,4041.28,4041.62,5221.0
2026-07-23 21:00:00,4041.63,4048.14,4040.6,4045.94,4924.0
2026-07-23 22:00:00,4045.88,4050.77,4042.84,4049.51,4607.0
2026-07-23 23:00:00,4049.82,4050.88,4047.23,4049.17,2729.0
2026-07-24 01:00:00,4048.41,4050.15,4047.68,4049.36,1905.0
2026-07-24 02:00:00,4049.35,4050.33,4046.18,4046.85,2307.0
2026-07-24 03:00:00,4047.14,4050.42,4041.02,4049.61,4689.0
2026-07-24 04:00:00,4049.74,4049.98,4039.97,4043.46,5472.0
2026-07-24 05:00:00,4043.32,4047.95,4022.95,4024.72,4920.0
2026-07-24 06:00:00,4024.35,4033.36,4022.98,4029.07,4516.0
2026-07-24 07:00:00,4029.02,4030.15,4025.26,4026.95,3132.0
2026-07-24 08:00:00,4026.8,4031.94,4021.84,4022.83,4542.0
2026-07-24 09:00:00,4022.94,4038.81,4022.79,4035.45,5093.0
2026-07-24 10:00:00,4035.3,4053.48,4034.92,4048.22,4780.0
2026-07-24 11:00:00,4048.12,4058.4,4044.94,4057.32,4607.0
2026-07-24 12:00:00,4057.41,4060.51,4051.53,4059.58,3996.0
2026-07-24 13:00:00,4059.58,4063.65,4056.98,4059.93,3760.0
2026-07-24 14:00:00,4059.83,4063.14,4051.15,4057.57,3658.0
2026-07-24 15:00:00,4058.09,4059.94,4051.5,4055.9,4651.0
2026-07-24 16:00:00,4056.1,4068.43,4044.63,4067.36,5853.0
2026-07-24 17:00:00,4067.39,4069.63,4055.74,4063.14,6328.0
2026-07-24 18:00:00,4063.25,4081.83,4061.65,4076.95,6163.0
2026-07-24 19:00:00,4077.29,4077.96,4064.0,4066.87,4912.0
2026-07-24 20:00:00,4066.91,4069.67,4062.52,4063.16,4564.0
2026-07-24 21:00:00,4063.2,4064.24,4050.94,4054.19,4568.0
2026-07-24 22:00:00,4054.34,4057.72,4049.05,4053.52,4675.0
2026-07-24 23:00:00,4053.14,4056.05,4051.41,4053.16,2103.0
2026-07-27 01:00:00,4091.3,4096.54,4083.73,4089.52,3217.0
2026-07-27 02:00:00,4089.53,4096.09,4083.5,4093.96,3557.0
2026-07-27 03:00:00,4093.94,4115.87,4090.55,4100.5,5806.0
2026-07-27 04:00:00,4100.47,4112.26,4096.76,4109.71,6036.0
2026-07-27 05:00:00,4109.9,4110.68,4093.46,4093.46,4594.0
2026-07-27 06:00:00,4093.33,4095.57,4084.88,4090.72,4148.0
2026-07-27 07:00:00,4090.9,4092.65,4086.88,4090.02,3394.0
2026-07-27 08:00:00,4089.99,4094.49,4084.29,4092.63,4551.0
2026-07-27 09:00:00,4092.84,4099.04,4091.09,4095.84,4767.0
2026-07-27 10:00:00,4095.84,4105.74,4088.34,4088.56,4939.0
2026-07-27 11:00:00,4088.72,4096.65,4086.95,4094.98,4665.0
2026-07-27 12:00:00,4094.97,4100.17,4090.3,4096.06,4007.0
2026-07-27 13:00:00,4095.98,4102.21,4086.37,4099.34,3944.0
2026-07-27 14:00:00,4099.62,4103.85,4093.54,4093.65,4345.0
2026-07-27 15:00:00,4093.71,4097.42,4081.54,4083.53,5103.0
2026-07-27 16:00:00,4083.82,4089.33,4070.36,4073.91,6532.0
2026-07-27 17:00:00,4073.91,4078.88,4065.21,4076.05,6544.0
2026-07-27 18:00:00,4076.21,4079.63,4071.65,4078.25,5743.0
2026-07-27 19:00:00,4078.4,4093.65,4077.7,4082.22,5577.0
2026-07-27 20:00:00,4082.19,4082.19,4070.41,4076.2,5294.0
2026-07-27 21:00:00,4076.21,4079.22,4072.77,4077.74,4965.0
2026-07-27 22:00:00,4077.76,4089.05,4075.99,4083.13,4236.0
2026-07-27 23:00:00,4083.22,4083.85,4075.24,4076.39,2248.0
2026-07-28 01:00:00,4081.63,4081.66,4070.76,4074.02,2369.0
2026-07-28 02:00:00,4074.03,4074.81,4069.69,4073.09,2716.0
2026-07-28 03:00:00,4072.92,4073.89,4057.55,4057.79,5208.0
2026-07-28 04:00:00,4057.77,4060.07,4042.37,4044.87,5748.0
2026-07-28 05:00:00,4044.97,4048.65,4040.56,4041.94,4840.0
2026-07-28 06:00:00,4041.86,4050.9,4040.07,4049.1,4204.0
2026-07-28 07:00:00,4049.22,4049.38,4041.44,4041.89,3880.0
2026-07-28 08:00:00,4041.91,4046.34,4034.76,4045.01,5052.0
2026-07-28 09:00:00,4045.21,4052.18,4042.79,4048.18,4881.0
2026-07-28 10:00:00,4048.0,4052.15,4045.99,4047.08,4136.0
2026-07-28 11:00:00,4047.07,4054.95,4041.49,4045.21,5034.0
2026-07-28 12:00:00,4045.29,4045.69,4019.37,4023.26,4293.0
2026-07-28 13:00:00,4022.53,4028.25,4016.84,4026.26,4744.0
2026-07-28 14:00:00,4026.37,4032.16,4022.87,4027.86,5129.0
2026-07-28 15:00:00,4028.24,4037.92,4022.63,4029.32,5228.0
2026-07-28 16:00:00,4029.28,4035.91,4020.03,4021.86,6141.0
2026-07-28 17:00:00,4022.0,4033.02,4011.15,4024.22,6452.0
2026-07-28 18:00:00,4024.62,4046.8,4021.91,4045.94,6278.0
2026-07-28 19:00:00,4045.93,4046.28,4036.49,4037.33,5182.0
2026-07-28 20:00:00,4037.36,4041.17,4025.64,4027.67,5290.0
2026-07-28 21:00:00,4027.66,4030.16,4021.53,4022.78,5213.0
2026-07-28 22:00:00,4022.75,4027.75,4021.71,4026.19,4549.0
2026-07-28 23:00:00,4026.02,4030.28,4022.44,4028.36,2856.0
2026-07-29 01:00:00,4027.8,4028.03,4013.69,4018.11,3487.0
2026-07-29 02:00:00,4018.14,4026.04,4014.94,4024.8,4106.0
2026-07-29 03:00:00,4024.87,4029.58,4017.44,4021.68,5391.0
2026-07-29 04:00:00,4021.57,4030.21,4010.13,4025.69,6114.0
2026-07-29 05:00:00,4025.67,4037.57,4022.89,4029.26,5279.0
2026-07-29 06:00:00,4029.04,4032.47,4022.96,4023.39,4219.0
2026-07-29 07:00:00,4023.37,4027.56,4020.43,4027.05,4332.0
2026-07-29 08:00:00,4027.09,4039.84,4026.39,4032.78,4827.0
2026-07-29 09:00:00,4032.8,4044.57,4032.75,4040.93,4652.0
2026-07-29 10:00:00,4041.15,4047.55,4040.89,4043.57,3930.0
2026-07-29 11:00:00,4043.66,4044.15,4035.49,4037.4,3993.0
2026-07-29 12:00:00,4037.96,4038.08,4031.11,4032.36,4018.0
2026-07-29 13:00:00,4032.46,4034.19,4025.82,4027.4,3790.0
2026-07-29 14:00:00,4027.28,4035.92,4024.76,4032.55,3718.0
2026-07-29 15:00:00,4032.57,4033.14,4009.07,4022.4,5096.0
2026-07-29 16:00:00,4022.4,4026.18,4002.32,4006.96,6336.0
2026-07-29 17:00:00,4007.17,4009.93,3995.77,4004.69,6496.0
2026-07-29 18:00:00,4004.85,4013.58,4003.24,4009.65,5603.0
2026-07-29 19:00:00,4010.16,4032.57,4007.45,4027.05,5361.0
2026-07-29 20:00:00,4027.13,4050.31,4027.13,4044.06,5969.0
2026-07-29 21:00:00,4044.14,4109.56,4043.16,4106.77,7419.0
2026-07-29 22:00:00,4108.25,4116.23,4044.19,4044.56,7423.0
2026-07-29 23:00:00,4045.46,4069.86,4042.83,4066.04,5276.0
2026-07-30 01:00:00,4071.59,4090.3,4064.69,4088.1,3921.0
2026-07-30 02:00:00,4088.3,4100.14,4084.19,4084.32,4554.0
2026-07-30 03:00:00,4084.39,4086.36,4064.72,4071.96,6207.0
2026-07-30 04:00:00,4072.05,4092.69,4070.51,4084.39,6453.0
2026-07-30 05:00:00,4084.35,4090.01,4063.36,4063.48,5603.0
2026-07-30 06:00:00,4063.47,4069.74,4050.61,4058.61,5442.0
2026-07-30 07:00:00,4058.48,4059.89,4044.21,4045.81,4702.0
2026-07-30 08:00:00,4045.9,4051.12,4028.23,4033.41,5781.0
2026-07-30 09:00:00,4033.66,4040.23,4029.19,4036.58,5778.0
2026-07-30 10:00:00,4036.23,4051.16,4035.26,4038.68,5681.0
2026-07-30 11:00:00,4038.78,4072.73,4036.57,4061.2,5951.0
2026-07-30 12:00:00,4061.32,4072.83,4060.15,4063.13,5373.0
2026-07-30 13:00:00,4063.31,4082.73,4062.91,4078.06,5436.0
2026-07-30 14:00:00,4077.89,4082.52,4075.53,4077.66,4809.0
2026-07-30 15:00:00,4077.54,4086.07,4067.05,4068.8,6009.0
2026-07-30 16:00:00,4068.62,4112.6,4064.94,4112.21,7030.0
2026-07-30 17:00:00,4111.95,4120.03,4086.82,4099.85,7014.0
2026-07-30 18:00:00,4099.85,4109.84,4082.97,4107.86,6424.0
2026-07-30 19:00:00,4107.75,4118.95,4106.46,4110.41,5321.0
2026-07-30 20:00:00,4110.48,4111.0,4098.25,4102.45,5363.0
2026-07-30 21:00:00,4102.43,4107.57,4098.6,4099.58,4522.0
2026-07-30 22:00:00,4099.47,4115.11,4098.64,4111.43,4639.0
2026-07-30 23:00:00,4111.89,4117.13,4098.94,4103.47,3980.0
2026-07-31 01:00:00,4105.49,4111.06,4102.32,4108.95,2868.0
2026-07-31 02:00:00,4108.9,4111.47,4102.05,4105.39,3111.0
2026-07-31 03:00:00,4105.67,4106.75,4090.16,4094.49,4584.0
2026-07-31 04:00:00,4094.73,4101.29,4081.77,4084.0,5318.0
2026-07-31 05:00:00,4084.04,4090.16,4073.92,4075.96,4433.0
2026-07-31 06:00:00,4075.94,4079.18,4071.82,4074.86,4260.0
2026-07-31 07:00:00,4074.84,4081.13,4073.38,4079.77,3201.0
2026-07-31 08:00:00,4079.85,4082.91,4073.15,4074.19,3779.0
2026-07-31 09:00:00,4074.18,4087.24,4072.62,4077.47,4966.0
2026-07-31 10:00:00,4077.41,4078.85,4067.36,4067.49,4660.0
2026-07-31 11:00:00,4067.5,4067.5,4054.18,4060.76,4853.0
2026-07-31 12:00:00,4060.67,4063.67,4050.13,4054.87,4737.0
2026-07-31 13:00:00,4054.89,4058.07,4051.83,4054.23,3738.0
2026-07-31 14:00:00,4054.25,4060.83,4050.64,4053.44,4275.0
2026-07-31 15:00:00,4053.5,4059.08,4040.42,4040.58,5055.0
2026-07-31 16:00:00,4040.28,4046.59,4021.85,4025.25,6670.0
2026-07-31 17:00:00,4024.79,4050.05,4020.91,4049.01,6635.0
2026-07-31 18:00:00,4049.27,4052.32,4036.49,4045.37,6134.0
2026-07-31 19:00:00,4045.35,4049.63,4041.07,4043.16,5146.0
2026-07-31 20:00:00,4043.09,4054.5,4041.38,4053.76,5009.0
2026-07-31 21:00:00,4053.6,4054.99,4046.98,4050.6,4330.0
2026-07-31 22:00:00,4050.57,4055.35,4046.8,4050.62,4120.0
2026-07-31 23:00:00,4050.74,4052.83,4044.38,4046.49,3622.0
2026-08-03 01:00:00,4074.92,4079.48,4063.15,4063.38,4282.0
2026-08-03 02:00:00,4063.28,4074.74,4062.99,4074.74,3768.0
2026-08-03 03:00:00,4074.56,4078.75,4055.52,4056.93,5817.0
2026-08-03 04:00:00,4057.0,4063.26,4047.19,4056.53,5836.0
2026-08-03 05:00:00,4056.44,4066.5,4051.87,4062.26,4896.0
2026-08-03 06:00:00,4062.09,4067.62,4059.05,4064.77,4016.0
2026-08-03 07:00:00,4064.82,4071.54,4063.67,4063.67,3199.0
2026-08-03 08:00:00,4063.68,4069.68,4053.92,4068.69,4360.0
2026-08-03 09:00:00,4068.83,4071.66,4060.29,4063.6,4903.0
2026-08-03 10:00:00,4063.13,4064.99,4051.9,4061.04,4852.0
2026-08-03 11:00:00,4060.87,4062.24,4054.07,4059.26,4359.0
2026-08-03 12:00:00,4059.26,4061.92,4046.49,4055.1,4505.0
2026-08-03 13:00:00,4055.08,4056.9,4046.06,4049.13,4280.0
2026-08-03 14:00:00,4049.14,4062.87,4045.04,4062.31,4458.0
2026-08-03 15:00:00,4062.27,4064.27,4042.01,4047.46,4851.0
2026-08-03 16:00:00,4047.67,4053.23,4018.9,4032.32,6554.0
2026-08-03 17:00:00,4030.62,4039.0,4026.51,4036.09,5806.0
2026-08-03 18:00:00,4036.15,4040.7,4030.17,4036.18,5045.0
2026-08-03 19:00:00,4035.85,4039.05,4034.48,4036.75,4070.0
2026-08-03 20:00:00,4036.73,4037.53,4030.04,4030.39,4009.0
2026-08-03 21:00:00,4030.38,4044.72,4029.59,4043.23,3995.0
2026-08-03 22:00:00,4043.24,4055.5,4043.24,4051.85,4410.0
2026-08-03 23:00:00,4051.88,4058.0,4049.82,4055.09,2568.0
2026-08-04 01:00:00,4054.05,4054.12,4048.95,4052.65,2006.0
2026-08-04 02:00:00,4052.61,4054.79,4050.05,4053.58,2555.0
2026-08-04 03:00:00,4053.56,4069.05,4048.53,4049.12,4296.0
2026-08-04 04:00:00,4048.69,4061.5,4042.37,4058.51,5114.0
2026-08-04 05:00:00,4058.52,4064.74,4055.42,4058.67,4453.0
2026-08-04 06:00:00,4058.63,4061.44,4051.92,4052.19,3503.0
2026-08-04 07:00:00,4052.25,4065.88,4050.94,4063.57,2818.0
2026-08-04 08:00:00,4063.69,4067.49,4057.21,4061.62,3828.0
2026-08-04 09:00:00,4061.67,4066.02,4055.5,4063.29,4191.0
2026-08-04 10:00:00,4063.31,4066.49,4060.68,4065.27,3966.0
2026-08-04 11:00:00,4065.28,4072.6,4054.24,4054.85,4464.0
2026-08-04 12:00:00,4054.76,4055.18,4046.06,4049.6,3933.0
2026-08-04 13:00:00,4049.65,4060.43,4045.34,4053.61,3943.0
2026-08-04 14:00:00,4053.6,4083.97,4052.18,4074.85,5181.0
2026-08-04 15:00:00,4074.79,4084.06,4060.87,4070.66,5751.0
2026-08-04 16:00:00,4070.96,4093.86,4061.17,4084.08,6435.0
2026-08-04 17:00:00,4084.51,4091.65,4074.15,4083.4,6165.0
2026-08-04 18:00:00,4083.28,4088.6,4074.63,4087.06,5534.0
2026-08-04 19:00:00,4087.31,4093.45,4082.9,4093.15,4683.0
2026-08-04 20:00:00,4093.16,4105.82,4085.91,4085.91,4951.0
2026-08-04 21:00:00,4085.8,4088.74,4075.04,4079.67,4495.0
2026-08-04 22:00:00,4079.69,4084.57,4076.21,4078.4,4187.0
2026-08-04 23:00:00,4078.43,4080.11,4074.52,4077.14,3061.0
2026-08-05 01:00:00,4078.57,4085.58,4075.44,4075.44,2607.0
2026-08-05 02:00:00,4075.79,4076.84,4065.31,4072.29,3288.0
2026-08-05 03:00:00,4072.37,4083.26,4070.26,4082.05,3905.0
2026-08-05 04:00:00,4082.3,4102.41,4077.56,4101.17,5148.0
2026-08-05 05:00:00,4101.15,4135.02,4095.29,4128.94,5614.0
2026-08-05 06:00:00,4128.98,4136.25,4126.77,4128.4,4259.0
2026-08-05 07:00:00,4128.25,4141.34,4128.25,4135.52,3529.0
2026-08-05 08:00:00,4135.46,4172.83,4134.74,4161.5,5077.0
2026-08-05 09:00:00,4161.56,4178.41,4160.18,4177.54,5573.0
2026-08-05 10:00:00,4177.74,4179.45,4162.34,4170.85,5021.0
2026-08-05 11:00:00,4170.85,4172.6,4159.04,4160.51,4863.0
2026-08-05 12:00:00,4160.61,4167.24,4153.11,4157.95,4610.0
2026-08-05 13:00:00,4157.94,4161.4,4150.19,4161.38,4007.0
2026-08-05 14:00:00,4161.39,4192.51,4160.76,4188.88,5342.0
2026-08-05 15:00:00,4188.89,4213.36,4183.25,4183.92,6046.0
2026-08-05 16:00:00,4183.69,4206.7,4183.69,4206.09,6567.0
2026-08-05 17:00:00,4204.47,4247.6,4203.55,4244.24,7156.0
2026-08-05 18:00:00,4244.17,4265.01,4232.31,4232.73,6611.0
2026-08-05 19:00:00,4232.76,4247.38,4224.78,4242.28,5941.0
2026-08-05 20:00:00,4242.42,4252.41,4236.84,4250.28,5461.0
2026-08-05 21:00:00,4250.23,4267.58,4249.31,4260.91,5065.0
2026-08-05 22:00:00,4260.87,4262.12,4246.4,4247.67,5081.0
2026-08-05 23:00:00,4247.06,4249.64,4243.03,4246.91,2760.0
2026-08-06 01:00:00,4250.65,4253.9,4245.77,4249.98,2526.0
2026-08-06 02:00:00,4249.97,4281.89,4249.12,4278.16,4043.0
2026-08-06 03:00:00,4277.23,4300.26,4264.52,4294.63,5825.0
2026-08-06 04:00:00,4294.7,4302.6,4273.04,4286.53,6626.0
2026-08-06 05:00:00,4286.5,4304.03,4275.01,4278.71,5460.0
2026-08-06 06:00:00,4278.6,4280.86,4260.56,4265.6,4932.0
2026-08-06 07:00:00,4265.67,4267.22,4253.01,4262.19,3924.0
2026-08-06 08:00:00,4262.17,4268.35,4247.31,4267.17,5117.0
2026-08-06 09:00:00,4267.32,4268.53,4249.37,4256.11,5181.0
2026-08-06 10:00:00,4256.18,4265.32,4252.61,4262.76,4477.0
2026-08-06 11:00:00,4262.9,4278.8,4260.3,4278.2,4882.0
2026-08-06 12:00:00,4278.22,4284.66,4271.41,4273.11,4649.0
2026-08-06 13:00:00,4273.04,4273.62,4264.74,4270.78,4283.0
2026-08-06 14:00:00,4270.88,4273.29,4254.22,4263.39,5057.0
2026-08-06 15:00:00,4263.31,4270.75,4249.41,4250.2,5544.0
2026-08-06 16:00:00,4249.81,4274.06,4230.63,4267.15,6692.0
2026-08-06 17:00:00,4267.23,4275.2,4260.16,4272.98,6441.0
2026-08-06 18:00:00,4273.01,4274.29,4229.68,4233.53,6291.0
2026-08-06 19:00:00,4233.61,4242.78,4223.28,4241.24,6106.0
2026-08-06 20:00:00,4241.36,4247.88,4238.28,4247.03,4848.0
2026-08-06 21:00:00,4247.06,4249.43,4240.51,4243.21,3973.0
2026-08-06 22:00:00,4243.27,4251.06,4232.84,4248.7,4875.0
2026-08-06 23:00:00,4248.67,4249.97,4234.55,4240.41,3032.0
2026-08-07 01:00:00,4239.17,4243.21,4235.65,4240.58,2013.0
2026-08-07 02:00:00,4240.25,4252.98,4240.04,4252.14,2504.0
2026-08-07 03:00:00,4252.14,4252.48,4229.48,4232.45,4973.0
2026-08-07 04:00:00,4232.58,4259.08,4231.59,4256.45,6032.0
2026-08-07 05:00:00,4256.48,4261.4,4247.0,4250.04,4799.0
2026-08-07 06:00:00,4250.07,4266.03,4249.42,4265.86,4051.0
2026-08-07 07:00:00,4265.85,4268.75,4260.51,4264.73,3902.0
2026-08-07 08:00:00,4264.77,4280.23,4261.72,4278.51,4938.0
2026-08-07 09:00:00,4278.7,4298.47,4278.27,4297.12,5726.0
2026-08-07 10:00:00,4297.03,4297.57,4282.69,4289.92,4796.0
2026-08-07 11:00:00,4289.84,4316.42,4288.87,4305.86,5307.0
2026-08-07 12:00:00,4305.87,4320.24,4302.24,4315.92,4943.0
2026-08-07 13:00:00,4315.89,4320.49,4307.9,4316.72,4566.0
2026-08-07 14:00:00,4316.69,4327.4,4316.69,4321.0,5182.0
2026-08-07 15:00:00,4321.03,4371.52,4301.42,4361.18,6553.0
2026-08-07 16:00:00,4361.39,4367.8,4339.21,4348.13,7157.0
2026-08-07 17:00:00,4348.28,4352.7,4327.52,4341.41,7136.0
2026-08-07 18:00:00,4341.43,4358.34,4339.78,4340.94,6442.0
2026-08-07 19:00:00,4340.86,4349.45,4329.11,4329.14,6219.0
2026-08-07 20:00:00,4328.98,4342.97,4327.81,4340.22,5550.0
2026-08-07 21:00:00,4340.2,4342.94,4332.17,4335.38,4819.0
2026-08-07 22:00:00,4335.68,4350.33,4335.68,4343.96,5722.0
2026-08-07 23:00:00,4343.53,4345.15,4335.8,4341.3,2654.0
2026-08-10 01:00:00,4349.2,4350.65,4332.45,4341.6,3340.0
2026-08-10 02:00:00,4341.6,4349.01,4332.24,4333.26,3177.0
2026-08-10 03:00:00,4332.81,4347.03,4330.57,4332.12,5202.0
2026-08-10 04:00:00,4331.91,4340.35,4313.25,4322.35,6198.0
2026-08-10 05:00:00,4322.29,4332.15,4318.57,4319.48,4903.0
2026-08-10 06:00:00,4319.46,4329.65,4317.44,4326.42,3842.0
2026-08-10 07:00:00,4326.43,4339.33,4323.03,4339.33,3655.0
2026-08-10 08:00:00,4339.21,4351.9,4331.48,4347.11,4462.0
2026-08-10 09:00:00,4346.97,4359.52,4341.74,4357.88,4905.0
2026-08-10 10:00:00,4357.84,4361.73,4349.89,4355.27,4634.0
2026-08-10 11:00:00,4355.06,4356.44,4343.73,4346.48,4214.0
2026-08-10 12:00:00,4346.55,4349.81,4340.69,4341.04,3918.0
2026-08-10 13:00:00,4340.88,4343.89,4335.26,4335.57,3940.0
2026-08-10 14:00:00,4335.79,4339.12,4328.74,4334.83,4272.0
2026-08-10 15:00:00,4334.66,4337.15,4324.03,4332.6,4917.0
2026-08-10 16:00:00,4332.33,4339.68,4316.51,4317.62,6241.0
2026-08-10 17:00:00,4317.74,4351.66,4317.74,4345.27,6201.0
2026-08-10 18:00:00,4345.72,4359.28,4343.15,4358.18,5694.0
2026-08-10 19:00:00,4358.27,4364.55,4350.16,4356.8,5445.0
2026-08-10 20:00:00,4357.0,4365.39,4351.82,4360.19,4820.0
2026-08-10 21:00:00,4360.27,4382.95,4359.96,4378.58,5173.0
2026-08-10 22:00:00,4378.79,4395.16,4377.8,4388.41,5568.0
2026-08-10 23:00:00,4388.34,4392.05,4385.92,4390.32,2520.0
2026-08-11 01:00:00,4390.03,4400.48,4388.85,4399.56,2553.0
2026-08-11 02:00:00,4399.32,4402.65,4394.69,4402.4,3146.0
2026-08-11 03:00:00,4402.63,4419.24,4396.43,4409.55,4978.0
2026-08-11 04:00:00,4409.46,4434.01,4393.77,4429.61,6240.0
2026-08-11 05:00:00,4429.75,4435.07,4408.03,4410.93,5425.0
2026-08-11 06:00:00,4410.85,4421.53,4409.82,4416.8,4059.0
2026-08-11 07:00:00,4416.79,4420.17,4403.53,4408.87,4063.0
2026-08-11 08:00:00,4408.72,4409.0,4367.34,4375.08,5345.0
2026-08-11 09:00:00,4375.07,4382.48,4359.68,4365.96,5876.0
2026-08-11 10:00:00,4366.11,4367.49,4356.58,4357.4,4909.0
2026-08-11 11:00:00,4358.21,4376.41,4356.81,4368.94,4849.0
2026-08-11 12:00:00,4368.95,4375.36,4367.35,4372.21,4351.0
2026-08-11 13:00:00,4372.35,4382.25,4371.03,4382.15,4431.0
2026-08-11 14:00:00,4382.12,4392.71,4380.22,4387.54,5346.0
2026-08-11 15:00:00,4387.69,4399.83,4383.75,4392.24,5493.0
2026-08-11 16:00:00,4392.25,4403.95,4384.33,4389.17,6538.0
2026-08-11 17:00:00,4389.06,4397.67,4381.3,4393.93,6336.0
2026-08-11 18:00:00,4394.13,4398.62,4368.89,4383.57,6168.0
2026-08-11 19:00:00,4384.25,4385.59,4378.29,4383.21,5016.0
2026-08-11 20:00:00,4383.27,4385.51,4368.82,4369.06,4854.0
2026-08-11 21:00:00,4368.94,4372.49,4360.05,4371.37,5093.0
2026-08-11 22:00:00,4371.43,4374.0,4361.1,4370.38,4794.0
2026-08-11 23:00:00,4370.64,4370.86,4366.6,4368.02,2193.0
2026-08-12 01:00:00,4371.89,4378.19,4367.1,4368.74,3357.0
2026-08-12 02:00:00,4369.43,4374.34,4362.34,4371.3,3506.0
2026-08-12 03:00:00,4371.29,4383.47,4366.38,4380.3,4483.0
2026-08-12 04:00:00,4380.4,4397.17,4378.18,4396.23,5429.0
2026-08-12 05:00:00,4396.21,4414.16,4394.0,4411.22,5074.0
2026-08-12 06:00:00,4411.14,4415.74,4400.63,4402.04,4383.0
2026-08-12 07:00:00,4402.02,4402.97,4394.97,4400.8,3321.0
2026-08-12 08:00:00,4400.74,4404.56,4383.78,4391.36,4554.0
2026-08-12 09:00:00,4390.86,4406.12,4385.03,4403.04,5025.0
2026-08-12 10:00:00,4403.31,4409.82,4398.02,4406.14,4040.0
2026-08-12 11:00:00,4405.82,4410.26,4401.51,4401.51,3732.0
2026-08-12 12:00:00,4401.6,4423.82,4401.6,4415.77,4797.0
2026-08-12 13:00:00,4415.6,4420.69,4407.33,4412.51,4249.0
2026-08-12 14:00:00,4412.65,4416.52,4407.68,4412.51,3991.0
2026-08-12 15:00:00,4412.56,4437.81,4382.2,4437.32,6298.0
2026-08-12 16:00:00,4436.79,4440.83,4408.44,4427.44,7068.0
2026-08-12 17:00:00,4427.48,4439.46,4416.35,4421.78,6815.0
2026-08-12 18:00:00,4421.89,4429.88,4410.86,4420.8,6135.0
2026-08-12 19:00:00,4420.8,4426.26,4396.58,4401.48,5854.0
2026-08-12 20:00:00,4401.84,4411.3,4398.87,4399.18,5280.0
2026-08-12 21:00:00,4399.22,4417.67,4396.14,4412.81,4579.0
2026-08-12 22:00:00,4412.91,4418.14,4408.1,4413.67,4549.0
2026-08-12 23:00:00,4413.97,4413.97,4406.45,4408.32,2222.0
2026-08-13 01:00:00,4409.78,4410.05,4398.12,4402.16,2249.0
2026-08-13 02:00:00,4401.5,4414.14,4401.5,4414.13,2275.0
2026-08-13 03:00:00,4414.17,4449.43,4412.81,4427.77,5466.0
2026-08-13 04:00:00,4427.41,4435.09,4406.02,4408.25,6154.0
2026-08-13 05:00:00,4408.03,4413.85,4398.9,4407.11,5157.0
2026-08-13 06:00:00,4406.93,4411.99,4398.47,4400.04,4365.0
2026-08-13 07:00:00,4400.01,4400.03,4391.43,4397.59,4199.0
2026-08-13 08:00:00,4397.58,4407.0,4380.35,4382.77,5438.0
2026-08-13 09:00:00,4382.8,4385.21,4368.82,4380.56,5600.0
2026-08-13 10:00:00,4380.49,4381.45,4369.11,4369.75,5004.0
2026-08-13 11:00:00,4369.5,4379.04,4363.88,4375.68,4609.0
2026-08-13 12:00:00,4375.64,4384.61,4372.3,4384.12,4200.0
2026-08-13 13:00:00,4384.65,4393.57,4381.3,4391.96,3584.0
2026-08-13 14:00:00,4391.78,4396.35,4382.73,4387.48,4132.0
2026-08-13 15:00:00,4387.38,4401.67,4380.77,4401.67,5599.0
2026-08-13 16:00:00,4401.69,4401.69,4370.61,4372.73,6764.0
2026-08-13 17:00:00,4372.91,4386.74,4357.6,4383.46,6821.0
2026-08-13 18:00:00,4383.57,4385.41,4357.4,4364.95,6207.0
2026-08-13 19:00:00,4364.99,4368.19,4351.2,4366.92,5552.0
2026-08-13 20:00:00,4367.02,4373.14,4355.45,4355.78,5287.0
2026-08-13 21:00:00,4355.81,4363.39,4354.51,4356.82,5033.0
2026-08-13 22:00:00,4357.0,4358.72,4343.81,4350.04,5057.0
2026-08-13 23:00:00,4349.93,4351.98,4346.78,4350.92,2684.0
2026-08-14 01:00:00,4353.17,4362.53,4351.85,4354.66,3413.0
2026-08-14 02:00:00,4354.67,4363.85,4349.06,4356.53,3778.0
2026-08-14 03:00:00,4356.33,4361.74,4329.33,4340.61,5181.0
2026-08-14 04:00:00,4340.74,4341.2,4312.31,4317.9,6175.0
2026-08-14 05:00:00,4317.92,4322.54,4310.33,4315.46,5328.0
2026-08-14 06:00:00,4315.48,4327.96,4313.57,4323.29,3691.0
2026-08-14 07:00:00,4323.43,4327.54,4322.55,4326.7,3127.0
2026-08-14 08:00:00,4326.79,4333.38,4310.85,4333.38,4696.0
2026-08-14 09:00:00,4333.37,4336.43,4327.77,4335.54,4799.0
2026-08-14 10:00:00,4335.44,4345.02,4329.5,4343.51,4319.0
2026-08-14 11:00:00,4343.14,4349.49,4341.79,4348.44,4200.0
2026-08-14 12:00:00,4348.28,4357.22,4345.96,4356.95,3952.0
2026-08-14 13:00:00,4357.0,4358.49,4348.3,4349.46,3620.0
2026-08-14 14:00:00,4349.73,4369.45,4348.57,4369.26,4201.0
2026-08-14 15:00:00,4369.22,4386.86,4366.13,4373.74,5691.0
2026-08-14 16:00:00,4373.73,4396.92,4370.29,4384.53,6348.0
2026-08-14 17:00:00,4384.64,4394.54,4378.9,4381.46,6007.0
2026-08-14 18:00:00,4381.98,4394.74,4379.1,4391.56,5773.0
2026-08-14 19:00:00,4391.6,4396.76,4380.36,4385.95,4711.0
2026-08-14 20:00:00,4385.96,4386.45,4376.33,4378.44,4275.0
2026-08-14 21:00:00,4378.5,4382.72,4370.96,4373.48,3790.0
2026-08-14 22:00:00,4373.5,4379.9,4372.32,4376.14,3907.0
2026-08-14 23:00:00,4376.0,4376.86,4371.58,4376.0,1904.0
2026-08-17 01:00:00,4379.93,4386.71,4372.4,4385.93,3026.0
2026-08-17 02:00:00,4385.9,4386.18,4367.18,4370.32,3531.0
2026-08-17 03:00:00,4370.31,4402.06,4368.19,4400.58,4919.0
2026-08-17 04:00:00,4400.81,4416.43,4392.17,4395.75,6043.0
2026-08-17 05:00:00,4395.66,4398.23,4388.52,4393.26,4941.0
2026-08-17 06:00:00,4393.59,4397.68,4388.08,4397.12,4159.0
2026-08-17 07:00:00,4397.18,4399.49,4389.0,4390.75,3637.0
2026-08-17 08:00:00,4390.76,4401.25,4387.0,4394.78,4496.0
2026-08-17 09:00:00,4394.97,4404.33,4392.74,4402.93,4921.0
2026-08-17 10:00:00,4402.9,4411.14,4395.95,4405.04,4724.0
2026-08-17 11:00:00,4405.1,4405.1,4392.37,4394.85,4238.0
2026-08-17 12:00:00,4395.02,4400.43,4392.34,4395.31,3965.0
2026-08-17 13:00:00,4395.37,4405.55,4391.76,4398.81,4013.0
2026-08-17 14:00:00,4399.07,4404.77,4395.27,4396.65,4107.0
2026-08-17 15:00:00,4396.55,4398.56,4377.19,4384.84,5311.0
2026-08-17 16:00:00,4385.01,4415.83,4381.67,4408.63,6281.0
2026-08-17 17:00:00,4408.4,4427.43,4403.68,4416.98,6514.0
2026-08-17 18:00:00,4417.1,4427.62,4415.08,4427.34,5662.0
2026-08-17 19:00:00,4427.34,4428.86,4422.59,4424.19,4671.0
2026-08-17 20:00:00,4424.21,4426.09,4411.16,4413.69,5253.0
2026-08-17 21:00:00,4413.61,4416.12,4398.14,4406.54,4782.0
2026-08-17 22:00:00,4406.47,4420.81,4400.08,4419.62,4497.0
2026-08-17 23:00:00,4419.82,4421.13,4414.66,4416.64,2083.0
2026-08-18 01:00:00,4418.09,4418.3,4410.54,4411.86,2314.0
2026-08-18 02:00:00,4411.81,4425.99,4409.77,4425.95,2976.0
2026-08-18 03:00:00,4426.03,4435.04,4419.04,4434.7,4828.0
2026-08-18 04:00:00,4434.62,4436.07,4404.32,4408.07,6021.0
2026-08-18 05:00:00,4408.12,4408.16,4394.28,4399.92,5318.0
2026-08-18 06:00:00,4399.92,4404.08,4390.62,4391.92,4695.0
2026-08-18 07:00:00,4391.9,4395.44,4389.07,4393.59,3891.0
2026-08-18 08:00:00,4393.51,4397.61,4386.02,4394.33,4568.0
2026-08-18 09:00:00,4394.36,4399.96,4387.49,4398.82,4708.0
2026-08-18 10:00:00,4398.93,4403.59,4395.49,4395.75,4327.0
2026-08-18 11:00:00,4396.09,4398.59,4386.89,4393.34,4734.0
2026-08-18 12:00:00,4393.07,4394.96,4387.01,4393.32,4316.0
2026-08-18 13:00:00,4393.32,4399.56,4389.8,4397.66,3580.0
2026-08-18 14:00:00,4397.7,4398.73,4388.67,4395.98,3958.0
2026-08-18 15:00:00,4395.99,4400.76,4389.96,4394.45,4928.0
2026-08-18 16:00:00,4394.17,4406.64,4376.44,4394.74,6511.0
2026-08-18 17:00:00,4394.84,4406.46,4363.64,4366.44,6901.0
2026-08-18 18:00:00,4366.56,4377.47,4351.56,4364.8,6698.0
2026-08-18 19:00:00,4365.04,4371.6,4363.08,4363.99,5436.0
2026-08-18 20:00:00,4363.82,4368.28,4356.82,4357.73,5117.0
2026-08-18 21:00:00,4357.84,4360.96,4352.74,4354.18,4566.0
2026-08-18 22:00:00,4354.34,4358.73,4338.54,4345.58,4729.0
2026-08-18 23:00:00,4345.74,4346.52,4329.18,4334.27,3273.0
2026-08-19 01:00:00,4336.75,4343.67,4333.01,4333.82,3234.0
2026-08-19 02:00:00,4333.94,4338.43,4327.21,4333.09,3933.0
2026-08-19 03:00:00,4333.06,4347.22,4331.7,4338.18,5428.0
2026-08-19 04:00:00,4337.76,4357.53,4324.68,4356.47,6198.0
2026-08-19 05:00:00,4356.48,4361.98,4351.56,4354.85,5200.0
2026-08-19 06:00:00,4354.9,4360.36,4351.87,4354.94,3870.0
2026-08-19 07:00:00,4355.16,4356.11,4343.93,4348.47,3339.0
2026-08-19 08:00:00,4348.37,4350.64,4335.13,4335.68,5031.0
2026-08-19 09:00:00,4335.6,4349.41,4335.0,4349.17,5578.0
2026-08-19 10:00:00,4349.28,4363.13,4347.51,4354.83,4615.0
2026-08-19 11:00:00,4354.77,4363.15,4351.23,4355.72,4839.0
2026-08-19 12:00:00,4355.65,4361.96,4353.48,4361.95,4502.0
2026-08-19 13:00:00,4361.9,4369.51,4359.64,4367.25,3961.0
2026-08-19 14:00:00,4367.49,4374.05,4363.23,4364.74,4338.0
2026-08-19 15:00:00,4364.68,4442.2,4362.18,4438.81,6267.0
2026-08-19 16:00:00,4438.93,4466.21,4424.58,4459.84,7464.0
2026-08-19 17:00:00,4459.68,4498.72,4455.33,4488.19,7193.0
2026-08-19 18:00:00,4488.3,4494.07,4478.25,4493.85,6538.0
2026-08-19 19:00:00,4493.83,4499.19,4490.64,4493.72,5923.0
2026-08-19 20:00:00,4493.65,4499.0,4484.42,4487.01,5597.0
2026-08-19 21:00:00,4487.46,4496.98,4472.15,4495.15,5976.0
2026-08-19 22:00:00,4495.22,4512.18,4494.49,4511.25,5842.0
2026-08-19 23:00:00,4511.41,4524.26,4505.29,4522.93,3755.0
2026-08-20 01:00:00,4525.52,4527.2,4516.58,4518.83,3423.0
2026-08-20 02:00:00,4519.19,4523.63,4511.32,4511.73,3590.0
2026-08-20 03:00:00,4511.74,4521.23,4503.95,4504.71,5466.0
2026-08-20 04:00:00,4504.78,4509.99,4484.49,4489.53,6474.0
2026-08-20 05:00:00,4489.45,4499.66,4488.62,4490.67,5567.0
2026-08-20 06:00:00,4490.77,4500.86,4488.14,4498.77,4789.0
2026-08-20 07:00:00,4498.81,4499.11,4486.37,4488.57,3933.0
2026-08-20 08:00:00,4488.53,4494.02,4477.98,4481.29,4744.0
2026-08-20 09:00:00,4481.42,4495.71,4479.86,4493.65,4896.0
2026-08-20 10:00:00,4493.56,4493.56,4483.32,4490.67,4922.0
2026-08-20 11:00:00,4490.74,4498.5,4487.05,4489.19,5138.0
2026-08-20 12:00:00,4489.2,4493.8,4481.63,4483.22,4695.0
2026-08-20 13:00:00,4482.43,4494.51,4480.54,4489.94,4397.0
2026-08-20 14:00:00,4489.99,4491.07,4465.24,4466.75,5392.0
2026-08-20 15:00:00,4467.04,4476.93,4450.47,4474.61,6469.0
2026-08-20 16:00:00,4474.77,4489.11,4469.12,4481.36,6901.0
2026-08-20 17:00:00,4481.51,4516.13,4480.72,4515.79,6925.0
2026-08-20 18:00:00,4515.87,4540.64,4509.85,4521.41,7233.0
2026-08-20 19:00:00,4521.65,4524.56,4502.63,4509.79,6182.0
2026-08-20 20:00:00,4509.9,4520.25,4507.55,4519.72,5357.0
2026-08-20 21:00:00,4519.71,4524.95,4508.17,4521.92,5283.0
2026-08-20 22:00:00,4521.72,4531.96,4518.06,4528.59,5332.0
2026-08-20 23:00:00,4528.49,4528.77,4516.62,4519.02,2999.0
2026-08-21 01:00:00,4520.54,4524.15,4516.65,4523.95,2847.0
2026-08-21 02:00:00,4523.83,4532.56,4520.77,4526.1,3669.0
2026-08-21 03:00:00,4525.92,4527.16,4509.64,4510.31,5192.0
2026-08-21 04:00:00,4510.39,4543.23,4508.64,4530.42,6192.0
2026-08-21 05:00:00,4530.56,4542.5,4518.21,4533.44,5285.0
2026-08-21 06:00:00,4533.56,4538.34,4526.62,4535.22,4388.0
2026-08-21 07:00:00,4535.53,4547.7,4535.19,4540.4,4018.0
2026-08-21 08:00:00,4540.39,4556.03,4529.36,4553.32,4903.0
2026-08-21 09:00:00,4553.4,4567.38,4545.39,4560.76,5643.0
2026-08-21 10:00:00,4560.73,4567.8,4558.28,4564.03,4882.0
2026-08-21 11:00:00,4564.06,4584.96,4559.03,4583.98,5248.0
2026-08-21 12:00:00,4583.99,4601.92,4580.43,4582.57,5108.0
2026-08-21 13:00:00,4582.16,4594.14,4577.97,4588.52,4757.0
2026-08-21 14:00:00,4588.52,4604.54,4587.19,4597.11,5450.0
2026-08-21 15:00:00,4597.58,4601.63,4563.6,4577.99,5970.0
2026-08-21 16:00:00,4577.8,4592.72,4573.51,4581.05,6748.0
2026-08-21 17:00:00,4580.81,4603.6,4580.03,4591.6,6847.0
2026-08-21 18:00:00,4591.75,4615.3,4587.35,4614.57,6393.0
2026-08-21 19:00:00,4614.66,4629.14,4609.37,4628.96,5932.0
2026-08-21 20:00:00,4628.96,4632.19,4615.37,4620.78,5792.0
2026-08-21 21:00:00,4620.66,4627.64,4619.52,4624.36,4425.0
2026-08-21 22:00:00,4624.74,4625.56,4615.56,4616.85,4781.0
2026-08-21 23:00:00,4616.96,4617.64,4603.36,4604.52,3077.0
2026-08-24 01:00:00,4624.56,4624.56,4606.11,4606.16,4118.0
2026-08-24 02:00:00,4606.2,4624.58,4604.77,4624.1,3946.0
2026-08-24 03:00:00,4624.13,4640.81,4595.04,4621.74,6343.0
2026-08-24 04:00:00,4621.84,4637.59,4608.07,4632.25,6804.0
2026-08-24 05:00:00,4632.32,4656.56,4627.58,4643.66,6389.0
2026-08-24 06:00:00,4643.71,4650.1,4633.43,4641.58,5397.0
2026-08-24 07:00:00,4641.6,4642.52,4632.61,4638.9,4819.0
2026-08-24 08:00:00,4638.91,4646.54,4629.87,4640.79,5663.0
2026-08-24 09:00:00,4640.89,4659.85,4639.56,4650.08,6154.0
2026-08-24 10:00:00,4650.24,4654.55,4629.97,4641.42,5772.0
2026-08-24 11:00:00,4641.8,4645.94,4628.63,4637.83,5552.0
2026-08-24 12:00:00,4637.71,4645.78,4632.85,4645.74,4726.0
2026-08-24 13:00:00,4645.77,4649.85,4641.62,4643.25,4693.0
2026-08-24 14:00:00,4643.14,4669.75,4638.9,4657.7,5729.0
2026-08-24 15:00:00,4657.44,4668.31,4645.67,4662.66,6037.0
2026-08-24 16:00:00,4662.69,4680.57,4656.14,4664.72,7045.0
2026-08-24 17:00:00,4664.55,4678.54,4655.33,4670.18,6851.0
2026-08-24 18:00:00,4670.21,4679.14,4639.84,4648.88,6517.0
2026-08-24 19:00:00,4648.87,4662.03,4642.21,4644.85,5737.0
2026-08-24 20:00:00,4644.83,4655.14,4630.45,4636.66,6220.0
2026-08-24 21:00:00,4636.6,4642.2,4625.22,4636.59,5636.0
2026-08-24 22:00:00,4636.58,4655.88,4635.96,4651.74,5353.0
2026-08-24 23:00:00,4651.74,4655.04,4647.02,4651.62,2682.0
2026-08-25 01:00:00,4655.28,4668.24,4652.44,4667.51,2627.0
2026-08-25 02:00:00,4667.44,4682.36,4666.68,4679.65,3830.0
2026-08-25 03:00:00,4680.34,4696.45,4675.26,4684.04,6089.0
2026-08-25 04:00:00,4683.78,4685.61,4656.43,4657.45,6499.0
2026-08-25 05:00:00,4657.8,4661.23,4617.45,4629.05,6558.0
2026-08-25 06:00:00,4629.38,4641.08,4622.12,4633.5,5444.0
2026-08-25 07:00:00,4633.48,4637.55,4623.7,4625.66,4796.0
2026-08-25 08:00:00,4625.7,4647.74,4623.99,4642.78,5511.0
2026-08-25 09:00:00,4642.87,4653.26,4637.07,4638.11,5455.0
2026-08-25 10:00:00,4638.18,4643.58,4629.72,4629.9,5001.0
2026-08-25 11:00:00,4629.93,4645.1,4620.08,4630.0,5652.0
2026-08-25 12:00:00,4629.86,4642.29,4623.96,4636.25,5515.0
2026-08-25 13:00:00,4636.17,4642.14,4632.73,4639.26,4664.0
2026-08-25 14:00:00,4638.87,4647.12,4636.83,4642.27,4961.0
2026-08-25 15:00:00,4642.37,4644.01,4630.05,4640.66,5410.0
2026-08-25 16:00:00,4640.76,4640.95,4605.2,4616.4,6981.0
2026-08-25 17:00:00,4615.58,4639.82,4613.58,4635.43,6664.0
2026-08-25 18:00:00,4635.61,4659.15,4629.92,4652.45,6410.0
2026-08-25 19:00:00,4652.45,4653.08,4636.93,4643.27,5599.0
2026-08-25 20:00:00,4643.41,4648.2,4634.05,4648.2,5140.0
2026-08-25 21:00:00,4648.33,4654.77,4644.07,4654.31,4497.0
2026-08-25 22:00:00,4654.29,4667.84,4653.23,4666.74,5206.0
2026-08-25 23:00:00,4666.77,4668.82,4657.43,4658.58,3727.0
2026-08-26 01:00:00,4660.21,4673.49,4657.65,4672.4,2756.0
2026-08-26 02:00:00,4672.45,4673.25,4653.05,4654.67,3667.0
2026-08-26 03:00:00,4654.64,4657.42,4634.24,4637.22,5281.0
2026-08-26 04:00:00,4637.25,4660.64,4630.28,4656.81,6224.0
2026-08-26 05:00:00,4656.83,4670.48,4654.76,4658.26,5436.0
2026-08-26 06:00:00,4658.21,4658.47,4642.47,4642.48,4755.0
2026-08-26 07:00:00,4642.49,4644.11,4638.65,4640.42,3568.0
2026-08-26 08:00:00,4640.52,4649.32,4635.3,4639.35,4987.0
2026-08-26 09:00:00,4639.36,4641.09,4624.58,4634.03,5495.0
2026-08-26 10:00:00,4634.03,4639.05,4626.4,4628.78,4860.0
2026-08-26 11:00:00,4628.61,4630.4,4622.06,4628.02,4704.0
2026-08-26 12:00:00,4628.07,4630.72,4616.08,4623.15,4537.0
2026-08-26 13:00:00,4623.1,4623.91,4613.27,4619.99,4030.0
2026-08-26 14:00:00,4620.07,4625.02,4616.38,4624.58,4544.0
2026-08-26 15:00:00,4624.56,4632.82,4611.03,4614.38,5999.0
2026-08-26 16:00:00,4614.61,4631.72,4597.75,4631.38,6940.0
2026-08-26 17:00:00,4631.38,4633.28,4602.67,4602.67,6586.0
2026-08-26 18:00:00,4602.71,4609.09,4582.98,4595.66,6463.0
2026-08-26 19:00:00,4595.98,4601.27,4585.42,4591.42,5733.0
2026-08-26 20:00:00,4591.4,4602.03,4590.51,4597.61,5119.0
2026-08-26 21:00:00,4597.58,4604.33,4592.27,4593.52,4687.0
2026-08-26 22:00:00,4593.58,4601.4,4590.8,4594.02,4700.0
2026-08-26 23:00:00,4594.21,4596.48,4583.95,4594.4,3658.0
2026-08-27 01:00:00,4605.05,4613.05,4601.74,4609.1,3552.0
2026-08-27 02:00:00,4609.09,4624.67,4606.97,4623.47,3726.0
2026-08-27 03:00:00,4623.7,4626.89,4600.37,4604.93,4781.0
2026-08-27 04:00:00,4604.85,4640.58,4602.37,4639.88,5945.0
2026-08-27 05:00:00,4640.2,4642.86,4623.39,4629.47,5153.0
2026-08-27 06:00:00,4629.39,4638.41,4624.2,4625.24,4415.0
2026-08-27 07:00:00,4625.31,4627.05,4617.08,4618.55,4034.0
2026-08-27 08:00:00,4618.62,4621.31,4600.75,4606.82,5038.0
2026-08-27 09:00:00,4606.78,4611.55,4597.84,4600.14,5432.0
2026-08-27 10:00:00,4600.16,4605.64,4593.38,4599.95,5025.0
2026-08-27 11:00:00,4599.95,4606.59,4594.59,4598.76,4779.0
2026-08-27 12:00:00,4598.83,4600.45,4578.26,4580.07,5138.0
2026-08-27 13:00:00,4580.08,4590.32,4568.9,4589.94,4817.0
2026-08-27 14:00:00,4589.97,4600.16,4587.14,4598.21,4919.0
2026-08-27 15:00:00,4598.22,4600.93,4580.32,4585.8,5346.0
2026-08-27 16:00:00,4585.32,4593.0,4565.79,4572.4,6845.0
2026-08-27 17:00:00,4572.22,4598.02,4568.42,4591.12,6657.0
2026-08-27 18:00:00,4591.08,4611.08,4588.65,4610.19,6163.0
2026-08-27 19:00:00,4610.29,4616.47,4602.3,4614.71,5634.0
2026-08-27 20:00:00,4615.49,4616.22,4604.96,4606.23,5465.0
2026-08-27 21:00:00,4606.41,4610.91,4600.86,4610.18,5323.0
2026-08-27 22:00:00,4610.19,4617.79,4604.11,4609.12,5133.0
2026-08-27 23:00:00,4609.4,4609.4,4599.84,4601.54,2684.0
2026-08-28 01:00:00,4607.44,4610.61,4601.04,4610.53,2662.0
2026-08-28 02:00:00,4610.52,4611.23,4594.2,4594.44,3027.0
2026-08-28 03:00:00,4594.37,4602.25,4585.49,4588.55,4781.0
2026-08-28 04:00:00,4588.58,4601.84,4575.24,4575.69,6199.0
2026-08-28 05:00:00,4575.8,4589.42,4575.03,4586.14,4995.0
2026-08-28 06:00:00,4586.1,4589.66,4578.44,4579.72,4320.0
2026-08-28 07:00:00,4579.71,4585.1,4577.78,4584.11,3378.0
2026-08-28 08:00:00,4584.16,4586.03,4571.47,4573.08,4591.0
2026-08-28 09:00:00,4573.12,4612.98,4572.22,4612.46,5633.0
2026-08-28 10:00:00,4612.47,4614.17,4596.57,4611.66,5177.0
2026-08-28 11:00:00,4611.63,4614.37,4600.87,4602.7,4686.0
2026-08-28 12:00:00,4602.69,4607.19,4600.31,4604.93,4506.0
2026-08-28 13:00:00,4604.98,4609.68,4597.39,4599.9,4371.0
2026-08-28 14:00:00,4599.94,4601.12,4591.15,4593.13,4808.0
2026-08-28 15:00:00,4592.93,4603.58,4588.87,4601.51,5578.0
2026-08-28 16:00:00,4601.76,4627.04,4593.59,4605.7,6691.0
2026-08-28 17:00:00,4602.22,4631.9,4530.06,4576.45,7860.0
2026-08-28 18:00:00,4576.57,4582.48,4524.07,4524.35,7472.0
2026-08-28 19:00:00,4524.02,4528.99,4464.33,4479.28,7552.0
2026-08-28 20:00:00,4479.21,4486.32,4460.5,4469.15,6817.0
2026-08-28 21:00:00,4469.14,4471.47,4445.34,4456.76,6597.0
2026-08-28 22:00:00,4456.77,4466.82,4452.88,4458.06,6046.0
2026-08-28 23:00:00,4458.29,4462.55,4453.38,4454.27,3292.0
2026-08-31 01:00:00,4437.58,4465.81,4434.62,4461.24,4119.0
2026-08-31 02:00:00,4461.23,4466.54,4435.91,4458.26,4669.0
2026-08-31 03:00:00,4458.61,4471.76,4452.07,4456.14,5603.0
2026-08-31 04:00:00,4456.26,4463.1,4435.85,4440.17,6828.0
2026-08-31 05:00:00,4439.98,4441.17,4396.3,4422.77,6402.0
2026-08-31 06:00:00,4422.75,4433.79,4419.75,4422.35,5008.0
2026-08-31 07:00:00,4422.46,4424.74,4412.87,4424.35,4242.0
2026-08-31 08:00:00,4424.36,4443.54,4419.01,4442.7,5438.0
2026-08-31 09:00:00,4442.76,4442.84,4429.2,4439.31,5578.0
2026-08-31 10:00:00,4439.39,4447.97,4434.97,4443.05,4886.0
2026-08-31 11:00:00,4443.31,4449.3,4433.08,4435.4,4606.0
2026-08-31 12:00:00,4435.61,4445.29,4435.4,4445.06,4115.0
2026-08-31 13:00:00,4445.28,4455.4,4444.66,4453.64,4543.0
2026-08-31 14:00:00,4453.65,4463.85,4452.37,4455.27,4746.0
2026-08-31 15:00:00,4455.25,4460.73,4435.34,4435.59,5683.0
2026-08-31 16:00:00,4435.57,4448.06,4415.6,4418.05,6601.0
2026-08-31 17:00:00,4417.97,4435.96,4416.08,4431.37,6842.0
2026-08-31 18:00:00,4431.47,4437.67,4424.44,4426.0,6441.0
2026-08-31 19:00:00,4426.24,4440.01,4423.55,4433.0,5553.0
2026-08-31 20:00:00,4433.08,4439.8,4428.52,4436.3,5240.0
2026-08-31 21:00:00,4436.31,4436.56,4426.02,4430.61,4896.0
2026-08-31 22:00:00,4430.96,4453.41,4429.01,4453.13,5103.0
2026-08-31 23:00:00,4453.14,4455.58,4446.35,4448.91,2884.0
2026-09-01 01:00:00,4449.96,4455.53,4445.46,4446.79,2597.0
2026-09-01 02:00:00,4446.83,4452.24,4441.66,4452.09,2918.0
2026-09-01 03:00:00,4452.37,4461.24,4446.38,4453.54,5183.0
2026-09-01 04:00:00,4453.48,4456.63,4436.23,4444.15,5984.0
2026-09-01 05:00:00,4444.02,4448.83,4427.69,4442.91,5359.0
2026-09-01 06:00:00,4442.95,4443.82,4431.62,4436.56,4520.0
2026-09-01 07:00:00,4436.47,4437.46,4425.36,4426.41,4013.0
2026-09-01 08:00:00,4426.44,4445.81,4423.95,4439.92,5049.0
2026-09-01 09:00:00,4439.93,4440.29,4427.5,4429.44,5041.0
2026-09-01 10:00:00,4429.41,4434.69,4411.61,4419.94,5706.0
2026-09-01 11:00:00,4419.98,4419.98,4369.31,4370.67,6665.0
2026-09-01 12:00:00,4370.56,4377.87,4364.5,4364.67,5928.0
2026-09-01 13:00:00,4364.56,4385.7,4364.04,4377.97,5364.0
2026-09-01 14:00:00,4377.95,4386.97,4371.84,4374.56,5442.0
2026-09-01 15:00:00,4374.28,4375.84,4351.86,4356.2,6290.0
2026-09-01 16:00:00,4356.08,4366.92,4326.04,4364.7,7118.0
2026-09-01 17:00:00,4365.86,4375.36,4353.27,4360.16,6870.0
2026-09-01 18:00:00,4360.44,4373.65,4355.14,4372.76,6208.0
2026-09-01 19:00:00,4372.76,4374.55,4347.05,4351.13,6382.0
2026-09-01 20:00:00,4351.14,4351.76,4340.85,4342.73,5852.0
2026-09-01 21:00:00,4342.77,4344.33,4328.16,4331.56,5614.0
2026-09-01 22:00:00,4331.65,4337.44,4322.85,4326.96,5504.0
2026-09-01 23:00:00,4326.87,4330.53,4323.53,4327.98,3135.0
2026-09-02 01:00:00,4334.1,4334.3,4326.14,4329.22,2603.0
2026-09-02 02:00:00,4329.19,4335.48,4322.11,4324.13,3187.0
2026-09-02 03:00:00,4324.31,4334.3,4314.48,4315.65,5864.0
2026-09-02 04:00:00,4315.35,4326.35,4288.45,4290.76,6661.0
2026-09-02 05:00:00,4290.76,4314.51,4287.18,4302.62,5729.0
2026-09-02 06:00:00,4302.62,4303.95,4282.4,4303.05,5322.0
2026-09-02 07:00:00,4303.05,4307.45,4301.25,4307.01,3924.0
2026-09-02 08:00:00,4307.03,4326.17,4303.51,4319.67,5251.0
2026-09-02 09:00:00,4319.7,4329.05,4314.49,4321.46,5976.0
2026-09-02 10:00:00,4321.51,4331.14,4319.05,4323.04,5740.0
2026-09-02 11:00:00,4323.03,4331.39,4312.43,4312.64,5553.0
2026-09-02 12:00:00,4312.63,4322.1,4304.82,4308.35,5463.0
2026-09-02 13:00:00,4308.34,4312.02,4301.68,4309.12,4995.0
2026-09-02 14:00:00,4308.97,4332.7,4307.51,4332.11,5710.0
2026-09-02 15:00:00,4332.17,4344.14,4327.29,4331.48,6139.0
2026-09-02 16:00:00,4331.06,4385.37,4330.6,4385.12,6947.0
2026-09-02 17:00:00,4385.12,4397.53,4374.35,4376.96,6931.0
2026-09-02 18:00:00,4377.05,4380.79,4364.61,4373.06,6374.0
2026-09-02 19:00:00,4372.97,4374.78,4364.39,4368.07,5450.0
2026-09-02 20:00:00,4368.06,4380.36,4364.4,4376.74,5152.0
2026-09-02 21:00:00,4376.75,4379.52,4369.08,4373.9,4972.0
2026-09-02 22:00:00,4373.97,4390.99,4371.56,4390.8,5056.0
2026-09-02 23:00:00,4390.77,4391.21,4383.92,4387.86,3087.0
2026-09-03 01:00:00,4391.06,4393.01,4383.51,4384.45,2517.0
2026-09-03 02:00:00,4384.49,4388.56,4380.98,4385.45,2837.0
2026-09-03 03:00:00,4385.37,4397.07,4382.35,4395.26,4657.0
2026-09-03 04:00:00,4395.43,4412.13,4387.39,4410.06,6150.0
2026-09-03 05:00:00,4410.09,4420.29,4406.6,4420.15,5699.0
2026-09-03 06:00:00,4420.16,4432.37,4419.28,4431.31,4823.0
2026-09-03 07:00:00,4431.33,4438.16,4425.52,4437.21,3773.0
2026-09-03 08:00:00,4437.13,4439.98,4422.57,4430.8,5619.0
2026-09-03 09:00:00,4430.87,4435.96,4418.63,4420.4,5835.0
2026-09-03 10:00:00,4420.35,4431.37,4418.99,4428.62,5659.0
2026-09-03 11:00:00,4428.61,4443.35,4427.76,4434.78,5755.0
2026-09-03 12:00:00,4434.8,4441.78,4425.56,4427.32,5212.0
2026-09-03 13:00:00,4427.33,4429.71,4418.91,4427.35,5126.0
2026-09-03 14:00:00,4427.03,4444.71,4424.92,4444.02,5242.0
2026-09-03 15:00:00,4444.01,4495.06,4437.71,4493.28,6544.0
2026-09-03 16:00:00,4493.48,4495.88,4457.08,4471.0,7023.0
2026-09-03 17:00:00,4464.32,4485.17,4459.47,4485.17,6944.0
2026-09-03 18:00:00,4485.61,4510.58,4484.09,4493.07,6652.0
2026-09-03 19:00:00,4493.0,4495.31,4485.39,4486.02,5750.0
2026-09-03 20:00:00,4486.11,4494.5,4483.1,4486.44,5117.0
2026-09-03 21:00:00,4486.48,4489.56,4473.96,4475.04,5209.0
2026-09-03 22:00:00,4474.92,4480.62,4472.54,4474.3,5148.0
2026-09-03 23:00:00,4475.06,4475.41,4470.3,4472.88,2922.0
2026-09-04 01:00:00,4474.32,4478.5,4471.22,4474.73,2875.0
2026-09-04 02:00:00,4474.31,4480.08,4471.48,4479.89,2828.0
2026-09-04 03:00:00,4479.82,4486.82,4472.54,4486.38,4335.0
2026-09-04 04:00:00,4486.14,4486.81,4466.93,4478.71,5797.0
2026-09-04 05:00:00,4478.66,4482.41,4470.04,4477.22,4800.0
2026-09-04 06:00:00,4477.35,4478.52,4466.83,4466.83,3916.0
2026-09-04 07:00:00,4466.82,4474.76,4465.4,4473.58,3281.0
2026-09-04 08:00:00,4473.53,4477.4,4466.7,4471.85,4425.0
2026-09-04 09:00:00,4471.88,4473.17,4460.04,4462.79,5225.0
2026-09-04 10:00:00,4462.77,4490.48,4461.46,4483.28,5035.0
2026-09-04 11:00:00,4483.32,4486.28,4474.31,4477.64,4743.0
2026-09-04 12:00:00,4477.63,4478.98,4463.72,4465.39,4685.0
2026-09-04 13:00:00,4465.29,4476.18,4465.29,4472.66,4188.0
2026-09-04 14:00:00,4472.5,4473.12,4465.08,4466.74,4425.0
2026-09-04 15:00:00,4466.74,4475.95,4379.58,4393.49,6690.0
2026-09-04 16:00:00,4393.71,4434.5,4365.49,4413.34,7331.0
2026-09-04 17:00:00,4413.61,4442.05,4411.96,4427.33,7046.0
2026-09-04 18:00:00,4427.5,4448.72,4422.6,4436.5,6438.0
2026-09-04 19:00:00,4436.53,4443.26,4432.25,4436.21,5465.0
2026-09-04 20:00:00,4436.3,4440.18,4415.54,4416.36,5553.0
2026-09-04 21:00:00,4416.39,4426.48,4411.98,4423.74,4799.0
2026-09-04 22:00:00,4423.78,4438.16,4422.37,4434.66,4571.0
2026-09-04 23:00:00,4434.7,4434.92,4428.42,4430.8,2057.0
2026-09-07 01:00:00,4422.33,4434.95,4417.36,4429.29,2502.0
2026-09-07 02:00:00,4429.3,4433.55,4421.07,4423.18,3094.0
2026-09-07 03:00:00,4423.18,4429.33,4410.02,4412.39,4810.0
2026-09-07 04:00:00,4412.39,4416.57,4389.66,4408.94,6195.0
2026-09-07 05:00:00,4408.92,4418.76,4402.74,4408.74,5100.0
2026-09-07 06:00:00,4408.67,4410.23,4401.2,4403.94,4316.0
2026-09-07 07:00:00,4403.91,4406.96,4394.28,4397.83,3424.0
2026-09-07 08:00:00,4397.84,4412.89,4392.96,4393.8,4677.0
2026-09-07 09:00:00,4393.91,4399.63,4385.12,4392.58,5143.0
2026-09-07 10:00:00,4392.61,4406.43,4391.76,4406.17,5147.0
2026-09-07 11:00:00,4406.12,4423.6,4405.02,4410.8,5300.0
2026-09-07 12:00:00,4410.71,4413.47,4403.6,4405.53,3956.0
2026-09-07 13:00:00,4405.5,4406.05,4387.87,4391.45,3926.0
2026-09-07 14:00:00,4391.51,4394.77,4380.97,4385.09,4402.0
2026-09-07 15:00:00,4385.43,4397.82,4385.21,4396.6,4110.0
2026-09-07 16:00:00,4396.61,4407.58,4395.23,4402.41,4966.0
2026-09-07 17:00:00,4402.41,4419.26,4400.95,4415.93,6732.0
2026-09-07 18:00:00,4415.88,4416.45,4408.77,4414.19,3827.0
2026-09-07 19:00:00,4414.26,4417.09,4411.66,4414.3,2375.0
2026-09-07 20:00:00,4414.32,4414.88,4406.95,4406.97,1437.0
2026-09-07 21:00:00,4407.01,4408.9,4402.92,4406.01,1188.0
2026-09-08 01:00:00,4413.41,4414.42,4405.59,4407.37,2307.0
2026-09-08 02:00:00,4407.08,4427.89,4407.08,4422.79,3731.0
2026-09-08 03:00:00,4422.98,4429.94,4415.0,4426.87,5417.0
2026-09-08 04:00:00,4426.11,4440.44,4417.19,4436.82,5698.0
2026-09-08 05:00:00,4436.85,4438.42,4421.15,4424.25,5029.0
2026-09-08 06:00:00,4424.02,4439.8,4422.31,4437.61,4249.0
2026-09-08 07:00:00,4437.99,4442.74,4431.46,4435.87,3807.0
2026-09-08 08:00:00,4435.82,4437.51,4417.31,4418.7,4994.0
2026-09-08 09:00:00,4419.26,4419.89,4398.07,4403.53,5739.0
2026-09-08 10:00:00,4403.61,4409.25,4390.0,4392.17,5145.0
2026-09-08 11:00:00,4392.27,4398.4,4387.71,4394.1,5153.0
2026-09-08 12:00:00,4393.96,4405.44,4390.72,4402.79,4600.0
2026-09-08 13:00:00,4402.84,4406.34,4393.6,4395.21,4310.0
2026-09-08 14:00:00,4395.62,4407.66,4391.02,4406.25,4697.0
2026-09-08 15:00:00,4406.37,4411.52,4385.23,4411.32,5677.0
2026-09-08 16:00:00,4411.56,4412.48,4390.28,4395.4,6263.0
2026-09-08 17:00:00,4395.4,4403.42,4388.99,4398.47,6141.0
2026-09-08 18:00:00,4399.04,4409.07,4394.58,4394.58,5498.0
2026-09-08 19:00:00,4394.64,4398.11,4380.22,4393.53,5195.0
2026-09-08 20:00:00,4393.56,4403.49,4385.21,4389.77,4694.0
2026-09-08 21:00:00,4389.78,4390.1,4358.18,4375.4,4991.0
2026-09-08 22:00:00,4375.42,4377.04,4356.61,4359.21,5336.0
2026-09-08 23:00:00,4358.26,4364.17,4345.71,4355.18,3107.0
2026-09-09 01:00:00,4354.98,4358.71,4350.33,4353.91,2739.0
2026-09-09 02:00:00,4353.72,4359.73,4349.05,4349.72,3132.0
2026-09-09 03:00:00,4349.75,4365.39,4341.18,4364.46,4956.0
2026-09-09 04:00:00,4364.58,4377.88,4354.02,4373.42,5552.0
2026-09-09 05:00:00,4373.5,4384.18,4367.08,4381.94,4933.0
2026-09-09 06:00:00,4381.98,4382.47,4375.01,4375.13,3976.0
2026-09-09 07:00:00,4375.01,4382.3,4370.47,4381.39,3606.0
2026-09-09 08:00:00,4381.37,4400.65,4380.31,4398.63,4712.0
2026-09-09 09:00:00,4398.7,4405.8,4395.06,4400.43,4790.0
2026-09-09 10:00:00,4400.42,4412.7,4399.15,4409.26,4608.0
2026-09-09 11:00:00,4409.16,4411.98,4399.03,4400.63,4408.0
2026-09-09 12:00:00,4400.66,4402.3,4388.7,4390.76,4375.0
2026-09-09 13:00:00,4390.71,4402.83,4386.07,4399.57,4569.0
2026-09-09 14:00:00,4399.49,4415.05,4399.49,4407.11,4636.0
2026-09-09 15:00:00,4407.18,4409.13,4390.75,4399.98,5328.0
2026-09-09 16:00:00,4399.89,4433.87,4398.64,4414.92,6296.0
2026-09-09 17:00:00,4414.77,4428.38,4410.02,4418.47,6260.0
2026-09-09 18:00:00,4418.52,4431.65,4375.03,4398.15,6564.0
2026-09-09 19:00:00,4398.27,4410.12,4391.45,4409.5,5450.0
2026-09-09 20:00:00,4409.36,4420.38,4408.78,4415.87,4884.0
2026-09-09 21:00:00,4415.91,4421.27,4401.51,4402.93,4527.0
2026-09-09 22:00:00,4402.99,4404.63,4395.55,4398.94,4600.0
2026-09-09 23:00:00,4398.87,4401.45,4393.34,4401.45,2072.0
2026-09-10 01:00:00,4404.47,4406.3,4397.51,4399.5,2498.0
2026-09-10 02:00:00,4399.35,4402.82,4393.06,4394.03,3042.0
2026-09-10 03:00:00,4393.85,4404.69,4389.62,4400.98,4510.0
2026-09-10 04:00:00,4400.9,4418.75,4400.35,4412.0,5932.0
2026-09-10 05:00:00,4412.27,4420.58,4407.97,4419.26,5086.0
2026-09-10 06:00:00,4419.17,4420.66,4406.72,4408.89,4078.0
2026-09-10 07:00:00,4408.95,4415.31,4405.49,4408.28,3265.0
2026-09-10 08:00:00,4408.29,4431.05,4408.07,4430.87,4705.0
2026-09-10 09:00:00,4430.98,4434.01,4410.75,4425.15,5329.0
2026-09-10 10:00:00,4425.01,4425.28,4403.94,4411.57,4914.0
2026-09-10 11:00:00,4411.65,4412.53,4392.27,4394.72,5143.0
2026-09-10 12:00:00,4394.62,4396.64,4388.25,4393.89,4705.0
2026-09-10 13:00:00,4393.81,4399.97,4375.04,4378.65,5510.0
2026-09-10 14:00:00,4378.63,4390.55,4374.37,4374.37,5570.0
2026-09-10 15:00:00,4374.49,4377.65,4323.86,4339.85,6484.0
2026-09-10 16:00:00,4340.27,4375.6,4339.9,4365.72,6751.0
2026-09-10 17:00:00,4366.36,4376.12,4353.83,4357.83,6653.0
2026-09-10 18:00:00,4358.2,4372.03,4352.45,4365.69,6079.0
2026-09-10 19:00:00,4365.93,4369.46,4353.97,4363.88,5847.0
2026-09-10 20:00:00,4363.96,4367.47,4351.07,4352.44,5467.0
2026-09-10 21:00:00,4352.61,4355.83,4329.73,4332.7,5793.0
2026-09-10 22:00:00,4332.39,4332.39,4313.6,4324.2,5472.0
2026-09-10 23:00:00,4324.18,4324.21,4314.39,4316.35,3474.0
2026-09-11 01:00:00,4322.27,4324.42,4313.56,4318.24,2816.0
2026-09-11 02:00:00,4318.02,4320.29,4311.14,4315.03,3268.0
2026-09-11 03:00:00,4314.48,4333.65,4312.98,4331.92,5165.0
2026-09-11 04:00:00,4331.03,4340.15,4320.66,4329.0,6034.0
2026-09-11 05:00:00,4329.0,4334.37,4315.74,4322.52,5456.0
2026-09-11 06:00:00,4322.49,4326.22,4300.71,4303.65,5476.0
2026-09-11 07:00:00,4303.73,4335.13,4301.77,4331.49,5120.0
2026-09-11 08:00:00,4331.54,4351.65,4328.13,4345.46,5501.0
2026-09-11 09:00:00,4345.89,4360.54,4345.82,4353.04,5640.0
2026-09-11 10:00:00,4352.68,4355.92,4340.36,4344.7,4987.0
2026-09-11 11:00:00,4344.7,4356.99,4342.23,4346.79,5257.0
2026-09-11 12:00:00,4347.09,4353.79,4340.73,4346.07,4522.0
2026-09-11 13:00:00,4346.22,4349.67,4336.58,4337.14,4694.0
2026-09-11 14:00:00,4337.37,4342.33,4330.06,4333.13,5006.0
2026-09-11 15:00:00,4333.32,4389.8,4292.11,4388.48,6263.0
2026-09-11 16:00:00,4388.08,4402.29,4380.44,4401.69,6721.0
2026-09-11 17:00:00,4401.04,4402.18,4364.58,4370.64,6582.0
2026-09-11 18:00:00,4370.38,4376.89,4359.07,4366.92,6100.0
2026-09-11 19:00:00,4366.9,4372.51,4351.78,4361.52,5633.0
2026-09-11 20:00:00,4361.66,4370.22,4357.72,4358.04,5104.0
2026-09-11 21:00:00,4358.06,4359.89,4343.9,4346.75,5012.0
2026-09-11 22:00:00,4347.15,4353.51,4342.67,4348.34,4622.0
2026-09-11 23:00:00,4348.57,4351.27,4345.38,4348.32,2239.0
2026-09-14 01:00:00,4336.49,4341.7,4328.18,4337.57,3757.0
2026-09-14 02:00:00,4337.77,4342.18,4331.69,4332.52,3300.0
2026-09-14 03:00:00,4332.31,4347.26,4329.69,4338.88,5179.0
2026-09-14 04:00:00,4338.34,4354.9,4326.05,4353.21,6148.0
2026-09-14 05:00:00,4353.04,4355.06,4329.71,4330.63,5035.0
2026-09-14 06:00:00,4330.44,4336.13,4326.96,4330.19,4421.0
2026-09-14 07:00:00,4330.11,4331.42,4322.03,4329.35,3590.0
2026-09-14 08:00:00,4329.32,4337.14,4323.18,4337.14,4790.0
2026-09-14 09:00:00,4337.23,4338.41,4320.44,4321.98,5323.0
2026-09-14 10:00:00,4321.92,4324.0,4307.78,4310.65,5228.0
2026-09-14 11:00:00,4310.96,4318.01,4303.09,4306.43,5302.0
2026-09-14 12:00:00,4306.22,4311.46,4278.56,4285.52,5628.0
2026-09-14 13:00:00,4285.16,4296.28,4278.17,4294.54,4712.0
2026-09-14 14:00:00,4294.51,4296.64,4284.1,4286.81,4651.0
2026-09-14 15:00:00,4286.9,4297.25,4265.75,4270.76,5839.0
2026-09-14 16:00:00,4271.21,4281.14,4253.43,4272.49,6408.0
2026-09-14 17:00:00,4272.43,4282.77,4263.99,4279.26,6229.0
2026-09-14 18:00:00,4279.63,4297.67,4272.54,4288.03,6183.0
2026-09-14 19:00:00,4288.13,4317.48,4286.13,4315.68,5654.0
2026-09-14 20:00:00,4315.62,4316.3,4307.6,4310.85,5069.0
2026-09-14 21:00:00,4310.9,4314.9,4304.77,4307.19,4486.0
2026-09-14 22:00:00,4307.48,4307.71,4282.79,4284.1,4552.0
2026-09-14 23:00:00,4283.55,4299.38,4282.18,4298.51,2961.0
2026-09-15 01:00:00,4299.91,4300.24,4292.67,4295.15,2977.0
2026-09-15 02:00:00,4295.01,4297.14,4287.01,4288.03,3299.0
2026-09-15 03:00:00,4287.94,4296.37,4283.45,4292.82,4469.0
2026-09-15 04:00:00,4292.98,4305.71,4287.75,4304.22,5569.0
2026-09-15 05:00:00,4304.58,4317.17,4304.48,4313.88,4811.0
2026-09-15 06:00:00,4314.24,4314.24,4303.16,4303.39,4208.0
2026-09-15 07:00:00,4303.22,4309.38,4300.54,4304.57,3848.0
2026-09-15 08:00:00,4304.56,4307.33,4289.06,4290.82,4870.0
2026-09-15 09:00:00,4290.62,4295.06,4285.82,4293.28,5216.0
2026-09-15 10:00:00,4293.08,4295.11,4276.04,4280.3,5403.0
2026-09-15 11:00:00,4280.52,4280.52,4261.17,4262.18,5487.0
2026-09-15 12:00:00,4262.15,4271.95,4261.35,4268.12,5019.0
2026-09-15 13:00:00,4268.19,4283.66,4268.19,4281.42,4430.0
2026-09-15 14:00:00,4281.23,4286.57,4278.51,4284.47,4526.0
2026-09-15 15:00:00,4284.23,4295.56,4271.21,4290.37,5581.0
2026-09-15 16:00:00,4289.57,4298.16,4283.52,4294.68,6164.0
2026-09-15 17:00:00,4294.61,4300.2,4273.72,4276.96,6194.0
2026-09-15 18:00:00,4276.79,4294.51,4276.42,4289.11,5666.0
2026-09-15 19:00:00,4289.15,4298.1,4285.42,4295.37,5050.0
2026-09-15 20:00:00,4295.46,4298.9,4290.15,4294.73,4625.0
2026-09-15 21:00:00,4294.89,4310.16,4292.61,4308.64,4843.0
2026-09-15 22:00:00,4308.71,4310.68,4294.3,4297.79,4335.0
2026-09-15 23:00:00,4297.83,4299.04,4291.95,4293.9,2431.0
2026-09-16 01:00:00,4295.5,4298.93,4288.91,4288.91,2648.0
2026-09-16 02:00:00,4288.87,4289.5,4281.16,4283.48,3142.0
2026-09-16 03:00:00,4283.41,4286.28,4275.53,4277.45,4007.0
2026-09-16 04:00:00,4277.43,4293.55,4276.83,4282.45,5219.0
2026-09-16 05:00:00,4282.51,4323.47,4281.89,4321.73,5478.0
2026-09-16 06:00:00,4321.73,4340.8,4321.69,4327.14,5189.0
2026-09-16 07:00:00,4327.08,4328.48,4320.66,4321.94,3625.0
2026-09-16 08:00:00,4322.02,4333.64,4320.82,4326.5,4675.0
2026-09-16 09:00:00,4326.5,4333.1,4321.61,4332.93,5058.0
2026-09-16 10:00:00,4332.93,4339.08,4328.42,4329.34,4911.0
2026-09-16 11:00:00,4329.26,4337.66,4323.12,4330.27,4984.0
2026-09-16 12:00:00,4330.44,4339.3,4327.59,4338.23,4766.0
2026-09-16 13:00:00,4338.25,4349.79,4337.69,4349.32,4696.0
2026-09-16 14:00:00,4350.84,4353.31,4341.74,4341.82,4928.0
2026-09-16 15:00:00,4341.84,4348.89,4335.45,4347.72,5118.0
2026-09-16 16:00:00,4347.51,4360.27,4335.26,4338.7,6085.0
2026-09-16 17:00:00,4338.17,4356.06,4324.28,4355.14,5947.0
2026-09-16 18:00:00,4355.15,4361.11,4342.92,4352.64,5715.0
2026-09-16 19:00:00,4352.73,4352.92,4343.95,4346.72,4512.0
2026-09-16 20:00:00,4346.7,4364.93,4341.87,4359.82,4565.0
2026-09-16 21:00:00,4359.06,4366.92,4257.57,4260.7,7017.0
2026-09-16 22:00:00,4260.95,4286.95,4235.07,4272.0,6809.0
2026-09-16 23:00:00,4272.3,4273.6,4257.31,4263.87,4193.0
2026-09-17 01:00:00,4262.46,4276.0,4257.37,4266.34,3499.0
2026-09-17 02:00:00,4266.4,4275.32,4258.69,4271.38,4334.0
2026-09-17 03:00:00,4271.62,4292.06,4266.2,4279.89,5451.0
2026-09-17 04:00:00,4282.19,4317.85,4282.19,4299.94,5972.0
2026-09-17 05:00:00,4299.97,4300.67,4273.79,4277.0,5623.0
2026-09-17 06:00:00,4277.07,4297.16,4276.93,4295.84,4797.0
2026-09-17 07:00:00,4295.85,4298.66,4290.24,4297.27,3836.0
2026-09-17 08:00:00,4297.29,4305.06,4285.26,4304.3,4688.0
2026-09-17 09:00:00,4304.22,4315.0,4304.18,4310.55,5436.0
2026-09-17 10:00:00,4310.62,4335.3,4309.16,4327.18,5282.0
2026-09-17 11:00:00,4326.99,4328.2,4310.08,4311.4,5004.0
2026-09-17 12:00:00,4311.39,4319.07,4304.96,4306.03,4819.0
2026-09-17 13:00:00,4306.05,4324.9,4304.99,4324.06,4526.0
2026-09-17 14:00:00,4324.14,4352.92,4323.31,4349.76,5414.0
2026-09-17 15:00:00,4349.69,4381.06,4343.73,4373.34,6412.0
2026-09-17 16:00:00,4373.45,4375.17,4355.51,4366.8,6402.0
2026-09-17 17:00:00,4366.91,4379.94,4352.3,4354.04,6313.0
2026-09-17 18:00:00,4354.17,4370.06,4351.56,4369.98,5788.0
2026-09-17 19:00:00,4369.99,4372.41,4356.18,4362.4,5197.0
2026-09-17 20:00:00,4362.54,4365.84,4357.92,4361.32,4657.0
2026-09-17 21:00:00,4361.52,4365.58,4348.55,4351.58,4598.0
2026-09-17 22:00:00,4351.56,4356.09,4342.85,4346.22,4736.0
2026-09-17 23:00:00,4346.65,4346.96,4340.63,4341.63,2528.0
2026-09-18 01:00:00,4344.31,4349.42,4341.52,4344.46,3043.0
2026-09-18 02:00:00,4344.42,4348.09,4339.77,4346.32,2973.0
2026-09-18 03:00:00,4346.11,4360.01,4342.29,4356.35,4424.0
2026-09-18 04:00:00,4357.18,4365.5,4343.96,4348.31,5382.0
2026-09-18 05:00:00,4348.28,4356.54,4343.15,4346.81,4822.0
2026-09-18 06:00:00,4346.71,4360.8,4334.35,4359.27,5077.0
2026-09-18 07:00:00,4359.29,4366.93,4352.82,4366.85,3996.0
2026-09-18 08:00:00,4366.78,4378.16,4360.35,4377.3,5016.0
2026-09-18 09:00:00,4377.32,4397.3,4377.32,4393.51,5418.0
2026-09-18 10:00:00,4393.57,4399.53,4389.0,4393.39,5014.0
2026-09-18 11:00:00,4393.66,4398.38,4385.22,4392.27,4946.0
2026-09-18 12:00:00,4392.42,4398.15,4373.6,4376.58,4806.0
2026-09-18 13:00:00,4376.48,4381.99,4375.82,4381.72,4394.0
2026-09-18 14:00:00,4381.71,4388.52,4372.69,4381.31,5195.0
2026-09-18 15:00:00,4381.51,4382.79,4353.73,4368.72,5781.0
2026-09-18 16:00:00,4368.83,4375.38,4347.12,4349.21,6157.0
2026-09-18 17:00:00,4348.85,4361.5,4342.61,4352.81,6186.0
2026-09-18 18:00:00,4352.86,4357.88,4347.91,4356.53,5589.0
2026-09-18 19:00:00,4356.54,4383.41,4354.66,4382.59,5416.0
2026-09-18 20:00:00,4382.8,4396.59,4381.66,4392.95,5272.0
2026-09-18 21:00:00,4393.06,4394.15,4379.57,4382.0,4598.0
2026-09-18 22:00:00,4382.01,4385.85,4374.76,4376.55,4349.0
2026-09-18 23:00:00,4376.13,4383.13,4375.4,4378.12,2495.0
2026-09-21 01:00:00,4375.96,4382.01,4373.07,4373.52,3408.0
2026-09-21 02:00:00,4373.55,4376.01,4368.8,4372.54,3153.0
2026-09-21 03:00:00,4372.53,4375.96,4358.85,4366.41,4940.0
2026-09-21 04:00:00,4366.46,4383.13,4366.46,4377.21,5812.0
2026-09-21 05:00:00,4377.18,4377.45,4361.04,4363.67,5194.0
2026-09-21 06:00:00,4363.86,4367.95,4357.56,4358.73,4555.0
2026-09-21 07:00:00,4358.8,4365.05,4354.9,4355.62,3964.0
2026-09-21 08:00:00,4355.57,4361.75,4349.03,4350.77,4858.0
2026-09-21 09:00:00,4350.63,4355.56,4345.96,4353.07,5336.0
2026-09-21 10:00:00,4352.09,4355.87,4341.75,4344.16,5440.0
2026-09-21 11:00:00,4343.98,4357.46,4343.29,4352.92,4951.0
2026-09-21 12:00:00,4352.94,4354.56,4339.99,4345.36,4661.0
2026-09-21 13:00:00,4345.28,4356.5,4342.42,4342.54,4437.0
2026-09-21 14:00:00,4342.39,4370.8,4341.72,4369.0,4930.0
2026-09-21 15:00:00,4368.95,4374.54,4351.14,4359.59,5736.0
2026-09-21 16:00:00,4359.37,4368.48,4345.81,4345.89,6251.0
2026-09-21 17:00:00,4346.0,4347.0,4322.54,4338.58,6483.0
2026-09-21 18:00:00,4338.8,4355.69,4338.7,4347.75,5490.0
2026-09-21 19:00:00,4347.9,4356.78,4342.82,4343.11,5009.0
2026-09-21 20:00:00,4343.2,4346.58,4337.33,4344.26,4739.0
2026-09-21 21:00:00,4344.25,4352.16,4343.77,4345.85,4152.0
2026-09-21 22:00:00,4345.87,4353.61,4342.03,4344.95,4295.0
2026-09-21 23:00:00,4345.04,4345.04,4339.03,4343.36,2330.0
2026-09-22 01:00:00,4348.27,4364.97,4346.4,4360.86,2808.0
2026-09-22 02:00:00,4361.02,4370.47,4358.03,4368.66,4230.0
2026-09-22 03:00:00,4368.65,4375.85,4348.19,4359.9,4999.0
2026-09-22 04:00:00,4359.93,4364.88,4343.29,4348.21,6010.0
2026-09-22 05:00:00,4348.22,4355.49,4339.86,4344.41,5141.0
2026-09-22 06:00:00,4344.26,4349.1,4339.3,4341.45,4322.0
2026-09-22 07:00:00,4341.5,4342.75,4334.86,4342.6,3742.0
2026-09-22 08:00:00,4342.57,4347.03,4316.1,4323.37,5425.0
2026-09-22 09:00:00,4323.39,4324.04,4315.01,4318.47,5617.0
2026-09-22 10:00:00,4317.59,4323.98,4299.44,4301.06,5492.0
2026-09-22 11:00:00,4300.87,4335.21,4291.34,4330.04,6293.0
2026-09-22 12:00:00,4329.92,4337.62,4311.91,4336.45,6056.0
2026-09-22 13:00:00,4336.48,4337.8,4321.62,4321.72,5557.0
2026-09-22 14:00:00,4321.62,4323.17,4308.91,4322.39,5605.0
2026-09-22 15:00:00,4322.43,4343.69,4320.34,4333.73,5958.0
2026-09-22 16:00:00,4333.69,4343.69,4327.59,4333.23,6726.0
2026-09-22 17:00:00,4333.32,4337.28,4314.77,4327.9,6395.0
2026-09-22 18:00:00,4327.92,4340.4,4325.18,4330.94,5793.0
2026-09-22 19:00:00,4330.99,4341.63,4322.39,4336.12,5017.0
2026-09-22 20:00:00,4336.1,4352.65,4334.55,4350.77,5089.0
2026-09-22 21:00:00,4350.77,4360.45,4347.52,4353.4,5626.0
2026-09-22 22:00:00,4353.4,4370.96,4353.34,4363.94,5332.0
2026-09-22 23:00:00,4364.04,4364.3,4357.32,4358.2,3022.0
2026-09-23 01:00:00,4360.99,4365.16,4360.38,4361.96,2617.0
2026-09-23 02:00:00,4362.06,4365.2,4358.19,4363.75,2841.0
2026-09-23 03:00:00,4362.99,4369.04,4355.11,4357.34,4646.0
2026-09-23 04:00:00,4357.54,4358.88,4338.8,4341.1,5370.0
2026-09-23 05:00:00,4341.13,4341.14,4333.22,4333.75,4685.0
2026-09-23 06:00:00,4333.75,4345.06,4333.03,4342.41,3922.0
2026-09-23 07:00:00,4342.42,4347.02,4342.28,4343.92,3108.0
2026-09-23 08:00:00,4343.74,4345.45,4327.89,4334.41,4004.0
2026-09-23 09:00:00,4334.38,4336.74,4326.01,4331.18,4964.0
2026-09-23 10:00:00,4330.98,4332.54,4318.85,4319.33,5089.0
2026-09-23 11:00:00,4319.36,4322.54,4315.3,4317.93,4824.0
2026-09-23 12:00:00,4317.92,4320.1,4308.2,4313.88,4531.0
2026-09-23 13:00:00,4313.89,4318.74,4312.2,4315.41,4476.0
2026-09-23 14:00:00,4315.32,4316.79,4294.51,4309.38,5412.0
2026-09-23 15:00:00,4309.38,4318.83,4300.65,4309.61,5585.0
2026-09-23 16:00:00,4309.56,4313.33,4280.63,4283.52,6604.0
2026-09-23 17:00:00,4283.6,4298.32,4277.7,4294.12,6700.0
2026-09-23 18:00:00,4294.36,4297.16,4277.37,4281.94,6087.0
2026-09-23 19:00:00,4281.78,4289.38,4278.23,4284.71,5290.0
2026-09-23 20:00:00,4284.69,4293.07,4274.66,4292.6,5977.0
2026-09-23 21:00:00,4292.83,4294.65,4282.87,4290.27,4540.0
2026-09-23 22:00:00,4290.18,4293.08,4280.92,4283.86,4922.0
2026-09-23 23:00:00,4284.0,4289.87,4282.44,4287.06,2726.0
2026-09-24 01:00:00,4289.99,4294.21,4286.57,4289.31,3016.0
2026-09-24 02:00:00,4289.24,4293.03,4284.87,4288.4,2838.0
