<DATE>	<TIME>	<OPEN>	<HIGH>	<LOW>	<CLOSE>	<TICKVOL>	<VOL>	<SPREAD>
2023.01.02	20:00:00	1823.34	1823.34	1823.34	1823.34	1	0	42
2023.01.03	00:00:00	1826.77	1832.29	1823.58	1828.34	12979	0	42
2023.01.03	04:00:00	1828.35	1842.98	1828.13	1840.27	18910	0	42
2023.01.03	08:00:00	1840.25	1849.79	1834.42	1838.68	24348	0	42
2023.01.03	12:00:00	1838.60	1840.95	1830.69	1838.73	22292	0	42
2023.01.03	16:00:00	1838.79	1849.69	1827.43	1839.06	30840	0	42
2023.01.03	20:00:00	1839.10	1840.07	1836.38	1839.32	15990	0	38
2023.01.04	00:00:00	1836.98	1844.37	1835.00	1844.23	10982	0	42
2023.01.04	04:00:00	1844.20	1847.02	1843.31	1846.28	14721	0	42
2023.01.04	08:00:00	1846.30	1864.94	1845.62	1860.38	22227	0	42
2023.01.04	12:00:00	1860.40	1862.68	1852.64	1859.94	22518	0	19
2023.01.04	16:00:00	1859.87	1860.70	1848.80	1850.32	30880	0	42
2023.01.04	20:00:00	1850.33	1857.00	1846.90	1854.44	19632	0	38
2023.01.05	00:00:00	1854.10	1858.90	1853.81	1858.74	10930	0	42
2023.01.05	04:00:00	1858.73	1858.73	1850.21	1852.50	15980	0	42
2023.01.05	08:00:00	1852.51	1855.47	1843.69	1848.38	21294	0	42
2023.01.05	12:00:00	1848.40	1851.07	1832.85	1834.59	22599	0	42
2023.01.05	16:00:00	1834.51	1837.67	1824.91	1833.73	31448	0	42
2023.01.05	20:00:00	1833.73	1837.30	1831.73	1832.81	14701	0	38
2023.01.06	00:00:00	1829.81	1835.98	1829.81	1835.36	9433	0	42
2023.01.06	04:00:00	1835.32	1840.74	1835.32	1836.97	16278	0	42
2023.01.06	08:00:00	1836.99	1840.46	1833.09	1835.29	17088	0	42
2023.01.06	12:00:00	1835.35	1852.36	1833.87	1851.70	22135	0	42
2023.01.06	16:00:00	1851.64	1864.84	1840.50	1862.28	33600	0	42
2023.01.06	20:00:00	1862.20	1869.67	1861.54	1866.84	12634	0	42
2023.01.09	00:00:00	1867.20	1875.11	1866.13	1874.25	13852	0	42
2023.01.09	04:00:00	1874.26	1879.37	1874.11	1877.79	15310	0	42
2023.01.09	08:00:00	1877.76	1880.79	1871.11	1873.42	20121	0	42
2023.01.09	12:00:00	1873.42	1878.26	1870.36	1878.06	20716	0	42
2023.01.09	16:00:00	1878.00	1881.30	1868.90	1871.69	28695	0	42
2023.01.09	20:00:00	1871.72	1875.61	1869.05	1871.56	16587	0	38
2023.01.10	00:00:00	1870.64	1875.78	1867.66	1874.25	12100	0	42
2023.01.10	04:00:00	1874.25	1875.42	1870.57	1873.84	15071	0	42
2023.01.10	08:00:00	1873.83	1877.12	1870.42	1876.66	18423	0	42
2023.01.10	12:00:00	1876.64	1876.92	1870.22	1873.19	19818	0	42
2023.01.10	16:00:00	1873.21	1880.54	1871.05	1874.12	30276	0	42
2023.01.10	20:00:00	1874.09	1878.51	1871.79	1876.74	12121	0	38
2023.01.11	00:00:00	1876.36	1878.30	1871.88	1872.83	9798	0	42
2023.01.11	04:00:00	1872.85	1884.46	1872.09	1882.21	14852	0	42
2023.01.11	08:00:00	1882.22	1886.43	1880.21	1884.47	20563	0	42
2023.01.11	12:00:00	1884.49	1885.89	1875.59	1877.40	21178	0	42
2023.01.11	16:00:00	1877.49	1878.97	1866.95	1873.68	28806	0	42
2023.01.11	20:00:00	1873.69	1878.35	1872.97	1875.44	13788	0	38
2023.01.12	00:00:00	1874.82	1880.97	1874.42	1880.44	12294	0	42
2023.01.12	04:00:00	1880.41	1884.87	1880.11	1883.52	14558	0	42
2023.01.12	08:00:00	1883.51	1885.25	1879.74	1884.17	17571	0	42
2023.01.12	12:00:00	1884.17	1901.41	1868.70	1899.30	20074	0	42
2023.01.12	16:00:00	1899.46	1901.14	1879.72	1897.51	30477	0	42
2023.01.12	20:00:00	1897.51	1899.37	1893.89	1896.62	17883	0	40
2023.01.13	00:00:00	1894.67	1900.76	1894.67	1898.60	14034	0	42
2023.01.13	04:00:00	1898.61	1899.66	1892.14	1893.49	17128	0	42
2023.01.13	08:00:00	1893.51	1909.52	1893.31	1904.21	24320	0	42
2023.01.13	12:00:00	1904.20	1906.82	1893.50	1899.84	21467	0	42
2023.01.13	16:00:00	1899.88	1917.72	1898.94	1916.75	28932	0	42
2023.01.13	20:00:00	1916.67	1921.75	1916.56	1920.75	12235	0	42
2023.01.16	00:00:00	1920.25	1924.41	1916.64	1924.01	11000	0	33
2023.01.16	04:00:00	1924.02	1928.76	1916.79	1919.34	13818	0	42
2023.01.16	08:00:00	1919.36	1920.67	1910.69	1917.39	16554	0	42
2023.01.16	12:00:00	1917.41	1919.17	1911.25	1913.19	15421	0	42
2023.01.16	16:00:00	1913.22	1916.85	1912.40	1913.71	12484	0	42
2023.01.16	20:00:00	1913.71	1915.33	1913.66	1914.89	1109	0	40
2023.01.17	00:00:00	1914.95	1918.90	1912.74	1912.88	9959	0	40
2023.01.17	04:00:00	1912.92	1916.14	1907.94	1910.91	15191	0	42
2023.01.17	08:00:00	1910.92	1911.75	1905.70	1906.44	17230	0	42
2023.01.17	12:00:00	1906.42	1914.24	1904.06	1912.81	19657	0	42
2023.01.17	16:00:00	1912.86	1916.55	1905.04	1906.98	27727	0	42
2023.01.17	20:00:00	1906.99	1910.74	1903.62	1908.39	13019	0	42
2023.01.18	00:00:00	1907.68	1909.09	1906.20	1908.57	8938	0	42
2023.01.18	04:00:00	1908.62	1910.24	1896.43	1897.77	20847	0	42
2023.01.18	08:00:00	1897.77	1915.77	1897.62	1914.66	22357	0	42
2023.01.18	12:00:00	1914.62	1924.07	1911.07	1921.18	20138	0	42
2023.01.18	16:00:00	1921.13	1925.70	1901.40	1905.09	31949	0	42
2023.01.18	20:00:00	1905.11	1906.26	1902.16	1903.99	12817	0	39
2023.01.19	00:00:00	1904.02	1909.33	1901.20	1901.79	12551	0	42
2023.01.19	04:00:00	1901.81	1910.76	1900.79	1909.89	15161	0	42
2023.01.19	08:00:00	1909.86	1916.58	1906.20	1910.19	18075	0	42
2023.01.19	12:00:00	1910.16	1913.22	1906.47	1912.99	20804	0	42
2023.01.19	16:00:00	1913.00	1923.12	1912.64	1919.90	27416	0	42
2023.01.19	20:00:00	1919.90	1934.98	1919.65	1931.97	17305	0	40
2023.01.20	00:00:00	1931.39	1934.71	1929.26	1931.62	10147	0	42
2023.01.20	04:00:00	1931.58	1932.38	1923.05	1927.71	13812	0	42
2023.01.20	08:00:00	1927.80	1937.34	1926.04	1929.27	17960	0	42
2023.01.20	12:00:00	1929.22	1931.18	1923.77	1924.00	19815	0	42
2023.01.20	16:00:00	1923.98	1930.78	1920.51	1924.97	26082	0	42
2023.01.20	20:00:00	1924.98	1930.86	1924.59	1927.23	12627	0	42
2023.01.23	00:00:00	1925.73	1933.63	1923.55	1932.35	10172	0	42
2023.01.23	04:00:00	1932.34	1935.37	1925.91	1926.07	11019	0	42
2023.01.23	08:00:00	1926.06	1927.28	1918.73	1925.80	17543	0	42
2023.01.23	12:00:00	1925.76	1929.19	1918.58	1921.76	18242	0	42
2023.01.23	16:00:00	1921.74	1926.17	1911.20	1923.74	27908	0	42
2023.01.23	20:00:00	1923.83	1931.60	1923.63	1930.68	13193	0	42
2023.01.24	00:00:00	1930.55	1935.72	1930.38	1935.65	7507	0	42
2023.01.24	04:00:00	1935.68	1936.90	1931.69	1933.93	9910	0	42
2023.01.24	08:00:00	1933.88	1942.33	1933.70	1935.97	18722	0	42
2023.01.24	12:00:00	1935.94	1939.18	1930.24	1932.35	18885	0	42
2023.01.24	16:00:00	1932.28	1936.46	1916.96	1933.72	31057	0	42
2023.01.24	20:00:00	1933.71	1938.09	1932.94	1937.06	14186	0	42
2023.01.25	00:00:00	1936.94	1938.68	1934.82	1937.24	7358	0	42
2023.01.25	04:00:00	1937.33	1939.48	1925.63	1927.39	11638	0	42
2023.01.25	08:00:00	1927.48	1933.62	1926.11	1927.74	16352	0	42
2023.01.25	12:00:00	1927.79	1928.38	1919.68	1922.13	19188	0	42
2023.01.25	16:00:00	1922.12	1940.27	1921.56	1937.17	28604	0	42
2023.01.25	20:00:00	1937.23	1947.95	1937.23	1946.02	15363	0	42
2023.01.26	00:00:00	1946.66	1948.95	1942.34	1945.43	8716	0	42
2023.01.26	04:00:00	1945.44	1948.66	1943.48	1947.41	10239	0	42
2023.01.26	08:00:00	1947.30	1948.81	1933.68	1936.63	18132	0	42
2023.01.26	12:00:00	1936.66	1939.39	1931.01	1937.37	18424	0	42
2023.01.26	16:00:00	1937.50	1942.21	1918.48	1926.48	29915	0	42
2023.01.26	20:00:00	1926.48	1932.95	1926.29	1928.94	14788	0	38
2023.01.27	00:00:00	1928.46	1934.73	1927.26	1929.96	8981	0	42
2023.01.27	04:00:00	1929.97	1930.96	1919.66	1924.98	12186	0	42
2023.01.27	08:00:00	1924.93	1928.04	1921.98	1925.47	16064	0	42
2023.01.27	12:00:00	1925.41	1934.85	1925.02	1928.65	18367	0	42
2023.01.27	16:00:00	1928.58	1931.96	1916.51	1928.39	27165	0	42
2023.01.27	20:00:00	1928.39	1931.85	1926.59	1926.59	8709	0	42
2023.01.30	00:00:00	1927.40	1930.88	1924.63	1927.56	10819	0	35
2023.01.30	04:00:00	1927.59	1934.30	1924.25	1931.26	16510	0	42
2023.01.30	08:00:00	1931.21	1931.98	1920.46	1924.52	19098	0	42
2023.01.30	12:00:00	1924.48	1930.59	1921.88	1928.92	19429	0	42
2023.01.30	16:00:00	1928.93	1929.44	1921.82	1924.15	23392	0	42
2023.01.30	20:00:00	1924.16	1924.49	1920.67	1923.00	13632	0	40
2023.01.31	00:00:00	1921.87	1927.25	1921.06	1925.07	9465	0	42
2023.01.31	04:00:00	1925.06	1926.26	1916.86	1917.17	15249	0	42
2023.01.31	08:00:00	1917.18	1917.18	1902.48	1903.65	20650	0	42
2023.01.31	12:00:00	1903.65	1920.12	1900.65	1919.47	22262	0	42
2023.01.31	16:00:00	1919.67	1930.36	1918.34	1929.41	28951	0	42
2023.01.31	20:00:00	1929.39	1930.93	1927.06	1928.02	14912	0	39
2023.02.01	00:00:00	1927.98	1928.64	1925.44	1927.00	8959	0	42
2023.02.01	04:00:00	1926.98	1928.35	1924.39	1925.89	11726	0	42
2023.02.01	08:00:00	1925.93	1929.07	1923.14	1924.89	16732	0	42
2023.02.01	12:00:00	1924.90	1933.02	1923.54	1929.11	18495	0	42
2023.02.01	16:00:00	1929.11	1932.76	1920.42	1925.45	27988	0	42
2023.02.01	20:00:00	1925.47	1953.89	1921.12	1949.89	26044	0	42
2023.02.02	00:00:00	1950.29	1957.15	1950.05	1952.59	14764	0	42
2023.02.02	04:00:00	1952.65	1954.32	1951.40	1952.42	13518	0	42
2023.02.02	08:00:00	1952.42	1959.59	1951.07	1956.26	19859	0	42
2023.02.02	12:00:00	1956.28	1957.08	1943.18	1944.15	23406	0	42
2023.02.02	16:00:00	1944.05	1947.06	1911.71	1912.06	35882	0	42
2023.02.02	20:00:00	1912.07	1918.42	1911.14	1912.39	20854	0	38
2023.02.03	00:00:00	1911.18	1918.06	1911.18	1917.64	12229	0	42
2023.02.03	04:00:00	1917.67	1918.45	1913.65	1914.80	14914	0	42
2023.02.03	08:00:00	1914.79	1918.05	1910.01	1913.19	19212	0	42
2023.02.03	12:00:00	1913.19	1916.84	1882.66	1886.59	22266	0	42
2023.02.03	16:00:00	1886.51	1886.51	1862.54	1863.34	35942	0	42
2023.02.03	20:00:00	1863.36	1866.79	1861.23	1865.00	15584	0	42
2023.02.06	00:00:00	1864.59	1873.33	1859.74	1872.63	14098	0	42
2023.02.06	04:00:00	1872.66	1878.55	1871.51	1877.82	15196	0	42
2023.02.06	08:00:00	1877.87	1881.13	1869.95	1873.01	18102	0	42
2023.02.06	12:00:00	1873.01	1873.92	1868.02	1871.44	19288	0	42
2023.02.06	16:00:00	1871.43	1875.58	1862.87	1865.81	27119	0	42
2023.02.06	20:00:00	1865.81	1871.20	1864.12	1867.54	14666	0	22
2023.02.07	00:00:00	1867.12	1873.47	1866.79	1873.47	7846	0	22
2023.02.07	04:00:00	1873.48	1875.54	1871.61	1874.88	12939	0	22
2023.02.07	08:00:00	1874.88	1877.94	1871.04	1873.32	18072	0	22
2023.02.07	12:00:00	1873.32	1875.37	1865.65	1869.80	17718	0	22
2023.02.07	16:00:00	1869.77	1884.27	1866.56	1880.48	27283	0	22
2023.02.07	20:00:00	1880.53	1882.65	1864.91	1873.47	23397	0	24
2023.02.08	00:00:00	1871.94	1878.36	1871.32	1875.99	9113	0	24
2023.02.08	04:00:00	1875.96	1878.26	1874.23	1876.87	10615	0	24
2023.02.08	08:00:00	1876.85	1886.36	1873.14	1885.93	17995	0	24
2023.02.08	12:00:00	1885.93	1885.93	1872.54	1877.67	17232	0	24
2023.02.08	16:00:00	1877.65	1883.03	1869.00	1875.65	25926	0	24
2023.02.08	20:00:00	1875.65	1879.77	1873.73	1875.41	13723	0	22
2023.02.09	00:00:00	1874.91	1876.91	1872.00	1876.89	7840	0	24
2023.02.09	04:00:00	1876.89	1881.40	1876.70	1879.04	10153	0	24
2023.02.09	08:00:00	1878.99	1885.37	1876.75	1883.03	16383	0	24
2023.02.09	12:00:00	1883.04	1889.72	1879.60	1889.47	17708	0	24
2023.02.09	16:00:00	1889.35	1890.10	1862.88	1868.39	26937	0	24
2023.02.09	20:00:00	1868.39	1869.53	1858.83	1861.54	16086	0	24
2023.02.10	00:00:00	1860.50	1865.36	1859.02	1862.13	8895	0	24
2023.02.10	04:00:00	1862.12	1863.36	1852.69	1860.09	12927	0	24
2023.02.10	08:00:00	1860.03	1872.05	1857.52	1864.03	22711	0	24
2023.02.10	12:00:00	1864.03	1868.48	1860.43	1866.94	19278	0	24
2023.02.10	16:00:00	1866.91	1868.44	1856.38	1861.65	24561	0	24
2023.02.10	20:00:00	1861.62	1864.95	1861.08	1864.19	9895	0	24
2023.02.13	00:00:00	1864.90	1865.26	1857.99	1861.35	8954	0	24
2023.02.13	04:00:00	1861.35	1862.37	1856.96	1859.61	10647	0	24
2023.02.13	08:00:00	1859.61	1866.50	1854.56	1857.07	16362	0	24
2023.02.13	12:00:00	1857.07	1862.94	1853.86	1856.82	16268	0	24
2023.02.13	16:00:00	1856.79	1859.21	1850.52	1851.47	20852	0	24
2023.02.13	20:00:00	1851.49	1855.66	1850.37	1853.28	10223	0	24
2023.02.14	00:00:00	1852.51	1856.62	1852.51	1856.58	6931	0	24
2023.02.14	04:00:00	1856.56	1859.34	1855.56	1859.22	8840	0	24
2023.02.14	08:00:00	1859.24	1864.84	1857.74	1862.42	15122	0	24
2023.02.14	12:00:00	1862.44	1870.37	1849.89	1862.49	18971	0	24
2023.02.14	16:00:00	1862.43	1866.10	1843.20	1849.63	32443	0	24
2023.02.14	20:00:00	1849.64	1858.80	1849.44	1854.26	12639	0	22
2023.02.15	00:00:00	1853.81	1859.24	1853.38	1858.86	7936	0	24
2023.02.15	04:00:00	1858.88	1859.97	1845.03	1846.28	11369	0	24
2023.02.15	08:00:00	1846.33	1846.46	1831.75	1835.67	19000	0	24
2023.02.15	12:00:00	1835.54	1838.83	1831.67	1834.62	17903	0	24
2023.02.15	16:00:00	1834.63	1838.60	1830.46	1834.85	24206	0	24
2023.02.15	20:00:00	1834.83	1838.58	1833.61	1835.79	11465	0	22
2023.02.16	00:00:00	1835.57	1842.16	1834.39	1841.24	8957	0	24
2023.02.16	04:00:00	1841.25	1842.56	1835.30	1836.95	11594	0	24
2023.02.16	08:00:00	1836.95	1844.74	1834.19	1835.44	16465	0	24
2023.02.16	12:00:00	1835.41	1840.32	1827.55	1830.73	16975	0	24
2023.02.16	16:00:00	1830.70	1843.80	1827.52	1842.36	24018	0	24
2023.02.16	20:00:00	1842.36	1845.19	1835.80	1836.30	13194	0	24
2023.02.17	00:00:00	1836.15	1836.47	1828.81	1828.87	7173	0	24
2023.02.17	04:00:00	1828.87	1830.55	1823.81	1827.47	10363	0	24
2023.02.17	08:00:00	1827.46	1828.11	1818.79	1825.75	15725	0	24
2023.02.17	12:00:00	1825.71	1830.22	1821.78	1827.60	15808	0	24
2023.02.17	16:00:00	1827.53	1842.75	1822.58	1840.76	25140	0	24
2023.02.17	20:00:00	1840.77	1843.56	1840.15	1841.31	10002	0	24
2023.02.20	00:00:00	1840.57	1841.73	1837.20	1840.33	7151	0	24
2023.02.20	04:00:00	1840.32	1844.78	1839.43	1844.41	9869	0	24
2023.02.20	08:00:00	1844.42	1847.37	1841.01	1843.80	12636	0	24
2023.02.20	12:00:00	1843.81	1846.75	1842.51	1846.28	12042	0	24
2023.02.20	16:00:00	1846.28	1846.96	1840.66	1840.73	11086	0	24
2023.02.20	20:00:00	1840.69	1841.54	1840.40	1841.30	1019	0	24
2023.02.21	00:00:00	1841.29	1843.75	1839.97	1842.21	5944	0	24
2023.02.21	04:00:00	1842.24	1843.37	1836.97	1839.64	8743	0	24
2023.02.21	08:00:00	1839.67	1839.67	1830.99	1835.38	15196	0	24
2023.02.21	12:00:00	1835.38	1837.03	1830.16	1836.71	16122	0	24
2023.02.21	16:00:00	1836.72	1843.76	1832.05	1836.75	25145	0	24
2023.02.21	20:00:00	1836.82	1837.37	1831.69	1834.83	11030	0	24
2023.02.22	00:00:00	1834.23	1838.41	1834.04	1836.20	6847	0	24
2023.02.22	04:00:00	1836.20	1837.46	1834.53	1836.87	8499	0	24
2023.02.22	08:00:00	1836.87	1841.06	1832.80	1833.88	13201	0	24
2023.02.22	12:00:00	1833.88	1845.89	1831.99	1838.56	17920	0	24
2023.02.22	16:00:00	1838.55	1839.01	1830.59	1833.07	22335	0	24
2023.02.22	20:00:00	1833.11	1834.11	1823.46	1825.12	16846	0	24
2023.02.23	00:00:00	1824.76	1828.75	1823.13	1827.70	5745	0	24
2023.02.23	04:00:00	1827.68	1830.41	1826.30	1828.83	7806	0	24
2023.02.23	08:00:00	1828.82	1833.69	1825.54	1826.22	12840	0	24
2023.02.23	12:00:00	1826.19	1828.40	1817.37	1825.39	16116	0	24
2023.02.23	16:00:00	1825.42	1830.04	1818.29	1821.15	25226	0	24
2023.02.23	20:00:00	1821.13	1824.07	1819.11	1822.20	10764	0	24
2023.02.24	00:00:00	1821.63	1827.02	1820.93	1825.90	8136	0	24
2023.02.24	04:00:00	1825.90	1827.71	1824.01	1824.56	9276	0	24
2023.02.24	08:00:00	1824.54	1826.19	1819.66	1821.55	13854	0	24
2023.02.24	12:00:00	1821.47	1824.07	1811.48	1815.47	18805	0	24
2023.02.24	16:00:00	1815.54	1815.81	1808.89	1809.83	24714	0	24
2023.02.24	20:00:00	1809.84	1813.35	1808.85	1810.80	10303	0	24
2023.02.27	00:00:00	1810.80	1814.12	1809.89	1813.77	7715	0	20
2023.02.27	04:00:00	1813.75	1813.88	1806.52	1808.64	11014	0	24
2023.02.27	08:00:00	1808.65	1813.67	1807.07	1808.39	14343	0	24
2023.02.27	12:00:00	1808.39	1816.21	1808.22	1815.13	16548	0	24
2023.02.27	16:00:00	1815.15	1819.96	1812.54	1818.51	20957	0	24
2023.02.27	20:00:00	1818.51	1820.07	1815.94	1817.15	11312	0	24
2023.02.28	00:00:00	1816.50	1818.05	1815.28	1817.23	5368	0	24
2023.02.28	04:00:00	1817.22	1819.36	1812.16	1813.33	8677	0	24
2023.02.28	08:00:00	1813.34	1816.91	1804.51	1810.31	14743	0	24
2023.02.28	12:00:00	1810.35	1814.11	1807.19	1813.96	14761	0	24
2023.02.28	16:00:00	1813.94	1831.07	1812.92	1829.21	24966	0	24
2023.02.28	20:00:00	1829.22	1830.73	1826.22	1826.55	12313	0	24
2023.03.01	00:00:00	1826.27	1829.36	1822.96	1829.03	6798	0	24
2023.03.01	04:00:00	1829.02	1832.61	1827.17	1831.06	9737	0	24
2023.03.01	08:00:00	1831.09	1837.87	1830.31	1831.63	14636	0	24
2023.03.01	12:00:00	1831.61	1841.57	1830.71	1837.17	17704	0	24
2023.03.01	16:00:00	1837.17	1844.41	1833.35	1837.10	26484	0	24
2023.03.01	20:00:00	1837.08	1839.01	1836.44	1836.48	10621	0	24
2023.03.02	00:00:00	1836.35	1838.44	1831.00	1833.02	7845	0	24
2023.03.02	04:00:00	1833.07	1835.92	1832.15	1833.54	9395	0	24
2023.03.02	08:00:00	1833.54	1835.14	1829.92	1831.87	14764	0	24
2023.03.02	12:00:00	1831.87	1837.46	1830.00	1832.14	18151	0	24
2023.03.02	16:00:00	1832.14	1838.87	1831.91	1833.68	22107	0	24
2023.03.02	20:00:00	1833.68	1837.98	1832.76	1835.54	12149	0	23
2023.03.03	00:00:00	1835.49	1841.42	1835.41	1838.71	8070	0	24
2023.03.03	04:00:00	1838.69	1841.03	1837.76	1838.98	9516	0	23
2023.03.03	08:00:00	1838.99	1847.32	1838.85	1845.71	13892	0	24
2023.03.03	12:00:00	1845.70	1849.12	1844.47	1846.89	15052	0	24
2023.03.03	16:00:00	1846.90	1848.22	1838.95	1847.27	22986	0	24
2023.03.03	20:00:00	1847.29	1856.23	1846.50	1854.68	10805	0	24
2023.03.06	00:00:00	1854.11	1855.40	1850.70	1852.49	7972	0	24
2023.03.06	04:00:00	1852.55	1856.39	1850.96	1854.23	9715	0	24
2023.03.06	08:00:00	1854.24	1858.20	1850.43	1851.31	14347	0	24
2023.03.06	12:00:00	1851.37	1853.18	1847.20	1851.48	15229	0	24
2023.03.06	16:00:00	1851.47	1853.89	1848.31	1850.27	21051	0	24
2023.03.06	20:00:00	1850.25	1850.28	1845.04	1846.60	10580	0	24
2023.03.07	00:00:00	1846.43	1848.41	1843.96	1847.82	6246	0	24
2023.03.07	04:00:00	1847.85	1850.39	1846.50	1847.37	9588	0	24
2023.03.07	08:00:00	1847.37	1851.55	1843.33	1843.75	12981	0	24
2023.03.07	12:00:00	1843.72	1844.26	1833.32	1835.36	15527	0	24
2023.03.07	16:00:00	1835.40	1835.45	1815.61	1816.99	30546	0	24
2023.03.07	20:00:00	1817.03	1818.03	1812.65	1813.08	13908	0	24
2023.03.08	00:00:00	1813.19	1814.41	1811.30	1812.26	7010	0	24
2023.03.08	04:00:00	1812.24	1812.91	1809.34	1812.03	9965	0	24
2023.03.08	08:00:00	1812.03	1815.15	1811.37	1813.69	12904	0	24
2023.03.08	12:00:00	1813.66	1816.55	1812.14	1813.57	14462	0	24
2023.03.08	16:00:00	1813.60	1824.20	1812.94	1815.51	25516	0	24
2023.03.08	20:00:00	1815.51	1816.31	1812.83	1813.65	10972	0	23
2023.03.09	00:00:00	1814.09	1816.39	1812.15	1812.27	6396	0	24
2023.03.09	04:00:00	1812.24	1815.96	1811.91	1814.99	8192	0	22
2023.03.09	08:00:00	1815.02	1819.05	1812.71	1816.93	11630	0	24
2023.03.09	12:00:00	1816.93	1825.28	1815.38	1825.10	13698	0	24
2023.03.09	16:00:00	1825.06	1835.59	1823.89	1829.26	24003	0	24
2023.03.09	20:00:00	1829.26	1834.93	1828.15	1830.70	15649	0	23
2023.03.10	00:00:00	1830.43	1834.81	1830.05	1831.04	9131	0	24
2023.03.10	04:00:00	1830.98	1833.16	1827.68	1830.96	13019	0	24
2023.03.10	08:00:00	1830.96	1837.21	1830.11	1831.55	15662	0	24
2023.03.10	12:00:00	1831.56	1844.92	1830.87	1842.40	18719	0	24
2023.03.10	16:00:00	1842.37	1867.28	1839.90	1864.20	36148	0	24
2023.03.10	20:00:00	1864.14	1869.96	1860.75	1869.68	16036	0	24
2023.03.13	00:00:00	1871.95	1894.12	1871.95	1873.02	23658	0	24
2023.03.13	04:00:00	1872.98	1888.81	1872.39	1877.85	18634	0	24
2023.03.13	08:00:00	1877.87	1893.70	1871.43	1885.84	25617	0	24
2023.03.13	12:00:00	1885.77	1909.62	1880.81	1896.60	37152	0	24
2023.03.13	16:00:00	1896.56	1912.99	1896.24	1909.64	33419	0	24
2023.03.13	20:00:00	1909.71	1914.56	1907.85	1913.44	14306	0	24
2023.03.14	00:00:00	1913.28	1914.08	1905.29	1906.04	12663	0	24
2023.03.14	04:00:00	1906.07	1907.92	1901.42	1904.04	13251	0	24
2023.03.14	08:00:00	1903.96	1913.34	1900.72	1901.25	25024	0	24
2023.03.14	12:00:00	1901.16	1911.84	1895.33	1902.27	28879	0	24
2023.03.14	16:00:00	1902.31	1910.13	1900.08	1906.78	26702	0	24
2023.03.14	20:00:00	1906.70	1909.71	1902.18	1903.81	13167	0	24
2023.03.15	00:00:00	1903.12	1905.04	1899.90	1903.63	9927	0	24
2023.03.15	04:00:00	1903.64	1905.56	1899.14	1900.14	10926	0	24
2023.03.15	08:00:00	1900.12	1902.34	1885.66	1896.29	21381	0	24
2023.03.15	12:00:00	1896.27	1930.28	1896.15	1926.12	37621	0	24
2023.03.15	16:00:00	1926.03	1937.24	1917.47	1924.34	33459	0	24
2023.03.15	20:00:00	1924.30	1926.24	1908.88	1918.05	15444	0	24
2023.03.16	00:00:00	1917.42	1924.38	1907.45	1911.02	16034	0	24
2023.03.16	04:00:00	1911.04	1920.15	1909.32	1919.82	15594	0	24
2023.03.16	08:00:00	1919.83	1922.50	1912.36	1921.71	22548	0	24
2023.03.16	12:00:00	1921.75	1933.31	1918.60	1923.70	27666	0	24
2023.03.16	16:00:00	1923.81	1932.29	1913.28	1916.19	33626	0	24
2023.03.16	20:00:00	1916.23	1921.04	1916.19	1919.30	9756	0	24
2023.03.17	00:00:00	1920.34	1922.75	1918.21	1922.73	10248	0	24
2023.03.17	04:00:00	1922.71	1932.82	1922.12	1929.41	14468	0	24
2023.03.17	08:00:00	1929.40	1934.25	1927.27	1932.17	18494	0	24
2023.03.17	12:00:00	1932.17	1952.07	1929.21	1950.56	25134	0	24
2023.03.17	16:00:00	1950.32	1975.06	1949.70	1972.71	30767	0	24
2023.03.17	20:00:00	1972.63	1989.11	1970.32	1988.89	18758	0	24
2023.03.20	00:00:00	1984.25	1990.49	1968.07	1969.59	20331	0	24
2023.03.20	04:00:00	1969.56	1988.60	1969.13	1988.07	17318	0	24
2023.03.20	08:00:00	1988.07	2009.70	1981.80	1984.86	31927	0	24
2023.03.20	12:00:00	1984.73	1988.54	1972.44	1977.86	31072	0	24
2023.03.20	16:00:00	1977.89	1980.89	1965.75	1977.43	28468	0	24
2023.03.20	20:00:00	1977.52	1984.27	1976.09	1978.57	9656	0	24
2023.03.21	00:00:00	1978.05	1982.87	1975.33	1980.07	9715	0	24
2023.03.21	04:00:00	1980.04	1985.11	1979.13	1982.40	11024	0	24
2023.03.21	08:00:00	1982.45	1983.16	1962.85	1968.89	20575	0	22
2023.03.21	12:00:00	1968.87	1969.34	1951.94	1952.79	23761	0	24
2023.03.21	16:00:00	1952.71	1954.89	1936.62	1941.38	28340	0	24
2023.03.21	20:00:00	1941.41	1942.10	1935.36	1940.34	9386	0	24
2023.03.22	00:00:00	1939.55	1946.17	1938.94	1943.84	10194	0	24
2023.03.22	04:00:00	1943.81	1943.81	1937.84	1939.76	12845	0	24
2023.03.22	08:00:00	1939.71	1945.57	1934.18	1943.98	17980	0	24
2023.03.22	12:00:00	1943.97	1945.24	1937.01	1942.83	22390	0	24
2023.03.22	16:00:00	1942.83	1951.80	1942.55	1945.94	22527	0	24
2023.03.22	20:00:00	1946.07	1978.67	1946.07	1969.63	22252	0	24
2023.03.23	00:00:00	1969.89	1973.68	1964.46	1969.03	14308	0	22
2023.03.23	04:00:00	1969.02	1980.84	1968.82	1977.00	17618	0	24
2023.03.23	08:00:00	1976.99	1983.53	1974.17	1977.99	21368	0	24
2023.03.23	12:00:00	1978.01	1984.97	1966.47	1983.98	23807	0	24
2023.03.23	16:00:00	1984.10	1999.65	1977.62	1999.54	27947	0	24
2023.03.23	20:00:00	1999.56	2003.23	1988.03	1993.66	18796	0	24
2023.03.24	00:00:00	1993.12	1994.75	1989.63	1990.65	12768	0	22
2023.03.24	04:00:00	1990.69	1993.41	1989.38	1990.38	15297	0	24
2023.03.24	08:00:00	1990.37	1994.84	1981.17	1994.32	20774	0	24
2023.03.24	12:00:00	1994.32	2002.89	1988.57	1989.47	30541	0	24
2023.03.24	16:00:00	1989.44	1998.31	1975.57	1979.70	31692	0	24
2023.03.24	20:00:00	1979.67	1979.84	1975.06	1978.42	11674	0	24
2023.03.27	00:00:00	1979.33	1979.86	1969.29	1973.58	9123	0	24
2023.03.27	04:00:00	1973.62	1978.68	1972.07	1973.65	15832	0	24
2023.03.27	08:00:00	1973.69	1973.81	1965.84	1968.30	19305	0	24
2023.03.27	12:00:00	1968.34	1968.65	1944.32	1945.65	21859	0	24
2023.03.27	16:00:00	1945.64	1959.35	1943.96	1955.80	23900	0	24
2023.03.27	20:00:00	1955.78	1958.14	1950.69	1956.37	13254	0	24
2023.03.28	00:00:00	1955.46	1960.60	1955.46	1959.28	6194	0	24
2023.03.28	04:00:00	1959.31	1963.92	1957.35	1957.71	14118	0	24
2023.03.28	08:00:00	1957.71	1960.73	1949.70	1950.20	18448	0	24
2023.03.28	12:00:00	1950.20	1967.31	1949.10	1965.19	18232	0	24
2023.03.28	16:00:00	1965.19	1969.95	1958.86	1968.95	23812	0	24
2023.03.28	20:00:00	1968.95	1975.20	1968.80	1973.49	13971	0	24
2023.03.29	00:00:00	1972.84	1974.34	1969.97	1970.40	5466	0	24
2023.03.29	04:00:00	1970.40	1971.79	1965.77	1966.12	13299	0	24
2023.03.29	08:00:00	1966.13	1967.58	1958.58	1964.22	15251	0	24
2023.03.29	12:00:00	1964.21	1969.08	1962.34	1964.76	15990	0	24
2023.03.29	16:00:00	1964.79	1971.67	1960.60	1964.99	22172	0	24
2023.03.29	20:00:00	1964.99	1969.10	1961.04	1964.26	10883	0	21
2023.03.30	00:00:00	1963.25	1964.83	1960.70	1961.37	5513	0	24
2023.03.30	04:00:00	1961.38	1961.90	1955.29	1960.78	13172	0	24
2023.03.30	08:00:00	1960.78	1971.46	1960.16	1967.84	17490	0	24
2023.03.30	12:00:00	1967.85	1975.22	1966.84	1970.25	16007	0	24
2023.03.30	16:00:00	1970.20	1984.20	1963.89	1983.07	24316	0	24
2023.03.30	20:00:00	1983.10	1983.36	1978.10	1980.12	10977	0	24
2023.03.31	00:00:00	1979.66	1980.43	1977.57	1979.56	6019	0	24
2023.03.31	04:00:00	1979.56	1983.54	1979.03	1980.78	13149	0	24
2023.03.31	08:00:00	1980.76	1984.96	1973.12	1975.08	15721	0	24
2023.03.31	12:00:00	1975.09	1987.55	1975.09	1979.53	17916	0	24
2023.03.31	16:00:00	1979.54	1984.02	1974.84	1977.04	24434	0	24
2023.03.31	20:00:00	1977.04	1977.14	1966.78	1970.21	14219	0	24
2023.04.03	00:00:00	1972.11	1972.24	1956.70	1962.39	10806	0	24
2023.04.03	04:00:00	1962.37	1964.45	1949.69	1952.50	16923	0	24
2023.04.03	08:00:00	1952.54	1966.38	1950.75	1965.70	16992	0	24
2023.04.03	12:00:00	1965.71	1979.83	1963.02	1978.94	19292	0	24
2023.04.03	16:00:00	1978.95	1990.41	1972.33	1986.91	26711	0	24
2023.04.03	20:00:00	1986.91	1986.92	1981.80	1984.30	13772	0	24
2023.04.04	00:00:00	1983.70	1985.43	1982.12	1982.79	4810	0	24
2023.04.04	04:00:00	1982.84	1983.55	1977.75	1979.68	13447	0	24
2023.04.04	08:00:00	1979.67	1984.14	1976.88	1980.58	16431	0	24
2023.04.04	12:00:00	1980.57	1985.61	1978.41	1983.59	16596	0	24
2023.04.04	16:00:00	1983.55	2024.90	1983.37	2020.66	31332	0	24
2023.04.04	20:00:00	2020.67	2022.38	2017.76	2020.42	13985	0	24
2023.04.05	00:00:00	2020.00	2023.54	2019.33	2019.47	7176	0	24
2023.04.05	04:00:00	2019.48	2025.24	2019.48	2023.33	12786	0	24
2023.04.05	08:00:00	2023.31	2028.31	2022.71	2023.96	14394	0	24
2023.04.05	12:00:00	2023.97	2031.93	2021.46	2031.47	17337	0	24
2023.04.05	16:00:00	2031.64	2031.98	2009.91	2021.29	30314	0	24
2023.04.05	20:00:00	2021.28	2023.22	2019.00	2020.63	11269	0	24
2023.04.06	00:00:00	2020.51	2021.32	2016.95	2017.00	5051	0	24
2023.04.06	04:00:00	2016.98	2017.07	2007.77	2013.52	15195	0	24
2023.04.06	08:00:00	2013.53	2019.55	2011.75	2017.29	15820	0	24
2023.04.06	12:00:00	2017.30	2020.88	2011.14	2012.85	16673	0	24
2023.04.06	16:00:00	2012.75	2014.89	2000.78	2011.62	25228	0	24
2023.04.06	20:00:00	2011.79	2012.43	2005.67	2007.16	12043	0	24
2023.04.10	00:00:00	1992.86	2006.46	1989.43	1998.25	7516	0	24
2023.04.10	04:00:00	1998.29	2000.62	1988.81	1992.12	14424	0	24
2023.04.10	08:00:00	1992.06	1999.28	1991.28	1997.24	10981	0	24
2023.04.10	12:00:00	1997.23	2002.92	1989.06	1989.42	15666	0	24
2023.04.10	16:00:00	1989.42	1994.26	1981.60	1989.70	23774	0	24
2023.04.10	20:00:00	1989.62	1992.74	1987.53	1991.12	10727	0	22
2023.04.11	00:00:00	1991.06	1995.36	1990.23	1993.12	5200	0	22
2023.04.11	04:00:00	1993.14	1999.96	1988.77	1999.74	12918	0	24
2023.04.11	08:00:00	1999.75	2007.38	1997.69	2004.53	14767	0	24
2023.04.11	12:00:00	2004.52	2005.32	1998.31	1998.49	14929	0	24
2023.04.11	16:00:00	1998.51	2006.54	1995.50	2006.13	21252	0	24
2023.04.11	20:00:00	2006.14	2006.66	2000.91	2003.43	9793	0	24
2023.04.12	00:00:00	2003.05	2005.42	2002.88	2005.36	3005	0	24
2023.04.12	04:00:00	2005.36	2021.04	2003.86	2020.26	13046	0	24
2023.04.12	08:00:00	2020.32	2020.80	2008.90	2008.99	14583	0	24
2023.04.12	12:00:00	2008.97	2028.25	2006.20	2022.16	16762	0	24
2023.04.12	16:00:00	2022.16	2023.76	2001.12	2007.80	29258	0	24
2023.04.12	20:00:00	2007.80	2018.01	2006.57	2014.69	15230	0	24
2023.04.13	00:00:00	2014.32	2019.73	2013.59	2017.82	5615	0	24
2023.04.13	04:00:00	2017.80	2019.36	2015.62	2018.41	11657	0	24
2023.04.13	08:00:00	2018.44	2029.13	2015.18	2026.52	15423	0	24
2023.04.13	12:00:00	2026.48	2045.70	2024.92	2044.99	16678	0	24
2023.04.13	16:00:00	2045.11	2048.60	2033.58	2040.11	27078	0	24
2023.04.13	20:00:00	2040.12	2044.02	2036.58	2040.02	12881	0	24
2023.04.14	00:00:00	2039.86	2043.52	2038.53	2041.79	4695	0	24
2023.04.14	04:00:00	2041.78	2047.34	2041.03	2043.13	14039	0	24
2023.04.14	08:00:00	2043.15	2044.25	2031.72	2035.70	18535	0	24
2023.04.14	12:00:00	2035.66	2042.14	2017.15	2024.60	21940	0	24
2023.04.14	16:00:00	2024.40	2028.00	1992.31	1999.48	33169	0	24
2023.04.14	20:00:00	1999.48	2007.93	1998.51	2005.00	12710	0	24
2023.04.17	00:00:00	1999.96	2004.95	1997.95	2002.02	6634	0	24
2023.04.17	04:00:00	2002.09	2006.15	1995.39	2004.31	14536	0	24
2023.04.17	08:00:00	2004.31	2014.99	2003.70	2009.83	18522	0	24
2023.04.17	12:00:00	2009.83	2012.06	1999.08	2000.48	18820	0	24
2023.04.17	16:00:00	2000.53	2002.10	1981.10	1991.49	28503	0	24
2023.04.17	20:00:00	1991.46	1997.06	1991.26	1995.01	10403	0	24
2023.04.18	00:00:00	1994.80	1996.02	1993.25	1995.14	4652	0	22
2023.04.18	04:00:00	1995.12	2001.75	1994.44	1998.31	13926	0	24
2023.04.18	08:00:00	1998.34	2005.08	1996.38	2003.14	16261	0	24
2023.04.18	12:00:00	2003.11	2005.79	1999.01	2001.17	18202	0	24
2023.04.18	16:00:00	2001.27	2011.78	1991.17	2007.04	28347	0	24
2023.04.18	20:00:00	2007.08	2008.19	2003.34	2005.13	11014	0	24
2023.04.19	00:00:00	2004.54	2007.39	2004.46	2007.29	5066	0	22
2023.04.19	04:00:00	2007.28	2008.11	2001.92	2003.86	13846	0	22
2023.04.19	08:00:00	2003.82	2004.19	1976.54	1980.02	22583	0	24
2023.04.19	12:00:00	1979.97	1980.42	1969.15	1980.20	25782	0	24
2023.04.19	16:00:00	1980.20	1996.37	1979.27	1995.91	25825	0	24
2023.04.19	20:00:00	1995.89	1996.76	1993.56	1994.61	12600	0	24
2023.04.20	00:00:00	1994.40	1996.62	1993.11	1995.60	6348	0	22
2023.04.20	04:00:00	1995.55	1998.62	1990.44	1992.63	15785	0	24
2023.04.20	08:00:00	1992.63	2001.11	1991.33	1996.63	18692	0	24
2023.04.20	12:00:00	1996.58	2011.27	1992.30	2006.70	21225	0	24
2023.04.20	16:00:00	2006.72	2012.28	1998.87	2005.76	26713	0	24
2023.04.20	20:00:00	2005.75	2008.28	2002.16	2004.64	11921	0	24
2023.04.21	00:00:00	2003.97	2005.46	2001.76	2004.53	5871	0	22
2023.04.21	04:00:00	2004.53	2005.14	2000.26	2000.51	12073	0	24
2023.04.21	08:00:00	2000.52	2000.94	1981.89	1988.22	21020	0	24
2023.04.21	12:00:00	1988.22	1992.40	1982.13	1988.89	21094	0	24
2023.04.21	16:00:00	1988.88	1997.91	1971.54	1977.41	29935	0	24
2023.04.21	20:00:00	1977.36	1982.90	1977.31	1982.67	8142	0	24
2023.04.24	00:00:00	1980.37	1985.27	1980.12	1983.76	5847	0	22
2023.04.24	04:00:00	1983.75	1984.51	1978.13	1979.49	18161	0	24
2023.04.24	08:00:00	1979.49	1985.18	1976.39	1984.99	19570	0	24
2023.04.24	12:00:00	1985.02	1986.85	1980.95	1983.77	18349	0	24
2023.04.24	16:00:00	1983.77	1987.64	1974.04	1986.57	25519	0	24
2023.04.24	20:00:00	1986.57	1990.78	1986.51	1988.94	10711	0	24
2023.04.25	00:00:00	1988.69	2000.87	1988.60	1996.78	6280	0	24
2023.04.25	04:00:00	1996.91	2000.52	1990.90	1991.03	17526	0	24
2023.04.25	08:00:00	1991.03	1997.18	1986.89	1988.46	19312	0	24
2023.04.25	12:00:00	1988.47	1994.44	1976.04	1992.90	25543	0	24
2023.04.25	16:00:00	1992.82	1993.59	1983.32	1990.48	26472	0	24
2023.04.25	20:00:00	1990.52	2003.75	1989.88	1996.98	16185	0	24
2023.04.26	00:00:00	1997.05	2002.38	1995.83	1997.72	7411	0	24
2023.04.26	04:00:00	1997.74	2000.74	1993.15	1995.49	16901	0	24
2023.04.26	08:00:00	1995.49	1999.24	1994.33	1997.59	17737	0	24
2023.04.26	12:00:00	1997.61	2001.65	1991.36	1997.90	22737	0	24
2023.04.26	16:00:00	1997.85	2009.25	1985.37	1986.52	32712	0	24
2023.04.26	20:00:00	1986.55	1991.58	1983.33	1989.22	19790	0	24
2023.04.27	00:00:00	1988.86	1992.14	1988.86	1991.45	5467	0	24
2023.04.27	04:00:00	1991.47	2000.82	1989.50	1999.60	16394	0	24
2023.04.27	08:00:00	1999.58	2003.16	1997.34	1998.12	18886	0	22
2023.04.27	12:00:00	1998.11	2003.11	1981.81	1985.83	22283	0	24
2023.04.27	16:00:00	1985.80	1988.79	1974.13	1984.21	30178	0	24
2023.04.27	20:00:00	1984.20	1991.01	1983.56	1987.67	17285	0	24
2023.04.28	00:00:00	1987.49	1988.00	1985.55	1985.88	5990	0	24
2023.04.28	04:00:00	1985.87	1991.37	1984.86	1987.28	20559	0	24
2023.04.28	08:00:00	1987.29	1989.59	1979.74	1983.40	23711	0	24
2023.04.28	12:00:00	1983.40	1987.52	1976.19	1984.24	21846	0	24
2023.04.28	16:00:00	1984.15	1994.91	1982.01	1991.43	28731	0	24
2023.04.28	20:00:00	1991.43	1992.76	1987.40	1989.20	11947	0	24
2023.05.01	00:00:00	1991.06	1991.72	1983.57	1983.82	6620	0	31
2023.05.01	04:00:00	1983.81	1986.28	1980.47	1984.07	11424	0	34
2023.05.01	08:00:00	1984.09	1984.09	1977.06	1977.23	12043	0	24
2023.05.01	12:00:00	1977.23	2005.20	1976.96	2003.87	18625	0	24
2023.05.01	16:00:00	2004.26	2005.92	1979.83	1981.54	27390	0	24
2023.05.01	20:00:00	1981.54	1983.86	1979.41	1982.36	13279	0	24
2023.05.02	00:00:00	1981.16	1983.54	1980.64	1982.03	4537	0	34
2023.05.02	04:00:00	1982.06	1985.10	1981.23	1982.08	11931	0	34
2023.05.02	08:00:00	1982.09	1985.67	1978.40	1981.25	16247	0	24
2023.05.02	12:00:00	1981.24	1990.11	1980.50	1985.58	19564	0	24
2023.05.02	16:00:00	1985.62	2019.31	1984.42	2015.03	35388	0	24
2023.05.02	20:00:00	2015.01	2018.29	2011.14	2016.50	17055	0	24
2023.05.03	00:00:00	2016.31	2016.88	2014.12	2016.27	3857	0	34
2023.05.03	04:00:00	2016.27	2019.38	2015.71	2015.90	8909	0	34
2023.05.03	08:00:00	2015.88	2018.65	2012.61	2015.57	14362	0	17
2023.05.03	12:00:00	2015.53	2017.40	2006.86	2013.62	19194	0	24
2023.05.03	16:00:00	2013.64	2026.76	2011.80	2023.99	28445	0	24
2023.05.03	20:00:00	2023.96	2040.29	2016.96	2038.46	28569	0	24
2023.05.04	00:00:00	2042.66	2078.20	2042.00	2054.26	11446	0	29
2023.05.04	04:00:00	2054.27	2054.76	2038.25	2044.21	15243	0	34
2023.05.04	08:00:00	2044.19	2045.29	2030.32	2034.42	19822	0	24
2023.05.04	12:00:00	2034.33	2044.80	2033.62	2036.88	23900	0	24
2023.05.04	16:00:00	2036.87	2059.48	2032.01	2050.72	38605	0	22
2023.05.04	20:00:00	2050.52	2050.93	2044.39	2050.08	24594	0	24
2023.05.05	00:00:00	2049.11	2049.99	2047.41	2048.83	4207	0	32
2023.05.05	04:00:00	2048.82	2052.89	2045.36	2048.41	10994	0	34
2023.05.05	08:00:00	2048.42	2049.48	2038.85	2039.77	17786	0	24
2023.05.05	12:00:00	2039.81	2040.15	2007.74	2010.27	23886	0	24
2023.05.05	16:00:00	2010.35	2018.66	1999.40	2017.00	38133	0	24
2023.05.05	20:00:00	2017.00	2018.72	2013.42	2017.78	15437	0	24
2023.05.08	00:00:00	2016.02	2018.55	2014.15	2017.95	5516	0	34
2023.05.08	04:00:00	2017.96	2024.46	2015.04	2023.56	13187	0	34
2023.05.08	08:00:00	2023.56	2024.54	2019.91	2022.40	12924	0	24
2023.05.08	12:00:00	2022.41	2026.86	2021.42	2025.96	15984	0	24
2023.05.08	16:00:00	2026.01	2029.28	2017.78	2027.05	26685	0	24
2023.05.08	20:00:00	2027.06	2027.83	2020.12	2021.31	13814	0	24
2023.05.09	00:00:00	2020.44	2022.33	2019.49	2020.07	4927	0	24
2023.05.09	04:00:00	2020.02	2026.70	2019.76	2025.57	10827	0	24
2023.05.09	08:00:00	2025.57	2028.67	2021.34	2025.27	16573	0	24
2023.05.09	12:00:00	2025.36	2032.74	2024.77	2026.84	17971	0	24
2023.05.09	16:00:00	2026.90	2032.58	2022.86	2030.89	24743	0	24
2023.05.09	20:00:00	2030.90	2037.52	2030.69	2034.34	12050	0	24
2023.05.10	00:00:00	2033.90	2038.08	2033.75	2036.36	4736	0	34
2023.05.10	04:00:00	2036.39	2036.95	2029.62	2030.61	10512	0	34
2023.05.10	08:00:00	2030.62	2032.88	2026.20	2028.43	15915	0	24
2023.05.10	12:00:00	2028.40	2048.10	2024.94	2045.47	21423	0	24
2023.05.10	16:00:00	2045.52	2046.64	2021.42	2027.73	37427	0	24
2023.05.10	20:00:00	2027.76	2034.07	2027.30	2030.01	19328	0	24
2023.05.11	00:00:00	2029.45	2035.31	2029.19	2035.17	4403	0	34
2023.05.11	04:00:00	2035.20	2036.29	2029.97	2030.97	12711	0	34
2023.05.11	08:00:00	2031.01	2033.02	2021.70	2022.44	17542	0	24
2023.05.11	12:00:00	2022.44	2041.23	2021.61	2037.37	25298	0	24
2023.05.11	16:00:00	2037.38	2038.01	2011.09	2015.62	34378	0	24
2023.05.11	20:00:00	2015.62	2017.58	2013.40	2014.90	17404	0	24
2023.05.12	00:00:00	2014.40	2017.42	2014.23	2015.73	5148	0	34
2023.05.12	04:00:00	2015.71	2016.24	2008.46	2011.76	15718	0	34
2023.05.12	08:00:00	2011.76	2012.51	2005.47	2006.56	18197	0	24
2023.05.12	12:00:00	2006.55	2015.72	2000.80	2014.08	19766	0	24
2023.05.12	16:00:00	2014.07	2022.43	2008.32	2013.52	26205	0	24
2023.05.12	20:00:00	2013.73	2016.33	2010.62	2010.73	10355	0	24
2023.05.15	00:00:00	2007.88	2011.94	2007.03	2011.83	4776	0	34
2023.05.15	04:00:00	2011.86	2018.74	2011.86	2014.11	13330	0	34
2023.05.15	08:00:00	2014.10	2020.81	2013.09	2017.27	17169	0	24
2023.05.15	12:00:00	2017.26	2019.15	2011.45	2017.01	15495	0	24
2023.05.15	16:00:00	2017.01	2022.04	2013.26	2020.16	20792	0	24
2023.05.15	20:00:00	2020.14	2021.32	2014.33	2016.27	9578	0	24
2023.05.16	00:00:00	2015.09	2016.50	2013.58	2015.59	4011	0	34
2023.05.16	04:00:00	2015.58	2018.18	2014.67	2016.10	10973	0	34
2023.05.16	08:00:00	2016.11	2017.57	2002.57	2010.04	18974	0	24
2023.05.16	12:00:00	2010.04	2014.82	2001.10	2011.97	18235	0	24
2023.05.16	16:00:00	2011.89	2012.40	1987.40	1987.51	30618	0	24
2023.05.16	20:00:00	1987.51	1991.13	1985.39	1988.77	15845	0	24
2023.05.17	00:00:00	1988.35	1992.87	1987.89	1991.98	4024	0	26
2023.05.17	04:00:00	1991.95	1992.89	1989.81	1991.33	12754	0	25
2023.05.17	08:00:00	1991.33	1991.64	1985.86	1986.07	15975	0	24
2023.05.17	12:00:00	1986.05	1988.83	1981.75	1984.79	17190	0	24
2023.05.17	16:00:00	1984.80	1987.89	1974.94	1983.77	27106	0	24
2023.05.17	20:00:00	1983.84	1984.49	1980.32	1981.44	14947	0	24
2023.05.18	00:00:00	1981.38	1983.62	1980.45	1983.43	3483	0	26
2023.05.18	04:00:00	1983.37	1985.86	1979.38	1979.74	11856	0	34
2023.05.18	08:00:00	1979.76	1981.40	1972.14	1975.26	17302	0	24
2023.05.18	12:00:00	1975.31	1978.82	1966.13	1966.94	16993	0	24
2023.05.18	16:00:00	1966.97	1968.12	1951.88	1955.59	29942	0	24
2023.05.18	20:00:00	1955.60	1958.84	1953.87	1957.33	13957	0	24
2023.05.19	00:00:00	1957.28	1959.66	1957.13	1957.58	3637	0	24
2023.05.19	04:00:00	1957.57	1964.11	1953.96	1962.48	12357	0	24
2023.05.19	08:00:00	1962.50	1968.68	1960.58	1964.61	15281	0	24
2023.05.19	12:00:00	1964.63	1968.17	1960.26	1960.80	17486	0	24
2023.05.19	16:00:00	1960.72	1984.08	1957.06	1978.26	30453	0	24
2023.05.19	20:00:00	1978.27	1983.17	1974.20	1976.15	12500	0	24
2023.05.22	00:00:00	1976.85	1981.37	1976.85	1980.87	5270	0	34
2023.05.22	04:00:00	1980.98	1982.29	1975.80	1976.18	14211	0	34
2023.05.22	08:00:00	1976.17	1980.71	1971.14	1980.67	17465	0	24
2023.05.22	12:00:00	1980.68	1982.49	1969.70	1975.41	18208	0	24
2023.05.22	16:00:00	1975.43	1978.61	1968.82	1974.47	25800	0	24
2023.05.22	20:00:00	1974.46	1978.83	1971.42	1971.57	12628	0	24
2023.05.23	00:00:00	1971.23	1972.46	1966.69	1967.13	5079	0	34
2023.05.23	04:00:00	1967.11	1968.44	1960.14	1963.25	16203	0	34
2023.05.23	08:00:00	1963.23	1964.50	1954.16	1959.78	18769	0	24
2023.05.23	12:00:00	1959.75	1962.60	1954.40	1958.73	18869	0	24
2023.05.23	16:00:00	1958.77	1974.57	1958.77	1973.03	31592	0	24
2023.05.23	20:00:00	1973.11	1977.61	1971.41	1974.85	19249	0	24
2023.05.24	00:00:00	1974.64	1977.16	1974.33	1974.95	4315	0	34
2023.05.24	04:00:00	1974.95	1978.59	1972.63	1977.52	13093	0	34
2023.05.24	08:00:00	1977.57	1980.44	1970.62	1976.25	17196	0	24
2023.05.24	12:00:00	1976.25	1985.18	1973.90	1979.81	18548	0	24
2023.05.24	16:00:00	1979.81	1980.78	1956.62	1958.98	29409	0	24
2023.05.24	20:00:00	1958.98	1965.16	1956.99	1957.17	16938	0	24
2023.05.25	00:00:00	1956.30	1961.74	1956.30	1959.28	6110	0	34
2023.05.25	04:00:00	1959.28	1960.02	1954.95	1957.77	15081	0	34
2023.05.25	08:00:00	1957.76	1964.71	1954.86	1962.04	17227	0	24
2023.05.25	12:00:00	1961.95	1963.89	1939.14	1943.57	20918	0	24
2023.05.25	16:00:00	1943.53	1953.97	1942.88	1943.54	30636	0	24
2023.05.25	20:00:00	1943.52	1944.95	1938.80	1940.66	14351	0	24
2023.05.26	00:00:00	1940.51	1943.08	1936.60	1940.80	6005	0	34
2023.05.26	04:00:00	1940.85	1948.83	1940.29	1947.80	14253	0	34
2023.05.26	08:00:00	1947.81	1957.17	1946.88	1952.52	16812	0	24
2023.05.26	12:00:00	1952.54	1954.10	1944.24	1947.30	16412	0	24
2023.05.26	16:00:00	1947.30	1951.76	1938.71	1944.01	28562	0	24
2023.05.26	20:00:00	1944.03	1947.33	1942.97	1947.14	9377	0	24
2023.05.29	00:00:00	1942.05	1946.09	1940.91	1941.48	4484	0	32
2023.05.29	04:00:00	1941.48	1946.08	1940.16	1945.69	10929	0	34
2023.05.29	08:00:00	1945.72	1948.79	1940.67	1945.23	13524	0	24
2023.05.29	12:00:00	1945.23	1949.65	1944.17	1948.78	12317	0	24
2023.05.29	16:00:00	1948.82	1949.52	1943.04	1943.43	12387	0	24
2023.05.29	20:00:00	1943.43	1943.94	1942.72	1942.87	564	0	24
2023.05.30	00:00:00	1944.03	1944.12	1940.91	1942.58	5359	0	34
2023.05.30	04:00:00	1942.57	1946.56	1937.85	1938.89	16741	0	34
2023.05.30	08:00:00	1938.88	1946.85	1931.91	1944.95	21513	0	24
2023.05.30	12:00:00	1944.93	1962.23	1942.35	1956.38	21987	0	24
2023.05.30	16:00:00	1956.36	1963.44	1950.87	1959.74	24058	0	24
2023.05.30	20:00:00	1959.75	1960.74	1957.66	1959.27	9618	0	24
2023.05.31	00:00:00	1958.27	1959.95	1957.38	1959.51	4590	0	34
2023.05.31	04:00:00	1959.52	1960.41	1953.57	1959.99	15001	0	34
2023.05.31	08:00:00	1959.99	1965.22	1955.19	1955.30	19044	0	24
2023.05.31	12:00:00	1955.30	1963.42	1954.81	1962.65	17062	0	24
2023.05.31	16:00:00	1962.64	1974.70	1960.44	1965.10	27387	0	24
2023.05.31	20:00:00	1965.13	1968.65	1962.32	1962.56	15470	0	24
2023.06.01	00:00:00	1962.19	1967.30	1962.17	1965.84	5294	0	34
2023.06.01	04:00:00	1965.83	1967.38	1961.91	1963.90	15051	0	34
2023.06.01	08:00:00	1963.88	1965.73	1953.29	1955.84	17347	0	24
2023.06.01	12:00:00	1955.82	1968.37	1955.26	1968.27	20721	0	24
2023.06.01	16:00:00	1968.29	1983.01	1965.96	1978.35	29621	0	24
2023.06.01	20:00:00	1978.34	1978.70	1975.60	1977.40	12318	0	24
2023.06.02	00:00:00	1976.31	1977.60	1975.41	1975.75	4259	0	32
2023.06.02	04:00:00	1975.74	1983.32	1973.93	1979.62	15869	0	34
2023.06.02	08:00:00	1979.58	1981.83	1974.94	1979.04	16773	0	24
2023.06.02	12:00:00	1979.09	1981.06	1968.60	1970.87	18027	0	24
2023.06.02	16:00:00	1970.86	1976.52	1952.14	1952.18	29496	0	24
2023.06.02	20:00:00	1952.21	1953.70	1948.00	1948.64	11648	0	24
2023.06.05	00:00:00	1946.48	1950.02	1945.59	1946.36	6406	0	34
2023.06.05	04:00:00	1946.35	1948.18	1943.91	1945.84	15188	0	34
2023.06.05	08:00:00	1945.92	1946.48	1938.49	1942.26	16408	0	24
2023.06.05	12:00:00	1942.25	1945.83	1938.06	1942.88	16136	0	24
2023.06.05	16:00:00	1942.84	1961.83	1942.63	1958.16	24531	0	24
2023.06.05	20:00:00	1958.18	1963.93	1957.22	1961.69	13128	0	24
2023.06.06	00:00:00	1960.60	1963.07	1960.47	1961.02	4982	0	34
2023.06.06	04:00:00	1961.06	1964.46	1958.94	1961.12	14362	0	34
2023.06.06	08:00:00	1961.12	1962.62	1956.78	1960.23	18324	0	24
2023.06.06	12:00:00	1960.24	1966.27	1959.79	1961.89	18348	0	24
2023.06.06	16:00:00	1961.82	1966.28	1954.30	1963.54	24162	0	24
2023.06.06	20:00:00	1963.54	1966.00	1962.25	1963.20	9987	0	24
2023.06.07	00:00:00	1963.35	1965.01	1962.67	1964.76	4000	0	34
2023.06.07	04:00:00	1964.78	1966.59	1962.83	1964.41	11948	0	34
2023.06.07	08:00:00	1964.40	1964.90	1954.89	1961.50	16784	0	24
2023.06.07	12:00:00	1961.54	1966.34	1957.09	1958.50	19247	0	24
2023.06.07	16:00:00	1958.43	1970.10	1940.80	1942.12	32154	0	24
2023.06.07	20:00:00	1942.13	1946.51	1939.77	1939.84	16556	0	24
2023.06.08	00:00:00	1940.31	1946.19	1939.50	1946.10	5800	0	34
2023.06.08	04:00:00	1946.11	1947.21	1944.38	1946.49	13197	0	34
2023.06.08	08:00:00	1946.49	1949.02	1942.70	1948.26	16182	0	24
2023.06.08	12:00:00	1948.25	1959.89	1944.85	1959.22	18122	0	24
2023.06.08	16:00:00	1959.27	1970.40	1957.06	1966.24	29882	0	24
2023.06.08	20:00:00	1966.24	1966.57	1961.70	1965.49	13700	0	24
2023.06.09	00:00:00	1965.67	1966.32	1963.26	1963.27	4142	0	34
2023.06.09	04:00:00	1963.31	1965.61	1962.29	1963.02	11892	0	34
2023.06.09	08:00:00	1963.04	1966.02	1960.58	1962.08	14208	0	24
2023.06.09	12:00:00	1962.06	1972.99	1961.57	1962.88	18612	0	24
2023.06.09	16:00:00	1962.85	1968.03	1956.54	1961.14	26557	0	24
2023.06.09	20:00:00	1961.10	1962.75	1959.59	1959.86	10814	0	24
2023.06.12	00:00:00	1960.19	1960.37	1957.89	1958.22	4861	0	34
2023.06.12	04:00:00	1958.16	1959.39	1954.13	1956.85	12238	0	34
2023.06.12	08:00:00	1956.89	1965.38	1956.43	1964.80	17622	0	24
2023.06.12	12:00:00	1964.81	1966.90	1961.00	1962.70	16292	0	24
2023.06.12	16:00:00	1962.75	1963.95	1949.12	1954.12	25921	0	24
2023.06.12	20:00:00	1954.07	1958.64	1953.13	1957.36	12467	0	24
2023.06.13	00:00:00	1957.09	1960.84	1956.71	1957.85	3726	0	34
2023.06.13	04:00:00	1957.84	1962.10	1955.80	1960.83	12489	0	34
2023.06.13	08:00:00	1960.82	1965.30	1958.15	1964.11	15272	0	24
2023.06.13	12:00:00	1964.12	1970.66	1950.09	1961.29	17269	0	24
2023.06.13	16:00:00	1961.28	1965.83	1941.97	1944.87	28304	0	24
2023.06.13	20:00:00	1944.86	1946.56	1939.93	1943.38	14776	0	24
2023.06.14	00:00:00	1942.78	1945.52	1942.08	1944.35	4333	0	29
2023.06.14	04:00:00	1944.36	1949.42	1943.97	1948.73	10512	0	34
2023.06.14	08:00:00	1948.73	1951.45	1945.17	1949.77	14176	0	24
2023.06.14	12:00:00	1949.78	1960.16	1945.71	1957.08	16910	0	24
2023.06.14	16:00:00	1956.88	1959.19	1954.84	1955.02	20896	0	24
2023.06.14	20:00:00	1955.00	1955.74	1939.58	1941.74	23598	0	24
2023.06.15	00:00:00	1942.16	1945.20	1936.13	1939.10	5941	0	34
2023.06.15	04:00:00	1939.09	1939.11	1932.27	1934.38	15771	0	34
2023.06.15	08:00:00	1934.38	1939.65	1928.87	1931.56	20449	0	24
2023.06.15	12:00:00	1931.58	1936.68	1924.59	1933.36	21640	0	24
2023.06.15	16:00:00	1933.37	1960.13	1933.28	1959.44	28455	0	24
2023.06.15	20:00:00	1959.45	1960.19	1956.86	1957.89	13051	0	24
2023.06.16	00:00:00	1957.49	1959.31	1956.49	1956.78	3890	0	34
2023.06.16	04:00:00	1956.80	1961.97	1954.85	1955.33	12314	0	34
2023.06.16	08:00:00	1955.33	1963.93	1954.53	1963.05	16959	0	24
2023.06.16	12:00:00	1963.07	1967.83	1962.32	1962.51	18811	0	24
2023.06.16	16:00:00	1962.53	1965.96	1953.19	1955.17	30306	0	24
2023.06.16	20:00:00	1955.13	1959.69	1955.11	1955.66	10701	0	24
2023.06.19	00:00:00	1955.44	1958.60	1955.44	1956.52	4004	0	34
2023.06.19	04:00:00	1956.58	1958.23	1953.88	1956.92	10109	0	34
2023.06.19	08:00:00	1956.98	1958.60	1952.63	1956.39	13380	0	24
2023.06.19	12:00:00	1956.37	1956.51	1947.70	1952.11	14135	0	24
2023.06.19	16:00:00	1952.09	1953.40	1949.89	1950.19	15558	0	24
2023.06.19	20:00:00	1950.16	1950.59	1949.30	1950.23	1551	0	24
2023.06.20	00:00:00	1950.37	1954.03	1950.07	1950.93	4448	0	34
2023.06.20	04:00:00	1950.93	1951.68	1945.00	1949.78	13235	0	34
2023.06.20	08:00:00	1949.78	1956.69	1946.80	1953.22	16940	0	24
2023.06.20	12:00:00	1953.29	1954.45	1944.14	1944.60	18989	0	24
2023.06.20	16:00:00	1944.50	1945.10	1929.70	1937.49	26867	0	24
2023.06.20	20:00:00	1937.53	1938.57	1935.34	1936.09	12974	0	24
2023.06.21	00:00:00	1935.79	1938.74	1935.21	1936.75	4891	0	34
2023.06.21	04:00:00	1936.71	1939.36	1935.31	1935.74	11569	0	34
2023.06.21	08:00:00	1935.74	1937.31	1931.16	1934.53	15818	0	24
2023.06.21	12:00:00	1934.51	1935.76	1925.88	1929.79	19304	0	24
2023.06.21	16:00:00	1929.79	1934.53	1919.11	1933.24	28058	0	24
2023.06.21	20:00:00	1933.24	1937.51	1931.74	1932.49	13811	0	24
2023.06.22	00:00:00	1932.19	1934.86	1931.61	1932.22	3928	0	34
2023.06.22	04:00:00	1932.09	1934.16	1929.64	1929.64	7400	0	34
2023.06.22	08:00:00	1929.68	1931.37	1924.83	1927.28	15273	0	24
2023.06.22	12:00:00	1927.28	1930.88	1923.36	1923.37	18682	0	24
2023.06.22	16:00:00	1923.27	1927.31	1912.70	1915.43	25027	0	24
2023.06.22	20:00:00	1915.43	1916.69	1912.28	1913.58	12145	0	24
2023.06.23	00:00:00	1913.67	1915.94	1913.15	1915.49	3947	0	32
2023.06.23	04:00:00	1915.50	1917.13	1909.93	1916.43	10406	0	34
2023.06.23	08:00:00	1916.42	1919.97	1912.84	1917.53	17566	0	24
2023.06.23	12:00:00	1917.55	1929.64	1916.51	1928.82	16992	0	24
2023.06.23	16:00:00	1929.00	1937.20	1917.79	1918.61	26638	0	24
2023.06.23	20:00:00	1918.61	1921.20	1918.41	1919.18	9283	0	24
2023.06.26	00:00:00	1926.05	1926.87	1922.56	1926.29	5606	0	34
2023.06.26	04:00:00	1926.26	1928.43	1924.05	1924.92	12038	0	34
2023.06.26	08:00:00	1924.90	1933.24	1922.04	1931.64	16032	0	24
2023.06.26	12:00:00	1931.66	1933.26	1929.25	1931.41	15951	0	24
2023.06.26	16:00:00	1931.40	1931.58	1921.44	1923.65	23863	0	24
2023.06.26	20:00:00	1923.65	1925.19	1922.31	1922.97	11266	0	24
2023.06.27	00:00:00	1922.76	1924.66	1920.94	1922.54	3831	0	30
2023.06.27	04:00:00	1922.58	1930.29	1922.54	1928.37	12234	0	34
2023.06.27	08:00:00	1928.38	1929.66	1924.05	1925.51	15304	0	24
2023.06.27	12:00:00	1925.52	1930.30	1919.61	1926.08	15523	0	24
2023.06.27	16:00:00	1926.09	1930.59	1911.43	1914.46	23622	0	24
2023.06.27	20:00:00	1914.41	1915.74	1910.86	1913.51	12361	0	24
2023.06.28	00:00:00	1913.38	1917.10	1913.08	1916.03	4087	0	34
2023.06.28	04:00:00	1916.03	1916.68	1913.30	1915.10	10756	0	34
2023.06.28	08:00:00	1915.09	1916.60	1908.18	1909.82	14074	0	24
2023.06.28	12:00:00	1909.83	1911.84	1905.42	1906.95	15453	0	24
2023.06.28	16:00:00	1906.78	1913.16	1902.69	1912.07	24091	0	24
2023.06.28	20:00:00	1912.07	1913.24	1906.64	1907.21	11016	0	24
2023.06.29	00:00:00	1907.22	1910.56	1906.90	1909.75	4412	0	34
2023.06.29	04:00:00	1909.80	1912.62	1902.59	1905.11	11969	0	34
2023.06.29	08:00:00	1905.13	1907.95	1902.33	1905.97	14098	0	24
2023.06.29	12:00:00	1905.99	1911.99	1895.39	1895.96	17110	0	24
2023.06.29	16:00:00	1895.98	1912.94	1892.83	1910.22	28407	0	24
2023.06.29	20:00:00	1910.22	1910.70	1906.17	1908.09	12094	0	24
2023.06.30	00:00:00	1907.50	1909.11	1906.98	1908.58	4885	0	34
2023.06.30	04:00:00	1908.64	1909.64	1906.74	1908.13	10841	0	34
2023.06.30	08:00:00	1908.13	1909.77	1900.44	1901.78	17049	0	24
2023.06.30	12:00:00	1901.85	1913.71	1901.42	1910.96	17202	0	24
2023.06.30	16:00:00	1910.88	1920.48	1909.66	1919.93	26515	0	24
2023.06.30	20:00:00	1919.96	1922.67	1917.72	1920.02	11390	0	24
2023.07.03	00:00:00	1918.99	1919.45	1916.64	1916.99	4484	0	34
2023.07.03	04:00:00	1917.01	1920.05	1914.51	1919.96	11962	0	34
2023.07.03	08:00:00	1919.96	1920.47	1909.97	1911.88	15481	0	24
2023.07.03	12:00:00	1911.89	1921.96	1911.52	1921.83	16096	0	24
2023.07.03	16:00:00	1921.79	1930.92	1919.34	1921.73	24914	0	24
2023.07.03	20:00:00	1922.01	1922.03	1920.49	1921.36	5236	0	24
2023.07.04	00:00:00	1920.60	1921.95	1919.77	1921.07	2781	0	34
2023.07.04	04:00:00	1921.08	1924.41	1919.97	1924.17	8653	0	34
2023.07.04	08:00:00	1924.20	1928.72	1923.12	1928.42	13473	0	24
2023.07.04	12:00:00	1928.45	1930.64	1926.14	1926.67	14570	0	24
2023.07.04	16:00:00	1926.67	1929.52	1924.07	1924.18	11234	0	24
2023.07.04	20:00:00	1924.12	1925.94	1923.95	1925.73	1229	0	24
2023.07.05	00:00:00	1925.76	1927.13	1924.36	1926.69	4516	0	17
2023.07.05	04:00:00	1926.67	1926.76	1923.16	1925.52	9922	0	34
2023.07.05	08:00:00	1925.52	1928.04	1920.80	1926.91	15099	0	24
2023.07.05	12:00:00	1926.91	1930.06	1925.07	1929.28	15573	0	24
2023.07.05	16:00:00	1929.35	1935.01	1918.88	1921.40	27894	0	24
2023.07.05	20:00:00	1921.39	1921.41	1914.62	1915.05	15668	0	24
2023.07.06	00:00:00	1914.40	1917.67	1914.29	1917.08	4486	0	34
2023.07.06	04:00:00	1917.08	1919.49	1916.17	1917.67	12177	0	34
2023.07.06	08:00:00	1917.67	1921.29	1915.98	1917.89	16574	0	24
2023.07.06	12:00:00	1917.89	1927.60	1902.48	1906.17	20109	0	24
2023.07.06	16:00:00	1906.23	1914.85	1902.57	1909.67	30035	0	24
2023.07.06	20:00:00	1909.65	1911.76	1908.75	1910.71	10852	0	24
2023.07.07	00:00:00	1910.17	1912.19	1909.38	1910.44	4656	0	34
2023.07.07	04:00:00	1910.34	1912.12	1909.63	1911.92	11039	0	34
2023.07.07	08:00:00	1911.94	1916.37	1911.71	1915.48	16283	0	24
2023.07.07	12:00:00	1915.48	1928.24	1914.24	1918.84	18479	0	24
2023.07.07	16:00:00	1918.79	1934.79	1915.47	1926.88	28628	0	24
2023.07.07	20:00:00	1926.88	1928.09	1924.81	1925.13	10833	0	24
2023.07.10	00:00:00	1924.26	1928.10	1922.76	1924.17	6929	0	34
2023.07.10	04:00:00	1924.17	1926.83	1920.91	1921.23	12498	0	34
2023.07.10	08:00:00	1921.23	1925.61	1919.26	1925.08	13252	0	24
2023.07.10	12:00:00	1925.08	1926.18	1912.50	1913.81	16930	0	24
2023.07.10	16:00:00	1913.82	1925.93	1913.81	1925.51	21606	0	24
2023.07.10	20:00:00	1925.50	1926.80	1924.84	1925.13	9573	0	24
2023.07.11	00:00:00	1924.75	1927.07	1924.29	1926.27	4319	0	19
2023.07.11	04:00:00	1926.29	1929.38	1924.81	1929.36	14219	0	34
2023.07.11	08:00:00	1929.34	1938.28	1928.03	1936.61	16813	0	24
2023.07.11	12:00:00	1936.63	1938.46	1929.45	1931.90	15830	0	24
2023.07.11	16:00:00	1931.96	1935.33	1929.30	1932.34	21300	0	24
2023.07.11	20:00:00	1932.36	1932.57	1930.50	1932.09	8091	0	24
2023.07.12	00:00:00	1932.18	1936.17	1932.07	1935.63	5523	0	34
2023.07.12	04:00:00	1935.64	1940.95	1935.59	1938.85	14550	0	34
2023.07.12	08:00:00	1938.86	1940.17	1933.67	1934.74	15048	0	24
2023.07.12	12:00:00	1934.76	1950.02	1933.39	1943.11	16679	0	24
2023.07.12	16:00:00	1943.14	1959.40	1940.93	1959.17	28016	0	24
2023.07.12	20:00:00	1959.14	1959.63	1955.69	1957.20	10380	0	24
2023.07.13	00:00:00	1954.87	1958.86	1954.87	1956.95	5626	0	30
2023.07.13	04:00:00	1956.96	1962.25	1956.35	1957.20	15217	0	34
2023.07.13	08:00:00	1957.19	1963.31	1955.19	1960.90	16498	0	24
2023.07.13	12:00:00	1960.90	1963.48	1952.29	1957.52	17042	0	24
2023.07.13	16:00:00	1957.54	1961.89	1954.64	1958.78	24645	0	24
2023.07.13	20:00:00	1958.76	1960.79	1957.55	1960.25	10916	0	24
2023.07.14	00:00:00	1960.03	1961.80	1958.34	1959.31	5412	0	34
2023.07.14	04:00:00	1959.31	1963.71	1958.39	1960.37	15135	0	34
2023.07.14	08:00:00	1960.31	1961.22	1954.25	1956.09	17541	0	24
2023.07.14	12:00:00	1956.11	1962.72	1955.17	1957.49	16355	0	24
2023.07.14	16:00:00	1957.46	1961.99	1950.93	1958.95	28614	0	24
2023.07.14	20:00:00	1958.96	1961.03	1954.36	1954.63	10269	0	24
2023.07.17	00:00:00	1953.83	1955.68	1951.30	1954.61	5747	0	34
2023.07.17	04:00:00	1954.60	1955.90	1950.91	1953.56	11471	0	34
2023.07.17	08:00:00	1953.56	1957.46	1950.61	1955.82	17706	0	24
2023.07.17	12:00:00	1955.86	1959.83	1948.09	1948.60	17796	0	24
2023.07.17	16:00:00	1948.68	1955.62	1945.67	1954.55	22955	0	24
2023.07.17	20:00:00	1954.56	1956.36	1952.44	1954.80	9259	0	24
2023.07.18	00:00:00	1953.80	1956.74	1953.77	1955.33	4059	0	25
2023.07.18	04:00:00	1955.34	1961.07	1955.04	1959.95	13879	0	34
2023.07.18	08:00:00	1959.96	1964.10	1957.77	1961.65	19251	0	24
2023.07.18	12:00:00	1961.64	1972.18	1960.74	1968.75	19929	0	24
2023.07.18	16:00:00	1968.87	1984.33	1963.74	1977.93	30595	0	24
2023.07.18	20:00:00	1977.92	1978.92	1975.00	1978.70	11842	0	24
2023.07.19	00:00:00	1978.53	1979.14	1976.54	1978.38	5807	0	29
2023.07.19	04:00:00	1978.38	1978.46	1974.08	1974.76	14272	0	34
2023.07.19	08:00:00	1974.75	1980.91	1972.96	1977.49	18926	0	24
2023.07.19	12:00:00	1977.47	1979.59	1971.57	1977.53	18882	0	24
2023.07.19	16:00:00	1977.52	1979.82	1969.74	1977.51	24933	0	24
2023.07.19	20:00:00	1977.50	1978.89	1976.19	1976.80	8806	0	24
2023.07.20	00:00:00	1976.62	1979.28	1975.55	1979.05	5176	0	34
2023.07.20	04:00:00	1979.00	1987.40	1978.91	1984.55	15899	0	34
2023.07.20	08:00:00	1984.55	1984.67	1977.83	1981.57	20221	0	24
2023.07.20	12:00:00	1981.57	1983.20	1972.32	1973.87	17673	0	24
2023.07.20	16:00:00	1973.88	1980.08	1965.17	1967.79	28062	0	24
2023.07.20	20:00:00	1967.82	1971.30	1967.80	1969.33	11299	0	24
2023.07.21	00:00:00	1970.01	1973.24	1969.86	1972.81	5284	0	34
2023.07.21	04:00:00	1972.82	1973.64	1968.92	1969.80	13546	0	34
2023.07.21	08:00:00	1969.84	1972.09	1960.98	1961.30	20070	0	24
2023.07.21	12:00:00	1961.33	1967.95	1960.92	1962.98	17224	0	24
2023.07.21	16:00:00	1962.94	1965.19	1956.65	1963.37	26179	0	24
2023.07.21	20:00:00	1963.38	1964.69	1961.53	1962.21	8949	0	24
2023.07.24	00:00:00	1960.36	1962.76	1959.82	1961.66	5289	0	34
2023.07.24	04:00:00	1961.63	1962.45	1958.84	1960.40	12868	0	34
2023.07.24	08:00:00	1960.40	1965.53	1957.70	1959.44	18758	0	24
2023.07.24	12:00:00	1959.45	1967.87	1959.29	1967.37	16632	0	24
2023.07.24	16:00:00	1967.40	1967.54	1957.01	1959.70	26498	0	24
2023.07.24	20:00:00	1959.70	1960.54	1953.30	1954.64	10984	0	24
2023.07.25	00:00:00	1954.53	1955.45	1953.00	1955.10	4839	0	20
2023.07.25	04:00:00	1955.13	1963.35	1955.13	1960.43	15108	0	34
2023.07.25	08:00:00	1960.44	1964.02	1959.29	1962.88	18281	0	24
2023.07.25	12:00:00	1962.90	1963.67	1953.00	1959.26	17772	0	24
2023.07.25	16:00:00	1959.25	1965.66	1951.23	1962.35	23723	0	24
2023.07.25	20:00:00	1962.35	1965.16	1961.26	1964.80	10278	0	24
2023.07.26	00:00:00	1964.29	1966.18	1964.05	1964.86	3823	0	34
2023.07.26	04:00:00	1964.86	1965.55	1961.95	1963.09	10884	0	34
2023.07.26	08:00:00	1963.10	1972.48	1962.35	1972.05	16995	0	24
2023.07.26	12:00:00	1972.06	1974.18	1969.59	1972.26	14891	0	24
2023.07.26	16:00:00	1972.26	1975.06	1963.91	1970.30	24317	0	24
2023.07.26	20:00:00	1970.26	1978.29	1965.00	1972.03	19403	0	24
2023.07.27	00:00:00	1970.72	1974.65	1970.72	1972.36	4241	0	34
2023.07.27	04:00:00	1972.36	1981.95	1972.21	1976.70	11914	0	34
2023.07.27	08:00:00	1976.67	1982.11	1974.01	1975.88	18690	0	24
2023.07.27	12:00:00	1975.88	1979.13	1957.79	1959.98	17706	0	24
2023.07.27	16:00:00	1960.08	1960.20	1942.41	1944.10	27170	0	24
2023.07.27	20:00:00	1944.12	1949.55	1943.25	1945.38	16025	0	24
2023.07.28	00:00:00	1945.58	1947.86	1945.26	1946.76	6425	0	34
2023.07.28	04:00:00	1946.75	1956.59	1946.42	1951.63	18819	0	34
2023.07.28	08:00:00	1951.64	1953.38	1947.70	1949.35	20742	0	24
2023.07.28	12:00:00	1949.34	1961.18	1948.20	1955.61	18523	0	24
2023.07.28	16:00:00	1955.60	1963.50	1952.27	1961.10	23083	0	24
2023.07.28	20:00:00	1961.10	1962.40	1957.47	1959.45	8372	0	24
2023.07.31	00:00:00	1959.06	1960.51	1956.33	1958.21	5704	0	34
2023.07.31	04:00:00	1958.20	1958.56	1953.39	1954.33	13670	0	34
2023.07.31	08:00:00	1954.31	1956.99	1951.00	1953.42	15845	0	24
2023.07.31	12:00:00	1953.39	1967.03	1953.16	1965.49	17141	0	24
2023.07.31	16:00:00	1965.49	1972.37	1962.79	1970.96	21358	0	24
2023.07.31	20:00:00	1970.96	1972.03	1964.21	1965.36	10530	0	24
2023.08.01	00:00:00	1965.27	1965.95	1962.97	1963.34	4769	0	29
2023.08.01	04:00:00	1963.31	1963.87	1958.81	1959.64	13521	0	34
2023.08.01	08:00:00	1959.63	1960.13	1954.27	1955.69	14407	0	23
2023.08.01	12:00:00	1955.66	1957.55	1945.81	1946.68	17921	0	24
2023.08.01	16:00:00	1946.77	1953.61	1941.32	1942.99	25694	0	24
2023.08.01	20:00:00	1942.98	1945.40	1941.10	1943.92	8721	0	24
2023.08.02	00:00:00	1951.25	1952.68	1943.89	1949.07	7686	0	34
2023.08.02	04:00:00	1949.07	1949.71	1945.12	1946.19	10502	0	34
2023.08.02	08:00:00	1946.20	1951.74	1946.13	1949.69	15828	0	24
2023.08.02	12:00:00	1949.67	1954.63	1943.70	1945.48	16823	0	24
2023.08.02	16:00:00	1945.50	1947.48	1932.82	1935.46	25142	0	24
2023.08.02	20:00:00	1935.52	1939.02	1934.26	1934.68	8707	0	24
2023.08.03	00:00:00	1933.67	1936.88	1933.67	1935.40	3590	0	32
2023.08.03	04:00:00	1935.38	1938.76	1933.73	1933.91	9895	0	34
2023.08.03	08:00:00	1933.92	1938.31	1930.81	1937.61	17452	0	24
2023.08.03	12:00:00	1937.62	1938.32	1929.36	1932.69	18502	0	24
2023.08.03	16:00:00	1932.81	1938.57	1930.19	1935.49	24877	0	18
2023.08.03	20:00:00	1935.50	1935.74	1932.33	1933.96	9508	0	23
2023.08.04	00:00:00	1933.44	1936.80	1933.44	1936.55	3989	0	34
2023.08.04	04:00:00	1936.55	1937.82	1932.99	1934.34	11253	0	34
2023.08.04	08:00:00	1934.34	1937.27	1931.91	1932.24	14604	0	24
2023.08.04	12:00:00	1932.30	1942.83	1922.97	1938.91	17761	0	24
2023.08.04	16:00:00	1938.77	1946.80	1937.39	1941.61	25888	0	24
2023.08.04	20:00:00	1941.59	1942.43	1939.63	1940.95	8282	0	24
2023.08.07	00:00:00	1942.21	1946.49	1941.85	1944.10	5414	0	34
2023.08.07	04:00:00	1944.08	1944.08	1937.24	1938.60	9682	0	34
2023.08.07	08:00:00	1938.60	1938.75	1934.32	1936.05	13558	0	24
2023.08.07	12:00:00	1936.06	1938.09	1933.22	1937.89	13354	0	24
2023.08.07	16:00:00	1937.90	1941.49	1931.32	1934.27	19677	0	24
2023.08.07	20:00:00	1934.30	1937.44	1933.95	1936.44	8358	0	24
2023.08.08	00:00:00	1936.01	1937.87	1934.70	1935.52	4392	0	34
2023.08.08	04:00:00	1935.52	1935.53	1930.95	1934.21	10793	0	34
2023.08.08	08:00:00	1934.26	1934.99	1930.06	1934.96	14586	0	24
2023.08.08	12:00:00	1934.84	1935.48	1923.67	1925.26	17946	0	24
2023.08.08	16:00:00	1925.16	1931.87	1922.64	1925.22	21516	0	24
2023.08.08	20:00:00	1925.22	1926.43	1923.42	1925.00	9146	0	24
2023.08.09	00:00:00	1924.43	1926.34	1924.37	1924.85	2439	0	25
2023.08.09	04:00:00	1924.85	1930.85	1924.04	1930.14	9859	0	34
2023.08.09	08:00:00	1930.16	1932.17	1927.28	1927.88	12382	0	24
2023.08.09	12:00:00	1927.91	1928.20	1921.99	1924.72	13563	0	24
2023.08.09	16:00:00	1924.72	1927.40	1915.45	1916.14	22720	0	24
2023.08.09	20:00:00	1916.17	1917.81	1913.84	1914.63	9254	0	24
2023.08.10	00:00:00	1914.63	1917.22	1914.31	1916.77	3464	0	34
2023.08.10	04:00:00	1916.77	1918.97	1915.16	1916.53	8420	0	34
2023.08.10	08:00:00	1916.51	1921.09	1915.38	1919.22	13406	0	24
2023.08.10	12:00:00	1919.23	1929.94	1919.02	1926.13	19575	0	24
2023.08.10	16:00:00	1926.09	1927.05	1912.71	1920.39	26549	0	24
2023.08.10	20:00:00	1920.35	1920.83	1911.95	1912.20	12976	0	24
2023.08.11	00:00:00	1911.76	1914.93	1910.67	1914.50	3553	0	27
2023.08.11	04:00:00	1914.49	1915.80	1912.41	1913.27	7653	0	34
2023.08.11	08:00:00	1913.27	1919.21	1912.50	1918.82	13724	0	24
2023.08.11	12:00:00	1918.85	1920.82	1912.95	1915.86	14154	0	24
2023.08.11	16:00:00	1915.88	1920.59	1912.77	1914.18	22965	0	24
2023.08.11	20:00:00	1914.16	1915.38	1912.02	1913.42	7456	0	24
2023.08.14	00:00:00	1912.96	1915.01	1910.52	1910.82	4932	0	23
2023.08.14	04:00:00	1910.82	1913.47	1909.91	1912.21	10253	0	34
2023.08.14	08:00:00	1912.22	1916.06	1910.50	1914.14	13852	0	24
2023.08.14	12:00:00	1914.13	1914.85	1905.79	1910.18	17974	0	24
2023.08.14	16:00:00	1910.19	1913.07	1902.54	1911.71	26153	0	24
2023.08.14	20:00:00	1911.70	1912.97	1906.80	1907.26	9211	0	24
2023.08.15	00:00:00	1907.02	1907.92	1904.74	1906.96	3738	0	23
2023.08.15	04:00:00	1906.93	1908.02	1903.52	1906.40	10511	0	34
2023.08.15	08:00:00	1906.39	1907.25	1902.91	1904.13	16274	0	24
2023.08.15	12:00:00	1904.12	1905.77	1896.22	1903.30	17979	0	24
2023.08.15	16:00:00	1903.31	1911.45	1899.96	1903.50	26510	0	24
2023.08.15	20:00:00	1903.46	1905.37	1901.17	1901.79	13239	0	24
2023.08.16	00:00:00	1900.97	1902.35	1900.10	1902.07	3815	0	34
2023.08.16	04:00:00	1902.02	1905.11	1900.30	1903.76	9691	0	34
2023.08.16	08:00:00	1903.77	1906.37	1902.69	1905.23	13126	0	24
2023.08.16	12:00:00	1905.23	1907.04	1899.85	1900.60	13895	0	24
2023.08.16	16:00:00	1900.58	1906.27	1898.70	1899.29	21711	0	24
2023.08.16	20:00:00	1899.31	1899.51	1891.62	1891.81	15079	0	24
2023.08.17	00:00:00	1891.80	1894.81	1890.82	1892.55	5112	0	34
2023.08.17	04:00:00	1892.64	1893.73	1889.39	1893.55	11001	0	34
2023.08.17	08:00:00	1893.57	1897.44	1891.87	1893.83	13147	0	24
2023.08.17	12:00:00	1893.82	1902.28	1893.47	1899.41	17520	0	24
2023.08.17	16:00:00	1899.41	1903.43	1887.68	1888.20	24122	0	24
2023.08.17	20:00:00	1888.20	1889.95	1884.89	1889.15	11617	0	24
2023.08.18	00:00:00	1889.18	1893.65	1888.83	1893.11	3960	0	34
2023.08.18	04:00:00	1893.09	1895.04	1890.95	1891.98	9943	0	34
2023.08.18	08:00:00	1891.99	1893.87	1891.23	1891.86	13752	0	24
2023.08.18	12:00:00	1891.84	1895.38	1888.52	1890.06	13520	0	24
2023.08.18	16:00:00	1890.11	1896.69	1888.49	1889.37	19642	0	24
2023.08.18	20:00:00	1889.39	1890.22	1886.61	1889.38	7688	0	24
2023.08.21	00:00:00	1888.57	1890.94	1888.57	1889.71	3726	0	34
2023.08.21	04:00:00	1889.73	1893.57	1884.61	1892.28	11264	0	34
2023.08.21	08:00:00	1892.27	1893.85	1887.23	1888.51	13777	0	24
2023.08.21	12:00:00	1888.53	1897.63	1886.64	1897.13	17640	0	24
2023.08.21	16:00:00	1897.14	1898.77	1885.10	1892.46	21768	0	24
2023.08.21	20:00:00	1892.48	1895.21	1892.38	1894.56	9361	0	24
2023.08.22	00:00:00	1894.28	1895.89	1893.53	1895.40	2901	0	29
2023.08.22	04:00:00	1895.37	1897.14	1893.73	1893.83	10115	0	34
2023.08.22	08:00:00	1893.85	1902.32	1893.80	1899.93	14567	0	24
2023.08.22	12:00:00	1899.95	1904.41	1896.26	1897.33	16624	0	24
2023.08.22	16:00:00	1897.35	1898.99	1888.96	1897.18	21685	0	24
2023.08.22	20:00:00	1897.19	1898.22	1896.20	1897.27	7587	0	24
2023.08.23	00:00:00	1897.20	1900.12	1896.91	1898.79	2239	0	24
2023.08.23	04:00:00	1898.81	1903.24	1898.59	1903.20	8780	0	34
2023.08.23	08:00:00	1903.16	1905.51	1901.70	1903.76	14580	0	24
2023.08.23	12:00:00	1903.76	1908.62	1901.25	1903.69	14891	0	24
2023.08.23	16:00:00	1903.70	1920.34	1903.02	1919.75	23779	0	24
2023.08.23	20:00:00	1919.74	1919.83	1914.40	1915.28	9923	0	24
2023.08.24	00:00:00	1915.89	1919.21	1914.85	1918.53	3511	0	28
2023.08.24	04:00:00	1918.53	1922.24	1917.46	1920.99	9657	0	34
2023.08.24	08:00:00	1921.00	1922.91	1919.50	1920.30	13912	0	24
2023.08.24	12:00:00	1920.31	1920.98	1911.72	1915.05	15095	0	24
2023.08.24	16:00:00	1915.06	1923.36	1911.92	1918.30	21934	0	24
2023.08.24	20:00:00	1918.30	1919.62	1916.24	1916.62	9170	0	24
2023.08.25	00:00:00	1916.91	1917.17	1915.05	1915.32	2670	0	21
2023.08.25	04:00:00	1915.35	1917.42	1912.95	1913.54	8174	0	34
2023.08.25	08:00:00	1913.55	1915.97	1912.64	1915.21	10503	0	24
2023.08.25	12:00:00	1915.20	1920.15	1915.01	1917.17	12467	0	24
2023.08.25	16:00:00	1917.17	1922.27	1903.60	1909.89	26648	0	24
2023.08.25	20:00:00	1909.90	1914.55	1909.75	1913.77	9648	0	24
2023.08.28	00:00:00	1915.72	1916.42	1914.12	1915.54	3443	0	34
2023.08.28	04:00:00	1915.54	1917.19	1914.55	1915.42	8763	0	31
2023.08.28	08:00:00	1915.42	1917.62	1913.36	1914.56	9900	0	24
2023.08.28	12:00:00	1914.55	1917.16	1913.25	1916.94	11295	0	24
2023.08.28	16:00:00	1916.93	1926.05	1912.62	1920.68	18774	0	24
2023.08.28	20:00:00	1920.69	1920.72	1916.84	1920.06	8370	0	24
2023.08.29	00:00:00	1919.51	1921.92	1919.51	1921.51	2269	0	20
2023.08.29	04:00:00	1921.51	1925.76	1921.19	1923.92	8142	0	34
2023.08.29	08:00:00	1923.83	1925.51	1921.61	1922.90	10750	0	24
2023.08.29	12:00:00	1922.82	1924.45	1914.28	1916.87	14583	0	24
2023.08.29	16:00:00	1916.87	1937.70	1916.60	1936.23	23280	0	24
2023.08.29	20:00:00	1936.24	1938.11	1935.11	1937.21	9274	0	24
2023.08.30	00:00:00	1937.11	1937.61	1935.90	1936.73	3344	0	30
2023.08.30	04:00:00	1936.72	1937.44	1935.33	1936.07	8482	0	34
2023.08.30	08:00:00	1936.06	1936.92	1934.94	1936.56	12110	0	24
2023.08.30	12:00:00	1936.55	1945.74	1935.94	1945.16	15490	0	24
2023.08.30	16:00:00	1945.10	1949.02	1942.86	1944.87	22651	0	24
2023.08.30	20:00:00	1944.91	1945.64	1942.00	1942.27	7995	0	24
2023.08.31	00:00:00	1942.43	1945.46	1941.60	1945.32	3636	0	30
2023.08.31	04:00:00	1945.34	1947.70	1944.67	1945.71	7822	0	18
2023.08.31	08:00:00	1945.72	1946.30	1943.21	1944.35	10961	0	24
2023.08.31	12:00:00	1944.35	1947.83	1943.08	1945.84	13816	0	24
2023.08.31	16:00:00	1945.82	1946.41	1939.04	1941.69	20669	0	24
2023.08.31	20:00:00	1941.71	1942.10	1939.07	1940.04	7848	0	24
2023.09.01	00:00:00	1939.29	1940.27	1938.60	1939.25	2718	0	23
2023.09.01	04:00:00	1939.26	1943.99	1938.17	1939.93	8860	0	17
2023.09.01	08:00:00	1939.92	1943.76	1938.40	1942.93	10219	0	24
2023.09.01	12:00:00	1942.94	1952.85	1942.88	1949.92	13949	0	24
2023.09.01	16:00:00	1949.96	1951.57	1934.45	1938.12	25789	0	24
2023.09.01	20:00:00	1938.12	1941.54	1937.32	1940.42	6193	0	24
2023.09.04	00:00:00	1939.68	1941.67	1939.32	1940.87	3003	0	25
2023.09.04	04:00:00	1940.85	1946.04	1940.40	1945.03	8607	0	18
2023.09.04	08:00:00	1945.01	1946.25	1942.65	1943.85	9893	0	24
2023.09.04	12:00:00	1943.89	1944.23	1939.83	1939.93	9483	0	24
2023.09.04	16:00:00	1939.93	1940.23	1936.78	1938.27	10874	0	24
2023.09.04	20:00:00	1938.27	1938.76	1937.89	1938.36	718	0	23
2023.09.05	00:00:00	1937.64	1938.66	1936.87	1937.64	2258	0	20
2023.09.05	04:00:00	1937.68	1938.79	1934.80	1938.44	7753	0	30
2023.09.05	08:00:00	1938.44	1938.83	1932.09	1933.34	12458	0	24
2023.09.05	12:00:00	1933.32	1934.62	1927.78	1933.61	15526	0	24
2023.09.05	16:00:00	1933.62	1934.06	1925.19	1927.11	22538	0	24
2023.09.05	20:00:00	1927.14	1927.35	1925.23	1925.88	7604	0	24
2023.09.06	00:00:00	1925.30	1926.76	1924.32	1924.57	2757	0	23
2023.09.06	04:00:00	1924.59	1927.17	1924.04	1927.01	8022	0	34
2023.09.06	08:00:00	1927.02	1928.27	1922.41	1924.57	12043	0	24
2023.09.06	12:00:00	1924.55	1927.57	1922.65	1923.07	12189	0	24
2023.09.06	16:00:00	1923.07	1929.02	1915.13	1919.85	23725	0	24
2023.09.06	20:00:00	1919.87	1920.51	1915.78	1916.33	7254	0	24
2023.09.07	00:00:00	1916.29	1918.00	1916.10	1916.66	2687	0	15
2023.09.07	04:00:00	1916.63	1920.52	1916.43	1918.77	7785	0	34
2023.09.07	08:00:00	1918.80	1919.64	1916.95	1918.69	9969	0	24
2023.09.07	12:00:00	1918.69	1923.50	1916.14	1923.16	13377	0	24
2023.09.07	16:00:00	1923.18	1923.48	1917.05	1917.86	18113	0	24
2023.09.07	20:00:00	1917.86	1920.54	1917.29	1919.50	6936	0	24
2023.09.08	00:00:00	1919.08	1924.42	1918.86	1923.51	3735	0	27
2023.09.08	04:00:00	1923.47	1927.01	1922.70	1924.40	8505	0	34
2023.09.08	08:00:00	1924.37	1927.17	1923.31	1924.60	9549	0	24
2023.09.08	12:00:00	1924.61	1925.87	1920.22	1920.23	11190	0	24
2023.09.08	16:00:00	1920.34	1929.53	1917.19	1919.52	19161	0	24
2023.09.08	20:00:00	1919.59	1920.50	1917.93	1918.94	5163	0	24
2023.09.11	00:00:00	1919.40	1920.29	1916.61	1919.87	4740	0	15
2023.09.11	04:00:00	1919.82	1926.59	1918.90	1926.32	12286	0	34
2023.09.11	08:00:00	1926.31	1930.68	1925.36	1927.72	13391	0	24
2023.09.11	12:00:00	1927.68	1927.98	1924.22	1927.29	11888	0	24
2023.09.11	16:00:00	1927.27	1930.08	1921.23	1923.25	17933	0	24
2023.09.11	20:00:00	1923.27	1924.17	1921.28	1922.16	6284	0	24
2023.09.12	00:00:00	1921.62	1923.20	1921.02	1921.40	2942	0	15
2023.09.12	04:00:00	1921.33	1924.33	1920.10	1922.08	9102	0	18
2023.09.12	08:00:00	1922.08	1922.14	1918.45	1919.58	10332	0	24
2023.09.12	12:00:00	1919.58	1919.88	1908.48	1909.56	14418	0	24
2023.09.12	16:00:00	1909.47	1914.90	1907.42	1912.19	18470	0	24
2023.09.12	20:00:00	1912.21	1913.44	1911.61	1913.26	6677	0	24
2023.09.13	00:00:00	1911.78	1913.59	1911.78	1912.37	2814	0	23
2023.09.13	04:00:00	1912.37	1913.62	1907.98	1911.41	9531	0	34
2023.09.13	08:00:00	1911.43	1912.43	1908.06	1912.05	11205	0	23
2023.09.13	12:00:00	1912.05	1914.27	1905.37	1912.11	12843	0	24
2023.09.13	16:00:00	1912.15	1915.56	1908.74	1909.24	21794	0	24
2023.09.13	20:00:00	1909.24	1911.04	1907.94	1908.02	8213	0	24
2023.09.14	00:00:00	1908.49	1912.63	1907.34	1912.45	3556	0	27
2023.09.14	04:00:00	1912.43	1912.70	1908.64	1909.23	11038	0	21
2023.09.14	08:00:00	1909.25	1910.81	1905.05	1907.12	12407	0	24
2023.09.14	12:00:00	1907.13	1910.21	1900.98	1904.38	15278	0	24
2023.09.14	16:00:00	1904.29	1912.04	1900.88	1910.20	26043	0	24
2023.09.14	20:00:00	1910.20	1911.41	1907.94	1910.36	7411	0	24
2023.09.15	00:00:00	1910.66	1911.41	1909.62	1911.12	2832	0	25
2023.09.15	04:00:00	1911.11	1916.82	1910.33	1916.12	10708	0	34
2023.09.15	08:00:00	1916.13	1919.54	1914.86	1918.03	14284	0	24
2023.09.15	12:00:00	1917.98	1920.53	1916.05	1917.11	12865	0	24
2023.09.15	16:00:00	1917.10	1930.40	1916.89	1925.33	23840	0	24
2023.09.15	20:00:00	1925.31	1925.95	1922.32	1922.56	6939	0	24
2023.09.18	00:00:00	1923.73	1924.59	1922.43	1924.52	3024	0	26
2023.09.18	04:00:00	1924.53	1929.38	1923.35	1928.11	10427	0	24
2023.09.18	08:00:00	1928.13	1930.57	1925.09	1926.12	12810	0	24
2023.09.18	12:00:00	1926.10	1928.18	1923.53	1923.98	11799	0	24
2023.09.18	16:00:00	1924.03	1931.15	1922.83	1931.06	17441	0	24
2023.09.18	20:00:00	1931.06	1934.02	1930.96	1933.50	7543	0	24
2023.09.19	00:00:00	1933.97	1934.51	1932.59	1932.67	2748	0	26
2023.09.19	04:00:00	1932.70	1933.34	1931.27	1931.28	6644	0	29
2023.09.19	08:00:00	1931.28	1935.01	1929.78	1933.74	10158	0	24
2023.09.19	12:00:00	1933.75	1937.36	1933.59	1935.83	10005	0	24
2023.09.19	16:00:00	1935.78	1936.34	1930.83	1930.90	16930	0	24
2023.09.19	20:00:00	1930.88	1933.01	1929.74	1931.37	6057	0	24
2023.09.20	00:00:00	1932.27	1932.42	1930.25	1930.66	2387	0	26
2023.09.20	04:00:00	1930.67	1931.40	1928.50	1929.75	6675	0	34
2023.09.20	08:00:00	1929.74	1932.30	1927.91	1929.11	11120	0	24
2023.09.20	12:00:00	1929.10	1934.06	1929.08	1932.18	9851	0	24
2023.09.20	16:00:00	1932.19	1946.80	1931.91	1946.66	20243	0	24
2023.09.20	20:00:00	1946.67	1947.43	1928.91	1930.21	21846	0	24
2023.09.21	00:00:00	1931.03	1931.36	1924.42	1924.76	5495	0	26
2023.09.21	04:00:00	1924.76	1928.49	1924.01	1927.75	10190	0	34
2023.09.21	08:00:00	1927.75	1930.41	1922.74	1922.90	12130	0	24
2023.09.21	12:00:00	1922.91	1925.93	1913.95	1916.35	18228	0	24
2023.09.21	16:00:00	1916.38	1923.65	1913.78	1919.37	25999	0	24
2023.09.21	20:00:00	1919.35	1921.11	1918.53	1919.92	9981	0	24
2023.09.22	00:00:00	1919.11	1923.46	1919.09	1923.23	4034	0	30
2023.09.22	04:00:00	1923.22	1925.35	1921.88	1924.11	11272	0	34
2023.09.22	08:00:00	1924.11	1928.72	1923.51	1926.72	15564	0	24
2023.09.22	12:00:00	1926.71	1927.64	1924.14	1926.14	17130	0	24
2023.09.22	16:00:00	1926.15	1929.11	1924.90	1925.30	21838	0	24
2023.09.22	20:00:00	1925.31	1926.36	1924.21	1925.48	7281	0	24
2023.09.25	00:00:00	1924.43	1926.31	1923.17	1924.72	3687	0	24
2023.09.25	04:00:00	1924.71	1925.17	1922.51	1922.98	6200	0	29
2023.09.25	08:00:00	1922.98	1927.11	1920.70	1921.54	13757	0	28
2023.09.25	12:00:00	1921.52	1926.83	1921.43	1925.88	17301	0	28
2023.09.25	16:00:00	1925.82	1926.28	1915.00	1916.59	23012	0	22
2023.09.25	20:00:00	1916.59	1917.47	1915.00	1915.74	8824	0	28
2023.09.26	00:00:00	1914.16	1916.58	1914.16	1914.61	2345	0	25
2023.09.26	04:00:00	1914.60	1915.57	1912.85	1914.45	7507	0	30
2023.09.26	08:00:00	1914.44	1915.47	1909.54	1913.63	14050	0	28
2023.09.26	12:00:00	1913.62	1913.72	1905.14	1910.08	16129	0	28
2023.09.26	16:00:00	1910.07	1910.09	1900.62	1901.07	24658	0	28
2023.09.26	20:00:00	1901.09	1902.15	1898.96	1900.52	10660	0	27
2023.09.27	00:00:00	1900.16	1902.27	1899.56	1900.46	2971	0	29
2023.09.27	04:00:00	1900.46	1903.84	1896.36	1897.50	7420	0	29
2023.09.27	08:00:00	1897.48	1898.89	1894.98	1896.48	14137	0	28
2023.09.27	12:00:00	1896.52	1896.52	1889.07	1891.61	16783	0	28
2023.09.27	16:00:00	1891.60	1892.03	1875.31	1875.73	23966	0	28
2023.09.27	20:00:00	1875.74	1878.08	1872.37	1874.81	16141	0	28
2023.09.28	00:00:00	1875.45	1877.71	1875.32	1876.91	4748	0	27
2023.09.28	04:00:00	1876.91	1877.24	1873.36	1874.68	8685	0	38
2023.09.28	08:00:00	1874.68	1878.06	1873.56	1874.01	15631	0	28
2023.09.28	12:00:00	1874.02	1879.44	1871.64	1872.29	18627	0	28
2023.09.28	16:00:00	1872.27	1876.96	1857.52	1863.37	30396	0	28
2023.09.28	20:00:00	1863.38	1867.13	1860.83	1864.66	12985	0	28
2023.09.29	00:00:00	1864.77	1867.05	1863.61	1865.16	4276	0	33
2023.09.29	04:00:00	1865.14	1866.82	1862.73	1864.81	8186	0	38
2023.09.29	08:00:00	1864.81	1873.85	1864.24	1871.50	15106	0	28
2023.09.29	12:00:00	1871.76	1873.89	1867.45	1873.69	20137	0	28
2023.09.29	16:00:00	1873.69	1879.69	1852.07	1853.51	31375	0	28
2023.09.29	20:00:00	1853.50	1853.52	1846.14	1848.21	14131	0	28
2023.10.02	00:00:00	1847.60	1848.70	1843.28	1845.24	5564	0	32
2023.10.02	04:00:00	1845.24	1847.22	1842.20	1842.35	6627	0	26
2023.10.02	08:00:00	1842.35	1846.11	1838.99	1839.38	15707	0	28
2023.10.02	12:00:00	1839.38	1840.43	1830.92	1836.14	21394	0	28
2023.10.02	16:00:00	1836.13	1838.29	1826.98	1831.43	31018	0	28
2023.10.02	20:00:00	1831.44	1833.44	1827.35	1827.59	12739	0	28
2023.10.03	00:00:00	1828.22	1829.28	1820.19	1824.50	7236	0	38
2023.10.03	04:00:00	1824.48	1824.91	1815.03	1820.44	10730	0	38
2023.10.03	08:00:00	1820.44	1828.96	1817.95	1826.08	16742	0	28
2023.10.03	12:00:00	1826.07	1829.63	1823.51	1824.63	21290	0	28
2023.10.03	16:00:00	1824.62	1833.20	1819.12	1823.74	33963	0	28
2023.10.03	20:00:00	1823.76	1825.83	1821.74	1822.81	14280	0	28
2023.10.04	00:00:00	1821.93	1824.83	1821.69	1823.04	5919	0	38
2023.10.04	04:00:00	1823.02	1824.13	1819.53	1823.38	9895	0	38
2023.10.04	08:00:00	1823.35	1823.48	1816.52	1822.86	17490	0	28
2023.10.04	12:00:00	1823.05	1830.40	1820.92	1827.15	23630	0	28
2023.10.04	16:00:00	1827.20	1827.28	1816.94	1820.84	31177	0	28
2023.10.04	20:00:00	1820.72	1823.48	1816.47	1821.01	13899	0	28
2023.10.05	00:00:00	1821.93	1825.46	1820.53	1825.40	4233	0	33
2023.10.05	04:00:00	1825.39	1829.00	1825.39	1827.43	8457	0	38
2023.10.05	08:00:00	1827.41	1827.93	1819.59	1819.74	14921	0	28
2023.10.05	12:00:00	1819.72	1823.85	1812.87	1815.51	20209	0	28
2023.10.05	16:00:00	1815.51	1821.65	1813.97	1817.95	24999	0	28
2023.10.05	20:00:00	1817.96	1820.64	1815.70	1820.02	10243	0	28
2023.10.06	00:00:00	1819.64	1822.98	1819.64	1820.47	3657	0	35
2023.10.06	04:00:00	1820.47	1824.36	1819.48	1822.58	8105	0	38
2023.10.06	08:00:00	1822.58	1822.66	1818.43	1821.72	12054	0	28
2023.10.06	12:00:00	1821.73	1824.92	1810.25	1814.92	18086	0	28
2023.10.06	16:00:00	1814.90	1834.68	1813.72	1829.03	30424	0	28
2023.10.06	20:00:00	1829.05	1833.76	1828.61	1829.31	10438	0	28
2023.10.09	00:00:00	1846.22	1855.09	1845.24	1852.14	9608	0	38
2023.10.09	04:00:00	1852.05	1853.17	1847.13	1850.32	12020	0	21
2023.10.09	08:00:00	1850.34	1854.25	1847.78	1850.29	15136	0	28
2023.10.09	12:00:00	1850.30	1852.16	1844.79	1847.78	12918	0	28
2023.10.09	16:00:00	1847.69	1853.14	1844.02	1850.01	19442	0	28
2023.10.09	20:00:00	1850.03	1863.42	1849.93	1861.13	11119	0	28
2023.10.10	00:00:00	1861.06	1865.28	1860.23	1863.98	6319	0	33
2023.10.10	04:00:00	1863.99	1865.14	1860.72	1860.80	12100	0	40
2023.10.10	08:00:00	1860.78	1862.06	1854.98	1858.35	18990	0	30
2023.10.10	12:00:00	1858.38	1859.41	1852.78	1854.32	18096	0	30
2023.10.10	16:00:00	1854.29	1862.25	1852.88	1861.68	25047	0	30
2023.10.10	20:00:00	1861.69	1862.56	1857.88	1860.27	10555	0	30
2023.10.11	00:00:00	1859.07	1861.86	1859.07	1860.72	3950	0	34
2023.10.11	04:00:00	1860.72	1861.80	1859.20	1859.47	8754	0	40
2023.10.11	08:00:00	1859.47	1869.82	1858.34	1869.54	16354	0	30
2023.10.11	12:00:00	1869.54	1874.74	1866.75	1872.82	17431	0	30
2023.10.11	16:00:00	1872.85	1877.18	1868.14	1874.31	23581	0	30
2023.10.11	20:00:00	1874.31	1874.69	1870.80	1874.12	13093	0	30
2023.10.12	00:00:00	1874.52	1876.59	1873.67	1875.38	3475	0	32
2023.10.12	04:00:00	1875.37	1879.07	1874.44	1878.84	9273	0	40
2023.10.12	08:00:00	1878.85	1882.61	1878.33	1880.33	13362	0	30
2023.10.12	12:00:00	1880.33	1885.04	1875.33	1879.04	17192	0	30
2023.10.12	16:00:00	1879.02	1880.03	1870.57	1871.22	24765	0	30
2023.10.12	20:00:00	1871.23	1871.84	1867.70	1868.59	13026	0	30
2023.10.13	00:00:00	1867.96	1872.38	1867.96	1872.30	4637	0	30
2023.10.13	04:00:00	1872.29	1876.56	1871.09	1876.08	8553	0	40
2023.10.13	08:00:00	1876.05	1884.95	1875.48	1883.80	14426	0	30
2023.10.13	12:00:00	1883.77	1919.05	1882.45	1913.37	23183	0	30
2023.10.13	16:00:00	1913.38	1927.45	1905.56	1927.12	30927	0	30
2023.10.13	20:00:00	1927.14	1930.75	1926.82	1928.29	11632	0	30
2023.10.16	00:00:00	1927.94	1930.28	1921.12	1921.61	8952	0	40
2023.10.16	04:00:00	1921.65	1923.44	1918.01	1920.07	10226	0	40
2023.10.16	08:00:00	1920.11	1920.12	1908.18	1911.60	16950	0	30
2023.10.16	12:00:00	1911.58	1924.54	1911.22	1918.68	19351	0	30
2023.10.16	16:00:00	1918.71	1922.29	1914.44	1921.92	25588	0	30
2023.10.16	20:00:00	1921.89	1922.77	1917.87	1920.11	10053	0	30
2023.10.17	00:00:00	1919.62	1921.74	1914.39	1916.53	5118	0	37
2023.10.17	04:00:00	1916.52	1917.53	1912.38	1914.64	9435	0	40
2023.10.17	08:00:00	1914.77	1921.40	1914.15	1919.24	14218	0	30
2023.10.17	12:00:00	1919.27	1929.00	1918.87	1925.97	18117	0	30
2023.10.17	16:00:00	1925.91	1931.58	1920.85	1924.12	26272	0	30
2023.10.17	20:00:00	1924.09	1925.11	1919.13	1923.02	11633	0	30
2023.10.18	00:00:00	1923.45	1928.15	1923.20	1927.35	4408	0	39
2023.10.18	04:00:00	1927.34	1942.72	1926.84	1938.03	14165	0	40
2023.10.18	08:00:00	1938.02	1940.13	1935.13	1938.37	16249	0	30
2023.10.18	12:00:00	1938.37	1950.10	1938.28	1948.85	18429	0	30
2023.10.18	16:00:00	1948.86	1962.59	1938.23	1949.82	31950	0	30
2023.10.18	20:00:00	1949.84	1956.59	1947.25	1947.56	15434	0	30
2023.10.19	00:00:00	1947.14	1953.24	1947.09	1950.17	4903	0	39
2023.10.19	04:00:00	1950.15	1951.63	1945.15	1948.11	10708	0	40
2023.10.19	08:00:00	1948.09	1954.44	1945.53	1949.68	16784	0	30
2023.10.19	12:00:00	1949.65	1957.11	1947.84	1954.80	16595	0	30
2023.10.19	16:00:00	1954.78	1962.07	1949.77	1961.96	30675	0	30
2023.10.19	20:00:00	1962.05	1977.66	1960.83	1974.28	20281	0	30
2023.10.20	00:00:00	1974.88	1981.99	1972.41	1974.89	8869	0	40
2023.10.20	04:00:00	1974.87	1981.93	1971.92	1977.20	13289	0	40
2023.10.20	08:00:00	1977.23	1985.09	1974.10	1983.70	19076	0	30
2023.10.20	12:00:00	1983.75	1985.87	1973.25	1978.29	21711	0	30
2023.10.20	16:00:00	1978.38	1997.14	1976.58	1982.63	31571	0	30
2023.10.20	20:00:00	1982.63	1986.68	1974.35	1980.31	15944	0	21
2023.10.23	00:00:00	1974.99	1978.48	1961.75	1966.23	7629	0	36
2023.10.23	04:00:00	1966.23	1974.66	1964.32	1973.69	12631	0	40
2023.10.23	08:00:00	1973.67	1981.98	1972.65	1981.45	17444	0	30
2023.10.23	12:00:00	1981.46	1982.82	1975.27	1977.55	21003	0	30
2023.10.23	16:00:00	1977.56	1979.98	1970.11	1974.46	29376	0	30
2023.10.23	20:00:00	1974.45	1978.08	1971.09	1972.59	13107	0	30
2023.10.24	00:00:00	1972.04	1975.92	1971.35	1973.76	4015	0	36
2023.10.24	04:00:00	1973.74	1980.81	1973.74	1976.11	11372	0	40
2023.10.24	08:00:00	1976.16	1979.16	1969.96	1972.07	17258	0	30
2023.10.24	12:00:00	1972.07	1972.33	1953.38	1964.67	25061	0	30
2023.10.24	16:00:00	1964.70	1975.99	1958.75	1974.29	28630	0	30
2023.10.24	20:00:00	1974.29	1977.55	1970.70	1970.86	11282	0	30
2023.10.25	00:00:00	1971.13	1975.22	1969.84	1974.39	4695	0	39
2023.10.25	04:00:00	1974.39	1976.93	1970.80	1972.43	11158	0	40
2023.10.25	08:00:00	1972.44	1975.95	1968.29	1971.40	14027	0	30
2023.10.25	12:00:00	1971.41	1976.88	1969.42	1975.08	20249	0	30
2023.10.25	16:00:00	1975.13	1987.23	1963.10	1978.16	30477	0	30
2023.10.25	20:00:00	1978.16	1985.68	1976.53	1979.45	14119	0	30
2023.10.26	00:00:00	1980.51	1984.66	1979.40	1983.40	6632	0	40
2023.10.26	04:00:00	1983.42	1989.37	1983.26	1988.43	10177	0	40
2023.10.26	08:00:00	1988.39	1993.46	1983.90	1992.13	18332	0	30
2023.10.26	12:00:00	1992.12	1992.17	1974.50	1979.50	21680	0	30
2023.10.26	16:00:00	1979.58	1985.64	1971.62	1984.22	30841	0	30
2023.10.26	20:00:00	1984.22	1989.33	1982.28	1984.87	13711	0	30
2023.10.27	00:00:00	1984.04	1986.75	1982.86	1983.43	5898	0	40
2023.10.27	04:00:00	1983.42	1989.90	1983.15	1989.44	10780	0	40
2023.10.27	08:00:00	1989.46	1989.63	1985.49	1986.90	16980	0	30
2023.10.27	12:00:00	1986.95	1987.91	1977.03	1980.36	20182	0	30
2023.10.27	16:00:00	1980.34	1985.67	1976.81	1983.64	26786	0	30
2023.10.27	20:00:00	1983.64	2009.31	1983.00	2005.67	21073	0	21
2023.10.30	00:00:00	2002.47	2006.70	1996.79	2004.66	14309	0	40
2023.10.30	04:00:00	2004.54	2004.71	1999.47	1999.55	9598	0	40
2023.10.30	08:00:00	1999.63	2000.70	1990.95	1996.34	19624	0	30
2023.10.30	12:00:00	1996.36	2002.33	1992.40	1998.34	25232	0	30
2023.10.30	16:00:00	1998.30	2002.25	1991.84	1997.89	24907	0	30
2023.10.30	20:00:00	1997.90	1999.86	1994.67	1996.10	8500	0	30
2023.10.31	00:00:00	1995.20	1997.17	1993.92	1996.29	6820	0	40
2023.10.31	04:00:00	1996.31	1997.02	1990.47	1992.97	11281	0	40
2023.10.31	08:00:00	1992.98	1999.17	1992.30	1997.45	14846	0	30
2023.10.31	12:00:00	1997.52	2004.02	1994.56	2002.60	24877	0	30
2023.10.31	16:00:00	2002.59	2007.91	1983.12	1983.93	28935	0	30
2023.10.31	20:00:00	1983.93	1986.50	1978.64	1983.70	11198	0	30
2023.11.01	00:00:00	1983.17	1985.94	1977.78	1979.29	9484	0	40
2023.11.01	04:00:00	1979.29	1980.70	1974.97	1978.80	9630	0	40
2023.11.01	08:00:00	1978.82	1983.51	1976.24	1982.48	15388	0	30
2023.11.01	12:00:00	1982.49	1988.30	1980.90	1985.50	19609	0	30
2023.11.01	16:00:00	1986.78	1991.79	1974.38	1977.37	23655	0	30
2023.11.01	20:00:00	1977.45	1982.64	1969.59	1982.49	17214	0	30
2023.11.02	00:00:00	1981.98	1987.98	1981.12	1985.97	8182	0	40
2023.11.02	04:00:00	1985.98	1986.39	1983.02	1985.12	8415	0	40
2023.11.02	08:00:00	1985.06	1989.37	1983.47	1988.15	12539	0	30
2023.11.02	12:00:00	1988.13	1990.98	1981.95	1984.31	19366	0	30
2023.11.02	16:00:00	1984.31	1986.63	1978.78	1985.01	24566	0	30
2023.11.02	20:00:00	1985.03	1986.27	1983.60	1985.62	7864	0	30
2023.11.03	00:00:00	1985.12	1986.43	1983.18	1983.85	5633	0	40
2023.11.03	04:00:00	1983.86	1987.78	1983.74	1987.07	6872	0	40
2023.11.03	08:00:00	1987.07	1990.29	1984.50	1989.08	13116	0	30
2023.11.03	12:00:00	1989.06	2004.06	1985.40	1995.41	25786	0	30
2023.11.03	16:00:00	1998.00	1999.01	1988.55	1993.10	27241	0	30
2023.11.03	20:00:00	1993.13	1995.11	1991.52	1992.53	8598	0	30
2023.11.06	00:00:00	1991.05	1993.06	1986.91	1992.04	9816	0	40
2023.11.06	04:00:00	1992.05	1992.92	1981.88	1983.84	11741	0	40
2023.11.06	08:00:00	1983.87	1987.93	1982.20	1986.81	13265	0	30
2023.11.06	12:00:00	1986.90	1989.06	1983.39	1986.33	14888	0	30
2023.11.06	16:00:00	1986.37	1988.19	1979.90	1983.70	20695	0	30
2023.11.06	20:00:00	1983.71	1983.74	1977.14	1977.66	9913	0	30
2023.11.07	00:00:00	1977.02	1978.08	1974.50	1975.56	7363	0	40
2023.11.07	04:00:00	1975.54	1975.88	1970.72	1973.41	9769	0	40
2023.11.07	08:00:00	1973.37	1973.63	1963.96	1966.10	15437	0	30
2023.11.07	12:00:00	1966.05	1967.85	1956.45	1966.35	21142	0	30
2023.11.07	16:00:00	1966.38	1967.07	1959.95	1963.76	20920	0	30
2023.11.07	20:00:00	1963.80	1969.58	1963.41	1968.97	10523	0	30
2023.11.08	00:00:00	1968.46	1969.77	1967.24	1968.42	7685	0	40
2023.11.08	04:00:00	1968.44	1970.78	1964.74	1965.35	9232	0	40
2023.11.08	08:00:00	1965.35	1969.02	1964.83	1965.43	13530	0	30
2023.11.08	12:00:00	1965.36	1966.65	1959.54	1964.79	19232	0	30
2023.11.08	16:00:00	1964.82	1966.37	1950.75	1953.52	27049	0	30
2023.11.08	20:00:00	1953.56	1954.51	1947.22	1950.05	11111	0	30
2023.11.09	00:00:00	1949.27	1954.35	1948.65	1953.10	6767	0	40
2023.11.09	04:00:00	1953.08	1953.08	1947.46	1949.86	9298	0	40
2023.11.09	08:00:00	1949.91	1950.25	1944.26	1946.64	14716	0	30
2023.11.09	12:00:00	1946.65	1951.12	1944.60	1950.39	18208	0	30
2023.11.09	16:00:00	1950.36	1964.91	1948.38	1961.85	24303	0	30
2023.11.09	20:00:00	1961.84	1965.58	1956.10	1958.34	17202	0	30
2023.11.10	00:00:00	1958.08	1960.70	1957.92	1959.01	8458	0	40
2023.11.10	04:00:00	1959.02	1960.40	1956.30	1957.19	9454	0	40
2023.11.10	08:00:00	1957.20	1958.12	1953.51	1953.88	14270	0	30
2023.11.10	12:00:00	1953.84	1954.36	1942.95	1945.94	21648	0	30
2023.11.10	16:00:00	1945.99	1947.47	1936.39	1936.57	26226	0	30
2023.11.10	20:00:00	1936.58	1937.58	1932.79	1937.58	12967	0	21
2023.11.13	00:00:00	1938.15	1941.69	1917.43	1940.13	8531	0	35
2023.11.13	04:00:00	1940.12	1941.05	1933.78	1938.92	10797	0	35
2023.11.13	08:00:00	1938.93	1940.99	1935.76	1937.95	15379	0	30
2023.11.13	12:00:00	1937.95	1939.49	1934.56	1935.82	15476	0	30
2023.11.13	16:00:00	1935.82	1949.17	1931.47	1945.72	23087	0	30
2023.11.13	20:00:00	1945.73	1948.00	1944.74	1946.09	8250	0	30
2023.11.14	00:00:00	1945.97	1948.34	1945.34	1945.60	5899	0	40
2023.11.14	04:00:00	1945.60	1946.62	1943.68	1944.37	7958	0	40
2023.11.14	08:00:00	1944.37	1947.97	1944.07	1947.14	12344	0	30
2023.11.14	12:00:00	1947.18	1959.15	1937.09	1954.28	17940	0	30
2023.11.14	16:00:00	1954.31	1970.90	1953.63	1962.16	28231	0	30
2023.11.14	20:00:00	1962.10	1964.41	1961.62	1962.97	9867	0	30
2023.11.15	00:00:00	1962.42	1963.92	1961.48	1962.62	7469	0	40
2023.11.15	04:00:00	1962.61	1967.88	1962.43	1966.85	10778	0	40
2023.11.15	08:00:00	1966.87	1972.56	1966.73	1971.45	16679	0	30
2023.11.15	12:00:00	1971.44	1975.12	1963.44	1965.57	21550	0	30
2023.11.15	16:00:00	1965.61	1966.65	1955.42	1961.42	25935	0	30
2023.11.15	20:00:00	1961.38	1962.22	1958.97	1959.20	7550	0	30
2023.11.16	00:00:00	1959.44	1961.27	1957.63	1958.37	5101	0	40
2023.11.16	04:00:00	1958.36	1963.79	1956.43	1962.81	8902	0	40
2023.11.16	08:00:00	1962.82	1968.54	1962.68	1966.23	14200	0	30
2023.11.16	12:00:00	1966.22	1972.93	1962.08	1972.10	18672	0	30
2023.11.16	16:00:00	1972.10	1987.96	1971.49	1983.38	28099	0	30
2023.11.16	20:00:00	1983.44	1985.23	1980.58	1981.15	9117	0	30
2023.11.17	00:00:00	1980.89	1986.86	1980.69	1983.43	5726	0	22
2023.11.17	04:00:00	1983.44	1987.10	1983.18	1984.35	9496	0	40
2023.11.17	08:00:00	1984.34	1992.39	1982.58	1991.29	16331	0	30
2023.11.17	12:00:00	1991.29	1993.39	1983.60	1984.78	21126	0	30
2023.11.17	16:00:00	1984.74	1986.66	1978.58	1981.05	26032	0	30
2023.11.17	20:00:00	1981.05	1982.75	1978.99	1980.21	9724	0	25
2023.11.20	00:00:00	1978.15	1983.01	1973.34	1981.02	9427	0	40
2023.11.20	04:00:00	1981.00	1985.14	1979.54	1980.60	14354	0	40
2023.11.20	08:00:00	1980.60	1981.85	1975.86	1979.33	19650	0	30
2023.11.20	12:00:00	1979.41	1979.53	1965.44	1968.06	22116	0	30
2023.11.20	16:00:00	1968.13	1976.06	1965.24	1973.80	23522	0	30
2023.11.20	20:00:00	1973.76	1978.94	1973.47	1977.49	10358	0	30
2023.11.21	00:00:00	1977.18	1990.36	1977.18	1989.98	9219	0	40
2023.11.21	04:00:00	1989.94	1994.20	1988.76	1991.66	12558	0	40
2023.11.21	08:00:00	1991.68	1994.29	1984.28	1985.36	19072	0	30
2023.11.21	12:00:00	1985.38	2000.18	1985.32	1997.60	20233	0	30
2023.11.21	16:00:00	1997.70	2007.53	1997.30	2001.46	26869	0	30
2023.11.21	20:00:00	2001.50	2001.80	1996.24	1998.10	12310	0	30
2023.11.22	00:00:00	1998.50	1999.80	1995.71	1996.05	7768	0	40
2023.11.22	04:00:00	1996.06	2000.29	1995.43	1998.80	10940	0	40
2023.11.22	08:00:00	1998.79	2006.30	1998.22	2002.10	19663	0	30
2023.11.22	12:00:00	2002.11	2003.34	1996.85	1999.12	20153	0	30
2023.11.22	16:00:00	1999.27	2002.47	1988.63	1991.56	27034	0	30
2023.11.22	20:00:00	1991.43	1992.63	1986.88	1989.66	9479	0	30
2023.11.23	00:00:00	1989.10	1993.90	1989.10	1993.46	5248	0	40
2023.11.23	04:00:00	1993.45	1998.26	1993.12	1996.25	7830	0	40
2023.11.23	08:00:00	1996.29	1998.48	1992.23	1994.31	11776	0	30
2023.11.23	12:00:00	1994.31	1994.81	1991.97	1992.76	12341	0	30
2023.11.23	16:00:00	1992.77	1994.87	1989.80	1992.76	9955	0	30
2023.11.23	20:00:00	1992.79	1993.01	1991.59	1992.70	2289	0	21
2023.11.24	00:00:00	1992.52	1994.88	1991.49	1992.83	6955	0	40
2023.11.24	04:00:00	1992.79	1994.73	1991.44	1994.16	10918	0	40
2023.11.24	08:00:00	1994.04	1994.98	1992.03	1994.50	11921	0	30
2023.11.24	12:00:00	1994.51	2001.91	1994.38	1999.57	13576	0	30
2023.11.24	16:00:00	1999.69	2003.58	1997.16	2000.97	19971	0	30
2023.11.24	20:00:00	2001.03	2002.29	2000.03	2002.25	872	0	30
2023.11.27	00:00:00	2001.41	2018.08	2000.44	2011.95	11712	0	40
2023.11.27	04:00:00	2011.97	2013.66	2007.37	2010.61	14497	0	40
2023.11.27	08:00:00	2010.59	2015.49	2008.70	2013.38	14718	0	30
2023.11.27	12:00:00	2013.43	2016.23	2009.84	2011.40	16931	0	30
2023.11.27	16:00:00	2011.43	2015.01	2005.71	2010.00	21392	0	30
2023.11.27	20:00:00	2010.01	2014.60	2009.55	2014.17	8660	0	30
2023.11.28	00:00:00	2014.09	2018.05	2013.10	2015.46	8208	0	35
2023.11.28	04:00:00	2015.43	2017.76	2014.03	2015.10	9503	0	40
2023.11.28	08:00:00	2015.11	2016.70	2012.17	2016.05	12811	0	30
2023.11.28	12:00:00	2016.06	2021.58	2011.70	2021.54	15003	0	30
2023.11.28	16:00:00	2021.57	2043.06	2020.65	2040.72	26423	0	30
2023.11.28	20:00:00	2040.76	2042.57	2038.24	2040.89	10706	0	30
2023.11.29	00:00:00	2040.79	2052.16	2040.50	2048.85	10634	0	38
2023.11.29	04:00:00	2048.78	2048.99	2042.97	2045.86	13816	0	40
2023.11.29	08:00:00	2045.82	2046.09	2035.41	2038.44	16808	0	30
2023.11.29	12:00:00	2038.47	2043.06	2036.73	2039.11	18099	0	30
2023.11.29	16:00:00	2039.10	2046.97	2037.10	2045.09	24868	0	30
2023.11.29	20:00:00	2045.10	2049.61	2042.78	2044.10	10619	0	30
2023.11.30	00:00:00	2045.11	2046.79	2043.04	2043.26	7058	0	35
2023.11.30	04:00:00	2043.25	2047.13	2041.37	2041.72	11570	0	40
2023.11.30	08:00:00	2041.64	2046.94	2038.73	2039.91	15396	0	30
2023.11.30	12:00:00	2039.89	2044.10	2034.04	2036.86	18805	0	30
2023.11.30	16:00:00	2036.87	2041.32	2031.07	2037.04	25962	0	30
2023.11.30	20:00:00	2037.05	2038.74	2033.66	2035.99	10567	0	30
2023.12.01	00:00:00	2036.83	2043.38	2036.58	2041.63	8047	0	21
2023.12.01	04:00:00	2041.67	2042.76	2038.63	2040.99	11363	0	40
2023.12.01	08:00:00	2040.94	2049.81	2039.27	2046.36	15180	0	30
2023.12.01	12:00:00	2046.37	2047.21	2033.92	2037.71	18415	0	30
2023.12.01	16:00:00	2037.70	2067.70	2035.23	2067.32	30406	0	30
2023.12.01	20:00:00	2067.31	2075.47	2065.66	2071.42	15319	0	21
2023.12.04	00:00:00	2072.35	2149.70	2071.66	2087.70	16847	0	21
2023.12.04	04:00:00	2087.69	2090.44	2081.65	2085.94	14637	0	40
2023.12.04	08:00:00	2085.97	2087.81	2057.74	2071.05	22545	0	30
2023.12.04	12:00:00	2071.08	2071.91	2056.06	2057.66	20177	0	30
2023.12.04	16:00:00	2057.67	2058.03	2020.17	2025.96	34132	0	30
2023.12.04	20:00:00	2026.04	2032.30	2022.14	2028.88	14939	0	30
2023.12.05	00:00:00	2029.22	2041.20	2028.42	2035.62	11393	0	40
2023.12.05	04:00:00	2035.58	2038.27	2030.42	2032.15	12768	0	40
2023.12.05	08:00:00	2032.16	2039.55	2028.60	2029.03	18573	0	30
2023.12.05	12:00:00	2029.02	2030.87	2021.41	2029.30	21104	0	30
2023.12.05	16:00:00	2029.31	2029.96	2009.92	2017.20	30741	0	30
2023.12.05	20:00:00	2017.18	2020.89	2016.70	2019.35	10829	0	30
2023.12.06	00:00:00	2018.51	2022.69	2017.22	2020.77	9316	0	40
2023.12.06	04:00:00	2020.75	2025.39	2019.76	2024.81	11761	0	40
2023.12.06	08:00:00	2024.82	2035.92	2020.21	2021.22	18275	0	30
2023.12.06	12:00:00	2021.24	2031.86	2020.24	2030.11	18927	0	30
2023.12.06	16:00:00	2030.16	2033.06	2022.69	2029.58	26064	0	30
2023.12.06	20:00:00	2029.55	2031.28	2024.48	2025.12	10441	0	30
2023.12.07	00:00:00	2025.96	2029.61	2025.22	2026.14	8728	0	40
2023.12.07	04:00:00	2026.15	2029.96	2025.22	2026.78	13137	0	40
2023.12.07	08:00:00	2026.79	2034.88	2026.18	2034.14	18031	0	30
2023.12.07	12:00:00	2034.15	2039.91	2029.60	2037.14	18740	0	30
2023.12.07	16:00:00	2037.13	2037.47	2020.21	2028.85	28095	0	30
2023.12.07	20:00:00	2028.80	2031.99	2027.65	2028.53	12300	0	30
2023.12.08	00:00:00	2028.48	2033.07	2026.85	2032.29	12020	0	40
2023.12.08	04:00:00	2032.28	2033.95	2029.36	2030.03	11048	0	40
2023.12.08	08:00:00	2029.95	2031.46	2026.53	2028.70	15983	0	30
2023.12.08	12:00:00	2028.67	2032.40	2014.50	2018.63	20178	0	30
2023.12.08	16:00:00	2018.64	2019.32	1994.63	1997.01	31610	0	30
2023.12.08	20:00:00	1996.90	2004.89	1996.17	2003.92	11460	0	21
2023.12.11	00:00:00	2004.42	2007.56	2001.57	2001.92	10718	0	40
2023.12.11	04:00:00	2001.95	2002.62	1994.37	1998.64	12547	0	40
2023.12.11	08:00:00	1998.63	2000.36	1991.18	1993.22	16315	0	30
2023.12.11	12:00:00	1993.23	1996.58	1990.23	1993.77	17222	0	30
2023.12.11	16:00:00	1994.05	1994.43	1975.97	1976.55	23427	0	30
2023.12.11	20:00:00	1976.56	1982.90	1975.77	1981.48	12433	0	30
2023.12.12	00:00:00	1981.81	1989.23	1981.36	1982.99	10250	0	40
2023.12.12	04:00:00	1982.98	1987.78	1981.70	1987.34	10196	0	40
2023.12.12	08:00:00	1987.38	1988.97	1982.52	1985.70	12917	0	30
2023.12.12	12:00:00	1985.76	1996.67	1982.71	1984.48	18065	0	30
2023.12.12	16:00:00	1984.47	1989.82	1977.16	1977.74	24532	0	30
2023.12.12	20:00:00	1977.72	1981.01	1977.49	1979.23	10565	0	30
2023.12.13	00:00:00	1978.94	1982.75	1978.94	1980.09	6578	0	40
2023.12.13	04:00:00	1980.05	1980.30	1977.64	1978.73	8309	0	40
2023.12.13	08:00:00	1978.75	1982.73	1972.97	1982.54	15004	0	30
2023.12.13	12:00:00	1982.50	1986.79	1979.67	1984.44	15752	0	30
2023.12.13	16:00:00	1984.31	1986.12	1978.49	1982.13	20155	0	30
2023.12.13	20:00:00	1982.14	2027.82	1979.71	2027.31	26075	0	30
2023.12.14	00:00:00	2024.35	2039.22	2024.35	2032.39	15458	0	40
2023.12.14	04:00:00	2032.41	2035.86	2030.03	2035.09	16773	0	40
2023.12.14	08:00:00	2035.18	2040.36	2029.31	2036.68	21995	0	30
2023.12.14	12:00:00	2036.66	2039.25	2027.63	2037.31	23166	0	30
2023.12.14	16:00:00	2037.21	2047.90	2034.54	2036.01	29167	0	30
2023.12.14	20:00:00	2035.93	2036.51	2028.88	2036.00	14987	0	30
2023.12.15	00:00:00	2036.00	2038.47	2031.06	2032.00	11417	0	40
2023.12.15	04:00:00	2031.92	2037.28	2031.56	2035.05	12946	0	40
2023.12.15	08:00:00	2035.01	2044.22	2034.02	2042.69	16075	0	30
2023.12.15	12:00:00	2042.67	2044.89	2026.97	2032.42	18596	0	30
2023.12.15	16:00:00	2032.28	2038.47	2031.45	2032.82	24930	0	30
2023.12.15	20:00:00	2032.80	2033.85	2015.65	2018.45	15402	0	0
2023.12.18	00:00:00	2019.82	2023.36	2015.95	2019.27	11352	0	40
2023.12.18	04:00:00	2019.23	2024.57	2018.97	2022.98	10980	0	40
2023.12.18	08:00:00	2023.06	2027.35	2021.39	2022.93	15620	0	30
2023.12.18	12:00:00	2022.92	2026.23	2018.85	2025.96	15830	0	30
2023.12.18	16:00:00	2025.99	2033.59	2020.37	2033.59	20772	0	30
2023.12.18	20:00:00	2033.52	2033.72	2024.99	2027.11	11282	0	30
2023.12.19	00:00:00	2027.39	2029.28	2025.58	2026.03	7615	0	40
2023.12.19	04:00:00	2026.09	2026.46	2021.63	2024.01	11771	0	40
2023.12.19	08:00:00	2024.05	2028.42	2023.02	2026.27	15219	0	30
2023.12.19	12:00:00	2026.25	2032.60	2024.32	2029.95	15776	0	30
2023.12.19	16:00:00	2029.96	2046.89	2028.88	2040.31	22862	0	30
2023.12.19	20:00:00	2040.31	2040.83	2036.65	2040.08	10625	0	30
2023.12.20	00:00:00	2040.36	2041.64	2037.65	2038.10	8266	0	40
2023.12.20	04:00:00	2038.09	2041.24	2036.68	2041.15	8975	0	40
2023.12.20	08:00:00	2041.14	2043.41	2039.60	2039.92	14429	0	30
2023.12.20	12:00:00	2039.89	2040.33	2029.60	2036.27	17236	0	30
2023.12.20	16:00:00	2036.26	2039.69	2030.33	2034.72	21999	0	30
2023.12.20	20:00:00	2034.71	2037.11	2027.42	2031.11	15027	0	30
2023.12.21	00:00:00	2031.95	2035.89	2031.44	2035.37	7478	0	40
2023.12.21	04:00:00	2035.43	2038.14	2034.77	2036.07	9710	0	40
2023.12.21	08:00:00	2036.08	2037.34	2033.89	2035.39	12395	0	30
2023.12.21	12:00:00	2035.38	2045.95	2032.13	2041.33	16860	0	30
2023.12.21	16:00:00	2041.33	2045.94	2036.72	2040.97	24202	0	30
2023.12.21	20:00:00	2040.98	2045.94	2037.41	2045.57	11345	0	30
2023.12.22	00:00:00	2048.07	2055.00	2046.39	2048.65	11880	0	40
2023.12.22	04:00:00	2048.67	2051.27	2047.17	2048.31	12383	0	40
2023.12.22	08:00:00	2048.29	2054.59	2047.00	2053.49	12517	0	30
2023.12.22	12:00:00	2053.48	2069.27	2053.47	2067.17	20593	0	30
2023.12.22	16:00:00	2067.27	2070.55	2051.10	2055.46	24774	0	30
2023.12.22	20:00:00	2055.47	2058.08	2051.69	2053.05	11421	0	21
2023.12.26	00:00:00	2055.07	2063.90	2053.39	2063.33	6801	0	40
2023.12.26	04:00:00	2063.32	2065.14	2061.36	2062.75	9220	0	40
2023.12.26	08:00:00	2062.77	2064.92	2060.54	2061.86	9066	0	32
2023.12.26	12:00:00	2061.85	2064.13	2058.73	2058.73	9944	0	30
2023.12.26	16:00:00	2058.74	2061.82	2054.42	2057.71	16258	0	30
2023.12.26	20:00:00	2057.70	2069.04	2057.31	2067.42	10084	0	30
2023.12.27	00:00:00	2068.05	2068.47	2063.91	2066.62	7754	0	40
2023.12.27	04:00:00	2066.63	2067.14	2064.05	2064.65	9826	0	40
2023.12.27	08:00:00	2064.66	2069.23	2064.29	2068.32	12559	0	30
2023.12.27	12:00:00	2068.33	2070.29	2061.51	2068.31	16712	0	30
2023.12.27	16:00:00	2068.26	2082.45	2066.61	2081.82	22309	0	30
2023.12.27	20:00:00	2081.83	2084.41	2075.93	2077.37	13142	0	30
2023.12.28	00:00:00	2077.51	2087.67	2077.51	2087.02	8893	0	40
2023.12.28	04:00:00	2087.03	2088.46	2084.66	2085.78	12182	0	40
2023.12.28	08:00:00	2085.80	2087.53	2072.66	2076.91	16823	0	30
2023.12.28	12:00:00	2076.95	2079.24	2071.30	2072.93	15786	0	30
2023.12.28	16:00:00	2072.98	2081.12	2072.02	2074.81	22240	0	30
2023.12.28	20:00:00	2074.81	2075.44	2064.55	2065.15	14396	0	30
2023.12.29	00:00:00	2066.09	2071.32	2065.75	2070.68	8836	0	40
2023.12.29	04:00:00	2070.69	2072.35	2067.71	2072.28	10437	0	40
2023.12.29	08:00:00	2072.25	2074.81	2065.44	2065.59	13557	0	30
2023.12.29	12:00:00	2065.61	2068.85	2058.17	2059.10	17767	0	30
2023.12.29	16:00:00	2059.16	2068.00	2058.44	2066.47	23591	0	30
2023.12.29	20:00:00	2066.50	2067.86	2061.11	2062.50	12545	0	21
2024.01.02	00:00:00	2064.45	2069.81	2062.30	2066.55	6899	0	40
2024.01.02	04:00:00	2066.54	2074.76	2063.96	2074.42	8873	0	40
2024.01.02	08:00:00	2074.44	2078.82	2071.80	2076.98	13369	0	30
2024.01.02	12:00:00	2076.99	2077.70	2064.80	2066.24	20098	0	30
2024.01.02	16:00:00	2066.28	2070.69	2055.94	2062.67	25211	0	30
2024.01.02	20:00:00	2062.76	2064.95	2057.95	2058.76	11129	0	30
2024.01.03	00:00:00	2058.79	2062.51	2058.47	2062.38	8648	0	40
2024.01.03	04:00:00	2062.39	2065.90	2061.58	2063.97	10886	0	40
2024.01.03	08:00:00	2063.98	2065.20	2054.35	2056.93	15936	0	30
2024.01.03	12:00:00	2056.87	2057.20	2038.50	2040.80	21951	0	30
2024.01.03	16:00:00	2040.83	2048.56	2030.46	2033.21	29222	0	30
2024.01.03	20:00:00	2033.22	2042.10	2030.43	2041.16	17652	0	30
2024.01.04	00:00:00	2041.90	2043.71	2039.87	2042.03	8314	0	40
2024.01.04	04:00:00	2042.02	2046.72	2042.00	2043.46	11412	0	40
2024.01.04	08:00:00	2043.51	2050.97	2043.32	2048.03	16942	0	30
2024.01.04	12:00:00	2047.99	2050.85	2038.83	2040.13	18413	0	30
2024.01.04	16:00:00	2040.17	2047.73	2036.19	2043.22	23128	0	30
2024.01.04	20:00:00	2043.21	2044.83	2041.51	2043.17	10136	0	30
2024.01.05	00:00:00	2043.55	2048.34	2042.71	2046.10	9287	0	40
2024.01.05	04:00:00	2046.14	2047.79	2043.14	2044.47	10733	0	40
2024.01.05	08:00:00	2044.41	2046.98	2038.40	2038.81	16417	0	30
2024.01.05	12:00:00	2038.87	2041.90	2024.52	2039.95	19851	0	30
2024.01.05	16:00:00	2039.90	2063.92	2038.73	2041.95	34533	0	30
2024.01.05	20:00:00	2041.96	2050.30	2040.50	2045.18	14701	0	21
2024.01.08	00:00:00	2043.76	2046.55	2042.84	2043.76	7231	0	40
2024.01.08	04:00:00	2043.75	2043.81	2026.95	2030.68	13320	0	40
2024.01.08	08:00:00	2030.67	2033.19	2026.61	2028.89	18456	0	30
2024.01.08	12:00:00	2028.89	2029.31	2016.53	2018.72	20700	0	30
2024.01.08	16:00:00	2018.75	2036.84	2018.29	2027.62	24882	0	30
2024.01.08	20:00:00	2027.61	2029.77	2026.14	2028.03	10529	0	30
2024.01.09	00:00:00	2027.96	2035.61	2027.93	2032.20	9139	0	40
2024.01.09	04:00:00	2032.13	2035.87	2030.24	2032.76	11101	0	40
2024.01.09	08:00:00	2032.77	2038.18	2031.13	2035.37	16477	0	30
2024.01.09	12:00:00	2035.38	2041.97	2031.66	2038.60	17667	0	30
2024.01.09	16:00:00	2038.55	2040.13	2026.03	2027.64	24156	0	30
2024.01.09	20:00:00	2027.64	2031.10	2026.81	2030.12	10925	0	30
2024.01.10	00:00:00	2030.17	2032.47	2027.21	2031.79	8601	0	40
2024.01.10	04:00:00	2031.76	2032.83	2025.45	2026.61	12544	0	40
2024.01.10	08:00:00	2026.62	2036.18	2023.75	2035.68	18021	0	30
2024.01.10	12:00:00	2035.70	2040.29	2030.01	2030.22	17875	0	30
2024.01.10	16:00:00	2030.25	2033.51	2022.22	2024.03	22936	0	30
2024.01.10	20:00:00	2024.02	2024.82	2020.20	2024.17	11861	0	30
2024.01.11	00:00:00	2024.66	2030.15	2024.50	2029.46	7716	0	40
2024.01.11	04:00:00	2029.48	2034.36	2028.57	2032.94	10919	0	40
2024.01.11	08:00:00	2032.93	2035.62	2030.14	2031.27	14847	0	30
2024.01.11	12:00:00	2031.25	2039.55	2025.07	2029.43	20907	0	30
2024.01.11	16:00:00	2029.46	2034.87	2013.08	2014.13	34784	0	30
2024.01.11	20:00:00	2014.13	2029.62	2013.61	2028.31	16366	0	30
2024.01.12	00:00:00	2028.95	2035.36	2028.47	2033.63	10611	0	40
2024.01.12	04:00:00	2033.69	2036.91	2032.64	2035.79	10585	0	40
2024.01.12	08:00:00	2035.78	2040.05	2034.16	2038.04	15148	0	30
2024.01.12	12:00:00	2038.05	2056.54	2037.99	2056.18	23025	0	30
2024.01.12	16:00:00	2056.12	2062.19	2041.48	2043.89	30702	0	30
2024.01.12	20:00:00	2043.89	2049.18	2042.98	2048.76	11071	0	21
2024.01.15	00:00:00	2048.85	2051.35	2045.82	2050.99	8651	0	40
2024.01.15	04:00:00	2051.02	2058.04	2049.83	2055.07	12417	0	40
2024.01.15	08:00:00	2055.06	2058.56	2052.92	2054.98	13508	0	30
2024.01.15	12:00:00	2055.02	2055.08	2051.32	2054.25	11990	0	30
2024.01.15	16:00:00	2054.21	2056.36	2049.24	2055.37	11190	0	30
2024.01.15	20:00:00	2055.45	2055.45	2053.62	2054.59	906	0	30
2024.01.16	00:00:00	2055.30	2055.46	2049.87	2050.78	9428	0	40
2024.01.16	04:00:00	2050.77	2051.58	2047.47	2048.57	11790	0	40
2024.01.16	08:00:00	2048.56	2050.89	2038.48	2040.96	19895	0	30
2024.01.16	12:00:00	2041.00	2044.99	2031.11	2037.37	22403	0	30
2024.01.16	16:00:00	2037.34	2042.35	2024.70	2025.08	29704	0	30
2024.01.16	20:00:00	2025.08	2029.96	2024.03	2028.02	13368	0	30
2024.01.17	00:00:00	2027.25	2030.53	2025.42	2030.01	9254	0	40
2024.01.17	04:00:00	2030.00	2032.73	2019.11	2020.44	13829	0	40
2024.01.17	08:00:00	2020.43	2026.40	2017.28	2023.70	16451	0	30
2024.01.17	12:00:00	2023.40	2028.76	2018.49	2022.19	17474	0	30
2024.01.17	16:00:00	2022.17	2022.85	2003.23	2006.84	23261	0	30
2024.01.17	20:00:00	2006.85	2007.01	2001.59	2006.01	11882	0	30
2024.01.18	00:00:00	2006.46	2011.87	2006.40	2011.45	9039	0	30
2024.01.18	04:00:00	2011.38	2011.68	2005.63	2009.02	11591	0	30
2024.01.18	08:00:00	2009.08	2013.84	2007.94	2009.90	15300	0	30
2024.01.18	12:00:00	2009.93	2017.24	2007.17	2009.03	18051	0	30
2024.01.18	16:00:00	2009.11	2017.70	2009.03	2016.30	25740	0	30
2024.01.18	20:00:00	2016.39	2023.23	2015.50	2022.80	12904	0	30
2024.01.19	00:00:00	2024.52	2025.50	2021.09	2023.98	10500	0	40
2024.01.19	04:00:00	2023.96	2024.99	2020.35	2021.58	8836	0	40
2024.01.19	08:00:00	2021.57	2030.83	2020.72	2029.76	15624	0	30
2024.01.19	12:00:00	2029.76	2039.29	2028.76	2035.27	18721	0	30
2024.01.19	16:00:00	2035.28	2035.72	2023.16	2029.08	25337	0	30
2024.01.19	20:00:00	2029.08	2029.97	2026.41	2029.35	11708	0	21
2024.01.22	00:00:00	2029.72	2032.10	2025.41	2029.05	9810	0	40
2024.01.22	04:00:00	2029.04	2030.00	2021.84	2023.23	11782	0	40
2024.01.22	08:00:00	2023.21	2026.21	2019.13	2021.70	18646	0	30
2024.01.22	12:00:00	2021.69	2030.12	2021.04	2023.18	19687	0	30
2024.01.22	16:00:00	2023.16	2026.53	2016.58	2021.55	24347	0	30
2024.01.22	20:00:00	2021.54	2021.89	2019.10	2021.46	11059	0	30
2024.01.23	00:00:00	2021.45	2023.09	2019.54	2021.71	7169	0	40
2024.01.23	04:00:00	2021.73	2031.70	2020.79	2030.86	15024	0	40
2024.01.23	08:00:00	2030.85	2037.88	2027.06	2028.68	17774	0	30
2024.01.23	12:00:00	2028.71	2030.35	2022.41	2024.91	15667	0	30
2024.01.23	16:00:00	2024.94	2027.72	2021.44	2024.28	20979	0	30
2024.01.23	20:00:00	2024.28	2030.66	2022.98	2029.02	10688	0	30
2024.01.24	00:00:00	2028.71	2029.52	2026.40	2027.22	8646	0	40
2024.01.24	04:00:00	2027.25	2027.50	2022.81	2024.50	11507	0	40
2024.01.24	08:00:00	2024.51	2034.09	2023.69	2030.84	17634	0	30
2024.01.24	12:00:00	2030.83	2036.64	2029.31	2033.90	18099	0	30
2024.01.24	16:00:00	2033.88	2034.65	2011.81	2019.22	26963	0	30
2024.01.24	20:00:00	2019.21	2019.77	2011.12	2013.31	13238	0	30
2024.01.25	00:00:00	2014.38	2017.41	2014.01	2016.22	10673	0	40
2024.01.25	04:00:00	2016.21	2016.74	2014.38	2015.35	10244	0	40
2024.01.25	08:00:00	2015.37	2018.02	2012.47	2017.62	14704	0	30
2024.01.25	12:00:00	2017.62	2023.02	2009.83	2019.35	17682	0	30
2024.01.25	16:00:00	2019.36	2025.23	2012.51	2014.95	26976	0	30
2024.01.25	20:00:00	2014.93	2020.79	2013.38	2020.51	11759	0	30
2024.01.26	00:00:00	2019.95	2024.16	2019.38	2021.82	7729	0	40
2024.01.26	04:00:00	2021.80	2023.84	2021.03	2023.02	7701	0	40
2024.01.26	08:00:00	2023.03	2023.35	2018.19	2020.78	12760	0	30
2024.01.26	12:00:00	2020.80	2026.72	2018.83	2024.67	15142	0	30
2024.01.26	16:00:00	2024.68	2026.14	2015.91	2016.68	19683	0	30
2024.01.26	20:00:00	2016.67	2019.05	2016.04	2018.17	8219	0	22
2024.01.29	00:00:00	2024.33	2028.21	2019.08	2023.22	10704	0	40
2024.01.29	04:00:00	2023.28	2027.60	2021.49	2025.43	8448	0	40
2024.01.29	08:00:00	2025.40	2033.84	2024.81	2028.33	13148	0	30
2024.01.29	12:00:00	2028.29	2037.54	2025.47	2036.89	12884	0	30
2024.01.29	16:00:00	2036.89	2037.28	2020.54	2029.34	19490	0	30
2024.01.29	20:00:00	2029.34	2035.20	2025.07	2032.60	11954	0	30
2024.01.30	00:00:00	2032.45	2034.05	2029.23	2031.00	8569	0	40
2024.01.30	04:00:00	2030.89	2033.25	2029.79	2032.13	9546	0	40
2024.01.30	08:00:00	2032.14	2040.30	2032.02	2035.68	16131	0	30
2024.01.30	12:00:00	2035.67	2037.91	2031.37	2037.73	15379	0	30
2024.01.30	16:00:00	2037.78	2048.59	2029.05	2033.97	27276	0	30
2024.01.30	20:00:00	2033.96	2037.04	2031.47	2036.77	11855	0	30
2024.01.31	00:00:00	2036.92	2038.63	2034.41	2034.55	7322	0	40
2024.01.31	04:00:00	2034.56	2035.06	2032.83	2034.96	8716	0	40
2024.01.31	08:00:00	2035.04	2040.41	2033.54	2038.19	14199	0	30
2024.01.31	12:00:00	2038.19	2043.10	2036.01	2041.88	17239	0	30
2024.01.31	16:00:00	2041.89	2055.98	2040.69	2049.56	26472	0	30
2024.01.31	20:00:00	2049.55	2050.78	2030.84	2039.20	27514	0	30
2024.02.01	00:00:00	2039.80	2042.60	2039.16	2041.32	6169	0	40
2024.02.01	04:00:00	2041.32	2049.43	2041.20	2044.45	8582	0	40
2024.02.01	08:00:00	2044.46	2044.86	2039.01	2041.02	15163	0	30
2024.02.01	12:00:00	2041.04	2042.14	2029.81	2040.09	21780	0	30
2024.02.01	16:00:00	2040.07	2065.40	2040.06	2054.43	32797	0	30
2024.02.01	20:00:00	2054.40	2058.67	2052.14	2054.81	15918	0	30
2024.02.02	00:00:00	2054.39	2056.83	2052.88	2054.73	8573	0	40
2024.02.02	04:00:00	2054.74	2056.50	2051.91	2055.46	11112	0	40
2024.02.02	08:00:00	2055.48	2056.88	2052.68	2053.00	14336	0	30
2024.02.02	12:00:00	2052.98	2057.59	2029.42	2031.44	18132	0	30
2024.02.02	16:00:00	2031.40	2037.32	2027.65	2035.03	30035	0	30
2024.02.02	20:00:00	2035.03	2039.46	2034.24	2039.46	11296	0	21
2024.02.05	00:00:00	2038.60	2041.98	2033.38	2037.84	13639	0	40
2024.02.05	04:00:00	2037.83	2038.55	2028.74	2029.52	15658	0	40
2024.02.05	08:00:00	2029.43	2031.25	2020.41	2022.44	19029	0	30
2024.02.05	12:00:00	2022.44	2028.17	2014.74	2015.65	19666	0	30
2024.02.05	16:00:00	2015.78	2026.20	2014.65	2025.42	26828	0	30
2024.02.05	20:00:00	2025.43	2027.28	2023.77	2024.87	10705	0	30
2024.02.06	00:00:00	2024.59	2028.40	2023.48	2026.98	8184	0	40
2024.02.06	04:00:00	2026.96	2029.63	2023.30	2029.31	12250	0	40
2024.02.06	08:00:00	2029.30	2029.40	2022.64	2023.37	14151	0	30
2024.02.06	12:00:00	2023.35	2030.70	2022.70	2028.94	16648	0	30
2024.02.06	16:00:00	2028.99	2038.83	2026.87	2037.01	25363	0	30
2024.02.06	20:00:00	2036.99	2038.20	2033.81	2035.76	11880	0	30
2024.02.07	00:00:00	2035.46	2036.24	2034.22	2035.01	8495	0	40
2024.02.07	04:00:00	2035.02	2035.54	2033.32	2033.36	9736	0	40
2024.02.07	08:00:00	2033.35	2036.12	2031.23	2034.31	13613	0	30
2024.02.07	12:00:00	2034.30	2036.63	2030.54	2036.09	15721	0	30
2024.02.07	16:00:00	2036.09	2044.51	2032.72	2035.57	25441	0	30
2024.02.07	20:00:00	2035.57	2037.19	2033.72	2035.00	10159	0	30
2024.02.08	00:00:00	2034.69	2038.10	2034.65	2037.18	4870	0	40
2024.02.08	04:00:00	2037.20	2038.63	2031.16	2033.41	10362	0	40
2024.02.08	08:00:00	2033.42	2036.03	2028.89	2035.34	13809	0	30
2024.02.08	12:00:00	2035.34	2038.49	2020.77	2020.89	22044	0	30
2024.02.08	16:00:00	2020.84	2033.72	2019.99	2031.70	23969	0	30
2024.02.08	20:00:00	2031.67	2035.32	2031.14	2034.30	11714	0	30
2024.02.09	00:00:00	2034.04	2035.00	2031.93	2034.19	6528	0	40
2024.02.09	04:00:00	2034.17	2035.09	2032.16	2032.87	6192	0	40
2024.02.09	08:00:00	2032.86	2034.95	2030.49	2031.54	11661	0	30
2024.02.09	12:00:00	2031.53	2037.16	2025.63	2026.83	17358	0	30
2024.02.09	16:00:00	2026.84	2030.36	2020.05	2024.43	21613	0	30
2024.02.09	20:00:00	2024.44	2026.12	2022.61	2023.78	8552	0	22
2024.02.12	00:00:00	2024.77	2026.61	2023.24	2023.32	5770	0	40
2024.02.12	04:00:00	2023.33	2023.94	2021.65	2023.60	6193	0	40
2024.02.12	08:00:00	2023.61	2027.10	2020.15	2020.54	10981	0	30
2024.02.12	12:00:00	2020.54	2027.35	2018.42	2018.91	16090	0	30
2024.02.12	16:00:00	2018.88	2020.17	2011.71	2019.22	22392	0	30
2024.02.12	20:00:00	2019.24	2021.38	2017.63	2019.75	10477	0	30
2024.02.13	00:00:00	2019.50	2021.05	2018.07	2020.12	4714	0	40
2024.02.13	04:00:00	2020.13	2021.43	2016.64	2020.54	6031	0	40
2024.02.13	08:00:00	2020.59	2026.88	2020.49	2026.66	11746	0	30
2024.02.13	12:00:00	2026.67	2029.83	2002.76	2004.15	18292	0	30
2024.02.13	16:00:00	2004.16	2005.62	1989.96	1993.47	27764	0	30
2024.02.13	20:00:00	1993.48	1995.54	1991.01	1992.72	11045	0	30
2024.02.14	00:00:00	1992.76	1993.05	1988.67	1992.61	7258	0	40
2024.02.14	04:00:00	1992.62	1993.42	1990.95	1992.75	5955	0	40
2024.02.14	08:00:00	1992.76	1992.90	1986.00	1990.98	13111	0	30
2024.02.14	12:00:00	1990.94	1993.14	1988.47	1988.92	16348	0	30
2024.02.14	16:00:00	1988.93	1995.04	1984.02	1994.11	23776	0	30
2024.02.14	20:00:00	1994.13	1995.86	1989.44	1991.99	9554	0	30
2024.02.15	00:00:00	1991.99	1994.09	1991.95	1992.35	5825	0	40
2024.02.15	04:00:00	1992.32	1993.28	1989.97	1991.68	6270	0	40
2024.02.15	08:00:00	1991.70	1996.60	1991.21	1996.23	11221	0	30
2024.02.15	12:00:00	1996.23	2003.92	1995.47	2003.86	17140	0	30
2024.02.15	16:00:00	2003.85	2008.20	1998.42	2003.62	24506	0	30
2024.02.15	20:00:00	2003.60	2006.42	2002.75	2004.13	9788	0	30
2024.02.16	00:00:00	2004.15	2005.48	2002.22	2005.37	5445	0	40
2024.02.16	04:00:00	2005.36	2005.50	2003.14	2004.36	9246	0	40
2024.02.16	08:00:00	2004.34	2006.44	2002.69	2005.02	10790	0	30
2024.02.16	12:00:00	2005.04	2008.08	1995.08	2001.42	15582	0	30
2024.02.16	16:00:00	2001.39	2014.39	1995.13	2013.31	27068	0	30
2024.02.16	20:00:00	2013.30	2015.12	2011.09	2013.61	10916	0	23
2024.02.19	00:00:00	2012.81	2020.70	2011.93	2019.72	7279	0	40
2024.02.19	04:00:00	2019.69	2022.80	2018.23	2020.68	7989	0	40
2024.02.19	08:00:00	2020.67	2022.91	2019.09	2020.13	10968	0	30
2024.02.19	12:00:00	2020.14	2020.57	2015.99	2016.87	12343	0	30
2024.02.19	16:00:00	2016.89	2018.49	2013.24	2017.33	10048	0	30
2024.02.19	20:00:00	2017.29	2018.44	2016.76	2017.74	943	0	30
2024.02.20	00:00:00	2017.99	2019.08	2014.98	2016.95	7874	0	40
2024.02.20	04:00:00	2016.91	2019.63	2016.76	2018.56	7406	0	40
2024.02.20	08:00:00	2018.54	2025.20	2017.69	2024.01	13495	0	30
2024.02.20	12:00:00	2023.99	2030.75	2023.49	2030.08	17788	0	30
2024.02.20	16:00:00	2030.05	2030.81	2025.46	2028.65	19572	0	30
2024.02.20	20:00:00	2028.69	2028.89	2023.60	2024.13	8538	0	30
2024.02.21	00:00:00	2024.05	2026.04	2022.82	2025.34	6514	0	40
2024.02.21	04:00:00	2025.35	2032.20	2025.28	2030.87	10054	0	40
2024.02.21	08:00:00	2030.89	2031.12	2025.95	2028.07	12993	0	30
2024.02.21	12:00:00	2028.06	2031.57	2027.39	2028.67	13474	0	30
2024.02.21	16:00:00	2028.67	2030.34	2021.48	2024.21	21716	0	30
2024.02.21	20:00:00	2024.21	2026.99	2020.06	2025.86	15169	0	30
2024.02.22	00:00:00	2024.94	2028.48	2024.94	2026.87	8013	0	40
2024.02.22	04:00:00	2026.86	2029.88	2025.39	2028.40	8959	0	40
2024.02.22	08:00:00	2028.39	2034.78	2028.26	2030.21	15213	0	30
2024.02.22	12:00:00	2030.22	2031.17	2023.08	2025.63	16537	0	30
2024.02.22	16:00:00	2025.62	2026.79	2019.54	2022.66	21444	0	30
2024.02.22	20:00:00	2022.73	2024.75	2019.41	2024.19	10637	0	30
2024.02.23	00:00:00	2023.87	2027.03	2022.55	2026.60	7944	0	40
2024.02.23	04:00:00	2026.61	2027.11	2021.97	2022.18	8041	0	40
2024.02.23	08:00:00	2022.16	2022.40	2015.81	2016.53	14980	0	30
2024.02.23	12:00:00	2016.53	2029.22	2016.34	2025.36	18622	0	30
2024.02.23	16:00:00	2025.33	2039.77	2024.16	2037.85	22928	0	30
2024.02.23	20:00:00	2037.85	2041.31	2035.13	2035.83	9876	0	21
2024.02.26	00:00:00	2032.15	2034.95	2029.88	2031.22	9539	0	40
2024.02.26	04:00:00	2031.21	2034.25	2030.58	2033.01	8552	0	40
2024.02.26	08:00:00	2033.00	2037.04	2031.85	2033.06	14168	0	30
2024.02.26	12:00:00	2033.08	2035.43	2030.71	2032.62	18153	0	30
2024.02.26	16:00:00	2032.69	2032.86	2025.03	2028.69	20667	0	30
2024.02.26	20:00:00	2028.71	2033.57	2028.16	2031.04	9245	0	30
2024.02.27	00:00:00	2030.83	2033.65	2030.39	2033.47	6762	0	40
2024.02.27	04:00:00	2033.46	2034.44	2032.24	2033.48	7276	0	40
2024.02.27	08:00:00	2033.49	2039.44	2033.17	2036.59	12579	0	30
2024.02.27	12:00:00	2036.62	2039.09	2034.57	2035.46	14968	0	30
2024.02.27	16:00:00	2035.41	2036.94	2029.71	2032.23	18480	0	30
2024.02.27	20:00:00	2032.23	2036.05	2028.71	2030.25	9917	0	30
2024.02.28	00:00:00	2030.27	2033.61	2029.01	2033.33	6738	0	40
2024.02.28	04:00:00	2033.29	2033.49	2029.72	2030.92	8671	0	40
2024.02.28	08:00:00	2030.93	2031.96	2024.63	2024.65	13306	0	30
2024.02.28	12:00:00	2024.64	2035.86	2024.24	2035.62	15225	0	30
2024.02.28	16:00:00	2035.63	2037.66	2030.23	2033.79	17375	0	30
2024.02.28	20:00:00	2033.79	2035.20	2030.87	2034.30	8016	0	30
2024.02.29	00:00:00	2034.20	2036.56	2033.92	2036.39	5924	0	40
2024.02.29	04:00:00	2036.40	2037.05	2034.38	2035.57	9426	0	40
2024.02.29	08:00:00	2035.55	2037.80	2033.96	2034.54	11522	0	30
2024.02.29	12:00:00	2034.54	2048.65	2027.89	2047.61	18194	0	30
2024.02.29	16:00:00	2047.59	2050.62	2043.27	2045.65	20279	0	30
2024.02.29	20:00:00	2045.60	2046.81	2042.88	2044.11	8809	0	30
2024.03.01	00:00:00	2043.87	2044.63	2042.81	2044.28	4244	0	40
2024.03.01	04:00:00	2044.28	2046.77	2043.37	2044.99	5432	0	40
2024.03.01	08:00:00	2045.01	2048.75	2039.04	2046.35	14736	0	30
2024.03.01	12:00:00	2046.37	2057.45	2045.90	2051.54	18124	0	30
2024.03.01	16:00:00	2051.58	2085.64	2045.58	2084.79	29933	0	30
2024.03.01	20:00:00	2084.82	2088.30	2082.24	2083.45	12946	0	21
2024.03.04	00:00:00	2082.15	2086.08	2079.47	2080.19	10784	0	40
2024.03.04	04:00:00	2080.20	2083.42	2079.88	2081.53	7903	0	40
2024.03.04	08:00:00	2081.52	2088.21	2081.03	2085.14	14677	0	30
2024.03.04	12:00:00	2085.15	2093.56	2081.12	2091.62	17209	0	30
2024.03.04	16:00:00	2091.68	2119.84	2090.44	2116.55	30305	0	30
2024.03.04	20:00:00	2116.53	2118.48	2113.34	2114.28	12281	0	30
2024.03.05	00:00:00	2114.25	2116.75	2110.40	2112.63	6550	0	40
2024.03.05	04:00:00	2112.61	2119.63	2111.25	2119.23	11515	0	40
2024.03.05	08:00:00	2119.22	2125.27	2113.98	2124.54	18151	0	30
2024.03.05	12:00:00	2124.52	2141.73	2121.15	2127.81	23388	0	30
2024.03.05	16:00:00	2128.09	2139.51	2123.69	2130.89	30084	0	30
2024.03.05	20:00:00	2130.88	2134.67	2127.09	2127.84	11746	0	30
2024.03.06	00:00:00	2128.00	2128.43	2125.10	2125.49	7782	0	40
2024.03.06	04:00:00	2125.48	2127.94	2123.63	2125.21	9719	0	40
2024.03.06	08:00:00	2125.24	2131.52	2124.37	2128.67	15397	0	30
2024.03.06	12:00:00	2128.66	2139.63	2124.69	2139.38	19173	0	30
2024.03.06	16:00:00	2139.50	2149.91	2132.11	2144.73	33117	0	30
2024.03.06	20:00:00	2144.74	2152.18	2139.40	2147.92	16750	0	30
2024.03.07	00:00:00	2147.92	2151.16	2144.25	2146.19	11632	0	40
2024.03.07	04:00:00	2146.20	2161.37	2145.60	2154.38	17842	0	40
2024.03.07	08:00:00	2154.37	2159.87	2151.57	2157.61	18068	0	30
2024.03.07	12:00:00	2157.60	2164.71	2153.31	2159.51	21393	0	30
2024.03.07	16:00:00	2159.45	2159.74	2147.96	2158.24	28477	0	30
2024.03.07	20:00:00	2158.20	2160.86	2156.09	2159.82	9952	0	30
2024.03.08	00:00:00	2158.99	2163.53	2157.67	2157.81	9789	0	40
2024.03.08	04:00:00	2157.80	2159.25	2154.02	2157.68	10621	0	40
2024.03.08	08:00:00	2157.67	2171.10	2156.36	2169.10	18654	0	30
2024.03.08	12:00:00	2169.13	2185.38	2156.29	2171.06	21773	0	30
2024.03.08	16:00:00	2171.06	2195.06	2163.76	2184.99	32366	0	30
2024.03.08	20:00:00	2184.86	2184.97	2168.33	2178.75	15851	0	24
2024.03.11	00:00:00	2179.59	2188.99	2177.19	2180.25	14094	0	35
2024.03.11	04:00:00	2180.24	2181.58	2176.79	2178.09	11037	0	40
2024.03.11	08:00:00	2178.11	2183.09	2175.93	2180.48	16723	0	30
2024.03.11	12:00:00	2180.45	2185.08	2174.75	2181.75	22247	0	30
2024.03.11	16:00:00	2181.76	2185.64	2175.64	2179.60	25417	0	30
2024.03.11	20:00:00	2179.60	2184.13	2177.21	2182.56	9374	0	30
2024.03.12	00:00:00	2182.17	2184.66	2179.98	2182.78	11815	0	35
2024.03.12	04:00:00	2182.75	2182.87	2174.21	2176.15	13502	0	40
2024.03.12	08:00:00	2176.11	2179.07	2173.58	2176.98	15502	0	30
2024.03.12	12:00:00	2176.96	2181.99	2156.22	2160.39	29772	0	30
2024.03.12	16:00:00	2160.41	2166.53	2152.62	2155.02	25778	0	30
2024.03.12	20:00:00	2155.03	2158.97	2150.48	2158.14	9533	0	30
2024.03.13	00:00:00	2158.33	2161.46	2155.77	2158.53	12876	0	35
2024.03.13	04:00:00	2158.51	2161.50	2157.24	2160.04	11660	0	40
2024.03.13	08:00:00	2160.03	2161.45	2157.53	2158.51	16949	0	30
2024.03.13	12:00:00	2158.48	2171.54	2158.07	2166.05	21332	0	30
2024.03.13	16:00:00	2166.04	2179.83	2163.56	2174.55	23789	0	30
2024.03.13	20:00:00	2174.52	2176.48	2171.68	2174.23	7917	0	30
2024.03.14	00:00:00	2174.31	2176.91	2173.20	2174.70	6704	0	35
2024.03.14	04:00:00	2174.69	2175.41	2168.65	2168.81	6754	0	40
2024.03.14	08:00:00	2168.90	2171.99	2167.39	2170.01	11333	0	30
2024.03.14	12:00:00	2170.02	2170.88	2158.52	2162.53	20879	0	30
2024.03.14	16:00:00	2162.42	2165.01	2152.75	2160.21	22821	0	30
2024.03.14	20:00:00	2160.23	2163.82	2160.23	2162.06	5454	0	30
2024.03.15	00:00:00	2162.14	2165.92	2160.63	2162.55	8551	0	35
2024.03.15	04:00:00	2162.56	2169.16	2161.58	2169.06	10206	0	40
2024.03.15	08:00:00	2169.10	2172.75	2165.23	2171.88	16204	0	30
2024.03.15	12:00:00	2171.93	2172.65	2156.54	2160.03	21795	0	30
2024.03.15	16:00:00	2159.65	2166.63	2155.18	2156.77	23031	0	30
2024.03.15	20:00:00	2156.80	2160.28	2155.40	2155.61	5751	0	30
2024.03.18	00:00:00	2154.67	2157.47	2150.08	2152.27	11308	0	35
2024.03.18	04:00:00	2152.25	2153.42	2146.05	2146.97	13549	0	40
2024.03.18	08:00:00	2146.98	2155.87	2146.63	2154.78	15964	0	30
2024.03.18	12:00:00	2154.79	2163.61	2154.58	2156.71	25159	0	30
2024.03.18	16:00:00	2156.69	2161.31	2154.62	2159.93	21973	0	30
2024.03.18	20:00:00	2159.92	2160.97	2159.12	2160.23	6304	0	30
2024.03.19	00:00:00	2159.47	2162.77	2158.61	2160.51	9599	0	35
2024.03.19	04:00:00	2160.49	2162.75	2157.07	2157.62	14364	0	40
2024.03.19	08:00:00	2157.75	2157.75	2147.17	2153.18	20793	0	30
2024.03.19	12:00:00	2153.22	2158.65	2150.52	2151.17	22998	0	30
2024.03.19	16:00:00	2151.12	2157.30	2148.42	2156.87	21291	0	30
2024.03.19	20:00:00	2156.86	2158.46	2155.48	2157.48	6588	0	30
2024.03.20	00:00:00	2157.32	2159.97	2155.14	2158.59	5703	0	35
2024.03.20	04:00:00	2158.58	2160.25	2156.56	2157.40	11404	0	40
2024.03.20	08:00:00	2157.38	2159.46	2153.09	2154.77	15796	0	30
2024.03.20	12:00:00	2154.73	2158.61	2149.59	2157.91	21683	0	30
2024.03.20	16:00:00	2157.86	2164.83	2154.72	2157.02	22953	0	30
2024.03.20	20:00:00	2161.61	2188.77	2159.15	2186.24	22775	0	30
2024.03.21	00:00:00	2186.63	2222.50	2186.33	2204.75	22615	0	35
2024.03.21	04:00:00	2204.75	2206.26	2201.67	2204.90	13540	0	40
2024.03.21	08:00:00	2204.84	2210.13	2196.87	2205.36	24015	0	30
2024.03.21	12:00:00	2205.37	2211.74	2191.65	2191.84	28653	0	30
2024.03.21	16:00:00	2191.55	2191.87	2166.42	2180.84	30946	0	30
2024.03.21	20:00:00	2180.84	2183.94	2180.33	2181.23	8319	0	30
2024.03.22	00:00:00	2181.11	2186.02	2172.65	2173.50	12930	0	35
2024.03.22	04:00:00	2173.52	2177.09	2171.82	2174.22	18363	0	40
2024.03.22	08:00:00	2174.20	2176.25	2162.59	2166.57	23068	0	30
2024.03.22	12:00:00	2166.65	2180.04	2165.22	2178.06	24921	0	30
2024.03.22	16:00:00	2178.13	2179.82	2157.04	2159.18	27345	0	30
2024.03.22	20:00:00	2159.17	2167.19	2158.75	2165.07	9948	0	30
2024.03.25	00:00:00	2165.18	2176.84	2163.99	2175.12	18752	0	35
2024.03.25	04:00:00	2175.11	2178.29	2167.79	2169.76	17644	0	40
2024.03.25	08:00:00	2169.77	2170.45	2163.53	2168.39	19851	0	30
2024.03.25	12:00:00	2168.41	2181.31	2167.60	2177.14	23072	0	30
2024.03.25	16:00:00	2177.17	2180.44	2174.25	2174.72	22210	0	30
2024.03.25	20:00:00	2174.73	2174.73	2170.69	2171.74	7173	0	30
2024.03.26	00:00:00	2171.53	2174.43	2167.59	2169.31	8723	0	35
2024.03.26	04:00:00	2169.33	2173.34	2169.14	2172.84	7323	0	40
2024.03.26	08:00:00	2172.77	2195.01	2169.59	2190.90	14405	0	30
2024.03.26	12:00:00	2190.90	2200.05	2178.43	2182.96	21880	0	30
2024.03.26	16:00:00	2182.93	2186.29	2171.64	2176.78	20025	0	30
2024.03.26	20:00:00	2176.78	2178.62	2174.66	2178.62	5525	0	30
2024.03.27	00:00:00	2177.35	2180.34	2173.20	2175.05	6796	0	35
2024.03.27	04:00:00	2174.95	2181.68	2174.67	2177.00	10733	0	40
2024.03.27	08:00:00	2176.91	2194.00	2176.43	2189.32	18028	0	30
2024.03.27	12:00:00	2189.27	2197.53	2183.48	2193.29	27090	0	30
2024.03.27	16:00:00	2193.30	2195.27	2188.39	2190.37	24271	0	30
2024.03.27	20:00:00	2190.38	2195.23	2189.04	2194.88	8489	0	30
2024.03.28	00:00:00	2191.49	2193.86	2187.34	2189.36	12305	0	35
2024.03.28	04:00:00	2189.38	2200.59	2189.15	2197.23	15868	0	40
2024.03.28	08:00:00	2197.22	2198.89	2190.81	2197.83	19524	0	30
2024.03.28	12:00:00	2197.84	2217.07	2197.10	2206.63	34750	0	30
2024.03.28	16:00:00	2206.55	2225.46	2204.34	2221.91	32537	0	30
2024.03.28	20:00:00	2221.91	2236.17	2217.90	2232.79	10886	0	30
2024.04.01	00:00:00	2243.53	2256.34	2234.78	2250.06	16870	0	40
2024.04.01	04:00:00	2250.03	2265.65	2250.03	2260.34	24370	0	40
2024.04.01	08:00:00	2260.30	2263.27	2255.80	2257.39	17650	0	30
2024.04.01	12:00:00	2257.30	2258.34	2243.61	2252.53	24172	0	30
2024.04.01	16:00:00	2252.49	2257.88	2228.53	2238.08	35886	0	30
2024.04.01	20:00:00	2238.09	2251.27	2234.72	2251.19	15094	0	30
2024.04.02	00:00:00	2249.71	2255.72	2247.73	2250.24	10856	0	40
2024.04.02	04:00:00	2250.23	2259.75	2246.55	2256.59	19844	0	40
2024.04.02	08:00:00	2256.60	2262.78	2251.83	2261.05	20587	0	30
2024.04.02	12:00:00	2261.09	2266.82	2253.36	2257.56	25283	0	30
2024.04.02	16:00:00	2257.56	2276.97	2250.87	2260.28	33754	0	30
2024.04.02	20:00:00	2260.29	2281.16	2259.52	2280.42	21622	0	30
2024.04.03	00:00:00	2279.89	2288.31	2277.83	2283.20	12974	0	40
2024.04.03	04:00:00	2283.27	2287.94	2276.72	2283.67	20063	0	40
2024.04.03	08:00:00	2283.65	2285.91	2267.68	2273.16	24816	0	30
2024.04.03	12:00:00	2273.18	2275.13	2265.48	2274.87	24966	0	30
2024.04.03	16:00:00	2274.93	2295.16	2271.66	2293.96	36426	0	30
2024.04.03	20:00:00	2293.88	2301.12	2288.87	2299.53	17653	0	30
2024.04.04	00:00:00	2298.61	2302.64	2296.27	2302.21	7973	0	40
2024.04.04	04:00:00	2302.29	2304.64	2297.45	2298.77	8912	0	40
2024.04.04	08:00:00	2298.77	2300.61	2291.05	2291.61	11492	0	30
2024.04.04	12:00:00	2291.62	2295.16	2282.74	2288.13	21089	0	30
2024.04.04	16:00:00	2288.13	2299.33	2284.98	2286.89	31306	0	30
2024.04.04	20:00:00	2286.88	2305.56	2280.04	2290.85	24432	0	30
2024.04.05	00:00:00	2290.40	2293.36	2282.86	2283.08	9844	0	40
2024.04.05	04:00:00	2283.06	2284.10	2267.78	2278.03	21268	0	40
2024.04.05	08:00:00	2278.01	2291.79	2276.57	2288.00	21511	0	30
2024.04.05	12:00:00	2288.04	2296.07	2280.32	2290.83	22374	0	30
2024.04.05	16:00:00	2290.90	2329.46	2287.00	2327.16	37000	0	30
2024.04.05	20:00:00	2327.15	2330.32	2320.69	2328.32	16365	0	21
2024.04.08	00:00:00	2322.85	2328.15	2304.03	2306.18	17129	0	40
2024.04.08	04:00:00	2306.17	2353.96	2302.93	2342.23	32286	0	40
2024.04.08	08:00:00	2342.28	2343.68	2331.78	2336.27	26157	0	30
2024.04.08	12:00:00	2336.28	2343.50	2322.70	2328.99	26365	0	30
2024.04.08	16:00:00	2329.07	2335.65	2318.74	2328.55	34840	0	30
2024.04.08	20:00:00	2328.54	2341.98	2327.60	2338.72	18898	0	30
2024.04.09	00:00:00	2338.31	2341.67	2336.76	2340.83	7240	0	40
2024.04.09	04:00:00	2340.79	2348.43	2337.82	2344.09	24983	0	40
2024.04.09	08:00:00	2344.14	2359.26	2343.16	2357.56	27876	0	30
2024.04.09	12:00:00	2357.54	2365.32	2345.75	2349.37	33233	0	30
2024.04.09	16:00:00	2349.29	2364.22	2338.26	2344.98	37702	0	30
2024.04.09	20:00:00	2345.00	2354.58	2341.97	2352.10	17803	0	30
2024.04.10	00:00:00	2352.59	2355.57	2350.44	2351.52	7770	0	40
2024.04.10	04:00:00	2351.55	2356.85	2344.68	2356.26	21029	0	40
2024.04.10	08:00:00	2356.27	2359.96	2352.37	2354.51	24078	0	30
2024.04.10	12:00:00	2354.50	2354.72	2327.79	2338.38	26353	0	30
2024.04.10	16:00:00	2338.41	2352.12	2319.21	2337.04	40717	0	30
2024.04.10	20:00:00	2337.04	2344.84	2325.66	2333.41	22148	0	30
2024.04.11	00:00:00	2333.25	2337.15	2333.24	2335.22	7819	0	40
2024.04.11	04:00:00	2335.10	2346.73	2333.95	2342.72	20331	0	40
2024.04.11	08:00:00	2342.73	2344.34	2325.66	2327.82	27070	0	30
2024.04.11	12:00:00	2327.84	2344.32	2327.72	2341.34	26865	0	30
2024.04.11	16:00:00	2341.37	2350.78	2332.35	2349.80	35742	0	30
2024.04.11	20:00:00	2349.81	2377.69	2348.12	2372.31	24025	0	30
2024.04.12	00:00:00	2372.57	2379.43	2371.94	2378.65	11553	0	40
2024.04.12	04:00:00	2378.66	2395.39	2378.66	2384.10	32253	0	40
2024.04.12	08:00:00	2384.13	2400.57	2382.87	2396.64	26949	0	30
2024.04.12	12:00:00	2396.64	2400.37	2390.49	2395.76	28674	0	30
2024.04.12	16:00:00	2395.84	2431.50	2360.85	2369.23	47283	0	30
2024.04.12	20:00:00	2369.18	2373.01	2333.88	2344.78	25393	0	21
2024.04.15	00:00:00	2355.85	2373.12	2346.61	2352.93	19079	0	40
2024.04.15	04:00:00	2353.00	2364.42	2348.23	2356.39	23359	0	40
2024.04.15	08:00:00	2356.41	2362.24	2344.44	2351.36	27449	0	30
2024.04.15	12:00:00	2351.36	2360.94	2346.14	2357.02	25106	0	30
2024.04.15	16:00:00	2357.07	2360.85	2324.16	2356.99	37249	0	30
2024.04.15	20:00:00	2356.95	2387.34	2353.93	2383.01	24296	0	30
2024.04.16	00:00:00	2381.83	2391.90	2379.95	2383.29	13681	0	40
2024.04.16	04:00:00	2383.22	2389.08	2379.00	2385.86	24063	0	40
2024.04.16	08:00:00	2385.88	2388.78	2362.80	2369.21	25913	0	30
2024.04.16	12:00:00	2369.21	2378.04	2367.34	2375.96	24348	0	30
2024.04.16	16:00:00	2375.97	2398.01	2363.38	2397.23	39872	0	30
2024.04.16	20:00:00	2397.27	2397.40	2378.06	2382.59	25222	0	30
2024.04.17	00:00:00	2381.45	2386.77	2380.58	2384.23	12319	0	40
2024.04.17	04:00:00	2384.25	2385.95	2380.10	2381.73	18457	0	40
2024.04.17	08:00:00	2381.71	2393.32	2372.53	2392.75	24312	0	30
2024.04.17	12:00:00	2392.74	2394.09	2378.48	2383.15	24106	0	30
2024.04.17	16:00:00	2382.97	2395.37	2360.90	2372.18	37140	0	30
2024.04.17	20:00:00	2372.16	2378.88	2354.37	2361.03	20695	0	30
2024.04.18	00:00:00	2362.83	2369.79	2362.83	2369.49	6213	0	40
2024.04.18	04:00:00	2369.49	2376.21	2363.80	2374.80	16249	0	40
2024.04.18	08:00:00	2374.83	2380.71	2373.50	2379.91	19913	0	30
2024.04.18	12:00:00	2379.94	2387.45	2377.24	2385.44	22957	0	30
2024.04.18	16:00:00	2385.43	2392.72	2369.61	2387.98	35762	0	30
2024.04.18	20:00:00	2388.10	2389.27	2376.74	2378.72	17779	0	30
2024.04.19	00:00:00	2378.32	2381.49	2373.71	2379.47	7413	0	40
2024.04.19	04:00:00	2379.46	2417.86	2378.76	2383.49	38282	0	40
2024.04.19	08:00:00	2383.51	2393.86	2378.02	2384.18	26646	0	30
2024.04.19	12:00:00	2384.27	2386.15	2372.85	2381.45	23731	0	30
2024.04.19	16:00:00	2381.45	2399.66	2373.06	2399.62	32493	0	30
2024.04.19	20:00:00	2399.60	2401.90	2386.67	2390.68	16346	0	21
2024.04.22	00:00:00	2387.74	2388.60	2381.05	2382.15	10611	0	40
2024.04.22	04:00:00	2382.08	2384.26	2361.75	2369.64	24457	0	40
2024.04.22	08:00:00	2369.67	2370.43	2351.39	2359.43	26438	0	30
2024.04.22	12:00:00	2359.39	2363.46	2332.84	2336.60	25301	0	30
2024.04.22	16:00:00	2336.60	2343.59	2328.72	2329.57	32168	0	30
2024.04.22	20:00:00	2329.59	2334.60	2324.77	2326.97	14038	0	30
2024.04.23	00:00:00	2326.52	2333.72	2326.27	2332.49	9479	0	40
2024.04.23	04:00:00	2332.36	2334.17	2295.34	2305.31	31336	0	40
2024.04.23	08:00:00	2305.30	2314.51	2298.69	2303.07	26077	0	30
2024.04.23	12:00:00	2303.07	2313.28	2291.29	2311.57	27468	0	30
2024.04.23	16:00:00	2311.59	2332.10	2309.37	2330.30	33851	0	30
2024.04.23	20:00:00	2330.33	2331.34	2321.17	2322.01	14829	0	30
2024.04.24	00:00:00	2322.01	2324.26	2320.73	2320.84	6005	0	40
2024.04.24	04:00:00	2320.86	2330.12	2315.75	2326.66	20424	0	40
2024.04.24	08:00:00	2326.67	2331.22	2316.14	2319.16	21769	0	30
2024.04.24	12:00:00	2319.19	2323.43	2311.78	2323.25	22693	0	30
2024.04.24	16:00:00	2323.23	2337.26	2316.21	2325.14	32120	0	30
2024.04.24	20:00:00	2325.21	2330.45	2313.56	2315.84	15892	0	30
2024.04.25	00:00:00	2315.53	2319.36	2314.61	2319.15	6802	0	40
2024.04.25	04:00:00	2319.12	2322.10	2305.07	2315.47	18383	0	40
2024.04.25	08:00:00	2315.48	2328.79	2314.57	2326.88	19311	0	30
2024.04.25	12:00:00	2326.86	2334.63	2323.25	2330.67	20731	0	30
2024.04.25	16:00:00	2330.88	2344.61	2312.65	2328.56	36547	0	30
2024.04.25	20:00:00	2328.55	2336.22	2326.05	2332.27	15769	0	30
2024.04.26	00:00:00	2332.27	2333.10	2328.40	2329.67	3284	0	40
2024.04.26	04:00:00	2329.57	2337.86	2326.00	2335.65	15618	0	40
2024.04.26	08:00:00	2335.64	2349.96	2333.72	2346.82	22504	0	30
2024.04.26	12:00:00	2346.84	2352.36	2340.51	2344.75	20789	0	30
2024.04.26	16:00:00	2344.97	2350.40	2328.75	2333.65	32309	0	30
2024.04.26	20:00:00	2333.63	2341.36	2332.72	2337.28	12894	0	21
2024.04.29	00:00:00	2336.40	2336.91	2330.70	2332.06	8513	0	30
2024.04.29	04:00:00	2332.08	2333.23	2319.76	2332.59	24590	0	30
2024.04.29	08:00:00	2332.62	2341.27	2327.52	2338.09	25297	0	30
2024.04.29	12:00:00	2338.10	2344.43	2328.21	2331.67	19095	0	30
2024.04.29	16:00:00	2331.76	2346.53	2325.49	2342.75	29836	0	30
2024.04.29	20:00:00	2342.68	2346.68	2332.99	2335.27	16216	0	30
2024.04.30	00:00:00	2334.89	2336.23	2331.67	2334.02	6854	0	30
2024.04.30	04:00:00	2334.03	2336.17	2324.99	2326.46	16739	0	30
2024.04.30	08:00:00	2326.45	2326.96	2310.61	2312.70	21564	0	30
2024.04.30	12:00:00	2312.54	2317.77	2304.48	2305.92	21697	0	30
2024.04.30	16:00:00	2305.91	2313.10	2293.05	2294.58	33166	0	30
2024.04.30	20:00:00	2294.63	2297.24	2284.72	2286.20	18271	0	30
2024.05.01	00:00:00	2286.61	2293.05	2285.54	2286.60	5686	0	30
2024.05.01	04:00:00	2286.60	2289.18	2281.42	2283.05	8670	0	30
2024.05.01	08:00:00	2283.04	2289.54	2282.42	2286.11	14993	0	30
2024.05.01	12:00:00	2286.11	2299.81	2285.56	2298.08	21933	0	30
2024.05.01	16:00:00	2298.07	2310.25	2295.02	2303.59	31380	0	30
2024.05.01	20:00:00	2303.58	2328.25	2295.77	2319.37	31766	0	30
2024.05.02	00:00:00	2321.05	2326.02	2318.38	2324.43	7934	0	30
2024.05.02	04:00:00	2324.41	2326.42	2317.35	2318.25	13421	0	30
2024.05.02	08:00:00	2318.25	2319.09	2303.19	2304.10	21948	0	30
2024.05.02	12:00:00	2304.09	2305.38	2293.41	2294.37	23590	0	30
2024.05.02	16:00:00	2294.35	2306.74	2285.32	2299.46	32170	0	30
2024.05.02	20:00:00	2299.43	2309.27	2299.14	2303.42	16142	0	30
2024.05.03	00:00:00	2303.62	2305.27	2300.11	2303.83	7758	0	30
2024.05.03	04:00:00	2303.81	2307.85	2299.72	2307.21	15578	0	30
2024.05.03	08:00:00	2307.29	2308.57	2297.60	2301.22	21669	0	30
2024.05.03	12:00:00	2301.17	2320.39	2294.47	2304.61	25377	0	30
2024.05.03	16:00:00	2304.63	2308.69	2277.08	2299.08	35047	0	30
2024.05.03	20:00:00	2299.04	2303.20	2296.02	2301.59	12454	0	23
2024.05.06	00:00:00	2303.00	2305.64	2291.64	2295.88	11052	0	30
2024.05.06	04:00:00	2295.88	2315.16	2295.65	2309.01	24027	0	30
2024.05.06	08:00:00	2309.02	2324.19	2308.56	2318.32	23720	0	30
2024.05.06	12:00:00	2318.34	2330.30	2314.60	2323.34	23668	0	30
2024.05.06	16:00:00	2323.32	2332.01	2317.73	2325.57	31070	0	30
2024.05.06	20:00:00	2325.63	2328.75	2321.05	2323.76	13458	0	30
2024.05.07	00:00:00	2324.25	2329.52	2322.14	2329.27	6312	0	30
2024.05.07	04:00:00	2329.30	2329.97	2319.69	2322.70	19137	0	30
2024.05.07	08:00:00	2322.69	2323.24	2311.74	2315.76	21054	0	30
2024.05.07	12:00:00	2315.75	2317.24	2309.79	2315.79	21586	0	30
2024.05.07	16:00:00	2315.87	2323.70	2312.36	2312.53	28263	0	30
2024.05.07	20:00:00	2312.53	2317.42	2311.12	2313.73	12373	0	30
2024.05.08	00:00:00	2313.26	2316.72	2313.10	2314.24	6247	0	30
2024.05.08	04:00:00	2314.25	2319.33	2306.99	2319.30	20128	0	30
2024.05.08	08:00:00	2319.29	2321.40	2303.53	2307.11	24039	0	30
2024.05.08	12:00:00	2307.08	2318.98	2306.79	2314.52	25407	0	30
2024.05.08	16:00:00	2314.53	2321.03	2306.72	2316.99	29923	0	30
2024.05.08	20:00:00	2316.98	2317.51	2307.88	2308.83	12462	0	30
2024.05.09	00:00:00	2308.11	2310.89	2307.85	2309.34	5645	0	30
2024.05.09	04:00:00	2309.31	2315.12	2307.91	2314.40	15301	0	30
2024.05.09	08:00:00	2314.40	2319.64	2307.27	2310.14	22680	0	30
2024.05.09	12:00:00	2310.18	2329.42	2306.55	2326.71	23455	0	30
2024.05.09	16:00:00	2326.74	2338.84	2312.17	2329.76	31785	0	30
2024.05.09	20:00:00	2329.74	2347.19	2329.20	2345.94	15164	0	30
2024.05.10	00:00:00	2346.25	2349.06	2345.19	2347.58	6399	0	30
2024.05.10	04:00:00	2347.60	2355.85	2347.18	2353.97	22803	0	30
2024.05.10	08:00:00	2353.97	2372.20	2353.78	2369.50	25737	0	30
2024.05.10	12:00:00	2369.50	2378.45	2361.78	2364.88	26821	0	30
2024.05.10	16:00:00	2364.87	2372.93	2356.65	2368.30	33085	0	30
2024.05.10	20:00:00	2368.32	2370.96	2359.65	2360.77	12168	0	21
2024.05.13	00:00:00	2361.38	2364.55	2359.53	2364.07	7590	0	30
2024.05.13	04:00:00	2364.06	2364.17	2354.35	2354.37	20164	0	30
2024.05.13	08:00:00	2354.34	2355.11	2341.49	2343.14	23496	0	30
2024.05.13	12:00:00	2343.16	2349.63	2338.24	2346.96	26005	0	30
2024.05.13	16:00:00	2346.91	2349.17	2331.60	2336.50	31427	0	30
2024.05.13	20:00:00	2336.54	2338.19	2334.27	2335.91	11407	0	30
2024.05.14	00:00:00	2335.32	2339.45	2334.68	2336.23	5134	0	30
2024.05.14	04:00:00	2336.22	2344.66	2336.20	2343.88	18097	0	30
2024.05.14	08:00:00	2343.87	2345.79	2335.93	2343.62	22919	0	30
2024.05.14	12:00:00	2343.60	2350.25	2336.47	2348.20	25862	0	30
2024.05.14	16:00:00	2348.27	2357.02	2344.98	2354.20	33348	0	30
2024.05.14	20:00:00	2354.22	2359.60	2352.02	2357.83	13317	0	30
2024.05.15	00:00:00	2357.47	2357.71	2354.89	2355.85	5914	0	30
2024.05.15	04:00:00	2355.87	2361.00	2354.91	2357.01	18675	0	30
2024.05.15	08:00:00	2357.02	2374.23	2355.75	2373.18	25003	0	30
2024.05.15	12:00:00	2373.13	2378.78	2358.74	2372.62	26843	0	30
2024.05.15	16:00:00	2372.54	2386.65	2351.86	2383.59	36074	0	30
2024.05.15	20:00:00	2383.67	2390.26	2383.63	2385.66	15501	0	30
2024.05.16	00:00:00	2385.59	2395.05	2384.27	2394.72	9351	0	30
2024.05.16	04:00:00	2394.87	2397.32	2386.59	2391.33	24552	0	30
2024.05.16	08:00:00	2391.36	2394.50	2384.83	2386.09	25107	0	30
2024.05.16	12:00:00	2386.03	2387.75	2378.04	2379.22	26322	0	30
2024.05.16	16:00:00	2379.19	2383.58	2370.77	2381.74	31302	0	30
2024.05.16	20:00:00	2381.76	2382.25	2375.57	2376.57	12502	0	30
2024.05.17	00:00:00	2376.71	2379.50	2376.52	2377.82	6056	0	30
2024.05.17	04:00:00	2377.82	2381.04	2373.78	2378.70	18005	0	30
2024.05.17	08:00:00	2378.67	2387.79	2378.39	2384.21	23292	0	30
2024.05.17	12:00:00	2384.22	2394.05	2381.67	2393.30	23186	0	30
2024.05.17	16:00:00	2393.35	2418.96	2393.35	2407.85	37605	0	30
2024.05.17	20:00:00	2407.84	2422.70	2405.76	2414.32	18657	0	21
2024.05.20	00:00:00	2418.75	2426.59	2416.54	2425.43	13248	0	30
2024.05.20	04:00:00	2425.42	2440.59	2425.42	2437.36	30696	0	30
2024.05.20	08:00:00	2437.34	2450.04	2431.83	2440.11	33475	0	30
2024.05.20	12:00:00	2440.14	2447.16	2407.17	2413.63	36810	0	30
2024.05.20	16:00:00	2413.23	2427.89	2410.20	2426.30	38798	0	30
2024.05.20	20:00:00	2426.30	2437.31	2423.34	2426.05	21492	0	30
2024.05.21	00:00:00	2426.47	2430.60	2424.33	2428.94	8936	0	30
2024.05.21	04:00:00	2428.93	2432.94	2406.31	2412.50	30614	0	30
2024.05.21	08:00:00	2412.44	2422.16	2408.59	2418.76	28126	0	30
2024.05.21	12:00:00	2418.75	2429.92	2412.21	2426.21	26428	0	30
2024.05.21	16:00:00	2426.21	2433.92	2418.04	2422.89	36041	0	30
2024.05.21	20:00:00	2422.89	2425.03	2417.38	2420.70	16903	0	30
2024.05.22	00:00:00	2420.53	2423.20	2420.37	2420.51	5896	0	30
2024.05.22	04:00:00	2420.51	2426.57	2412.11	2412.92	23897	0	30
2024.05.22	08:00:00	2412.92	2418.55	2410.62	2416.88	25761	0	30
2024.05.22	12:00:00	2416.87	2419.39	2404.57	2412.24	26713	0	30
2024.05.22	16:00:00	2412.21	2413.09	2382.07	2391.80	37625	0	30
2024.05.22	20:00:00	2391.79	2394.17	2374.80	2378.36	23130	0	30
2024.05.23	00:00:00	2378.43	2383.46	2378.38	2380.13	5738	0	30
2024.05.23	04:00:00	2380.09	2381.63	2366.48	2372.61	22499	0	30
2024.05.23	08:00:00	2372.60	2372.94	2354.80	2360.32	28657	0	30
2024.05.23	12:00:00	2360.32	2369.16	2358.63	2362.48	24374	0	30
2024.05.23	16:00:00	2362.49	2369.63	2339.82	2340.76	37267	0	30
2024.05.23	20:00:00	2340.76	2342.80	2326.65	2328.48	20434	0	30
2024.05.24	00:00:00	2328.70	2333.43	2327.39	2328.95	7560	0	30
2024.05.24	04:00:00	2328.94	2334.98	2325.27	2334.90	22505	0	30
2024.05.24	08:00:00	2334.88	2340.80	2333.03	2340.00	21517	0	30
2024.05.24	12:00:00	2340.00	2343.72	2335.65	2339.06	21002	0	30
2024.05.24	16:00:00	2339.05	2347.17	2332.18	2334.08	28947	0	30
2024.05.24	20:00:00	2334.07	2336.52	2331.72	2333.61	13430	0	29
2024.05.27	00:00:00	2335.44	2340.46	2332.08	2335.98	4899	0	30
2024.05.27	04:00:00	2335.98	2347.34	2334.43	2342.82	13314	0	30
2024.05.27	08:00:00	2342.81	2345.92	2337.95	2343.99	18276	0	30
2024.05.27	12:00:00	2343.98	2349.43	2342.24	2347.00	16398	0	30
2024.05.27	16:00:00	2347.01	2358.50	2344.43	2354.96	27918	0	30
2024.05.27	20:00:00	2354.95	2355.08	2350.15	2350.23	2629	0	30
2024.05.28	00:00:00	2351.49	2353.81	2351.07	2351.73	4425	0	30
2024.05.28	04:00:00	2351.77	2356.32	2349.10	2351.00	17688	0	30
2024.05.28	08:00:00	2351.00	2353.77	2340.07	2344.69	22467	0	30
2024.05.28	12:00:00	2344.71	2357.12	2342.11	2353.24	18919	0	30
2024.05.28	16:00:00	2353.26	2364.13	2347.96	2356.69	33774	0	30
2024.05.28	20:00:00	2356.69	2361.26	2352.79	2361.12	16741	0	30
2024.05.29	00:00:00	2360.86	2362.42	2357.39	2357.88	7208	0	30
2024.05.29	04:00:00	2357.87	2360.89	2354.49	2358.28	20606	0	30
2024.05.29	08:00:00	2358.29	2361.36	2344.71	2345.29	27139	0	30
2024.05.29	12:00:00	2345.29	2347.04	2334.36	2337.44	26101	0	30
2024.05.29	16:00:00	2337.43	2346.92	2335.73	2341.75	29874	0	30
2024.05.29	20:00:00	2341.75	2344.09	2335.82	2338.04	15137	0	30
2024.05.30	00:00:00	2337.63	2339.01	2333.89	2336.74	8340	0	30
2024.05.30	04:00:00	2336.75	2339.69	2327.89	2335.09	25317	0	30
2024.05.30	08:00:00	2335.09	2337.71	2322.43	2335.04	26356	0	30
2024.05.30	12:00:00	2335.07	2345.22	2330.62	2341.35	26136	0	30
2024.05.30	16:00:00	2341.35	2351.81	2339.75	2347.85	30878	0	30
2024.05.30	20:00:00	2347.86	2348.80	2339.94	2342.83	15074	0	30
2024.05.31	00:00:00	2344.12	2347.53	2342.09	2346.32	8571	0	30
2024.05.31	04:00:00	2346.34	2347.77	2337.03	2344.15	23160	0	30
2024.05.31	08:00:00	2344.14	2347.07	2339.70	2343.23	20871	0	30
2024.05.31	12:00:00	2343.22	2356.83	2340.97	2354.80	20531	0	30
2024.05.31	16:00:00	2354.83	2359.76	2327.51	2332.66	36312	0	30
2024.05.31	20:00:00	2332.64	2333.57	2320.34	2327.28	18426	0	28
2024.06.03	00:00:00	2328.41	2329.01	2323.14	2326.94	8423	0	30
2024.06.03	04:00:00	2326.93	2330.84	2319.83	2321.18	21230	0	30
2024.06.03	08:00:00	2321.18	2328.63	2314.54	2325.27	26025	0	30
2024.06.03	12:00:00	2325.27	2334.36	2324.10	2334.03	22486	0	30
2024.06.03	16:00:00	2334.02	2350.06	2329.87	2349.18	31325	0	30
2024.06.03	20:00:00	2349.16	2354.70	2344.69	2350.36	16462	0	30
2024.06.04	00:00:00	2351.42	2352.82	2349.80	2350.61	6016	0	30
2024.06.04	04:00:00	2350.61	2352.40	2343.22	2349.34	19181	0	30
2024.06.04	08:00:00	2349.34	2351.71	2332.08	2333.18	23826	0	30
2024.06.04	12:00:00	2333.20	2335.79	2325.19	2334.90	26496	0	30
2024.06.04	16:00:00	2334.91	2337.78	2315.41	2323.78	33402	0	30
2024.06.04	20:00:00	2323.78	2330.10	2323.58	2326.68	14684	0	30
2024.06.05	00:00:00	2326.62	2329.49	2326.62	2328.03	5666	0	30
2024.06.05	04:00:00	2328.01	2338.25	2325.68	2338.02	18670	0	30
2024.06.05	08:00:00	2338.02	2341.67	2328.09	2332.61	24385	0	30
2024.06.05	12:00:00	2332.73	2343.93	2329.53	2342.13	24220	0	30
2024.06.05	16:00:00	2341.98	2357.35	2334.00	2352.59	33918	0	30
2024.06.05	20:00:00	2352.59	2356.66	2351.67	2355.00	15222	0	30
2024.06.06	00:00:00	2355.30	2357.59	2354.57	2355.73	5966	0	30
2024.06.06	04:00:00	2355.72	2374.96	2355.61	2369.46	24947	0	30
2024.06.06	08:00:00	2369.45	2371.43	2359.76	2362.89	20347	0	30
2024.06.06	12:00:00	2362.88	2365.13	2355.10	2357.42	19992	0	30
2024.06.06	16:00:00	2357.37	2378.47	2353.26	2372.85	33789	0	30
2024.06.06	20:00:00	2372.85	2376.15	2368.98	2375.56	15704	0	30
2024.06.07	00:00:00	2376.29	2379.25	2375.68	2378.42	6475	0	30
2024.06.07	04:00:00	2378.42	2387.46	2369.41	2386.56	24249	0	30
2024.06.07	08:00:00	2386.57	2387.67	2342.65	2347.15	31266	0	30
2024.06.07	12:00:00	2347.14	2347.77	2313.06	2319.10	31929	0	30
2024.06.07	16:00:00	2319.07	2327.91	2302.84	2311.44	33251	0	30
2024.06.07	20:00:00	2311.49	2312.12	2286.60	2292.65	18186	0	21
2024.06.10	00:00:00	2294.51	2299.88	2289.59	2296.84	5883	0	21
2024.06.10	04:00:00	2296.84	2301.20	2292.58	2294.62	8566	0	21
2024.06.10	08:00:00	2294.63	2297.28	2287.54	2292.41	18218	0	23
2024.06.10	12:00:00	2292.40	2308.44	2291.60	2305.94	21978	0	30
2024.06.10	16:00:00	2305.98	2313.53	2300.18	2312.70	25621	0	30
2024.06.10	20:00:00	2312.74	2313.14	2308.29	2310.76	12211	0	30
2024.06.11	00:00:00	2312.14	2312.14	2308.58	2310.64	6565	0	30
2024.06.11	04:00:00	2310.63	2310.63	2298.59	2303.41	26202	0	30
2024.06.11	08:00:00	2303.40	2307.51	2297.52	2305.82	23848	0	30
2024.06.11	12:00:00	2305.86	2319.89	2301.32	2317.93	24818	0	30
2024.06.11	16:00:00	2317.94	2319.57	2305.71	2308.31	29511	0	30
2024.06.11	20:00:00	2308.31	2316.83	2307.67	2316.59	14205	0	30
2024.06.12	00:00:00	2316.13	2317.40	2313.25	2313.57	6083	0	30
2024.06.12	04:00:00	2313.56	2316.56	2310.56	2312.53	18234	0	30
2024.06.12	08:00:00	2312.53	2317.51	2310.60	2312.55	18605	0	30
2024.06.12	12:00:00	2312.54	2337.60	2311.39	2335.92	21356	0	30
2024.06.12	16:00:00	2335.93	2341.60	2320.01	2337.64	30926	0	30
2024.06.12	20:00:00	2337.67	2339.54	2315.84	2324.74	25110	0	30
2024.06.13	00:00:00	2324.08	2324.63	2317.54	2320.75	5874	0	30
2024.06.13	04:00:00	2320.76	2321.49	2308.17	2311.82	22745	0	30
2024.06.13	08:00:00	2311.84	2318.55	2308.97	2315.57	21262	0	30
2024.06.13	12:00:00	2315.57	2326.50	2303.83	2323.22	24189	0	30
2024.06.13	16:00:00	2323.12	2324.71	2295.34	2299.10	31477	0	30
2024.06.13	20:00:00	2299.12	2304.72	2298.90	2303.76	13748	0	30
2024.06.14	00:00:00	2302.80	2305.50	2301.39	2304.76	5476	0	30
2024.06.14	04:00:00	2304.75	2308.44	2302.90	2305.74	19132	0	30
2024.06.14	08:00:00	2305.72	2321.44	2305.38	2317.17	22772	0	30
2024.06.14	12:00:00	2317.18	2336.35	2314.97	2330.17	25850	0	30
2024.06.14	16:00:00	2330.12	2335.28	2323.86	2328.62	27825	0	30
2024.06.14	20:00:00	2328.62	2335.37	2328.31	2332.57	12450	0	25
2024.06.17	00:00:00	2331.49	2332.96	2325.26	2326.44	7445	0	30
2024.06.17	04:00:00	2326.45	2328.94	2321.54	2323.69	19455	0	30
2024.06.17	08:00:00	2323.68	2323.69	2315.48	2321.32	21419	0	30
2024.06.17	12:00:00	2321.31	2322.56	2316.83	2319.61	20500	0	30
2024.06.17	16:00:00	2319.63	2327.55	2309.79	2316.72	25129	0	8
2024.06.17	20:00:00	2316.72	2320.53	2313.07	2318.96	12668	0	30
2024.06.18	00:00:00	2319.67	2325.42	2319.01	2323.95	6066	0	30
2024.06.18	04:00:00	2324.03	2325.51	2319.08	2322.43	18369	0	30
2024.06.18	08:00:00	2322.41	2323.58	2310.56	2311.00	21379	0	30
2024.06.18	12:00:00	2311.00	2324.03	2306.38	2313.74	20565	0	30
2024.06.18	16:00:00	2313.88	2330.72	2313.54	2330.26	29216	0	30
2024.06.18	20:00:00	2330.26	2333.08	2327.47	2329.27	12540	0	30
2024.06.19	00:00:00	2329.63	2330.00	2327.51	2329.52	5225	0	30
2024.06.19	04:00:00	2329.51	2331.77	2326.55	2328.00	14203	0	30
2024.06.19	08:00:00	2328.01	2335.02	2326.83	2332.58	16272	0	30
2024.06.19	12:00:00	2332.57	2332.91	2325.23	2328.25	16340	0	30
2024.06.19	16:00:00	2328.32	2331.43	2323.74	2329.40	17719	0	30
2024.06.19	20:00:00	2329.40	2330.94	2327.97	2328.01	2708	0	34
2024.06.20	00:00:00	2329.23	2330.55	2327.79	2329.77	5492	0	30
2024.06.20	04:00:00	2329.78	2340.94	2329.78	2340.46	20948	0	30
2024.06.20	08:00:00	2340.46	2345.67	2332.45	2333.10	23123	0	30
2024.06.20	12:00:00	2333.09	2343.61	2331.41	2338.59	19802	0	30
2024.06.20	16:00:00	2338.98	2365.44	2336.66	2356.36	29359	0	30
2024.06.20	20:00:00	2356.38	2361.03	2354.62	2359.91	12657	0	30
2024.06.21	00:00:00	2360.34	2364.88	2358.18	2364.13	7857	0	30
2024.06.21	04:00:00	2364.16	2364.16	2357.13	2362.97	17931	0	30
2024.06.21	08:00:00	2362.96	2368.12	2355.11	2365.33	23088	0	30
2024.06.21	12:00:00	2365.34	2368.71	2360.44	2360.68	22023	0	30
2024.06.21	16:00:00	2360.67	2363.79	2323.07	2324.54	33809	0	30
2024.06.21	20:00:00	2324.51	2324.89	2316.48	2321.05	15812	0	29
2024.06.24	00:00:00	2321.29	2322.41	2317.50	2320.76	8572	0	30
2024.06.24	04:00:00	2320.77	2326.48	2318.85	2324.29	22078	0	30
2024.06.24	08:00:00	2324.28	2332.59	2321.24	2330.36	24199	0	30
2024.06.24	12:00:00	2330.37	2330.76	2320.63	2327.40	26035	0	30
2024.06.24	16:00:00	2327.40	2333.64	2325.69	2331.46	27942	0	30
2024.06.24	20:00:00	2331.47	2334.65	2330.40	2334.18	13197	0	30
2024.06.25	00:00:00	2333.77	2334.33	2328.26	2330.07	5366	0	30
2024.06.25	04:00:00	2330.08	2330.92	2322.78	2327.47	19605	0	30
2024.06.25	08:00:00	2327.48	2330.51	2322.89	2329.66	20878	0	30
2024.06.25	12:00:00	2329.67	2337.11	2323.99	2324.15	20737	0	30
2024.06.25	16:00:00	2324.23	2327.97	2315.32	2317.61	28920	0	30
2024.06.25	20:00:00	2317.60	2320.46	2316.62	2319.37	13421	0	30
2024.06.26	00:00:00	2318.72	2323.76	2317.61	2318.22	8033	0	30
2024.06.26	04:00:00	2318.20	2321.52	2310.41	2316.60	22588	0	30
2024.06.26	08:00:00	2316.61	2318.00	2309.52	2315.48	24563	0	30
2024.06.26	12:00:00	2315.48	2318.21	2304.24	2309.94	26479	0	30
2024.06.26	16:00:00	2309.84	2311.39	2293.41	2299.50	30961	0	30
2024.06.26	20:00:00	2299.52	2302.79	2296.77	2297.96	16017	0	30
2024.06.27	00:00:00	2298.05	2299.98	2296.59	2298.84	6304	0	30
2024.06.27	04:00:00	2298.85	2300.94	2296.63	2300.31	16418	0	30
2024.06.27	08:00:00	2300.31	2308.19	2296.32	2307.41	20583	0	30
2024.06.27	12:00:00	2307.41	2325.80	2307.15	2322.83	22421	0	30
2024.06.27	16:00:00	2322.87	2330.91	2319.54	2325.48	30240	0	30
2024.06.27	20:00:00	2325.54	2328.51	2322.43	2327.34	15131	0	30
2024.06.28	00:00:00	2327.77	2328.31	2321.47	2321.67	5569	0	30
2024.06.28	04:00:00	2321.64	2325.01	2319.04	2321.25	20110	0	30
2024.06.28	08:00:00	2321.23	2331.89	2320.99	2328.76	19987	0	30
2024.06.28	12:00:00	2328.64	2339.17	2327.29	2335.47	22899	0	30
2024.06.28	16:00:00	2335.43	2339.73	2322.83	2329.99	27432	0	30
2024.06.28	20:00:00	2330.01	2332.70	2322.92	2326.17	13008	0	29
2024.07.01	00:00:00	2326.15	2326.95	2322.19	2324.82	5828	0	30
2024.07.01	04:00:00	2324.82	2328.58	2321.44	2323.67	16291	0	30
2024.07.01	08:00:00	2323.67	2329.01	2318.50	2325.83	22618	0	30
2024.07.01	12:00:00	2325.84	2338.50	2325.46	2327.39	24208	0	30
2024.07.01	16:00:00	2327.38	2334.24	2319.31	2328.15	30970	0	30
2024.07.01	20:00:00	2328.16	2332.41	2326.74	2331.61	13917	0	30
2024.07.02	00:00:00	2331.79	2333.95	2331.14	2333.09	4914	0	30
2024.07.02	04:00:00	2333.08	2334.35	2324.89	2327.30	14178	0	30
2024.07.02	08:00:00	2327.29	2332.44	2323.34	2331.19	20402	0	30
2024.07.02	12:00:00	2331.18	2331.93	2318.97	2327.26	23570	0	30
2024.07.02	16:00:00	2327.16	2336.79	2321.00	2322.65	30006	0	30
2024.07.02	20:00:00	2322.63	2331.35	2321.88	2329.21	12733	0	30
2024.07.03	00:00:00	2329.88	2332.20	2329.39	2330.29	4445	0	30
2024.07.03	04:00:00	2330.28	2335.31	2326.85	2334.47	13515	0	30
2024.07.03	08:00:00	2334.52	2347.56	2332.00	2344.64	24630	0	30
2024.07.03	12:00:00	2344.65	2356.15	2342.13	2350.51	25342	0	30
2024.07.03	16:00:00	2350.47	2364.89	2347.59	2356.59	32898	0	30
2024.07.03	20:00:00	2356.39	2360.86	2353.64	2356.02	9974	0	30
2024.07.04	00:00:00	2356.38	2359.66	2355.97	2358.61	4310	0	30
2024.07.04	04:00:00	2358.60	2362.56	2357.18	2358.64	14104	0	30
2024.07.04	08:00:00	2358.56	2359.62	2350.38	2358.83	16168	0	30
2024.07.04	12:00:00	2358.83	2360.41	2355.67	2357.77	11745	0	30
2024.07.04	16:00:00	2357.76	2361.85	2355.55	2357.83	17458	0	30
2024.07.04	20:00:00	2357.83	2358.00	2356.08	2356.43	1265	0	33
2024.07.05	00:00:00	2356.90	2359.07	2354.20	2358.87	5873	0	30
2024.07.05	04:00:00	2358.89	2364.71	2356.93	2364.00	17206	0	30
2024.07.05	08:00:00	2363.99	2368.03	2362.27	2366.41	20370	0	30
2024.07.05	12:00:00	2366.41	2375.97	2351.93	2372.12	23784	0	30
2024.07.05	16:00:00	2372.15	2388.38	2370.68	2386.50	33448	0	30
2024.07.05	20:00:00	2386.51	2392.90	2384.58	2390.85	17986	0	21
2024.07.08	00:00:00	2386.25	2390.19	2384.58	2386.70	7861	0	30
2024.07.08	04:00:00	2386.69	2391.12	2380.70	2384.99	18836	0	30
2024.07.08	08:00:00	2384.99	2386.81	2371.97	2372.83	22135	0	30
2024.07.08	12:00:00	2372.76	2377.54	2368.31	2372.72	21272	0	30
2024.07.08	16:00:00	2372.75	2379.54	2350.75	2358.45	31177	0	30
2024.07.08	20:00:00	2358.44	2359.61	2354.66	2359.00	13546	0	30
2024.07.09	00:00:00	2359.10	2363.58	2358.39	2361.73	4966	0	30
2024.07.09	04:00:00	2361.78	2368.68	2360.37	2367.38	19758	0	30
2024.07.09	08:00:00	2367.37	2368.37	2358.27	2361.65	19648	0	30
2024.07.09	12:00:00	2361.65	2365.59	2356.11	2360.19	21766	0	30
2024.07.09	16:00:00	2360.11	2371.49	2349.28	2357.48	34778	0	30
2024.07.09	20:00:00	2357.47	2365.58	2357.47	2363.59	14793	0	30
2024.07.10	00:00:00	2363.83	2366.50	2362.92	2364.68	4331	0	30
2024.07.10	04:00:00	2364.69	2370.25	2363.25	2367.78	18584	0	30
2024.07.10	08:00:00	2367.77	2374.94	2367.15	2372.83	20892	0	30
2024.07.10	12:00:00	2372.83	2381.80	2371.68	2377.74	19142	0	30
2024.07.10	16:00:00	2377.73	2386.59	2373.99	2377.83	27984	0	30
2024.07.10	20:00:00	2377.84	2378.54	2369.83	2371.26	14791	0	30
2024.07.11	00:00:00	2371.25	2374.39	2371.13	2374.14	4078	0	35
2024.07.11	04:00:00	2374.15	2382.50	2373.09	2381.93	17405	0	35
2024.07.11	08:00:00	2381.98	2384.09	2378.48	2381.38	22517	0	30
2024.07.11	12:00:00	2381.36	2409.73	2379.03	2406.33	24497	0	30
2024.07.11	16:00:00	2406.27	2424.52	2395.78	2411.72	36907	0	30
2024.07.11	20:00:00	2411.64	2418.64	2410.00	2415.21	16503	0	30
2024.07.12	00:00:00	2414.01	2416.23	2411.03	2412.01	11958	0	30
2024.07.12	04:00:00	2412.01	2414.29	2406.68	2408.57	21324	0	30
2024.07.12	08:00:00	2408.59	2410.09	2400.33	2407.40	27575	0	30
2024.07.12	12:00:00	2407.39	2408.31	2391.43	2397.90	26648	0	30
2024.07.12	16:00:00	2398.05	2416.89	2396.81	2415.92	32029	0	30
2024.07.12	20:00:00	2415.92	2418.22	2411.10	2411.47	12958	0	21
2024.07.15	00:00:00	2411.66	2414.76	2405.54	2408.40	8982	0	30
2024.07.15	04:00:00	2408.35	2413.26	2404.81	2411.37	15422	0	30
2024.07.15	08:00:00	2411.38	2414.00	2401.31	2412.01	26963	0	30
2024.07.15	12:00:00	2411.99	2420.84	2407.72	2414.81	28492	0	30
2024.07.15	16:00:00	2414.83	2439.72	2411.51	2430.15	35417	0	30
2024.07.15	20:00:00	2430.17	2430.20	2419.65	2422.20	17050	0	30
2024.07.16	00:00:00	2421.34	2422.89	2419.98	2421.24	7434	0	30
2024.07.16	04:00:00	2421.22	2431.54	2421.19	2429.37	23507	0	30
2024.07.16	08:00:00	2429.37	2439.37	2428.14	2436.54	26712	0	30
2024.07.16	12:00:00	2436.55	2444.00	2429.35	2432.57	28189	0	30
2024.07.16	16:00:00	2432.55	2465.23	2430.99	2459.15	35196	0	30
2024.07.16	20:00:00	2459.14	2469.64	2458.73	2468.68	17859	0	30
2024.07.17	00:00:00	2468.19	2473.29	2466.22	2468.77	10699	0	30
2024.07.17	04:00:00	2468.75	2482.35	2464.05	2467.82	33383	0	30
2024.07.17	08:00:00	2467.78	2478.87	2461.85	2474.95	32564	0	30
2024.07.17	12:00:00	2474.95	2476.36	2466.74	2473.40	31262	0	30
2024.07.17	16:00:00	2473.39	2483.72	2452.85	2455.64	39268	0	30
2024.07.17	20:00:00	2455.64	2460.40	2451.46	2458.59	19334	0	30
2024.07.18	00:00:00	2459.84	2461.83	2457.38	2458.82	10747	0	30
2024.07.18	04:00:00	2458.84	2468.90	2457.62	2465.29	24562	0	30
2024.07.18	08:00:00	2465.33	2474.90	2464.63	2465.97	26912	0	30
2024.07.18	12:00:00	2465.97	2468.77	2461.58	2463.98	26221	0	30
2024.07.18	16:00:00	2463.96	2469.86	2455.74	2456.16	32501	0	30
2024.07.18	20:00:00	2456.15	2457.46	2440.05	2444.91	16664	0	30
2024.07.19	00:00:00	2444.82	2445.00	2425.98	2434.10	9500	0	30
2024.07.19	04:00:00	2434.00	2434.30	2420.32	2425.31	31771	0	30
2024.07.19	08:00:00	2425.32	2425.95	2412.65	2420.23	28564	0	30
2024.07.19	12:00:00	2420.21	2420.90	2401.42	2403.51	27941	0	30
2024.07.19	16:00:00	2403.53	2408.25	2393.61	2399.45	33237	0	30
2024.07.19	20:00:00	2399.46	2400.60	2395.51	2400.03	13906	0	21
2024.07.22	00:00:00	2401.37	2411.71	2400.13	2407.71	11007	0	30
2024.07.22	04:00:00	2407.70	2411.95	2403.04	2405.36	25228	0	30
2024.07.22	08:00:00	2405.41	2407.17	2398.72	2400.61	26169	0	30
2024.07.22	12:00:00	2400.63	2408.16	2388.49	2394.10	26619	0	30
2024.07.22	16:00:00	2394.09	2399.92	2383.71	2392.79	29337	0	30
2024.07.22	20:00:00	2392.81	2399.79	2391.56	2396.13	12035	0	30
2024.07.23	00:00:00	2396.60	2400.05	2394.54	2399.73	6336	0	30
2024.07.23	04:00:00	2399.76	2403.74	2395.62	2396.34	28052	0	30
2024.07.23	08:00:00	2396.32	2407.14	2388.06	2404.02	30839	0	30
2024.07.23	12:00:00	2404.02	2412.01	2403.17	2405.43	29533	0	30
2024.07.23	16:00:00	2405.43	2407.68	2399.48	2405.08	29835	0	30
2024.07.23	20:00:00	2405.00	2409.79	2402.42	2409.52	13234	0	30
2024.07.24	00:00:00	2408.15	2409.96	2407.68	2408.15	6993	0	30
2024.07.24	04:00:00	2408.11	2418.18	2404.78	2417.63	32037	0	30
2024.07.24	08:00:00	2417.65	2418.99	2410.51	2411.62	27724	0	30
2024.07.24	12:00:00	2411.64	2421.82	2409.61	2421.25	26833	0	30
2024.07.24	16:00:00	2421.23	2432.02	2413.43	2419.08	33280	0	30
2024.07.24	20:00:00	2419.03	2419.52	2396.55	2397.08	19841	0	30
2024.07.25	00:00:00	2397.44	2401.00	2392.78	2396.87	12575	0	30
2024.07.25	04:00:00	2396.86	2399.82	2366.61	2377.39	36253	0	30
2024.07.25	08:00:00	2377.39	2378.49	2365.58	2374.44	32362	0	30
2024.07.25	12:00:00	2374.26	2382.33	2362.58	2370.89	32558	0	30
2024.07.25	16:00:00	2370.89	2376.12	2357.38	2362.41	33772	0	30
2024.07.25	20:00:00	2362.63	2365.26	2352.81	2364.23	18273	0	30
2024.07.26	00:00:00	2363.65	2365.18	2361.81	2362.46	7472	0	30
2024.07.26	04:00:00	2362.46	2379.13	2355.58	2369.61	29700	0	30
2024.07.26	08:00:00	2369.60	2375.09	2365.06	2372.73	26361	0	30
2024.07.26	12:00:00	2372.73	2378.82	2370.04	2377.32	24708	0	30
2024.07.26	16:00:00	2377.36	2390.56	2373.96	2388.96	31189	0	30
2024.07.26	20:00:00	2388.92	2388.99	2380.90	2387.81	13577	0	21
2024.07.29	00:00:00	2386.57	2402.90	2386.17	2399.80	12744	0	30
2024.07.29	04:00:00	2399.82	2402.28	2388.40	2394.62	27547	0	30
2024.07.29	08:00:00	2394.63	2395.96	2386.77	2390.15	26761	0	30
2024.07.29	12:00:00	2390.16	2395.37	2385.45	2393.79	24577	0	30
2024.07.29	16:00:00	2393.79	2396.76	2369.44	2377.95	29797	0	30
2024.07.29	20:00:00	2377.97	2385.23	2376.75	2383.40	15547	0	30
2024.07.30	00:00:00	2383.20	2384.73	2380.10	2381.70	6341	0	30
2024.07.30	04:00:00	2381.69	2388.13	2376.37	2386.22	27416	0	30
2024.07.30	08:00:00	2386.23	2391.99	2385.87	2389.44	28061	0	30
2024.07.30	12:00:00	2389.42	2392.40	2385.75	2386.49	24824	0	30
2024.07.30	16:00:00	2386.50	2400.30	2383.41	2399.88	33414	0	30
2024.07.30	20:00:00	2399.97	2412.80	2399.87	2410.61	20047	0	30
2024.07.31	00:00:00	2410.24	2410.88	2407.93	2409.05	9298	0	30
2024.07.31	04:00:00	2409.04	2421.39	2403.96	2421.15	27976	0	30
2024.07.31	08:00:00	2421.15	2425.42	2415.24	2421.26	26823	0	30
2024.07.31	12:00:00	2421.23	2423.24	2417.32	2420.43	23574	0	30
2024.07.31	16:00:00	2420.44	2428.97	2417.81	2426.92	28283	0	30
2024.07.31	20:00:00	2426.96	2450.95	2421.45	2447.22	25928	0	30
2024.08.01	00:00:00	2448.43	2449.46	2444.35	2447.53	8864	0	30
2024.08.01	04:00:00	2447.52	2458.32	2437.37	2444.23	27181	0	30
2024.08.01	08:00:00	2444.22	2448.83	2433.13	2433.64	30810	0	30
2024.08.01	12:00:00	2433.63	2454.86	2430.00	2450.65	29653	0	30
2024.08.01	16:00:00	2450.65	2462.19	2442.10	2444.50	36484	0	30
2024.08.01	20:00:00	2444.51	2447.33	2434.93	2446.20	21839	0	30
2024.08.02	00:00:00	2445.66	2452.37	2443.66	2449.10	12913	0	30
2024.08.02	04:00:00	2449.11	2460.34	2434.91	2457.85	29312	0	30
2024.08.02	08:00:00	2457.86	2468.41	2457.72	2462.04	28084	0	30
2024.08.02	12:00:00	2462.05	2477.57	2455.81	2472.86	28432	0	30
2024.08.02	16:00:00	2472.78	2474.34	2410.83	2430.45	43906	0	30
2024.08.02	20:00:00	2430.47	2442.10	2423.10	2441.14	19048	0	21
2024.08.05	00:00:00	2443.99	2446.57	2413.82	2421.96	19738	0	30
2024.08.05	04:00:00	2421.88	2458.62	2419.99	2452.40	32912	0	30
2024.08.05	08:00:00	2452.40	2452.40	2421.87	2424.74	37907	0	30
2024.08.05	12:00:00	2424.86	2428.50	2363.96	2374.19	39272	0	30
2024.08.05	16:00:00	2374.21	2411.94	2374.21	2402.71	40679	0	30
2024.08.05	20:00:00	2402.74	2412.78	2399.97	2409.53	22549	0	30
2024.08.06	00:00:00	2409.59	2418.13	2404.17	2415.64	14270	0	30
2024.08.06	04:00:00	2415.66	2417.48	2405.65	2407.83	28926	0	30
2024.08.06	08:00:00	2407.81	2415.18	2394.60	2410.88	34104	0	30
2024.08.06	12:00:00	2410.92	2416.09	2391.55	2392.87	26835	0	30
2024.08.06	16:00:00	2392.90	2402.93	2381.50	2389.73	35531	0	30
2024.08.06	20:00:00	2389.72	2395.76	2386.08	2389.69	17680	0	30
2024.08.07	00:00:00	2389.95	2390.54	2380.95	2386.28	8700	0	30
2024.08.07	04:00:00	2386.36	2394.47	2378.83	2392.67	27589	0	30
2024.08.07	08:00:00	2392.66	2397.33	2387.86	2393.10	23311	0	30
2024.08.07	12:00:00	2393.11	2406.84	2392.24	2403.58	21068	0	30
2024.08.07	16:00:00	2403.58	2404.64	2391.65	2399.50	27490	0	30
2024.08.07	20:00:00	2399.44	2399.48	2381.49	2382.94	17805	0	30
2024.08.08	00:00:00	2381.99	2388.59	2380.39	2385.37	11838	0	30
2024.08.08	04:00:00	2385.38	2396.21	2384.83	2394.14	23383	0	30
2024.08.08	08:00:00	2394.15	2400.45	2392.26	2394.30	23725	0	30
2024.08.08	12:00:00	2394.36	2415.49	2393.65	2408.06	26087	0	30
2024.08.08	16:00:00	2408.02	2424.31	2402.24	2418.15	30745	0	30
2024.08.08	20:00:00	2418.16	2427.58	2415.82	2426.99	14972	0	30
2024.08.09	00:00:00	2426.63	2427.50	2422.65	2423.99	9197	0	30
2024.08.09	04:00:00	2424.04	2428.96	2419.28	2423.96	25255	0	30
2024.08.09	08:00:00	2423.90	2427.02	2416.86	2424.54	25077	0	30
2024.08.09	12:00:00	2424.49	2432.63	2422.54	2429.62	24081	0	30
2024.08.09	16:00:00	2429.48	2435.94	2421.00	2434.43	31080	0	30
2024.08.09	20:00:00	2434.44	2437.00	2427.21	2430.86	13918	0	21
2024.08.12	00:00:00	2428.63	2433.15	2426.63	2428.44	8533	0	30
2024.08.12	04:00:00	2428.43	2433.46	2423.76	2433.34	19825	0	30
2024.08.12	08:00:00	2433.33	2443.79	2429.06	2441.97	22248	0	30
2024.08.12	12:00:00	2441.98	2445.42	2439.65	2444.41	22086	0	30
2024.08.12	16:00:00	2444.41	2466.09	2442.08	2463.15	30722	0	30
2024.08.12	20:00:00	2463.15	2472.92	2461.75	2471.92	14139	0	30
2024.08.13	00:00:00	2470.73	2477.00	2468.51	2472.16	8982	0	30
2024.08.13	04:00:00	2472.10	2473.71	2460.24	2461.96	24530	0	30
2024.08.13	08:00:00	2461.94	2466.15	2458.49	2460.57	21886	0	30
2024.08.13	12:00:00	2460.61	2472.46	2458.90	2467.61	23742	0	30
2024.08.13	16:00:00	2467.61	2475.63	2458.98	2469.49	28006	0	30
2024.08.13	20:00:00	2469.49	2470.26	2462.22	2464.85	13868	0	30
2024.08.14	00:00:00	2465.86	2467.40	2463.06	2465.71	7460	0	30
2024.08.14	04:00:00	2465.68	2472.53	2455.32	2461.85	26178	0	30
2024.08.14	08:00:00	2461.84	2478.59	2459.30	2474.41	23708	0	30
2024.08.14	12:00:00	2474.39	2479.96	2462.43	2468.87	24213	0	30
2024.08.14	16:00:00	2468.83	2469.48	2438.10	2444.16	32785	0	30
2024.08.14	20:00:00	2444.17	2448.42	2440.30	2447.81	16095	0	30
2024.08.15	00:00:00	2447.24	2454.23	2446.45	2450.13	6354	0	30
2024.08.15	04:00:00	2450.13	2455.45	2448.23	2453.38	23862	0	30
2024.08.15	08:00:00	2453.37	2458.81	2450.33	2455.43	22154	0	30
2024.08.15	12:00:00	2455.52	2470.03	2441.02	2441.03	20699	0	30
2024.08.15	16:00:00	2441.21	2459.87	2432.13	2455.64	30425	0	30
2024.08.15	20:00:00	2455.67	2461.52	2453.45	2456.17	13251	0	30
2024.08.16	00:00:00	2455.35	2459.81	2454.42	2458.43	6604	0	30
2024.08.16	04:00:00	2458.41	2460.00	2450.78	2452.60	21489	0	30
2024.08.16	08:00:00	2452.71	2464.51	2451.12	2462.33	22875	0	30
2024.08.16	12:00:00	2462.33	2492.34	2461.24	2491.67	25103	0	30
2024.08.16	16:00:00	2491.55	2500.17	2477.63	2495.87	32221	0	30
2024.08.16	20:00:00	2495.88	2509.70	2493.15	2507.00	15966	0	21
2024.08.19	00:00:00	2508.50	2509.48	2500.43	2502.20	10721	0	30
2024.08.19	04:00:00	2502.06	2506.07	2494.98	2500.64	28359	0	30
2024.08.19	08:00:00	2500.65	2507.16	2499.12	2503.04	24446	0	30
2024.08.19	12:00:00	2503.02	2503.92	2486.53	2491.14	25374	0	30
2024.08.19	16:00:00	2491.24	2507.47	2485.68	2505.46	29446	0	30
2024.08.19	20:00:00	2505.46	2505.83	2500.70	2504.12	13527	0	30
2024.08.20	00:00:00	2502.79	2506.90	2501.97	2504.98	7309	0	30
2024.08.20	04:00:00	2504.98	2508.26	2498.76	2500.81	23716	0	30
2024.08.20	08:00:00	2500.87	2523.06	2497.32	2519.71	27854	0	30
2024.08.20	12:00:00	2519.75	2529.19	2519.71	2526.76	27934	0	30
2024.08.20	16:00:00	2526.77	2531.69	2500.88	2509.26	33647	0	30
2024.08.20	20:00:00	2509.12	2516.89	2506.77	2513.91	13591	0	30
2024.08.21	00:00:00	2513.45	2516.15	2512.48	2513.52	7516	0	30
2024.08.21	04:00:00	2513.58	2519.92	2510.85	2516.19	22416	0	30
2024.08.21	08:00:00	2516.19	2519.58	2506.91	2507.22	21961	0	30
2024.08.21	12:00:00	2507.13	2513.70	2504.51	2510.56	22683	0	30
2024.08.21	16:00:00	2510.56	2512.88	2493.33	2507.07	32067	0	30
2024.08.21	20:00:00	2507.08	2519.12	2506.93	2512.12	16143	0	30
2024.08.22	00:00:00	2511.01	2514.68	2511.01	2513.76	6339	0	30
2024.08.22	04:00:00	2513.75	2514.13	2499.27	2501.89	23276	0	30
2024.08.22	08:00:00	2501.89	2510.61	2500.74	2503.67	25063	0	30
2024.08.22	12:00:00	2503.66	2509.14	2495.35	2500.60	24725	0	30
2024.08.22	16:00:00	2500.59	2501.52	2470.60	2484.20	30453	0	30
2024.08.22	20:00:00	2484.08	2484.64	2478.35	2484.64	14145	0	30
2024.08.23	00:00:00	2483.48	2492.02	2483.41	2489.80	6642	0	30
2024.08.23	04:00:00	2489.80	2494.27	2486.53	2493.23	22178	0	30
2024.08.23	08:00:00	2493.25	2499.94	2490.35	2498.95	22921	0	30
2024.08.23	12:00:00	2498.94	2502.46	2495.61	2501.37	22577	0	30
2024.08.23	16:00:00	2501.36	2518.25	2494.49	2510.33	36454	0	30
2024.08.23	20:00:00	2510.15	2513.21	2507.88	2511.77	13513	0	21
2024.08.26	00:00:00	2511.20	2516.90	2510.67	2513.77	10649	0	30
2024.08.26	04:00:00	2513.72	2515.50	2508.96	2509.71	22114	0	30
2024.08.26	08:00:00	2509.65	2525.77	2508.70	2524.26	22833	0	30
2024.08.26	12:00:00	2524.24	2526.75	2520.97	2523.84	22531	0	30
2024.08.26	16:00:00	2523.81	2526.45	2510.65	2520.23	28136	0	30
2024.08.26	20:00:00	2520.20	2523.35	2515.58	2517.83	12868	0	30
2024.08.27	00:00:00	2517.51	2517.83	2512.99	2513.21	6049	0	30
2024.08.27	04:00:00	2513.22	2514.15	2505.84	2507.32	20004	0	30
2024.08.27	08:00:00	2507.33	2517.49	2503.51	2511.05	25289	0	30
2024.08.27	12:00:00	2511.04	2514.28	2506.89	2509.88	23269	0	30
2024.08.27	16:00:00	2509.82	2520.29	2503.51	2514.39	27861	0	30
2024.08.27	20:00:00	2514.44	2525.95	2514.14	2524.33	15117	0	30
2024.08.28	00:00:00	2524.23	2529.11	2523.89	2524.48	7640	0	30
2024.08.28	04:00:00	2524.47	2524.49	2510.25	2511.55	22366	0	30
2024.08.28	08:00:00	2511.55	2511.71	2503.30	2508.12	27382	0	30
2024.08.28	12:00:00	2508.11	2511.41	2493.66	2500.56	24726	0	30
2024.08.28	16:00:00	2500.52	2510.54	2496.42	2501.89	30185	0	30
2024.08.28	20:00:00	2501.86	2509.37	2500.49	2504.49	15753	0	30
2024.08.29	00:00:00	2503.95	2515.07	2503.95	2512.08	6491	0	30
2024.08.29	04:00:00	2512.08	2518.20	2511.53	2515.88	15867	0	30
2024.08.29	08:00:00	2515.87	2521.16	2513.84	2517.08	22531	0	30
2024.08.29	12:00:00	2517.10	2524.41	2503.41	2508.98	23736	0	30
2024.08.29	16:00:00	2508.97	2526.53	2507.99	2525.04	30376	0	30
2024.08.29	20:00:00	2525.05	2528.47	2520.43	2520.88	15481	0	30
2024.08.30	00:00:00	2520.57	2521.53	2516.53	2517.49	3996	0	30
2024.08.30	04:00:00	2517.50	2519.82	2511.98	2513.15	15602	0	30
2024.08.30	08:00:00	2513.16	2526.73	2512.52	2522.90	23735	0	30
2024.08.30	12:00:00	2522.93	2526.84	2514.99	2519.69	22926	0	30
2024.08.30	16:00:00	2519.67	2519.84	2496.43	2497.51	33752	0	30
2024.08.30	20:00:00	2497.52	2504.48	2493.87	2503.23	16219	0	21
2024.09.02	00:00:00	2502.31	2504.82	2501.03	2501.38	5024	0	30
2024.09.02	04:00:00	2501.37	2504.48	2489.85	2496.73	21174	0	30
2024.09.02	08:00:00	2496.74	2507.09	2495.09	2506.21	19526	0	30
2024.09.02	12:00:00	2506.15	2506.44	2496.91	2501.05	14842	0	30
2024.09.02	16:00:00	2501.06	2502.26	2497.55	2500.39	15284	0	30
2024.09.02	20:00:00	2500.41	2501.16	2498.10	2498.10	2019	0	32
2024.09.03	00:00:00	2499.48	2499.68	2494.86	2495.63	6694	0	30
2024.09.03	04:00:00	2495.64	2496.82	2489.59	2495.74	24254	0	30
2024.09.03	08:00:00	2495.73	2506.23	2492.57	2503.94	24843	0	30
2024.09.03	12:00:00	2504.01	2505.00	2484.46	2492.98	29209	0	30
2024.09.03	16:00:00	2493.04	2497.45	2473.43	2485.91	35078	0	30
2024.09.03	20:00:00	2485.69	2494.17	2485.30	2492.71	13940	0	30
2024.09.04	00:00:00	2491.69	2494.84	2491.07	2492.19	7701	0	30
2024.09.04	04:00:00	2492.11	2496.75	2491.14	2495.71	16568	0	30
2024.09.04	08:00:00	2495.70	2496.40	2472.35	2473.09	23631	0	30
2024.09.04	12:00:00	2473.11	2491.12	2471.66	2486.56	25626	0	30
2024.09.04	16:00:00	2486.56	2500.28	2482.05	2496.76	30854	0	30
2024.09.04	20:00:00	2496.73	2497.35	2491.45	2495.30	12079	0	30
2024.09.05	00:00:00	2494.90	2496.87	2494.40	2495.11	4641	0	30
2024.09.05	04:00:00	2495.12	2499.28	2493.81	2494.25	16016	0	30
2024.09.05	08:00:00	2494.24	2516.60	2493.95	2514.65	23502	0	30
2024.09.05	12:00:00	2514.70	2523.50	2513.32	2517.69	25443	0	30
2024.09.05	16:00:00	2517.71	2520.58	2503.95	2510.35	33228	0	30
2024.09.05	20:00:00	2510.36	2516.91	2509.23	2516.44	11771	0	30
2024.09.06	00:00:00	2516.03	2518.00	2515.58	2515.94	6307	0	30
2024.09.06	04:00:00	2515.96	2519.52	2513.08	2518.47	19058	0	30
2024.09.06	08:00:00	2518.46	2521.84	2515.48	2517.84	21079	0	30
2024.09.06	12:00:00	2517.84	2529.19	2507.66	2522.24	23901	0	30
2024.09.06	16:00:00	2522.24	2523.06	2484.54	2488.79	44786	0	30
2024.09.06	20:00:00	2488.76	2497.55	2485.69	2496.66	18562	0	21
2024.09.09	00:00:00	2496.69	2498.09	2495.32	2495.83	10299	0	30
2024.09.09	04:00:00	2495.82	2500.24	2494.58	2497.96	23343	0	30
2024.09.09	08:00:00	2497.96	2498.04	2485.35	2491.98	29706	0	30
2024.09.09	12:00:00	2492.04	2504.06	2491.89	2500.91	25303	0	30
2024.09.09	16:00:00	2500.87	2505.19	2493.21	2504.30	29683	0	30
2024.09.09	20:00:00	2504.32	2507.10	2499.40	2506.13	13536	0	30
2024.09.10	00:00:00	2505.17	2507.63	2504.70	2505.31	5504	0	30
2024.09.10	04:00:00	2505.36	2506.79	2500.95	2501.75	17122	0	30
2024.09.10	08:00:00	2501.74	2507.73	2500.13	2502.30	24264	0	30
2024.09.10	12:00:00	2502.30	2514.00	2500.20	2513.80	24504	0	30
2024.09.10	16:00:00	2513.84	2518.42	2500.86	2514.39	31179	0	30
2024.09.10	20:00:00	2514.41	2517.46	2512.08	2516.44	13232	0	30
2024.09.11	00:00:00	2515.27	2519.19	2515.11	2516.65	6332	0	30
2024.09.11	04:00:00	2516.61	2522.53	2515.00	2519.61	23090	0	30
2024.09.11	08:00:00	2519.60	2528.95	2519.34	2524.25	26036	0	30
2024.09.11	12:00:00	2524.25	2524.66	2501.96	2507.90	24544	0	30
2024.09.11	16:00:00	2507.87	2520.03	2500.85	2515.23	35625	0	30
2024.09.11	20:00:00	2515.20	2516.87	2509.78	2511.25	13904	0	30
2024.09.12	00:00:00	2512.36	2513.89	2511.13	2512.19	5394	0	30
2024.09.12	04:00:00	2512.17	2517.79	2511.02	2517.05	20459	0	30
2024.09.12	08:00:00	2517.07	2522.30	2514.45	2517.39	23140	0	30
2024.09.12	12:00:00	2517.38	2535.28	2513.02	2529.04	24908	0	30
2024.09.12	16:00:00	2528.60	2555.13	2522.24	2550.64	36302	0	30
2024.09.12	20:00:00	2550.71	2560.08	2550.17	2558.53	17180	0	30
2024.09.13	00:00:00	2557.50	2562.75	2556.72	2561.54	10593	0	30
2024.09.13	04:00:00	2561.56	2570.11	2559.97	2568.89	25951	0	30
2024.09.13	08:00:00	2568.88	2571.09	2563.02	2569.97	27760	0	30
2024.09.13	12:00:00	2569.96	2575.93	2563.70	2575.85	24680	0	30
2024.09.13	16:00:00	2575.85	2585.20	2573.18	2584.26	31497	0	30
2024.09.13	20:00:00	2584.25	2586.09	2578.68	2579.43	14291	0	21
2024.09.16	00:00:00	2579.26	2582.38	2577.63	2581.37	9416	0	30
2024.09.16	04:00:00	2581.37	2589.04	2579.90	2585.80	15642	0	30
2024.09.16	08:00:00	2585.81	2589.61	2579.54	2586.80	25077	0	30
2024.09.16	12:00:00	2586.82	2588.28	2575.31	2583.44	25256	0	30
2024.09.16	16:00:00	2583.50	2589.29	2576.07	2583.65	27398	0	30
2024.09.16	20:00:00	2583.64	2584.13	2579.64	2582.21	10472	0	30
2024.09.17	00:00:00	2581.70	2584.46	2580.27	2580.27	6160	0	30
2024.09.17	04:00:00	2580.26	2586.32	2574.95	2576.97	19325	0	30
2024.09.17	08:00:00	2576.93	2586.98	2574.60	2580.14	23408	0	30
2024.09.17	12:00:00	2580.15	2581.68	2568.28	2577.80	28690	0	30
2024.09.17	16:00:00	2578.08	2582.26	2561.38	2563.11	31179	0	30
2024.09.17	20:00:00	2563.11	2571.64	2560.76	2569.29	13503	0	30
2024.09.18	00:00:00	2568.30	2574.86	2568.30	2573.04	7911	0	30
2024.09.18	04:00:00	2573.05	2576.53	2568.01	2568.66	24109	0	30
2024.09.18	08:00:00	2568.66	2572.00	2565.73	2569.72	23991	0	30
2024.09.18	12:00:00	2569.74	2580.73	2567.98	2576.22	24109	0	30
2024.09.18	16:00:00	2576.23	2578.53	2567.94	2574.90	27019	0	30
2024.09.18	20:00:00	2574.94	2600.06	2546.86	2558.96	36139	0	30
2024.09.19	00:00:00	2557.52	2561.36	2554.90	2558.58	11517	0	30
2024.09.19	04:00:00	2558.40	2566.56	2551.14	2564.06	28040	0	30
2024.09.19	08:00:00	2564.09	2586.54	2563.93	2584.89	29329	0	30
2024.09.19	12:00:00	2584.88	2594.93	2573.20	2576.78	29813	0	30
2024.09.19	16:00:00	2576.72	2592.47	2569.73	2591.73	33451	0	30
2024.09.19	20:00:00	2591.75	2592.60	2585.92	2586.41	13784	0	30
2024.09.20	00:00:00	2586.05	2588.55	2585.76	2588.15	6287	0	30
2024.09.20	04:00:00	2588.12	2594.37	2584.91	2593.80	21012	0	30
2024.09.20	08:00:00	2593.83	2612.74	2592.44	2609.78	25812	0	30
2024.09.20	12:00:00	2609.78	2619.27	2602.50	2615.57	25687	0	30
2024.09.20	16:00:00	2615.58	2625.70	2602.64	2624.94	35851	0	30
2024.09.20	20:00:00	2624.81	2625.45	2617.87	2621.93	16615	0	21
2024.09.23	00:00:00	2620.60	2622.07	2618.20	2618.34	8335	0	30
2024.09.23	04:00:00	2618.29	2631.08	2616.09	2629.43	22873	0	30
2024.09.23	08:00:00	2629.35	2631.32	2613.81	2616.86	27534	0	30
2024.09.23	12:00:00	2616.84	2628.21	2615.38	2626.96	23246	0	30
2024.09.23	16:00:00	2627.02	2634.82	2625.55	2628.14	30643	0	30
2024.09.23	20:00:00	2628.12	2629.12	2625.73	2628.26	12771	0	30
2024.09.24	00:00:00	2627.32	2628.32	2623.86	2625.15	6967	0	30
2024.09.24	04:00:00	2625.15	2638.29	2624.91	2638.11	27984	0	30
2024.09.24	08:00:00	2638.11	2640.12	2622.57	2629.00	30930	0	30
2024.09.24	12:00:00	2628.99	2636.25	2623.42	2633.10	27808	0	30
2024.09.24	16:00:00	2633.13	2655.21	2631.03	2653.48	36536	0	30
2024.09.24	20:00:00	2653.50	2664.34	2649.77	2656.86	18971	0	30
2024.09.25	00:00:00	2657.34	2660.98	2656.65	2660.77	9768	0	30
2024.09.25	04:00:00	2660.78	2670.62	2655.49	2659.01	31268	0	30
2024.09.25	08:00:00	2658.95	2659.89	2651.54	2655.88	29293	0	30
2024.09.25	12:00:00	2655.88	2660.81	2652.76	2659.36	25700	0	30
2024.09.25	16:00:00	2659.31	2667.43	2649.79	2653.58	33698	0	30
2024.09.25	20:00:00	2653.55	2662.99	2653.07	2656.92	14326	0	30
2024.09.26	00:00:00	2656.56	2660.31	2655.40	2659.02	6407	0	30
2024.09.26	04:00:00	2659.06	2662.96	2657.11	2660.69	21854	0	30
2024.09.26	08:00:00	2660.68	2670.53	2657.96	2669.04	28848	0	30
2024.09.26	12:00:00	2669.05	2685.58	2666.96	2677.36	32302	0	30
2024.09.26	16:00:00	2677.33	2679.67	2654.77	2668.14	37753	0	30
2024.09.26	20:00:00	2668.17	2677.88	2667.62	2672.22	15928	0	30
2024.09.27	00:00:00	2671.52	2673.26	2669.40	2669.86	8516	0	30
2024.09.27	04:00:00	2669.87	2673.91	2666.33	2670.53	25533	0	30
2024.09.27	08:00:00	2670.53	2671.38	2660.93	2662.56	31487	0	30
2024.09.27	12:00:00	2662.52	2674.21	2658.34	2670.10	26714	0	30
2024.09.27	16:00:00	2669.96	2670.82	2644.74	2651.60	35554	0	30
2024.09.27	20:00:00	2651.60	2658.81	2642.81	2658.45	15734	0	22
2024.09.30	00:00:00	2657.12	2665.89	2657.12	2661.46	13187	0	30
2024.09.30	04:00:00	2661.43	2664.19	2647.23	2655.69	26062	0	30
2024.09.30	08:00:00	2655.71	2660.38	2650.35	2653.29	24726	0	30
2024.09.30	12:00:00	2653.33	2653.45	2634.30	2638.86	27234	0	30
2024.09.30	16:00:00	2638.77	2641.92	2628.56	2638.94	30389	0	30
2024.09.30	20:00:00	2638.90	2641.60	2624.41	2634.22	19719	0	30
2024.10.01	00:00:00	2633.18	2636.98	2632.08	2636.27	6648	0	30
2024.10.01	04:00:00	2636.27	2640.29	2634.35	2639.30	17072	0	30
2024.10.01	08:00:00	2639.32	2647.23	2639.32	2646.39	24174	0	30
2024.10.01	12:00:00	2646.39	2656.65	2645.19	2651.50	25704	0	30
2024.10.01	16:00:00	2651.54	2673.09	2647.99	2666.33	37346	0	30
2024.10.01	20:00:00	2666.32	2671.74	2657.54	2663.23	18496	0	30
2024.10.02	00:00:00	2661.90	2662.64	2656.80	2657.25	8511	0	30
2024.10.02	04:00:00	2657.27	2661.76	2652.49	2653.91	21476	0	30
2024.10.02	08:00:00	2653.89	2656.03	2644.35	2652.20	26908	0	30
2024.10.02	12:00:00	2652.18	2655.34	2643.56	2649.42	25105	0	30
2024.10.02	16:00:00	2649.41	2663.15	2640.91	2649.56	32504	0	30
2024.10.02	20:00:00	2649.53	2659.88	2646.99	2658.50	13696	0	30
2024.10.03	00:00:00	2658.14	2662.96	2657.40	2657.78	9873	0	30
2024.10.03	04:00:00	2657.79	2658.98	2653.28	2655.04	20820	0	30
2024.10.03	08:00:00	2655.05	2657.44	2641.63	2644.97	27935	0	30
2024.10.03	12:00:00	2644.90	2653.79	2640.78	2642.17	28030	0	30
2024.10.03	16:00:00	2642.16	2660.98	2637.34	2659.99	33407	0	30
2024.10.03	20:00:00	2659.98	2662.09	2655.19	2655.80	14802	0	30
2024.10.04	00:00:00	2655.92	2657.56	2654.41	2657.30	7294	0	30
2024.10.04	04:00:00	2657.30	2665.86	2656.75	2664.08	20788	0	30
2024.10.04	08:00:00	2664.09	2667.87	2658.74	2659.00	24545	0	30
2024.10.04	12:00:00	2658.98	2662.55	2631.82	2638.64	27765	0	30
2024.10.04	16:00:00	2638.61	2670.18	2637.31	2645.34	38472	0	30
2024.10.04	20:00:00	2645.28	2653.19	2642.78	2652.64	18164	0	21
2024.10.07	00:00:00	2650.36	2652.43	2647.79	2649.32	11102	0	30
2024.10.07	04:00:00	2649.32	2652.00	2643.82	2646.81	22820	0	30
2024.10.07	08:00:00	2646.82	2656.38	2639.45	2652.26	28869	0	30
2024.10.07	12:00:00	2652.26	2659.57	2637.55	2639.91	28470	0	30
2024.10.07	16:00:00	2639.89	2653.63	2638.92	2646.69	32037	0	30
2024.10.07	20:00:00	2646.65	2648.54	2639.50	2642.36	14144	0	30
2024.10.08	00:00:00	2641.99	2648.87	2640.72	2643.44	10493	0	30
2024.10.08	04:00:00	2643.37	2648.12	2633.58	2642.90	34080	0	30
2024.10.08	08:00:00	2642.89	2646.25	2628.43	2637.74	33249	0	30
2024.10.08	12:00:00	2637.75	2652.94	2635.52	2645.88	31875	0	30
2024.10.08	16:00:00	2645.84	2647.61	2604.59	2608.85	38851	0	30
2024.10.08	20:00:00	2608.83	2623.39	2605.30	2621.72	18460	0	30
2024.10.09	00:00:00	2620.34	2623.61	2620.34	2620.98	8733	0	30
2024.10.09	04:00:00	2620.97	2624.07	2614.68	2615.79	27127	0	30
2024.10.09	08:00:00	2615.80	2624.18	2608.97	2616.08	31253	0	30
2024.10.09	12:00:00	2616.12	2622.23	2614.39	2618.67	26343	0	30
2024.10.09	16:00:00	2618.70	2620.51	2605.17	2608.48	35083	0	30
2024.10.09	20:00:00	2608.50	2610.83	2604.95	2607.46	16380	0	30
2024.10.10	00:00:00	2607.12	2609.90	2605.70	2609.07	5702	0	30
2024.10.10	04:00:00	2609.08	2616.66	2606.57	2613.71	23438	0	30
2024.10.10	08:00:00	2613.70	2617.13	2610.00	2615.22	28724	0	30
2024.10.10	12:00:00	2615.26	2627.07	2611.11	2625.10	26740	0	30
2024.10.10	16:00:00	2625.08	2629.70	2615.71	2619.23	37231	0	30
2024.10.10	20:00:00	2619.22	2631.50	2616.48	2629.92	17892	0	30
2024.10.11	00:00:00	2629.80	2636.05	2628.08	2633.88	10547	0	30
2024.10.11	04:00:00	2633.85	2646.09	2632.95	2645.67	29618	0	30
2024.10.11	08:00:00	2645.64	2647.12	2638.01	2639.20	26470	0	30
2024.10.11	12:00:00	2639.18	2650.12	2636.13	2642.99	25721	0	30
2024.10.11	16:00:00	2643.22	2661.39	2642.65	2660.51	31615	0	30
2024.10.11	20:00:00	2660.50	2661.24	2654.74	2656.92	14726	0	23
2024.10.14	00:00:00	2655.15	2656.18	2644.75	2646.65	12488	0	30
2024.10.14	04:00:00	2646.64	2660.39	2643.13	2659.24	28389	0	30
2024.10.14	08:00:00	2659.23	2666.79	2657.10	2659.40	27026	0	30
2024.10.14	12:00:00	2659.38	2662.98	2648.98	2651.14	22888	0	30
2024.10.14	16:00:00	2651.13	2660.96	2643.75	2648.27	30700	0	30
2024.10.14	20:00:00	2648.26	2653.09	2645.97	2648.35	12570	0	30
2024.10.15	00:00:00	2645.99	2650.79	2645.99	2648.09	7623	0	30
2024.10.15	04:00:00	2648.04	2652.65	2642.74	2644.16	26314	0	30
2024.10.15	08:00:00	2644.14	2655.68	2637.85	2653.81	32554	0	30
2024.10.15	12:00:00	2653.80	2657.35	2645.66	2648.20	28164	0	30
2024.10.15	16:00:00	2648.18	2668.96	2646.07	2661.79	34221	0	30
2024.10.15	20:00:00	2661.79	2666.45	2659.00	2662.47	17270	0	30
2024.10.16	00:00:00	2661.97	2662.85	2658.76	2660.24	7117	0	30
2024.10.16	04:00:00	2660.23	2670.12	2660.18	2666.72	28505	0	30
2024.10.16	08:00:00	2666.73	2680.02	2666.11	2679.41	27715	0	30
2024.10.16	12:00:00	2679.40	2682.70	2672.91	2681.70	27616	0	30
2024.10.16	16:00:00	2681.69	2685.32	2665.81	2674.16	34087	0	30
2024.10.16	20:00:00	2674.17	2676.67	2672.78	2673.45	13046	0	30
2024.10.17	00:00:00	2673.74	2677.94	2673.25	2677.88	4633	0	30
2024.10.17	04:00:00	2677.88	2684.88	2674.49	2679.08	26970	0	30
2024.10.17	08:00:00	2679.05	2685.70	2678.06	2681.87	31459	0	30
2024.10.17	12:00:00	2681.83	2688.79	2673.15	2680.66	29530	0	30
2024.10.17	16:00:00	2680.60	2696.73	2677.80	2692.26	37303	0	30
2024.10.17	20:00:00	2692.27	2694.18	2688.88	2692.67	13666	0	30
2024.10.18	00:00:00	2691.90	2695.89	2691.62	2693.00	6967	0	30
2024.10.18	04:00:00	2692.94	2711.98	2692.78	2710.21	31785	0	30
2024.10.18	08:00:00	2710.19	2714.08	2701.75	2706.29	32798	0	30
2024.10.18	12:00:00	2706.27	2716.96	2706.20	2709.54	30223	0	30
2024.10.18	16:00:00	2709.50	2720.12	2704.95	2717.59	35262	0	30
2024.10.18	20:00:00	2717.61	2722.42	2713.64	2722.07	18010	0	29
2024.10.21	00:00:00	2720.34	2725.85	2719.29	2721.63	14400	0	30
2024.10.21	04:00:00	2721.62	2732.86	2721.06	2730.36	33185	0	30
2024.10.21	08:00:00	2730.35	2733.11	2723.48	2731.37	33782	0	30
2024.10.21	12:00:00	2731.37	2739.83	2727.73	2738.60	34663	0	30
2024.10.21	16:00:00	2738.66	2740.56	2716.71	2723.32	37490	0	30
2024.10.21	20:00:00	2723.26	2725.44	2714.03	2719.40	18109	0	30
2024.10.22	00:00:00	2718.75	2725.05	2718.08	2724.64	8397	0	30
2024.10.22	04:00:00	2724.63	2735.87	2723.71	2734.57	28413	0	30
2024.10.22	08:00:00	2734.55	2738.39	2728.85	2734.91	27571	0	30
2024.10.22	12:00:00	2734.84	2739.39	2729.48	2736.24	29555	0	30
2024.10.22	16:00:00	2736.23	2745.56	2733.77	2745.35	36559	0	30
2024.10.22	20:00:00	2745.37	2748.84	2743.56	2748.65	19080	0	30
2024.10.23	00:00:00	2747.64	2748.05	2744.76	2745.20	5209	0	30
2024.10.23	04:00:00	2745.21	2750.61	2737.87	2749.92	23059	0	30
2024.10.23	08:00:00	2749.92	2758.42	2748.05	2756.91	19077	0	30
2024.10.23	12:00:00	2756.91	2757.54	2740.56	2743.10	22024	0	30
2024.10.23	16:00:00	2743.12	2743.88	2708.50	2719.14	39527	0	30
2024.10.23	20:00:00	2719.13	2720.47	2711.81	2715.19	20161	0	30
2024.10.24	00:00:00	2714.17	2721.70	2714.17	2721.06	9874	0	30
2024.10.24	04:00:00	2721.03	2726.92	2720.06	2726.35	29161	0	30
2024.10.24	08:00:00	2726.34	2737.90	2725.67	2736.85	30889	0	30
2024.10.24	12:00:00	2736.84	2741.57	2734.38	2739.10	28214	0	30
2024.10.24	16:00:00	2739.07	2743.20	2722.27	2733.31	38649	0	30
2024.10.24	20:00:00	2733.31	2737.48	2732.69	2735.74	17986	0	30
2024.10.25	00:00:00	2735.31	2736.14	2731.31	2732.51	7746	0	30
2024.10.25	04:00:00	2732.45	2735.18	2723.88	2726.00	28200	0	30
2024.10.25	08:00:00	2726.01	2732.60	2718.61	2719.18	29419	0	30
2024.10.25	12:00:00	2719.19	2732.52	2716.87	2731.41	29695	0	30
2024.10.25	16:00:00	2731.50	2742.01	2725.19	2739.18	35194	0	30
2024.10.25	20:00:00	2739.18	2747.53	2738.72	2746.22	14520	0	25
2024.10.28	00:00:00	2733.97	2740.21	2724.73	2732.35	26039	0	30
2024.10.28	04:00:00	2732.34	2738.81	2729.13	2738.44	21508	0	30
2024.10.28	08:00:00	2738.44	2744.56	2728.27	2729.10	26819	0	30
2024.10.28	12:00:00	2729.11	2743.37	2727.65	2741.02	27479	0	30
2024.10.28	16:00:00	2740.92	2745.92	2738.94	2743.31	29926	0	30
2024.10.28	20:00:00	2743.32	2743.48	2740.13	2742.08	10481	0	35
2024.10.29	00:00:00	2740.13	2752.40	2739.70	2752.12	18279	0	30
2024.10.29	04:00:00	2752.12	2757.77	2748.61	2749.99	28447	0	30
2024.10.29	08:00:00	2749.96	2756.64	2746.31	2752.46	29809	0	30
2024.10.29	12:00:00	2752.48	2763.95	2746.36	2759.88	33216	0	30
2024.10.29	16:00:00	2759.90	2772.52	2759.90	2769.76	34441	0	30
2024.10.29	20:00:00	2769.82	2774.74	2768.17	2774.40	12093	0	30
2024.10.30	00:00:00	2773.13	2782.18	2772.79	2781.71	17203	0	30
2024.10.30	04:00:00	2781.72	2784.94	2776.04	2783.10	26821	0	30
2024.10.30	08:00:00	2783.11	2789.82	2779.53	2784.55	29950	0	30
2024.10.30	12:00:00	2784.55	2787.53	2770.85	2777.33	33243	0	30
2024.10.30	16:00:00	2777.22	2789.60	2771.93	2788.59	34261	0	30
2024.10.30	20:00:00	2788.59	2789.99	2784.47	2787.15	13097	0	30
2024.10.31	00:00:00	2786.78	2790.06	2783.52	2784.61	9948	0	30
2024.10.31	04:00:00	2784.62	2789.00	2782.03	2785.07	20922	0	30
2024.10.31	08:00:00	2785.09	2786.04	2776.76	2778.00	26886	0	30
2024.10.31	12:00:00	2778.00	2782.63	2754.41	2755.14	34059	0	30
2024.10.31	16:00:00	2755.12	2756.71	2731.41	2739.42	37559	0	30
2024.10.31	20:00:00	2739.40	2749.47	2739.35	2743.49	15450	0	30
2024.11.01	00:00:00	2743.14	2749.71	2743.03	2749.47	17637	0	30
2024.11.01	04:00:00	2749.40	2755.03	2745.61	2754.79	26668	0	30
2024.11.01	08:00:00	2754.83	2757.49	2746.86	2751.05	31947	0	30
2024.11.01	12:00:00	2751.05	2762.04	2744.62	2755.46	36447	0	30
2024.11.01	16:00:00	2755.20	2758.75	2734.88	2736.14	36670	0	30
2024.11.01	20:00:00	2736.10	2737.81	2732.96	2735.73	14032	0	30
2024.11.04	00:00:00	2735.50	2741.16	2729.36	2739.72	19803	0	30
2024.11.04	04:00:00	2739.69	2743.47	2736.79	2741.37	29248	0	30
2024.11.04	08:00:00	2741.38	2744.63	2731.75	2743.11	31632	0	30
2024.11.04	12:00:00	2743.12	2746.54	2736.33	2746.53	30289	0	30
2024.11.04	16:00:00	2746.57	2748.15	2731.59	2738.22	34685	0	30
2024.11.04	20:00:00	2738.23	2739.44	2735.46	2736.40	18078	0	30
2024.11.05	00:00:00	2735.64	2737.80	2732.74	2734.04	13655	0	30
2024.11.05	04:00:00	2734.03	2737.06	2724.54	2732.40	29292	0	30
2024.11.05	08:00:00	2732.41	2744.82	2731.54	2739.89	30613	0	30
2024.11.05	12:00:00	2739.88	2746.80	2735.40	2744.71	29813	0	30
2024.11.05	16:00:00	2744.67	2749.88	2732.80	2741.98	33780	0	30
2024.11.05	20:00:00	2741.98	2744.94	2739.32	2743.66	15463	0	30
2024.11.06	00:00:00	2743.02	2749.70	2732.67	2747.12	20410	0	30
2024.11.06	04:00:00	2746.87	2748.41	2730.71	2739.01	38472	0	30
2024.11.06	08:00:00	2739.03	2739.32	2701.32	2724.47	38644	0	30
2024.11.06	12:00:00	2724.46	2726.95	2658.98	2663.96	37173	0	30
2024.11.06	16:00:00	2663.81	2678.07	2652.26	2663.04	40961	0	30
2024.11.06	20:00:00	2663.06	2669.39	2658.48	2658.83	22295	0	30
2024.11.07	00:00:00	2658.78	2664.11	2643.23	2649.27	18530	0	30
2024.11.07	04:00:00	2649.22	2661.09	2649.22	2659.09	30244	0	30
2024.11.07	08:00:00	2659.04	2667.37	2652.61	2661.43	31203	0	30
2024.11.07	12:00:00	2661.44	2685.06	2659.64	2684.50	30552	0	30
2024.11.07	16:00:00	2684.51	2700.20	2682.37	2699.28	36651	0	30
2024.11.07	20:00:00	2699.28	2710.14	2687.53	2706.20	27428	0	30
2024.11.08	00:00:00	2705.58	2710.38	2699.11	2699.88	15913	0	30
2024.11.08	04:00:00	2699.80	2701.03	2693.28	2695.13	26279	0	30
2024.11.08	08:00:00	2695.13	2695.74	2680.10	2689.03	33322	0	30
2024.11.08	12:00:00	2689.10	2700.82	2681.84	2697.37	30766	0	30
2024.11.08	16:00:00	2697.36	2703.89	2682.72	2687.69	35022	0	30
2024.11.08	20:00:00	2687.69	2688.56	2682.65	2684.29	16362	0	25
2024.11.11	00:00:00	2683.48	2686.06	2671.73	2672.83	17576	0	30
2024.11.11	04:00:00	2672.83	2675.07	2666.34	2669.08	28758	0	30
2024.11.11	08:00:00	2669.08	2673.87	2663.63	2666.63	28779	0	30
2024.11.11	12:00:00	2666.70	2675.12	2634.10	2635.35	34281	0	30
2024.11.11	16:00:00	2635.31	2635.41	2611.27	2612.33	35910	0	30
2024.11.11	20:00:00	2612.30	2625.99	2610.38	2619.27	17264	0	30
2024.11.12	00:00:00	2618.47	2627.00	2618.39	2623.87	13639	0	30
2024.11.12	04:00:00	2623.87	2625.27	2605.24	2606.75	26824	0	30
2024.11.12	08:00:00	2606.62	2609.97	2590.61	2593.10	32438	0	30
2024.11.12	12:00:00	2593.08	2616.36	2589.52	2611.37	32777	0	30
2024.11.12	16:00:00	2611.36	2616.79	2592.21	2597.25	36871	0	30
2024.11.12	20:00:00	2597.32	2601.86	2594.90	2597.87	20266	0	30
2024.11.13	00:00:00	2597.31	2611.00	2597.22	2607.79	13695	0	30
2024.11.13	04:00:00	2607.80	2613.16	2603.41	2605.60	25215	0	30
2024.11.13	08:00:00	2605.58	2611.41	2600.81	2608.42	25491	0	30
2024.11.13	12:00:00	2608.42	2618.65	2605.65	2612.10	28897	0	30
2024.11.13	16:00:00	2612.09	2616.16	2577.33	2583.10	42656	0	30
2024.11.13	20:00:00	2583.08	2585.27	2572.08	2572.67	21243	0	30
2024.11.14	00:00:00	2572.00	2581.10	2561.35	2562.34	18681	0	30
2024.11.14	04:00:00	2562.31	2565.10	2555.11	2558.49	29396	0	30
2024.11.14	08:00:00	2558.39	2560.31	2536.55	2543.32	34449	0	30
2024.11.14	12:00:00	2543.36	2560.06	2538.81	2556.91	35294	0	30
2024.11.14	16:00:00	2556.71	2577.21	2554.07	2572.92	38789	0	30
2024.11.14	20:00:00	2573.17	2576.87	2563.90	2564.50	25916	0	30
2024.11.15	00:00:00	2564.38	2571.70	2563.10	2565.05	14658	0	30
2024.11.15	04:00:00	2565.01	2571.12	2559.79	2559.99	23627	0	30
2024.11.15	08:00:00	2559.97	2568.92	2554.54	2563.99	30015	0	30
2024.11.15	12:00:00	2563.97	2575.47	2561.04	2565.13	33893	0	30
2024.11.15	16:00:00	2565.06	2575.83	2559.94	2562.70	38790	0	30
2024.11.15	20:00:00	2562.77	2567.79	2559.24	2561.44	19356	0	26
2024.11.18	00:00:00	2562.20	2597.03	2562.15	2586.82	19644	0	30
2024.11.18	04:00:00	2586.72	2594.88	2584.89	2585.37	25152	0	30
2024.11.18	08:00:00	2585.36	2597.05	2580.21	2595.48	29882	0	30
2024.11.18	12:00:00	2595.45	2605.00	2589.34	2603.95	29261	0	30
2024.11.18	16:00:00	2603.95	2615.00	2602.74	2610.43	32043	0	30
2024.11.18	20:00:00	2610.44	2612.56	2607.66	2611.66	16418	0	30
2024.11.19	00:00:00	2611.30	2617.75	2610.21	2615.62	12773	0	30
2024.11.19	04:00:00	2615.58	2625.58	2615.57	2622.47	25170	0	30
2024.11.19	08:00:00	2622.54	2634.42	2617.77	2630.25	31810	0	30
2024.11.19	12:00:00	2630.26	2639.39	2628.79	2635.24	30584	0	30
2024.11.19	16:00:00	2635.19	2636.84	2620.96	2628.13	36011	0	30
2024.11.19	20:00:00	2628.13	2634.53	2626.31	2632.07	15875	0	30
2024.11.20	00:00:00	2631.76	2641.37	2631.59	2639.54	10257	0	30
2024.11.20	04:00:00	2639.54	2641.75	2634.90	2636.82	13872	0	30
2024.11.20	08:00:00	2636.81	2637.03	2618.70	2621.73	30307	0	30
2024.11.20	12:00:00	2621.65	2640.44	2620.74	2636.05	28537	0	30
2024.11.20	16:00:00	2636.06	2655.34	2634.17	2651.84	33076	0	30
2024.11.20	20:00:00	2651.90	2653.05	2645.37	2650.05	19664	0	30
2024.11.21	00:00:00	2649.43	2660.42	2648.81	2653.36	13180	0	30
2024.11.21	04:00:00	2653.37	2658.92	2650.35	2656.85	22108	0	30
2024.11.21	08:00:00	2656.86	2671.67	2656.53	2668.83	27236	0	30
2024.11.21	12:00:00	2668.83	2673.44	2660.42	2665.43	27342	0	30
2024.11.21	16:00:00	2665.43	2672.81	2661.31	2671.78	35656	0	30
2024.11.21	20:00:00	2671.82	2673.29	2667.84	2669.37	18472	0	30
2024.11.22	00:00:00	2669.25	2679.43	2668.22	2677.84	14935	0	30
2024.11.22	04:00:00	2677.81	2692.29	2677.31	2686.59	28564	0	30
2024.11.22	08:00:00	2686.66	2707.42	2685.91	2703.25	32437	0	30
2024.11.22	12:00:00	2703.27	2710.07	2689.39	2692.90	33063	0	30
2024.11.22	16:00:00	2693.05	2707.25	2684.49	2706.80	37529	0	2
2024.11.22	20:00:00	2706.80	2715.23	2705.10	2714.48	18752	0	23
2024.11.25	00:00:00	2715.00	2721.36	2694.85	2701.20	21900	0	30
2024.11.25	04:00:00	2701.25	2704.49	2658.23	2664.79	33579	0	30
2024.11.25	08:00:00	2664.78	2675.19	2661.74	2673.87	31500	0	30
2024.11.25	12:00:00	2673.86	2688.73	2668.84	2678.08	26331	0	30
2024.11.25	16:00:00	2678.13	2678.55	2624.30	2627.59	36965	0	30
2024.11.25	20:00:00	2627.58	2628.53	2615.35	2625.33	19090	0	30
2024.11.26	00:00:00	2624.37	2631.99	2604.93	2627.91	20686	0	30
2024.11.26	04:00:00	2627.89	2631.25	2617.70	2624.20	25104	0	30
2024.11.26	08:00:00	2624.21	2626.87	2610.69	2625.77	28591	0	30
2024.11.26	12:00:00	2625.79	2641.70	2623.79	2629.81	29278	0	30
2024.11.26	16:00:00	2629.75	2633.56	2616.61	2624.79	33477	0	30
2024.11.26	20:00:00	2624.78	2633.35	2619.35	2632.73	18862	0	30
2024.11.27	00:00:00	2630.62	2634.09	2626.87	2631.20	11930	0	30
2024.11.27	04:00:00	2631.19	2645.58	2630.96	2641.84	21838	0	30
2024.11.27	08:00:00	2641.98	2653.68	2638.76	2648.34	25367	0	30
2024.11.27	12:00:00	2648.33	2658.20	2643.41	2656.18	26028	0	30
2024.11.27	16:00:00	2656.18	2656.75	2635.34	2637.28	33746	0	30
2024.11.27	20:00:00	2637.28	2640.74	2633.90	2635.72	16877	0	30
2024.11.28	00:00:00	2634.69	2638.41	2620.92	2628.79	14074	0	30
2024.11.28	04:00:00	2628.81	2634.05	2625.60	2633.42	20358	0	30
2024.11.28	08:00:00	2633.43	2647.94	2631.87	2646.15	21296	0	30
2024.11.28	12:00:00	2646.14	2649.57	2642.72	2647.07	20396	0	30
2024.11.28	16:00:00	2647.07	2647.94	2636.26	2640.91	16971	0	30
2024.11.28	20:00:00	2640.89	2641.33	2636.95	2637.26	1573	0	30
2024.11.29	00:00:00	2636.72	2647.19	2633.99	2644.92	14215	0	30
2024.11.29	04:00:00	2644.91	2664.28	2644.80	2662.35	26163	0	30
2024.11.29	08:00:00	2662.30	2666.36	2654.55	2664.16	24817	0	30
2024.11.29	12:00:00	2664.18	2665.85	2656.21	2657.99	25220	0	30
2024.11.29	16:00:00	2658.00	2662.69	2650.62	2660.50	32587	0	30
2024.11.29	20:00:00	2660.53	2660.53	2648.52	2650.32	12353	0	30
2024.12.02	00:00:00	2651.57	2652.38	2622.96	2635.87	16653	0	30
2024.12.02	04:00:00	2635.85	2638.02	2621.87	2623.18	27940	0	30
2024.12.02	08:00:00	2623.13	2636.65	2621.83	2633.62	30646	0	30
2024.12.02	12:00:00	2633.60	2648.74	2633.27	2646.96	31120	0	30
2024.12.02	16:00:00	2646.97	2651.57	2637.32	2638.78	34995	0	30
2024.12.02	20:00:00	2638.78	2644.12	2633.58	2637.91	17715	0	30
2024.12.03	00:00:00	2638.35	2645.25	2634.12	2636.54	15924	0	30
2024.12.03	04:00:00	2636.55	2642.98	2634.53	2641.15	24139	0	30
2024.12.03	08:00:00	2641.26	2650.03	2639.11	2643.78	29437	0	30
2024.12.03	12:00:00	2643.77	2653.44	2637.53	2652.63	25285	0	30
2024.12.03	16:00:00	2652.69	2655.55	2635.21	2646.99	34440	0	30
2024.12.03	20:00:00	2647.01	2649.11	2640.21	2643.44	15259	0	30
2024.12.04	00:00:00	2642.65	2643.59	2637.67	2642.26	13818	0	30
2024.12.04	04:00:00	2642.12	2651.16	2642.00	2649.76	24585	0	30
2024.12.04	08:00:00	2649.75	2651.38	2636.45	2640.67	26364	0	30
2024.12.04	12:00:00	2640.67	2649.19	2632.20	2648.49	27989	0	30
2024.12.04	16:00:00	2648.47	2657.00	2645.04	2651.38	35255	0	30
2024.12.04	20:00:00	2651.36	2655.38	2646.82	2649.69	18208	0	30
2024.12.05	00:00:00	2649.22	2651.63	2646.26	2647.08	9873	0	30
2024.12.05	04:00:00	2647.11	2655.55	2644.69	2653.16	21094	0	30
2024.12.05	08:00:00	2653.15	2654.16	2641.67	2644.60	24153	0	30
2024.12.05	12:00:00	2644.58	2654.48	2644.33	2648.89	25235	0	30
2024.12.05	16:00:00	2648.90	2650.15	2623.71	2627.79	34709	0	30
2024.12.05	20:00:00	2627.79	2632.15	2623.28	2631.41	16746	0	30
2024.12.06	00:00:00	2631.36	2633.67	2612.13	2617.43	15933	0	30
2024.12.06	04:00:00	2617.41	2644.25	2616.73	2637.94	25725	0	30
2024.12.06	08:00:00	2637.99	2645.70	2636.00	2640.69	25713	0	30
2024.12.06	12:00:00	2640.62	2643.14	2630.93	2635.45	28599	0	30
2024.12.06	16:00:00	2635.34	2641.60	2623.84	2634.98	36740	0	30
2024.12.06	20:00:00	2634.95	2638.99	2630.95	2632.85	15240	0	30
2024.12.09	00:00:00	2643.63	2650.54	2627.52	2646.73	22888	0	30
2024.12.09	04:00:00	2646.71	2648.65	2634.57	2638.37	29733	0	30
2024.12.09	08:00:00	2638.38	2657.44	2638.23	2655.63	27227	0	30
2024.12.09	12:00:00	2655.72	2666.25	2653.39	2665.52	28226	0	30
2024.12.09	16:00:00	2665.53	2676.37	2662.63	2664.50	35814	0	30
2024.12.09	20:00:00	2664.46	2664.67	2656.64	2659.82	18480	0	30
2024.12.10	00:00:00	2660.53	2668.64	2657.93	2667.44	15525	0	30
2024.12.10	04:00:00	2667.46	2673.84	2665.42	2668.86	27138	0	30
2024.12.10	08:00:00	2668.84	2670.87	2661.18	2664.97	25050	0	30
2024.12.10	12:00:00	2665.02	2681.94	2664.40	2680.35	29019	0	30
2024.12.10	16:00:00	2680.32	2695.55	2679.43	2694.36	29447	0	30
2024.12.10	20:00:00	2694.28	2695.14	2690.80	2693.59	10524	0	30
2024.12.11	00:00:00	2692.89	2703.53	2692.89	2699.67	13079	0	30
2024.12.11	04:00:00	2699.71	2704.35	2674.47	2687.38	22616	0	30
2024.12.11	08:00:00	2687.31	2698.23	2686.09	2695.61	21076	0	30
2024.12.11	12:00:00	2695.62	2702.08	2690.62	2700.86	26207	0	30
2024.12.11	16:00:00	2700.93	2719.99	2696.55	2718.04	32152	0	30
2024.12.11	20:00:00	2718.04	2721.06	2713.32	2717.56	15468	0	30
2024.12.12	00:00:00	2717.57	2726.12	2699.98	2710.91	11374	0	30
2024.12.12	04:00:00	2710.87	2716.17	2703.67	2713.51	15841	0	30
2024.12.12	08:00:00	2713.45	2720.32	2709.97	2714.68	20040	0	30
2024.12.12	12:00:00	2714.63	2715.68	2697.38	2697.63	26359	0	30
2024.12.12	16:00:00	2697.58	2699.55	2674.90	2686.13	35569	0	30
2024.12.12	20:00:00	2686.22	2686.81	2679.22	2680.70	16064	0	30
2024.12.13	00:00:00	2680.25	2692.48	2678.74	2689.70	12335	0	30
2024.12.13	04:00:00	2689.70	2691.06	2684.03	2688.12	21608	0	30
2024.12.13	08:00:00	2688.17	2690.36	2667.30	2668.76	24203	0	30
2024.12.13	12:00:00	2668.80	2672.69	2659.37	2661.96	25556	0	30
2024.12.13	16:00:00	2661.97	2664.26	2654.47	2656.06	28138	0	30
2024.12.13	20:00:00	2656.03	2656.86	2645.92	2648.39	16162	0	26
2024.12.16	00:00:00	2649.60	2655.42	2643.31	2653.23	12343	0	30
2024.12.16	04:00:00	2653.25	2655.24	2649.37	2652.62	17949	0	30
2024.12.16	08:00:00	2652.60	2661.82	2651.48	2657.88	21171	0	30
2024.12.16	12:00:00	2657.88	2664.06	2657.17	2661.63	23672	0	30
2024.12.16	16:00:00	2661.95	2662.81	2648.36	2651.87	28477	0	30
2024.12.16	20:00:00	2651.85	2655.57	2651.12	2652.56	12718	0	31
2024.12.17	00:00:00	2652.65	2658.48	2651.06	2657.96	11300	0	30
2024.12.17	04:00:00	2657.85	2658.48	2649.12	2653.67	20773	0	30
2024.12.17	08:00:00	2653.71	2656.86	2637.83	2639.45	26105	0	30
2024.12.17	12:00:00	2639.35	2646.66	2634.56	2636.87	27044	0	30
2024.12.17	16:00:00	2636.85	2647.07	2632.82	2645.97	31103	0	30
2024.12.17	20:00:00	2646.03	2649.00	2643.00	2645.85	15852	0	30
2024.12.18	00:00:00	2645.10	2651.71	2644.75	2650.95	10642	0	30
2024.12.18	04:00:00	2650.95	2651.04	2642.63	2647.43	21581	0	30
2024.12.18	08:00:00	2647.42	2649.67	2642.11	2646.82	22360	0	30
2024.12.18	12:00:00	2646.90	2649.39	2640.90	2643.67	19765	0	30
2024.12.18	16:00:00	2643.72	2644.53	2632.76	2635.88	26840	0	30
2024.12.18	20:00:00	2635.88	2638.76	2583.61	2585.58	28407	0	30
2024.12.19	00:00:00	2585.15	2617.87	2582.41	2611.67	13387	0	30
2024.12.19	04:00:00	2611.67	2613.68	2606.15	2606.99	15063	0	30
2024.12.19	08:00:00	2606.99	2622.66	2603.12	2620.37	20675	0	30
2024.12.19	12:00:00	2620.37	2626.40	2595.09	2596.12	25325	0	30
2024.12.19	16:00:00	2596.16	2600.62	2586.77	2592.42	31123	0	30
2024.12.19	20:00:00	2592.46	2600.73	2591.74	2594.41	16171	0	30
2024.12.20	00:00:00	2593.88	2603.70	2589.44	2603.59	10597	0	30
2024.12.20	04:00:00	2603.61	2603.76	2595.39	2600.14	15287	0	30
2024.12.20	08:00:00	2600.18	2607.53	2598.65	2604.85	17950	0	30
2024.12.20	12:00:00	2604.90	2613.91	2599.99	2609.43	20203	0	30
2024.12.20	16:00:00	2609.38	2631.90	2608.32	2625.60	31307	0	30
2024.12.20	20:00:00	2625.59	2629.30	2619.30	2622.43	15253	0	25
2024.12.23	00:00:00	2621.94	2625.19	2617.38	2620.86	10532	0	30
2024.12.23	04:00:00	2620.83	2629.23	2620.55	2626.72	14398	0	30
2024.12.23	08:00:00	2626.65	2633.20	2624.54	2626.42	20464	0	30
2024.12.23	12:00:00	2626.41	2626.85	2612.81	2617.17	25433	0	30
2024.12.23	16:00:00	2617.17	2619.61	2607.92	2610.99	26702	0	30
2024.12.23	20:00:00	2610.99	2613.47	2608.84	2612.61	14415	0	30
2024.12.24	00:00:00	2611.33	2617.84	2611.33	2617.44	10687	0	30
2024.12.24	04:00:00	2617.34	2621.22	2615.49	2619.08	17141	0	30
2024.12.24	08:00:00	2619.02	2621.25	2613.07	2613.33	17688	0	30
2024.12.24	12:00:00	2613.33	2617.66	2611.07	2614.14	18852	0	30
2024.12.24	16:00:00	2614.10	2619.34	2609.98	2616.99	24126	0	30
2024.12.26	00:00:00	2620.40	2627.75	2612.88	2626.67	10449	0	30
2024.12.26	04:00:00	2626.65	2629.18	2625.51	2626.40	14682	0	0
2024.12.26	08:00:00	2626.35	2629.68	2623.63	2627.46	13571	0	30
2024.12.26	12:00:00	2627.48	2631.10	2621.71	2622.94	19082	0	30
2024.12.26	16:00:00	2622.96	2639.02	2622.34	2628.97	29100	0	30
2024.12.26	20:00:00	2628.93	2636.12	2628.88	2633.23	18612	0	30
2024.12.27	00:00:00	2631.94	2634.28	2630.64	2632.24	6944	0	30
2024.12.27	04:00:00	2632.20	2635.50	2628.95	2631.34	13226	0	30
2024.12.27	08:00:00	2631.33	2638.33	2623.73	2624.05	17614	0	30
2024.12.27	12:00:00	2624.03	2631.53	2618.02	2618.83	22088	0	30
2024.12.27	16:00:00	2618.99	2619.69	2611.65	2615.87	27103	0	30
2024.12.27	20:00:00	2615.87	2621.39	2612.77	2621.11	15946	0	25
2024.12.30	00:00:00	2620.01	2626.84	2618.69	2624.34	9132	0	30
2024.12.30	04:00:00	2624.33	2628.18	2620.50	2623.76	12712	0	30
2024.12.30	08:00:00	2623.77	2624.70	2609.22	2612.81	19773	0	30
2024.12.30	12:00:00	2612.77	2622.51	2606.47	2606.65	21454	0	30
2024.12.30	16:00:00	2606.66	2613.81	2596.02	2605.23	29211	0	30
2024.12.30	20:00:00	2605.24	2609.49	2603.43	2606.05	13499	0	30
2024.12.31	00:00:00	2605.39	2611.60	2603.89	2609.00	8573	0	30
2024.12.31	04:00:00	2609.00	2609.64	2602.59	2604.37	16384	0	30
2024.12.31	08:00:00	2604.36	2617.77	2603.60	2615.26	21252	0	30
2024.12.31	12:00:00	2615.31	2616.11	2605.32	2613.32	21429	0	30
2024.12.31	16:00:00	2613.31	2627.57	2611.32	2624.37	26939	0	30
2024.12.31	20:00:00	2624.28	2627.24	2622.20	2623.17	12072	0	30
2025.01.02	00:00:00	2625.44	2634.40	2621.69	2632.92	13358	0	30
2025.01.02	04:00:00	2632.93	2636.52	2631.13	2634.01	20808	0	30
2025.01.02	08:00:00	2634.01	2639.91	2631.15	2636.05	21264	0	30
2025.01.02	12:00:00	2636.06	2647.32	2632.67	2642.95	27692	0	30
2025.01.02	16:00:00	2642.83	2660.42	2640.34	2656.48	32427	0	30
2025.01.02	20:00:00	2656.49	2660.40	2653.74	2657.28	16320	0	30
2025.01.03	00:00:00	2657.46	2662.39	2656.64	2659.35	10032	0	30
2025.01.03	04:00:00	2659.45	2665.14	2655.95	2658.54	20837	0	30
2025.01.03	08:00:00	2658.54	2660.24	2649.87	2653.59	19991	0	30
2025.01.03	12:00:00	2653.58	2659.21	2643.40	2649.77	21566	0	30
2025.01.03	16:00:00	2649.74	2652.64	2638.98	2641.81	31223	0	30
2025.01.03	20:00:00	2641.78	2642.95	2636.69	2639.19	16389	0	23
2025.01.06	00:00:00	2639.19	2647.42	2638.64	2641.33	13004	0	30
2025.01.06	04:00:00	2641.26	2645.37	2631.64	2633.96	22260	0	30
2025.01.06	08:00:00	2633.93	2635.73	2625.12	2632.70	21760	0	30
2025.01.06	12:00:00	2632.72	2649.41	2621.85	2624.21	29074	0	30
2025.01.06	16:00:00	2624.04	2641.32	2614.28	2636.72	32667	0	30
2025.01.06	20:00:00	2636.75	2638.59	2632.64	2635.88	14899	0	30
2025.01.07	00:00:00	2635.21	2641.20	2632.90	2639.05	10971	0	30
2025.01.07	04:00:00	2639.05	2645.74	2636.99	2644.47	15759	0	30
2025.01.07	08:00:00	2644.47	2646.82	2638.04	2641.31	20329	0	30
2025.01.07	12:00:00	2641.29	2664.33	2641.29	2662.51	24150	0	30
2025.01.07	16:00:00	2662.52	2663.01	2642.08	2652.38	35122	0	30
2025.01.07	20:00:00	2652.38	2652.39	2646.95	2648.62	19132	0	30
2025.01.08	00:00:00	2648.00	2651.53	2647.16	2648.82	10578	0	30
2025.01.08	04:00:00	2648.86	2650.77	2645.27	2650.10	16905	0	30
2025.01.08	08:00:00	2650.05	2654.94	2648.94	2653.51	21330	0	30
2025.01.08	12:00:00	2653.50	2660.25	2645.86	2660.23	24766	0	30
2025.01.08	16:00:00	2660.18	2669.97	2649.48	2655.54	30803	0	30
2025.01.08	20:00:00	2655.57	2664.04	2651.52	2661.42	18516	0	30
2025.01.09	00:00:00	2661.41	2663.13	2657.27	2658.42	7683	0	30
2025.01.09	04:00:00	2658.37	2662.15	2655.48	2658.34	13786	0	30
2025.01.09	08:00:00	2658.34	2666.88	2658.34	2665.00	16907	0	30
2025.01.09	12:00:00	2665.01	2678.29	2664.45	2672.73	20037	0	30
2025.01.09	16:00:00	2672.74	2675.76	2662.66	2665.93	22725	0	30
2025.01.09	20:00:00	2665.93	2672.44	2665.14	2670.11	12539	0	30
2025.01.10	00:00:00	2670.29	2671.92	2668.41	2671.05	8846	0	30
2025.01.10	04:00:00	2671.05	2675.85	2670.46	2674.90	13361	0	30
2025.01.10	08:00:00	2674.90	2682.25	2673.41	2678.56	19408	0	30
2025.01.10	12:00:00	2678.60	2683.63	2663.83	2682.46	25087	0	30
2025.01.10	16:00:00	2682.22	2697.98	2680.85	2696.08	42302	0	30
2025.01.10	20:00:00	2696.07	2697.27	2684.30	2688.97	23979	0	21
2025.01.13	00:00:00	2689.64	2693.32	2679.42	2685.47	15052	0	30
2025.01.13	04:00:00	2685.41	2690.71	2683.13	2686.75	23874	0	30
2025.01.13	08:00:00	2686.87	2691.34	2682.79	2684.66	26080	0	30
2025.01.13	12:00:00	2684.58	2684.97	2663.58	2668.85	30596	0	30
2025.01.13	16:00:00	2668.85	2673.93	2659.04	2660.66	33814	0	30
2025.01.13	20:00:00	2660.67	2663.90	2656.59	2663.46	18529	0	30
2025.01.14	00:00:00	2662.59	2672.06	2661.37	2670.55	14119	0	30
2025.01.14	04:00:00	2670.67	2675.14	2667.21	2668.40	24210	0	30
2025.01.14	08:00:00	2668.37	2674.14	2664.56	2666.99	23871	0	30
2025.01.14	12:00:00	2667.13	2674.19	2660.85	2662.79	26496	0	30
2025.01.14	16:00:00	2662.76	2674.02	2659.65	2669.05	33583	0	30
2025.01.14	20:00:00	2669.06	2678.22	2666.75	2676.89	18549	0	30
2025.01.15	00:00:00	2677.50	2679.52	2669.92	2669.93	8667	0	30
2025.01.15	04:00:00	2669.94	2679.41	2669.40	2679.41	19540	0	30
2025.01.15	08:00:00	2679.39	2688.52	2679.15	2685.94	22716	0	30
2025.01.15	12:00:00	2685.93	2694.22	2682.12	2693.93	28327	0	30
2025.01.15	16:00:00	2693.85	2696.09	2676.76	2692.63	35499	0	30
2025.01.15	20:00:00	2692.86	2697.61	2691.14	2696.87	18166	0	30
2025.01.16	00:00:00	2695.80	2702.07	2692.72	2696.15	14032	0	30
2025.01.16	04:00:00	2696.39	2698.60	2693.67	2694.63	19868	0	30
2025.01.16	08:00:00	2694.62	2706.09	2690.03	2705.26	24031	0	30
2025.01.16	12:00:00	2705.25	2718.23	2699.93	2715.42	26445	0	30
2025.01.16	16:00:00	2715.43	2724.76	2712.65	2721.77	34129	0	30
2025.01.16	20:00:00	2721.78	2723.28	2712.33	2714.38	19457	0	30
2025.01.17	00:00:00	2713.88	2716.10	2709.88	2714.66	11911	0	30
2025.01.17	04:00:00	2714.62	2717.37	2711.25	2711.71	17016	0	30
2025.01.17	08:00:00	2711.70	2714.63	2703.88	2704.73	21146	0	30
2025.01.17	12:00:00	2704.70	2712.14	2702.82	2705.01	26222	0	30
2025.01.17	16:00:00	2704.98	2717.30	2702.70	2712.53	31693	0	30
2025.01.17	20:00:00	2712.62	2713.27	2699.25	2702.48	20815	0	21
2025.01.20	00:00:00	2702.08	2703.18	2689.25	2693.74	13532	0	30
2025.01.20	04:00:00	2693.91	2707.54	2693.63	2707.31	20475	0	30
2025.01.20	08:00:00	2707.37	2713.80	2702.84	2706.14	19749	0	30
2025.01.20	12:00:00	2706.13	2712.52	2701.87	2705.08	23721	0	30
2025.01.20	16:00:00	2705.67	2712.61	2703.35	2707.40	23527	0	30
2025.01.20	20:00:00	2707.40	2711.26	2705.16	2707.46	2253	0	30
2025.01.21	00:00:00	2706.01	2719.23	2702.72	2717.98	15687	0	30
2025.01.21	04:00:00	2717.97	2729.15	2717.83	2725.95	24719	0	30
2025.01.21	08:00:00	2726.00	2732.75	2716.95	2720.68	28733	0	30
2025.01.21	12:00:00	2720.59	2729.98	2716.21	2726.17	28929	0	30
2025.01.21	16:00:00	2726.19	2745.95	2725.10	2740.18	33262	0	30
2025.01.21	20:00:00	2740.18	2746.00	2739.76	2744.23	17705	0	30
2025.01.22	00:00:00	2744.08	2750.01	2741.99	2748.14	13645	0	30
2025.01.22	04:00:00	2748.01	2758.65	2746.22	2758.09	21646	0	30
2025.01.22	08:00:00	2758.10	2762.35	2745.54	2758.36	27076	0	30
2025.01.22	12:00:00	2758.40	2763.44	2750.86	2757.61	25415	0	30
2025.01.22	16:00:00	2757.64	2760.38	2750.36	2756.45	31991	0	30
2025.01.22	20:00:00	2756.44	2759.34	2754.48	2756.02	17078	0	30
2025.01.23	00:00:00	2755.75	2756.31	2750.60	2752.65	9147	0	30
2025.01.23	04:00:00	2752.65	2754.91	2749.50	2751.96	18246	0	30
2025.01.23	08:00:00	2751.95	2755.54	2740.79	2745.83	22536	0	30
2025.01.23	12:00:00	2745.82	2754.45	2735.77	2741.48	31824	0	30
2025.01.23	16:00:00	2741.75	2759.02	2740.27	2757.73	34891	0	30
2025.01.23	20:00:00	2757.74	2758.22	2751.27	2754.15	20664	0	30
2025.01.24	00:00:00	2753.74	2762.53	2753.52	2762.28	11989	0	30
2025.01.24	04:00:00	2762.27	2777.46	2762.27	2775.21	26505	0	30
2025.01.24	08:00:00	2775.19	2778.30	2770.00	2772.78	23163	0	30
2025.01.24	12:00:00	2772.78	2784.57	2771.39	2782.33	26204	0	30
2025.01.24	16:00:00	2782.51	2786.00	2769.96	2773.34	34389	0	30
2025.01.24	20:00:00	2773.34	2775.30	2770.52	2771.65	18114	0	24
2025.01.27	00:00:00	2770.11	2772.56	2762.88	2762.92	15726	0	30
2025.01.27	04:00:00	2762.91	2763.64	2752.84	2753.28	25613	0	30
2025.01.27	08:00:00	2753.16	2764.63	2747.02	2763.13	27042	0	30
2025.01.27	12:00:00	2763.22	2771.69	2752.05	2757.16	30662	0	30
2025.01.27	16:00:00	2756.96	2757.80	2730.27	2733.42	36325	0	30
2025.01.27	20:00:00	2733.31	2743.74	2732.76	2740.14	20663	0	30
2025.01.28	00:00:00	2739.18	2745.13	2738.88	2741.29	11653	0	35
2025.01.28	04:00:00	2741.25	2744.77	2737.55	2741.51	21380	0	35
2025.01.28	08:00:00	2741.27	2745.01	2734.44	2743.16	22902	0	30
2025.01.28	12:00:00	2743.16	2749.32	2740.06	2748.49	24796	0	30
2025.01.28	16:00:00	2748.51	2759.99	2748.51	2759.71	32035	0	30
2025.01.28	20:00:00	2759.70	2765.08	2759.10	2763.20	20099	0	30
2025.01.29	00:00:00	2762.36	2766.22	2761.71	2763.79	8723	0	30
2025.01.29	04:00:00	2763.76	2765.68	2760.02	2760.76	18852	0	30
2025.01.29	08:00:00	2760.81	2765.98	2757.44	2762.79	22658	0	30
2025.01.29	12:00:00	2762.83	2763.43	2752.23	2758.74	28713	0	30
2025.01.29	16:00:00	2758.95	2761.09	2748.39	2752.93	31615	0	30
2025.01.29	20:00:00	2752.88	2759.39	2744.75	2758.75	24609	0	30
2025.01.30	00:00:00	2759.41	2762.56	2758.08	2760.14	10081	0	30
2025.01.30	04:00:00	2760.12	2763.41	2758.71	2760.51	16719	0	30
2025.01.30	08:00:00	2760.45	2776.71	2760.25	2774.35	24046	0	30
2025.01.30	12:00:00	2774.36	2786.03	2773.83	2785.66	26232	0	30
2025.01.30	16:00:00	2785.79	2798.35	2780.02	2795.57	39061	0	30
2025.01.30	20:00:00	2795.56	2798.48	2790.43	2793.38	22683	0	30
2025.01.31	00:00:00	2794.16	2799.64	2792.27	2796.26	12621	0	30
2025.01.31	04:00:00	2796.35	2798.26	2793.92	2795.49	22080	0	30
2025.01.31	08:00:00	2795.47	2801.20	2791.68	2793.68	24163	0	30
2025.01.31	12:00:00	2793.62	2808.59	2791.06	2806.37	28917	0	30
2025.01.31	16:00:00	2806.58	2817.10	2802.94	2808.72	36814	0	30
2025.01.31	20:00:00	2808.72	2809.01	2794.30	2800.71	28644	0	21
2025.02.03	00:00:00	2800.77	2804.17	2778.33	2782.25	20066	0	30
2025.02.03	04:00:00	2782.24	2785.10	2772.20	2783.12	31290	0	30
2025.02.03	08:00:00	2783.11	2800.77	2782.88	2796.29	29452	0	30
2025.02.03	12:00:00	2796.30	2811.91	2793.00	2811.00	28144	0	30
2025.02.03	16:00:00	2811.01	2830.40	2810.09	2817.25	38914	0	30
2025.02.03	20:00:00	2817.35	2822.91	2812.29	2814.48	23732	0	30
2025.02.04	00:00:00	2813.89	2824.14	2811.45	2823.37	10413	0	30
2025.02.04	04:00:00	2823.26	2824.78	2813.36	2815.80	28329	0	30
2025.02.04	08:00:00	2815.69	2821.89	2807.23	2820.07	31392	0	30
2025.02.04	12:00:00	2820.03	2837.09	2812.85	2831.67	29767	0	30
2025.02.04	16:00:00	2831.68	2845.48	2829.06	2843.99	38395	0	30
2025.02.04	20:00:00	2844.01	2844.98	2840.64	2841.91	21620	0	30
2025.02.05	00:00:00	2842.22	2849.03	2839.60	2844.48	15190	0	30
2025.02.05	04:00:00	2844.46	2860.63	2843.95	2859.35	20311	0	30
2025.02.05	08:00:00	2859.14	2872.17	2854.85	2870.33	24503	0	30
2025.02.05	12:00:00	2870.35	2877.17	2858.69	2861.64	29423	0	30
2025.02.05	16:00:00	2861.63	2882.56	2860.64	2872.97	37323	0	30
2025.02.05	20:00:00	2872.90	2873.56	2859.94	2867.11	24303	0	30
2025.02.06	00:00:00	2866.15	2871.93	2863.71	2871.64	12939	0	30
2025.02.06	04:00:00	2871.83	2873.26	2864.37	2868.37	23681	0	30
2025.02.06	08:00:00	2868.36	2871.41	2848.93	2859.42	29409	0	30
2025.02.06	12:00:00	2859.43	2870.16	2855.47	2856.70	29434	0	30
2025.02.06	16:00:00	2856.67	2859.79	2834.01	2852.16	36912	0	30
2025.02.06	20:00:00	2852.23	2857.25	2849.83	2856.12	22848	0	30
2025.02.07	00:00:00	2855.07	2868.25	2855.07	2866.28	11931	0	30
2025.02.07	04:00:00	2866.29	2870.65	2862.03	2862.08	19671	0	30
2025.02.07	08:00:00	2861.96	2870.73	2859.01	2868.97	24476	0	30
2025.02.07	12:00:00	2868.96	2871.11	2852.24	2862.38	27876	0	30
2025.02.07	16:00:00	2862.42	2886.64	2853.29	2860.17	38255	0	30
2025.02.07	20:00:00	2860.12	2865.16	2858.95	2861.86	18207	0	24
2025.02.10	00:00:00	2857.98	2876.55	2856.48	2871.91	16444	0	30
2025.02.10	04:00:00	2871.93	2880.13	2871.26	2879.30	20575	0	30
2025.02.10	08:00:00	2879.29	2903.27	2878.91	2902.96	29803	0	30
2025.02.10	12:00:00	2903.07	2911.03	2898.21	2901.04	33405	0	30
2025.02.10	16:00:00	2900.95	2911.55	2896.41	2903.24	33469	0	30
2025.02.10	20:00:00	2903.25	2908.58	2900.91	2907.95	24291	0	30
2025.02.11	00:00:00	2907.19	2936.12	2906.89	2933.96	19463	0	30
2025.02.11	04:00:00	2933.97	2942.60	2904.57	2922.70	35376	0	30
2025.02.11	08:00:00	2922.53	2929.27	2902.91	2903.16	33914	0	30
2025.02.11	12:00:00	2903.28	2907.14	2881.66	2896.15	39100	0	30
2025.02.11	16:00:00	2896.24	2908.41	2890.70	2905.41	37375	0	30
2025.02.11	20:00:00	2905.40	2906.93	2893.82	2897.53	25571	0	30
2025.02.12	00:00:00	2896.46	2900.72	2883.65	2893.21	15416	0	30
2025.02.12	04:00:00	2893.25	2897.48	2883.59	2886.07	27177	0	30
2025.02.12	08:00:00	2885.96	2895.61	2885.26	2886.57	27767	0	30
2025.02.12	12:00:00	2886.56	2889.72	2863.63	2884.56	30560	0	30
2025.02.12	16:00:00	2884.76	2909.01	2881.76	2902.66	34343	0	30
2025.02.12	20:00:00	2902.67	2904.14	2893.36	2903.92	21280	0	30
2025.02.13	00:00:00	2903.96	2908.94	2900.32	2905.98	12418	0	30
2025.02.13	04:00:00	2905.95	2922.72	2905.19	2917.89	20853	0	30
2025.02.13	08:00:00	2917.88	2920.25	2909.26	2915.16	26537	0	30
2025.02.13	12:00:00	2915.16	2921.16	2905.70	2908.35	25897	0	30
2025.02.13	16:00:00	2908.36	2920.76	2906.28	2918.87	32128	0	30
2025.02.13	20:00:00	2918.85	2929.50	2913.98	2928.45	21908	0	30
2025.02.14	00:00:00	2926.53	2933.91	2926.53	2929.89	13595	0	30
2025.02.14	04:00:00	2929.91	2932.44	2923.05	2931.01	24875	0	30
2025.02.14	08:00:00	2930.76	2938.73	2929.88	2935.15	28793	0	30
2025.02.14	12:00:00	2935.14	2940.05	2917.46	2920.50	30802	0	30
2025.02.14	16:00:00	2920.66	2928.58	2885.19	2886.81	43417	0	30
2025.02.14	20:00:00	2886.78	2887.76	2876.82	2882.82	27317	0	25
2025.02.17	00:00:00	2883.32	2896.19	2877.88	2895.08	16942	0	30
2025.02.17	04:00:00	2895.07	2905.06	2893.62	2895.76	20403	0	30
2025.02.17	08:00:00	2895.77	2906.22	2887.95	2902.63	26383	0	30
2025.02.17	12:00:00	2902.38	2903.68	2895.20	2896.51	25410	0	30
2025.02.17	16:00:00	2896.52	2903.98	2896.23	2898.27	23993	0	30
2025.02.17	20:00:00	2898.23	2899.25	2896.66	2899.10	3921	0	30
2025.02.18	00:00:00	2900.00	2900.20	2891.75	2895.48	7810	0	30
2025.02.18	04:00:00	2895.48	2915.35	2895.14	2910.42	19240	0	30
2025.02.18	08:00:00	2910.43	2915.23	2908.19	2912.60	16702	0	30
2025.02.18	12:00:00	2912.60	2921.22	2906.96	2918.85	22462	0	30
2025.02.18	16:00:00	2918.80	2933.69	2917.65	2931.12	30607	0	30
2025.02.18	20:00:00	2931.13	2937.00	2928.26	2935.09	19090	0	30
2025.02.19	00:00:00	2933.83	2939.54	2927.59	2938.29	9550	0	30
2025.02.19	04:00:00	2938.29	2939.55	2924.07	2932.79	22725	0	30
2025.02.19	08:00:00	2932.73	2946.61	2930.24	2945.45	23773	0	30
2025.02.19	12:00:00	2945.54	2947.08	2931.11	2936.30	27273	0	30
2025.02.19	16:00:00	2936.27	2940.62	2921.53	2923.78	35449	0	35
2025.02.19	20:00:00	2923.77	2937.54	2918.64	2933.00	27428	0	26
2025.02.20	00:00:00	2932.35	2942.46	2932.33	2937.22	12862	0	31
2025.02.20	04:00:00	2937.22	2946.86	2933.90	2946.82	20166	0	31
2025.02.20	08:00:00	2946.84	2954.94	2943.99	2951.53	23342	0	31
2025.02.20	12:00:00	2951.48	2954.86	2933.82	2933.99	28649	0	30
2025.02.20	16:00:00	2933.95	2946.95	2924.16	2940.52	33957	0	35
2025.02.20	20:00:00	2940.34	2942.50	2933.63	2939.43	23252	0	30
2025.02.21	00:00:00	2938.61	2949.69	2926.81	2928.80	12529	0	31
2025.02.21	04:00:00	2928.75	2940.95	2924.31	2930.23	27499	0	31
2025.02.21	08:00:00	2930.23	2933.04	2916.67	2929.35	22526	0	31
2025.02.21	12:00:00	2929.30	2936.07	2926.90	2930.91	23780	0	35
2025.02.21	16:00:00	2930.90	2941.57	2921.71	2939.82	32486	0	30
2025.02.21	20:00:00	2939.75	2942.70	2932.06	2936.16	21120	0	22
2025.02.24	00:00:00	2934.81	2940.61	2921.33	2928.16	16100	0	31
2025.02.24	04:00:00	2928.03	2944.85	2925.04	2936.37	24234	0	31
2025.02.24	08:00:00	2936.34	2948.75	2935.34	2944.23	20881	0	31
2025.02.24	12:00:00	2944.22	2954.60	2934.49	2954.40	23478	0	35
2025.02.24	16:00:00	2954.41	2956.49	2930.72	2943.36	34327	0	35
2025.02.24	20:00:00	2943.23	2953.09	2942.81	2952.00	18506	0	30
2025.02.25	00:00:00	2951.83	2953.94	2945.31	2949.59	13689	0	31
2025.02.25	04:00:00	2949.61	2952.49	2935.03	2938.08	25719	0	31
2025.02.25	08:00:00	2938.04	2942.41	2929.50	2938.96	24366	0	31
2025.02.25	12:00:00	2938.98	2941.48	2923.87	2937.24	28855	0	35
2025.02.25	16:00:00	2937.13	2944.93	2888.09	2907.30	40121	0	30
2025.02.25	20:00:00	2907.39	2917.23	2905.27	2914.37	22794	0	30
2025.02.26	00:00:00	2914.26	2929.91	2912.65	2917.56	14611	0	31
2025.02.26	04:00:00	2917.57	2922.97	2912.48	2915.22	17373	0	31
2025.02.26	08:00:00	2915.21	2918.79	2905.66	2913.13	22688	0	31
2025.02.26	12:00:00	2913.12	2916.70	2905.29	2905.76	22289	0	35
2025.02.26	16:00:00	2905.74	2916.63	2890.49	2913.74	33413	0	30
2025.02.26	20:00:00	2913.60	2918.86	2912.08	2915.81	16902	0	26
2025.02.27	00:00:00	2915.50	2920.81	2911.14	2912.69	11280	0	31
2025.02.27	04:00:00	2912.68	2914.81	2888.67	2891.02	26959	0	31
2025.02.27	08:00:00	2891.07	2898.44	2876.85	2887.20	30420	0	31
2025.02.27	12:00:00	2887.14	2894.70	2880.93	2888.77	28505	0	30
2025.02.27	16:00:00	2888.73	2892.13	2867.66	2882.99	35812	0	35
2025.02.27	20:00:00	2883.04	2887.57	2871.16	2876.78	22448	0	30
2025.02.28	00:00:00	2877.62	2884.86	2873.70	2874.64	15233	0	31
2025.02.28	04:00:00	2874.63	2877.76	2856.82	2863.82	31407	0	31
2025.02.28	08:00:00	2863.98	2866.50	2850.89	2862.24	28534	0	31
2025.02.28	12:00:00	2862.23	2864.80	2848.12	2848.43	26720	0	30
2025.02.28	16:00:00	2848.48	2853.79	2832.51	2844.90	36741	0	30
2025.02.28	20:00:00	2844.87	2859.07	2837.88	2858.97	22800	0	21
2025.03.03	00:00:00	2856.39	2876.75	2855.37	2870.67	18374	0	31
2025.03.03	04:00:00	2870.67	2871.77	2859.03	2863.66	26386	0	31
2025.03.03	08:00:00	2863.62	2871.32	2858.64	2867.27	27324	0	30
2025.03.03	12:00:00	2867.29	2877.62	2867.02	2872.60	22182	0	35
2025.03.03	16:00:00	2872.45	2893.07	2871.27	2890.84	30878	0	30
2025.03.03	20:00:00	2890.86	2895.31	2878.35	2892.69	25960	0	30
2025.03.04	00:00:00	2891.09	2893.83	2881.99	2888.37	10933	0	31
2025.03.04	04:00:00	2888.30	2894.46	2884.71	2889.69	19994	0	31
2025.03.04	08:00:00	2889.69	2921.37	2884.39	2918.15	22907	0	31
2025.03.04	12:00:00	2918.13	2927.84	2912.18	2922.61	24726	0	35
2025.03.04	16:00:00	2922.74	2923.14	2900.36	2911.63	36062	0	35
2025.03.04	20:00:00	2911.57	2920.53	2908.29	2917.44	21721	0	30
2025.03.05	00:00:00	2917.15	2918.26	2903.55	2907.23	11391	0	31
2025.03.05	04:00:00	2907.22	2918.76	2902.19	2918.68	22149	0	31
2025.03.05	08:00:00	2918.67	2922.55	2913.10	2918.82	27445	0	31
2025.03.05	12:00:00	2918.84	2919.27	2894.16	2899.75	28924	0	30
2025.03.05	16:00:00	2899.81	2929.99	2897.46	2915.90	39630	0	30
2025.03.05	20:00:00	2915.98	2923.13	2911.24	2918.75	22516	0	30
2025.03.06	00:00:00	2917.90	2925.65	2916.02	2924.56	10823	0	31
2025.03.06	04:00:00	2924.64	2926.53	2914.58	2919.82	16907	0	31
2025.03.06	08:00:00	2919.84	2923.09	2891.12	2894.09	27518	0	31
2025.03.06	12:00:00	2894.11	2909.26	2891.78	2904.28	29638	0	30
2025.03.06	16:00:00	2904.21	2922.80	2903.27	2915.56	33511	0	35
2025.03.06	20:00:00	2915.54	2920.57	2908.34	2910.67	19880	0	30
2025.03.07	00:00:00	2911.50	2913.59	2895.28	2906.78	14890	0	31
2025.03.07	04:00:00	2906.72	2912.60	2901.18	2909.56	27300	0	31
2025.03.07	08:00:00	2909.57	2923.05	2907.76	2921.55	24212	0	0
2025.03.07	12:00:00	2921.55	2926.45	2910.33	2913.87	32689	0	28
2025.03.07	16:00:00	2913.76	2930.37	2903.76	2908.23	36801	0	35
2025.03.07	20:00:00	2908.24	2912.42	2902.05	2912.18	22662	0	23
2025.03.10	00:00:00	2911.00	2918.31	2909.52	2912.19	17678	0	31
2025.03.10	04:00:00	2912.18	2914.56	2906.99	2909.92	21951	0	31
2025.03.10	08:00:00	2909.93	2915.38	2896.59	2911.26	27928	0	31
2025.03.10	12:00:00	2911.25	2911.44	2895.51	2903.52	31862	0	35
2025.03.10	16:00:00	2903.17	2910.50	2882.66	2885.93	37497	0	35
2025.03.10	20:00:00	2885.86	2890.82	2880.02	2889.11	17663	0	30
2025.03.11	00:00:00	2888.26	2890.84	2880.20	2890.49	14456	0	31
2025.03.11	04:00:00	2890.50	2900.37	2889.80	2895.70	17267	0	31
2025.03.11	08:00:00	2895.69	2912.44	2893.32	2911.76	21346	0	31
2025.03.11	12:00:00	2911.78	2922.11	2906.94	2917.72	25456	0	35
2025.03.11	16:00:00	2917.90	2920.95	2911.90	2917.82	28243	0	35
2025.03.11	20:00:00	2917.76	2921.32	2915.16	2915.54	12645	0	30
2025.03.12	00:00:00	2913.97	2919.59	2910.85	2914.92	13596	0	31
2025.03.12	04:00:00	2914.91	2919.94	2912.01	2916.02	19628	0	31
2025.03.12	08:00:00	2916.04	2925.45	2909.00	2914.83	26735	0	31
2025.03.12	12:00:00	2914.78	2923.06	2906.14	2915.61	29512	0	30
2025.03.12	16:00:00	2915.60	2940.54	2914.29	2936.04	34022	0	35
2025.03.12	20:00:00	2936.05	2937.46	2930.79	2933.06	15882	0	30
2025.03.13	00:00:00	2932.82	2941.58	2932.82	2937.90	12761	0	31
2025.03.13	04:00:00	2937.91	2947.13	2937.55	2940.05	19482	0	31
2025.03.13	08:00:00	2940.04	2948.86	2932.99	2947.79	21674	0	31
2025.03.13	12:00:00	2947.78	2952.38	2939.08	2950.36	29016	0	30
2025.03.13	16:00:00	2950.35	2985.36	2949.75	2979.48	37166	0	35
2025.03.13	20:00:00	2979.51	2989.33	2979.13	2988.71	14879	0	30
2025.03.14	00:00:00	2988.73	2990.16	2981.78	2987.92	18272	0	31
2025.03.14	04:00:00	2987.91	2993.93	2981.91	2986.32	25527	0	31
2025.03.14	08:00:00	2986.31	2999.45	2980.82	2998.80	25958	0	31
2025.03.14	12:00:00	2998.78	3004.82	2983.27	2986.20	31976	0	30
2025.03.14	16:00:00	2985.45	2993.41	2978.46	2986.57	31068	0	30
2025.03.14	20:00:00	2986.59	2988.82	2981.70	2984.45	14546	0	30
2025.03.17	00:00:00	2984.19	2993.98	2983.07	2990.72	13641	0	31
2025.03.17	04:00:00	2990.74	2991.88	2982.10	2986.05	15664	0	31
2025.03.17	08:00:00	2986.06	2996.83	2983.06	2995.65	16916	0	31
2025.03.17	12:00:00	2995.64	3001.18	2984.72	2988.37	24116	0	30
2025.03.17	16:00:00	2988.32	3000.56	2987.08	2997.74	25847	0	35
2025.03.17	20:00:00	2997.73	3002.01	2996.81	3000.66	13597	0	30
2025.03.18	00:00:00	3000.30	3008.43	2999.51	3005.65	13671	0	31
2025.03.18	04:00:00	3005.65	3017.10	3002.92	3012.02	20890	0	31
2025.03.18	08:00:00	3012.00	3028.48	3010.68	3020.26	24093	0	31
2025.03.18	12:00:00	3020.24	3038.25	3019.49	3033.20	28441	0	35
2025.03.18	16:00:00	3032.76	3036.85	3024.70	3032.62	30874	0	35
2025.03.18	20:00:00	3032.59	3037.88	3032.40	3033.80	12500	0	30
2025.03.19	00:00:00	3033.47	3035.15	3027.39	3029.43	9269	0	31
2025.03.19	04:00:00	3029.42	3045.35	3029.01	3044.54	21756	0	31
2025.03.19	08:00:00	3044.55	3044.79	3022.82	3030.21	24917	0	31
2025.03.19	12:00:00	3030.22	3041.16	3027.66	3033.26	22008	0	35
2025.03.19	16:00:00	3033.32	3038.33	3026.01	3030.61	26470	0	30
2025.03.19	20:00:00	3029.51	3052.00	3029.48	3047.06	19585	0	30
2025.03.20	00:00:00	3046.97	3056.19	3045.70	3049.70	17207	0	31
2025.03.20	04:00:00	3049.68	3057.43	3044.91	3046.73	25996	0	31
2025.03.20	08:00:00	3046.78	3051.50	3038.59	3041.52	25330	0	31
2025.03.20	12:00:00	3041.50	3042.09	3025.43	3032.39	31587	0	30
2025.03.20	16:00:00	3032.30	3043.05	3030.49	3041.75	29427	0	35
2025.03.20	20:00:00	3041.74	3046.07	3040.97	3044.46	14356	0	30
2025.03.21	00:00:00	3044.21	3047.42	3035.95	3035.95	12747	0	31
2025.03.21	04:00:00	3035.95	3037.01	3021.60	3028.01	22970	0	31
2025.03.21	08:00:00	3028.03	3034.74	3027.18	3029.67	22356	0	31
2025.03.21	12:00:00	3029.66	3038.17	3004.21	3006.67	26422	0	35
2025.03.21	16:00:00	3006.59	3018.01	2999.36	3013.49	31363	0	35
2025.03.21	20:00:00	3013.51	3024.28	3013.33	3023.45	14657	0	30
2025.03.24	00:00:00	3020.76	3026.28	3017.17	3020.87	19084	0	31
2025.03.24	04:00:00	3020.98	3024.53	3013.62	3022.14	21761	0	31
2025.03.24	08:00:00	3022.07	3031.04	3017.31	3023.61	26956	0	31
2025.03.24	12:00:00	3023.72	3033.28	3019.19	3022.63	30219	0	30
2025.03.24	16:00:00	3022.54	3024.05	3005.81	3007.08	33219	0	35
2025.03.24	20:00:00	3007.05	3014.63	3002.49	3012.06	14989	0	30
2025.03.25	00:00:00	3010.72	3014.67	3008.81	3011.66	13097	0	31
2025.03.25	04:00:00	3011.70	3020.86	3007.44	3018.12	21040	0	31
2025.03.25	08:00:00	3018.09	3023.51	3010.29	3023.26	20013	0	31
2025.03.25	12:00:00	3023.27	3030.61	3014.12	3028.64	26794	0	30
2025.03.25	16:00:00	3028.53	3035.92	3018.09	3022.68	28774	0	30
2025.03.25	20:00:00	3022.67	3022.86	3017.79	3019.60	11711	0	30
2025.03.26	00:00:00	3019.10	3025.50	3016.40	3024.88	13141	0	31
2025.03.26	04:00:00	3024.87	3026.98	3013.28	3022.86	23183	0	31
2025.03.26	08:00:00	3022.80	3032.07	3017.46	3018.50	24277	0	31
2025.03.26	12:00:00	3018.49	3030.21	3015.98	3016.77	26765	0	35
2025.03.26	16:00:00	3016.48	3021.49	3012.23	3018.52	25850	0	35
2025.03.26	20:00:00	3018.55	3021.57	3015.62	3018.79	13096	0	30
2025.03.27	00:00:00	3018.04	3028.19	3017.44	3023.38	15343	0	31
2025.03.27	04:00:00	3023.36	3038.55	3023.05	3029.72	22823	0	31
2025.03.27	08:00:00	3029.73	3041.02	3026.79	3039.95	24860	0	31
2025.03.27	12:00:00	3040.00	3055.92	3033.46	3040.50	30669	0	35
2025.03.27	16:00:00	3040.58	3059.62	3040.58	3052.86	33794	0	35
2025.03.27	20:00:00	3052.90	3057.86	3052.74	3056.35	13805	0	30
2025.03.28	00:00:00	3055.89	3074.07	3054.20	3073.93	17338	0	31
2025.03.28	04:00:00	3073.93	3081.95	3069.73	3077.81	25509	0	31
2025.03.28	08:00:00	3077.82	3086.01	3066.24	3072.91	25714	0	26
2025.03.28	12:00:00	3072.94	3084.07	3067.44	3083.42	29499	0	30
2025.03.28	16:00:00	3083.30	3086.80	3067.33	3077.42	32749	0	30
2025.03.28	20:00:00	3077.43	3086.63	3073.56	3085.06	14349	0	30
2025.03.31	00:00:00	3085.53	3097.85	3077.49	3079.07	12973	0	31
2025.03.31	04:00:00	3079.08	3115.95	3076.83	3113.36	26539	0	31
2025.03.31	08:00:00	3113.35	3128.25	3107.60	3122.25	26771	0	31
2025.03.31	12:00:00	3122.27	3126.64	3111.86	3124.58	25631	0	35
2025.03.31	16:00:00	3124.63	3127.20	3099.94	3117.53	36776	0	35
2025.03.31	20:00:00	3117.49	3124.73	3115.86	3123.68	21186	0	30
2025.04.01	00:00:00	3122.75	3127.91	3120.10	3127.22	8607	0	31
2025.04.01	04:00:00	3127.24	3147.91	3126.57	3144.68	29718	0	31
2025.04.01	08:00:00	3144.68	3149.00	3124.19	3130.89	31352	0	31
2025.04.01	12:00:00	3130.93	3138.76	3127.54	3133.13	25742	0	35
2025.04.01	16:00:00	3133.19	3136.84	3100.62	3106.43	36431	0	30
2025.04.01	20:00:00	3106.45	3120.80	3105.51	3114.06	17939	0	30
2025.04.02	00:00:00	3113.38	3123.55	3107.61	3122.78	9898	0	31
2025.04.02	04:00:00	3122.79	3135.49	3115.39	3115.98	24867	0	31
2025.04.02	08:00:00	3115.99	3133.77	3109.44	3131.20	25966	0	31
2025.04.02	12:00:00	3131.26	3131.56	3110.06	3122.47	24992	0	35
2025.04.02	16:00:00	3122.43	3134.33	3116.70	3131.47	30739	0	35
2025.04.02	20:00:00	3131.46	3137.42	3104.75	3132.55	23357	0	30
2025.04.03	00:00:00	3139.45	3167.59	3121.73	3151.17	23805	0	31
2025.04.03	04:00:00	3151.37	3162.97	3138.97	3140.36	26085	0	31
2025.04.03	08:00:00	3140.42	3140.94	3116.32	3128.96	27958	0	30
2025.04.03	12:00:00	3128.89	3129.37	3061.87	3076.14	36228	0	30
2025.04.03	16:00:00	3076.10	3135.27	3053.98	3107.47	41160	0	30
2025.04.03	20:00:00	3107.44	3119.65	3100.10	3113.95	22860	0	30
2025.04.04	00:00:00	3114.36	3116.73	3106.00	3110.58	11030	0	31
2025.04.04	04:00:00	3110.58	3115.78	3087.06	3100.13	24357	0	31
2025.04.04	08:00:00	3099.95	3109.88	3078.55	3083.99	27939	0	30
2025.04.04	12:00:00	3083.89	3136.45	3069.79	3071.05	39765	0	30
2025.04.04	16:00:00	3071.17	3087.49	3016.83	3030.77	44304	0	30
2025.04.04	20:00:00	3030.78	3040.79	3015.71	3036.87	29480	0	21
2025.04.07	00:00:00	3016.04	3032.18	2971.00	2978.61	20279	0	26
2025.04.07	04:00:00	2978.61	3055.10	2971.81	3035.30	31689	0	26
2025.04.07	08:00:00	3035.29	3044.34	3013.13	3031.00	36761	0	26
2025.04.07	12:00:00	3031.01	3045.86	3014.57	3031.10	36543	0	30
2025.04.07	16:00:00	3031.04	3037.81	2969.77	2970.28	47480	0	30
2025.04.07	20:00:00	2970.42	2985.42	2956.07	2981.56	32547	0	30
2025.04.08	00:00:00	2981.80	2992.38	2978.31	2985.16	12913	0	31
2025.04.08	04:00:00	2985.14	3004.59	2983.42	3001.99	25584	0	31
2025.04.08	08:00:00	3001.69	3015.52	2999.31	3007.26	24959	0	31
2025.04.08	12:00:00	3007.13	3019.24	2994.74	3002.40	22016	0	35
2025.04.08	16:00:00	3002.39	3022.56	2984.19	2985.78	32436	0	35
2025.04.08	20:00:00	2985.79	2992.21	2974.58	2981.89	23149	0	30
2025.04.09	00:00:00	2983.22	2990.88	2970.00	2980.34	13171	0	31
2025.04.09	04:00:00	2980.26	3014.08	2972.40	3012.31	26002	0	31
2025.04.09	08:00:00	3012.24	3052.21	3005.29	3043.67	27522	0	30
2025.04.09	12:00:00	3043.74	3073.13	3036.15	3047.23	28579	0	30
2025.04.09	16:00:00	3047.43	3094.82	3047.39	3092.46	32014	0	30
2025.04.09	20:00:00	3092.51	3099.65	3048.56	3083.05	28234	0	30
2025.04.10	00:00:00	3083.57	3101.38	3071.48	3097.13	15867	0	31
2025.04.10	04:00:00	3097.14	3131.60	3078.47	3125.32	24988	0	31
2025.04.10	08:00:00	3125.35	3132.63	3104.82	3105.12	24966	0	31
2025.04.10	12:00:00	3105.11	3133.96	3103.17	3123.07	26546	0	30
2025.04.10	16:00:00	3123.09	3174.88	3116.17	3158.57	32955	0	35
2025.04.10	20:00:00	3158.46	3176.49	3151.59	3175.22	21368	0	30
2025.04.11	00:00:00	3175.67	3217.85	3175.63	3205.54	17036	0	31
2025.04.11	04:00:00	3205.39	3220.22	3201.05	3208.54	27447	0	31
2025.04.11	08:00:00	3208.62	3227.44	3187.20	3216.03	30173	0	31
2025.04.11	12:00:00	3216.01	3237.83	3210.13	3233.61	26719	0	30
2025.04.11	16:00:00	3233.64	3245.36	3219.61	3223.31	34291	0	30
2025.04.11	20:00:00	3223.35	3238.34	3223.35	3238.25	20959	0	28
2025.04.14	00:00:00	3229.89	3229.89	3209.38	3220.95	14992	0	31
2025.04.14	04:00:00	3220.95	3245.68	3215.27	3227.42	24063	0	31
2025.04.14	08:00:00	3227.40	3238.03	3216.57	3226.94	23819	0	31
2025.04.14	12:00:00	3226.92	3231.66	3200.43	3206.52	25016	0	35
2025.04.14	16:00:00	3206.72	3215.71	3193.67	3207.54	29968	0	35
2025.04.14	20:00:00	3207.53	3216.58	3201.49	3210.23	17766	0	30
2025.04.15	00:00:00	3211.25	3215.21	3210.48	3211.93	8515	0	31
2025.04.15	04:00:00	3211.88	3232.72	3210.11	3231.95	19355	0	31
2025.04.15	08:00:00	3231.85	3232.19	3217.46	3227.74	21049	0	31
2025.04.15	12:00:00	3227.72	3230.14	3214.05	3221.29	20150	0	30
2025.04.15	16:00:00	3221.28	3226.68	3211.44	3221.22	26073	0	35
2025.04.15	20:00:00	3221.20	3233.66	3220.20	3229.09	16930	0	30
2025.04.16	00:00:00	3230.98	3268.04	3229.99	3264.46	13637	0	31
2025.04.16	04:00:00	3264.49	3287.62	3256.06	3283.72	23319	0	31
2025.04.16	08:00:00	3283.73	3317.86	3283.68	3307.00	26893	0	31
2025.04.16	12:00:00	3306.97	3313.76	3293.14	3307.38	24390	0	30
2025.04.16	16:00:00	3307.40	3333.05	3296.96	3327.27	31204	0	30
2025.04.16	20:00:00	3327.33	3342.93	3324.47	3342.70	21967	0	30
2025.04.17	00:00:00	3343.21	3357.75	3342.07	3345.39	14314	0	31
2025.04.17	04:00:00	3345.51	3356.27	3320.85	3341.60	25794	0	31
2025.04.17	08:00:00	3341.53	3345.43	3312.78	3324.22	25359	0	31
2025.04.17	12:00:00	3324.26	3342.15	3320.65	3328.21	22131	0	30
2025.04.17	16:00:00	3328.26	3331.98	3283.67	3315.91	32500	0	35
2025.04.17	20:00:00	3315.95	3328.57	3310.86	3326.53	18662	0	30
2025.04.21	00:00:00	3332.98	3370.51	3328.92	3368.72	17463	0	31
2025.04.21	04:00:00	3368.80	3385.22	3367.35	3376.33	24465	0	31
2025.04.21	08:00:00	3376.34	3395.95	3376.00	3392.85	25006	0	31
2025.04.21	12:00:00	3392.77	3415.71	3386.47	3414.94	25039	0	35
2025.04.21	16:00:00	3414.89	3430.29	3405.44	3414.57	31084	0	35
2025.04.21	20:00:00	3414.61	3430.53	3406.09	3423.62	21598	0	30
2025.04.22	00:00:00	3424.06	3444.28	3412.49	3425.48	16756	0	31
2025.04.22	04:00:00	3425.49	3494.80	3421.66	3484.33	25912	0	31
2025.04.22	08:00:00	3484.39	3500.02	3443.21	3444.13	29784	0	31
2025.04.22	12:00:00	3444.17	3468.25	3424.31	3431.39	28160	0	35
2025.04.22	16:00:00	3431.37	3449.37	3371.91	3392.67	33272	0	35
2025.04.22	20:00:00	3392.75	3410.11	3366.65	3381.16	23705	0	30
2025.04.23	00:00:00	3323.30	3370.75	3312.97	3367.69	18017	0	31
2025.04.23	04:00:00	3367.82	3386.43	3329.09	3346.52	25608	0	31
2025.04.23	08:00:00	3346.49	3349.16	3291.67	3321.28	26829	0	31
2025.04.23	12:00:00	3321.35	3340.28	3310.48	3310.58	23469	0	35
2025.04.23	16:00:00	3310.56	3313.46	3259.98	3294.89	36380	0	30
2025.04.23	20:00:00	3294.94	3301.30	3277.62	3288.01	22492	0	30
2025.04.24	00:00:00	3288.38	3338.89	3288.26	3331.63	14382	0	31
2025.04.24	04:00:00	3331.55	3367.26	3320.41	3325.96	25580	0	31
2025.04.24	08:00:00	3326.00	3341.43	3314.64	3335.81	24230	0	31
2025.04.24	12:00:00	3335.96	3344.43	3325.32	3335.77	22601	0	30
2025.04.24	16:00:00	3335.76	3336.08	3306.67	3331.35	30132	0	35
2025.04.24	20:00:00	3331.57	3349.85	3329.87	3348.48	18024	0	30
2025.04.25	00:00:00	3350.22	3370.31	3346.64	3357.56	14246	0	31
2025.04.25	04:00:00	3357.53	3362.69	3316.28	3324.62	24685	0	31
2025.04.25	08:00:00	3324.61	3326.92	3286.98	3303.49	28225	0	31
2025.04.25	12:00:00	3303.73	3308.50	3287.81	3292.48	23779	0	35
2025.04.25	16:00:00	3292.51	3292.66	3265.03	3285.17	28667	0	35
2025.04.25	20:00:00	3285.19	3316.01	3281.73	3316.01	17950	0	28
2025.04.28	00:00:00	3324.74	3330.84	3298.50	3313.99	15451	0	31
2025.04.28	04:00:00	3313.93	3314.99	3268.16	3298.75	22289	0	31
2025.04.28	08:00:00	3298.81	3300.77	3277.45	3282.43	22233	0	31
2025.04.28	12:00:00	3282.42	3302.03	3273.10	3295.84	24604	0	35
2025.04.28	16:00:00	3295.76	3339.07	3286.76	3336.48	30340	0	35
2025.04.28	20:00:00	3336.55	3352.84	3333.04	3343.68	19320	0	30
2025.04.29	00:00:00	3344.44	3348.42	3327.84	3329.93	13576	0	31
2025.04.29	04:00:00	3329.95	3340.06	3306.87	3309.35	24605	0	31
2025.04.29	08:00:00	3309.34	3324.88	3305.16	3311.96	21785	0	31
2025.04.29	12:00:00	3311.84	3316.02	3300.54	3312.85	22826	0	35
2025.04.29	16:00:00	3312.73	3329.97	3299.73	3328.69	28646	0	30
2025.04.29	20:00:00	3328.79	3329.63	3313.32	3316.92	17354	0	30
2025.04.30	00:00:00	3314.31	3327.85	3311.03	3312.93	10536	0	31
2025.04.30	04:00:00	3312.92	3322.51	3301.18	3307.87	21483	0	31
2025.04.30	08:00:00	3307.90	3314.50	3280.15	3284.31	23179	0	31
2025.04.30	12:00:00	3284.35	3304.52	3266.98	3298.45	27397	0	30
2025.04.30	16:00:00	3298.49	3319.54	3292.73	3310.53	30281	0	35
2025.04.30	20:00:00	3310.50	3313.33	3282.96	3287.84	20328	0	30
2025.05.01	00:00:00	3287.50	3290.01	3241.11	3246.42	15957	0	31
2025.05.01	04:00:00	3246.39	3251.14	3221.06	3226.57	21413	0	31
2025.05.01	08:00:00	3226.55	3243.02	3223.30	3235.00	22088	0	31
2025.05.01	12:00:00	3235.06	3235.98	3201.81	3226.63	26346	0	30
2025.05.01	16:00:00	3226.48	3233.04	3204.86	3219.29	29042	0	30
2025.05.01	20:00:00	3219.31	3239.66	3209.79	3237.38	18934	0	30
2025.05.02	00:00:00	3238.77	3244.10	3227.38	3231.20	12488	0	31
2025.05.02	04:00:00	3231.37	3258.49	3231.25	3251.63	21564	0	31
2025.05.02	08:00:00	3251.54	3262.98	3246.29	3257.92	21341	0	31
2025.05.02	12:00:00	3257.90	3269.11	3250.12	3250.24	25272	0	30
2025.05.02	16:00:00	3250.16	3264.31	3222.65	3224.68	32026	0	35
2025.05.02	20:00:00	3224.75	3241.06	3223.43	3240.54	20553	0	28
2025.05.05	00:00:00	3238.45	3252.04	3237.37	3246.56	12874	0	31
2025.05.05	04:00:00	3246.61	3272.12	3246.43	3256.34	21292	0	31
2025.05.05	08:00:00	3256.35	3282.71	3253.90	3282.13	22115	0	31
2025.05.05	12:00:00	3282.48	3322.30	3282.02	3319.38	27691	0	35
2025.05.05	16:00:00	3319.37	3328.58	3305.47	3309.59	27713	0	30
2025.05.05	20:00:00	3309.55	3337.55	3309.04	3333.41	19883	0	30
2025.05.06	00:00:00	3336.30	3337.79	3323.52	3329.67	11370	0	31
2025.05.06	04:00:00	3329.62	3387.04	3329.62	3363.20	28728	0	31
2025.05.06	08:00:00	3363.21	3383.12	3350.31	3377.31	25767	0	31
2025.05.06	12:00:00	3377.20	3392.29	3371.44	3391.01	24747	0	35
2025.05.06	16:00:00	3391.08	3411.63	3378.20	3408.86	29512	0	35
2025.05.06	20:00:00	3408.89	3434.99	3407.52	3430.33	21814	0	30
2025.05.07	00:00:00	3439.00	3439.00	3361.09	3379.69	22066	0	31
2025.05.07	04:00:00	3379.47	3393.82	3360.20	3382.19	25700	0	31
2025.05.07	08:00:00	3382.17	3397.43	3378.23	3382.81	23478	0	31
2025.05.07	12:00:00	3382.80	3393.78	3369.29	3390.86	24994	0	35
2025.05.07	16:00:00	3390.88	3398.09	3375.73	3386.87	26960	0	35
2025.05.07	20:00:00	3386.89	3398.04	3363.80	3364.12	23607	0	30
2025.05.08	00:00:00	3365.95	3386.98	3364.57	3380.43	10919	0	31
2025.05.08	04:00:00	3380.46	3414.80	3379.01	3381.95	25051	0	31
2025.05.08	08:00:00	3382.02	3384.04	3320.18	3339.10	28307	0	31
2025.05.08	12:00:00	3339.12	3358.38	3330.24	3355.95	24172	0	30
2025.05.08	16:00:00	3355.96	3369.17	3304.23	3310.18	30635	0	35
2025.05.08	20:00:00	3310.13	3310.97	3288.62	3305.68	21397	0	30
2025.05.09	00:00:00	3304.52	3323.86	3304.35	3321.96	13396	0	31
2025.05.09	04:00:00	3321.98	3327.33	3274.55	3324.47	27175	0	31
2025.05.09	08:00:00	3324.41	3331.98	3312.75	3328.33	24861	0	31
2025.05.09	12:00:00	3328.31	3338.02	3321.84	3333.31	21648	0	35
2025.05.09	16:00:00	3333.27	3347.35	3320.20	3336.77	28540	0	35
2025.05.09	20:00:00	3336.64	3342.80	3324.83	3325.11	16852	0	28
2025.05.12	00:00:00	3273.03	3311.18	3265.60	3278.71	19507	0	31
2025.05.12	04:00:00	3278.80	3284.42	3258.56	3278.72	27890	0	31
2025.05.12	08:00:00	3278.73	3281.36	3215.97	3231.19	30418	0	31
2025.05.12	12:00:00	3231.23	3234.05	3207.58	3233.52	28695	0	35
2025.05.12	16:00:00	3233.34	3248.43	3223.19	3224.03	31187	0	35
2025.05.12	20:00:00	3224.04	3238.65	3220.13	3234.54	19808	0	30
2025.05.13	00:00:00	3236.01	3242.98	3229.76	3239.74	11210	0	31
2025.05.13	04:00:00	3239.76	3253.29	3215.80	3252.35	23278	0	31
2025.05.13	08:00:00	3252.58	3265.43	3247.19	3255.40	23664	0	31
2025.05.13	12:00:00	3255.30	3258.35	3237.17	3241.91	23097	0	30
2025.05.13	16:00:00	3241.62	3257.61	3225.30	3250.83	29737	0	35
2025.05.13	20:00:00	3250.82	3254.65	3241.90	3249.93	17281	0	30
2025.05.14	00:00:00	3249.31	3256.90	3240.39	3243.59	10336	0	31
2025.05.14	04:00:00	3243.61	3251.49	3222.39	3223.78	24234	0	31
2025.05.14	08:00:00	3223.76	3243.85	3221.49	3232.56	24957	0	31
2025.05.14	12:00:00	3232.59	3239.20	3184.08	3184.53	27091	0	35
2025.05.14	16:00:00	3184.59	3198.09	3173.61	3188.31	31175	0	35
2025.05.14	20:00:00	3188.28	3190.27	3167.91	3177.14	19766	0	30
2025.05.15	00:00:00	3177.54	3187.68	3177.27	3187.57	9602	0	31
2025.05.15	04:00:00	3187.57	3192.52	3135.43	3138.41	25282	0	31
2025.05.15	08:00:00	3138.43	3164.10	3120.47	3162.43	27760	0	31
2025.05.15	12:00:00	3162.38	3189.63	3159.17	3188.66	24858	0	30
2025.05.15	16:00:00	3188.64	3222.47	3185.07	3222.26	29075	0	35
2025.05.15	20:00:00	3222.28	3240.58	3216.50	3239.65	19080	0	30
2025.05.16	00:00:00	3239.41	3252.16	3232.07	3243.11	14584	0	31
2025.05.16	04:00:00	3243.17	3244.49	3206.58	3219.66	24484	0	31
2025.05.16	08:00:00	3219.59	3231.30	3195.42	3207.24	23338	0	31
2025.05.16	12:00:00	3207.23	3212.70	3154.18	3177.25	26364	0	35
2025.05.16	16:00:00	3177.30	3189.55	3166.01	3189.13	27035	0	35
2025.05.16	20:00:00	3189.12	3202.58	3183.28	3200.69	16888	0	28
2025.05.19	00:00:00	3219.19	3249.56	3206.56	3246.27	17267	0	31
2025.05.19	04:00:00	3246.21	3246.58	3206.52	3215.74	22227	0	31
2025.05.19	08:00:00	3215.71	3244.72	3214.72	3244.26	22896	0	31
2025.05.19	12:00:00	3244.28	3248.27	3228.73	3229.11	21611	0	35
2025.05.19	16:00:00	3229.20	3241.45	3217.14	3231.63	26399	0	35
2025.05.19	20:00:00	3231.62	3235.61	3224.99	3229.91	16516	0	30
2025.05.20	00:00:00	3229.50	3231.08	3214.06	3222.62	10510	0	31
2025.05.20	04:00:00	3222.67	3232.55	3204.41	3217.11	23291	0	31
2025.05.20	08:00:00	3217.08	3235.64	3207.78	3235.64	22994	0	31
2025.05.20	12:00:00	3235.66	3250.56	3230.42	3242.47	23451	0	35
2025.05.20	16:00:00	3242.57	3285.75	3232.61	3278.98	28990	0	35
2025.05.20	20:00:00	3278.88	3295.70	3278.32	3289.61	19388	0	30
2025.05.21	00:00:00	3289.84	3304.18	3288.40	3303.28	14173	0	31
2025.05.21	04:00:00	3303.28	3314.49	3285.39	3301.94	24623	0	31
2025.05.21	08:00:00	3301.94	3320.44	3298.28	3308.29	24682	0	31
2025.05.21	12:00:00	3308.37	3318.05	3290.76	3302.42	25081	0	35
2025.05.21	16:00:00	3302.52	3315.01	3295.19	3302.89	27921	0	35
2025.05.21	20:00:00	3302.91	3324.67	3302.61	3315.09	21098	0	30
2025.05.22	00:00:00	3319.27	3325.91	3315.44	3323.59	11420	0	31
2025.05.22	04:00:00	3323.57	3345.23	3320.31	3338.40	22733	0	31
2025.05.22	08:00:00	3338.40	3339.25	3310.05	3311.14	24567	0	31
2025.05.22	12:00:00	3311.06	3314.53	3282.87	3303.85	29187	0	35
2025.05.22	16:00:00	3303.92	3315.49	3279.16	3301.35	30826	0	35
2025.05.22	20:00:00	3301.37	3301.57	3288.92	3294.45	19107	0	30
2025.05.23	00:00:00	3294.58	3308.69	3286.93	3300.76	13107	0	31
2025.05.23	04:00:00	3300.77	3315.98	3290.85	3313.42	27388	0	31
2025.05.23	08:00:00	3313.36	3334.20	3312.36	3326.18	29785	0	31
2025.05.23	12:00:00	3326.19	3360.32	3323.27	3356.96	33010	0	30
2025.05.23	16:00:00	3357.11	3364.43	3336.35	3358.83	37379	0	30
2025.05.23	20:00:00	3358.84	3365.68	3356.27	3359.79	21017	0	28
2025.05.26	00:00:00	3355.89	3356.07	3331.34	3341.78	16064	0	31
2025.05.26	04:00:00	3341.85	3356.60	3335.45	3349.65	26191	0	31
2025.05.26	08:00:00	3349.65	3351.63	3330.91	3334.29	25683	0	31
2025.05.26	12:00:00	3334.48	3335.91	3323.36	3334.21	19477	0	35
2025.05.26	16:00:00	3334.22	3343.41	3331.34	3341.92	20189	0	35
2025.05.26	20:00:00	3341.96	3342.97	3340.29	3342.03	3359	0	35
2025.05.27	00:00:00	3342.50	3349.75	3342.31	3344.90	11499	0	31
2025.05.27	04:00:00	3344.93	3347.17	3330.52	3330.73	24497	0	31
2025.05.27	08:00:00	3330.76	3332.47	3292.37	3298.38	31169	0	28
2025.05.27	12:00:00	3298.36	3309.45	3287.61	3293.63	33047	0	35
2025.05.27	16:00:00	3293.56	3304.68	3285.09	3297.60	34526	0	35
2025.05.27	20:00:00	3297.65	3307.77	3296.67	3300.27	20782	0	30
2025.05.28	00:00:00	3301.00	3315.59	3297.89	3308.38	11026	0	31
2025.05.28	04:00:00	3308.37	3313.31	3291.54	3296.27	25426	0	31
2025.05.28	08:00:00	3296.28	3323.60	3295.86	3321.40	28791	0	31
2025.05.28	12:00:00	3321.39	3325.29	3305.21	3312.07	26139	0	35
2025.05.28	16:00:00	3312.04	3316.19	3288.42	3293.25	34731	0	35
2025.05.28	20:00:00	3293.30	3302.87	3276.57	3287.89	24180	0	30
2025.05.29	00:00:00	3286.98	3294.98	3250.14	3264.81	22506	0	31
2025.05.29	04:00:00	3264.85	3279.89	3245.31	3268.95	30533	0	31
2025.05.29	08:00:00	3269.01	3289.09	3265.85	3281.49	28480	0	31
2025.05.29	12:00:00	3281.42	3317.20	3276.05	3316.27	31161	0	30
2025.05.29	16:00:00	3316.28	3330.81	3304.81	3322.28	34852	0	35
2025.05.29	20:00:00	3322.29	3325.81	3315.32	3317.64	21617	0	30
2025.05.30	00:00:00	3317.51	3321.00	3309.65	3312.53	12560	0	31
2025.05.30	04:00:00	3312.54	3322.74	3291.29	3296.30	27533	0	31
2025.05.30	08:00:00	3296.34	3305.04	3287.44	3295.77	28006	0	31
2025.05.30	12:00:00	3295.68	3306.82	3283.07	3304.06	28341	0	30
2025.05.30	16:00:00	3304.00	3308.26	3271.57	3293.41	36470	0	30
2025.05.30	20:00:00	3293.39	3295.73	3289.82	3290.85	18973	0	26
2025.06.02	00:00:00	3298.40	3316.62	3295.86	3311.37	15750	0	31
2025.06.02	04:00:00	3311.35	3318.24	3301.46	3313.89	23051	0	31
2025.06.02	08:00:00	3313.97	3358.91	3313.95	3352.09	27232	0	31
2025.06.02	12:00:00	3352.08	3363.61	3344.49	3355.45	27766	0	35
2025.06.02	16:00:00	3355.61	3379.21	3350.34	3371.55	35233	0	30
2025.06.02	20:00:00	3371.50	3382.93	3370.81	3381.43	23817	0	30
2025.06.03	00:00:00	3384.07	3392.25	3373.85	3375.86	15086	0	31
2025.06.03	04:00:00	3375.87	3377.99	3359.26	3362.77	28922	0	31
2025.06.03	08:00:00	3362.75	3367.71	3351.21	3360.96	28256	0	26
2025.06.03	12:00:00	3360.90	3362.91	3348.89	3359.18	26179	0	35
2025.06.03	16:00:00	3359.19	3362.91	3332.93	3348.24	33577	0	35
2025.06.03	20:00:00	3348.21	3355.30	3347.19	3353.00	18584	0	30
2025.06.04	00:00:00	3353.10	3361.49	3349.67	3350.15	11658	0	31
2025.06.04	04:00:00	3350.10	3372.45	3346.33	3354.63	25703	0	31
2025.06.04	08:00:00	3354.65	3365.09	3347.84	3362.57	27202	0	31
2025.06.04	12:00:00	3362.61	3364.78	3343.55	3358.64	27429	0	30
2025.06.04	16:00:00	3358.70	3384.44	3350.65	3374.88	31834	0	30
2025.06.04	20:00:00	3374.83	3381.96	3370.52	3371.68	17753	0	30
2025.06.05	00:00:00	3374.24	3381.49	3372.19	3380.05	10395	0	31
2025.06.05	04:00:00	3380.04	3383.89	3363.86	3368.26	23264	0	31
2025.06.05	08:00:00	3368.31	3376.92	3361.01	3375.23	24114	0	31
2025.06.05	12:00:00	3375.25	3403.46	3374.09	3382.83	33252	0	35
2025.06.05	16:00:00	3382.88	3388.25	3339.24	3353.93	40192	0	35
2025.06.05	20:00:00	3354.22	3361.20	3348.76	3352.49	22814	0	30
2025.06.06	00:00:00	3353.50	3363.86	3352.92	3359.21	12313	0	31
2025.06.06	04:00:00	3359.20	3374.30	3356.00	3373.48	24547	0	31
2025.06.06	08:00:00	3373.47	3375.40	3352.66	3365.13	28589	0	31
2025.06.06	12:00:00	3365.16	3365.22	3343.35	3353.24	28112	0	30
2025.06.06	16:00:00	3353.19	3360.72	3316.26	3322.58	38010	0	35
2025.06.06	20:00:00	3322.72	3326.62	3306.89	3311.72	20384	0	26
2025.06.09	00:00:00	3311.98	3320.99	3298.18	3305.23	16224	0	31
2025.06.09	04:00:00	3305.24	3313.26	3293.36	3311.56	25770	0	31
2025.06.09	08:00:00	3311.55	3328.32	3309.43	3319.62	26739	0	31
2025.06.09	12:00:00	3319.67	3323.27	3311.95	3319.83	25809	0	35
2025.06.09	16:00:00	3319.84	3337.57	3310.53	3337.43	32130	0	35
2025.06.09	20:00:00	3337.44	3337.99	3324.78	3325.40	18109	0	30
2025.06.10	00:00:00	3324.62	3327.73	3314.45	3316.42	11853	0	31
2025.06.10	04:00:00	3316.43	3319.72	3301.74	3307.07	24468	0	31
2025.06.10	08:00:00	3307.12	3334.65	3306.57	3329.14	28486	0	31
2025.06.10	12:00:00	3329.15	3342.30	3326.98	3337.04	25916	0	35
2025.06.10	16:00:00	3336.95	3348.89	3319.93	3321.15	32862	0	35
2025.06.10	20:00:00	3321.13	3334.34	3319.26	3322.19	20124	0	30
2025.06.11	00:00:00	3323.28	3335.05	3315.36	3332.19	13906	0	31
2025.06.11	04:00:00	3332.17	3342.72	3326.96	3341.68	21199	0	31
2025.06.11	08:00:00	3341.65	3348.38	3332.33	3344.38	24556	0	31
2025.06.11	12:00:00	3344.35	3360.50	3325.94	3336.55	29058	0	30
2025.06.11	16:00:00	3336.61	3344.24	3327.75	3330.00	32777	0	35
2025.06.11	20:00:00	3330.09	3355.55	3319.09	3354.75	25411	0	30
2025.06.12	00:00:00	3357.52	3373.25	3356.16	3365.57	17817	0	31
2025.06.12	04:00:00	3365.61	3377.57	3362.28	3370.26	25296	0	31
2025.06.12	08:00:00	3370.27	3375.60	3338.52	3356.57	28477	0	31
2025.06.12	12:00:00	3356.56	3390.07	3355.26	3387.87	30148	0	30
2025.06.12	16:00:00	3387.97	3398.84	3377.72	3383.65	34829	0	35
2025.06.12	20:00:00	3383.54	3389.06	3377.98	3386.42	20399	0	30
2025.06.13	00:00:00	3385.18	3419.75	3379.52	3416.00	17775	0	31
2025.06.13	04:00:00	3416.45	3444.17	3413.74	3425.13	31628	0	31
2025.06.13	08:00:00	3425.23	3428.62	3407.70	3424.14	29238	0	26
2025.06.13	12:00:00	3424.15	3437.97	3411.45	3436.46	30221	0	35
2025.06.13	16:00:00	3436.38	3446.61	3419.08	3429.81	35420	0	35
2025.06.13	20:00:00	3429.82	3439.31	3427.25	3432.38	23117	0	26
2025.06.16	00:00:00	3451.68	3452.70	3432.43	3436.08	19898	0	31
2025.06.16	04:00:00	3436.18	3446.16	3426.71	3427.37	24261	0	31
2025.06.16	08:00:00	3427.38	3430.20	3409.33	3413.67	29307	0	31
2025.06.16	12:00:00	3413.82	3422.41	3410.56	3415.44	27009	0	35
2025.06.16	16:00:00	3415.37	3417.78	3382.70	3399.22	33290	0	35
2025.06.16	20:00:00	3399.21	3400.03	3382.64	3384.69	20620	0	30
2025.06.17	00:00:00	3385.19	3403.06	3385.19	3394.26	14816	0	31
2025.06.17	04:00:00	3394.07	3402.28	3373.52	3393.89	24099	0	31
2025.06.17	08:00:00	3393.86	3395.29	3377.62	3378.72	24266	0	31
2025.06.17	12:00:00	3378.70	3399.89	3375.60	3386.51	29424	0	30
2025.06.17	16:00:00	3386.55	3397.27	3365.99	3382.72	33548	0	35
2025.06.17	20:00:00	3382.71	3392.23	3381.14	3388.26	20569	0	30
2025.06.18	00:00:00	3390.24	3396.07	3382.83	3385.50	10807	0	31
2025.06.18	04:00:00	3385.58	3399.81	3370.42	3394.95	22256	0	31
2025.06.18	08:00:00	3395.04	3395.48	3376.90	3383.36	24251	0	31
2025.06.18	12:00:00	3383.34	3389.67	3375.29	3386.44	24876	0	30
2025.06.18	16:00:00	3386.48	3396.60	3373.67	3390.79	30390	0	35
2025.06.18	20:00:00	3390.76	3395.61	3362.40	3368.85	27673	0	30
2025.06.19	00:00:00	3369.94	3383.10	3369.37	3379.28	11881	0	31
2025.06.19	04:00:00	3379.25	3387.77	3369.55	3374.33	18867	0	31
2025.06.19	08:00:00	3374.35	3375.08	3347.41	3368.49	29632	0	31
2025.06.19	12:00:00	3368.47	3378.72	3363.50	3367.77	26321	0	30
2025.06.19	16:00:00	3367.79	3372.73	3361.37	3370.89	24349	0	35
2025.06.19	20:00:00	3370.88	3375.24	3365.72	3370.45	5884	0	35
2025.06.20	00:00:00	3368.78	3370.26	3361.89	3367.96	11330	0	31
2025.06.20	04:00:00	3367.96	3368.13	3344.67	3354.11	23360	0	31
2025.06.20	08:00:00	3354.14	3355.11	3340.16	3350.81	24256	0	31
2025.06.20	12:00:00	3350.80	3359.02	3341.82	3344.29	24137	0	35
2025.06.20	16:00:00	3344.30	3374.31	3342.86	3371.33	28287	0	35
2025.06.20	20:00:00	3371.35	3371.58	3364.41	3368.51	14393	0	26
2025.06.23	00:00:00	3391.19	3396.20	3358.22	3365.47	18480	0	31
2025.06.23	04:00:00	3365.46	3367.89	3351.79	3358.31	21902	0	31
2025.06.23	08:00:00	3358.31	3362.10	3346.89	3361.69	24208	0	30
2025.06.23	12:00:00	3361.68	3381.77	3355.68	3360.25	25805	0	35
2025.06.23	16:00:00	3360.21	3393.34	3359.66	3389.64	32357	0	30
2025.06.23	20:00:00	3389.58	3391.27	3367.13	3368.82	22551	0	30
2025.06.24	00:00:00	3367.67	3369.82	3333.07	3350.90	19091	0	31
2025.06.24	04:00:00	3350.91	3357.67	3342.07	3348.35	21838	0	31
2025.06.24	08:00:00	3348.33	3348.58	3315.87	3326.84	29498	0	31
2025.06.24	12:00:00	3327.11	3328.71	3304.44	3314.50	26967	0	35
2025.06.24	16:00:00	3314.45	3320.27	3295.26	3318.25	32559	0	35
2025.06.24	20:00:00	3318.29	3324.99	3315.52	3322.34	18138	0	30
2025.06.25	00:00:00	3324.59	3329.81	3320.81	3326.77	7963	0	31
2025.06.25	04:00:00	3326.87	3335.02	3325.62	3327.33	17455	0	31
2025.06.25	08:00:00	3327.29	3336.87	3326.30	3327.05	20450	0	31
2025.06.25	12:00:00	3327.02	3329.31	3318.02	3320.44	23011	0	35
2025.06.25	16:00:00	3320.47	3334.92	3311.77	3334.60	28374	0	30
2025.06.25	20:00:00	3334.63	3335.83	3324.66	3331.72	19378	0	30
2025.06.26	00:00:00	3334.36	3339.80	3331.12	3333.81	10514	0	31
2025.06.26	04:00:00	3333.86	3342.95	3329.09	3333.81	19623	0	31
2025.06.26	08:00:00	3333.77	3350.08	3330.84	3348.03	22383	0	31
2025.06.26	12:00:00	3348.04	3348.54	3321.56	3321.83	25040	0	30
2025.06.26	16:00:00	3321.85	3333.12	3309.79	3331.14	31581	0	35
2025.06.26	20:00:00	3331.15	3336.23	3327.50	3327.63	17520	0	29
2025.06.27	00:00:00	3326.96	3328.08	3313.07	3318.63	10670	0	31
2025.06.27	04:00:00	3318.63	3321.85	3290.95	3293.79	25416	0	31
2025.06.27	08:00:00	3293.77	3300.78	3281.73	3289.17	28783	0	31
2025.06.27	12:00:00	3289.15	3290.72	3269.37	3269.87	28778	0	30
2025.06.27	16:00:00	3269.90	3278.38	3255.62	3277.48	32901	0	35
2025.06.27	20:00:00	3277.49	3282.57	3268.23	3274.27	20695	0	26
2025.06.30	00:00:00	3271.55	3281.64	3248.12	3264.46	16961	0	31
2025.06.30	04:00:00	3264.35	3286.15	3259.34	3285.51	22172	0	31
2025.06.30	08:00:00	3285.46	3296.58	3284.53	3288.95	23414	0	31
2025.06.30	12:00:00	3288.94	3288.94	3274.33	3281.76	24543	0	35
2025.06.30	16:00:00	3281.74	3297.26	3277.76	3297.13	28218	0	35
2025.06.30	20:00:00	3297.04	3309.19	3291.84	3302.34	18757	0	31
2025.07.01	00:00:00	3303.93	3314.58	3302.19	3314.55	11636	0	31
2025.07.01	04:00:00	3314.50	3322.88	3313.72	3322.77	20897	0	31
2025.07.01	08:00:00	3322.77	3342.13	3322.74	3339.33	26054	0	31
2025.07.01	12:00:00	3339.34	3357.68	3337.99	3354.27	27020	0	35
2025.07.01	16:00:00	3354.41	3355.35	3336.99	3341.76	32044	0	35
2025.07.01	20:00:00	3341.75	3342.19	3336.86	3338.74	19591	0	35
2025.07.02	00:00:00	3338.84	3344.91	3334.57	3338.97	13328	0	35
2025.07.02	04:00:00	3338.94	3342.91	3328.73	3340.11	21986	0	35
2025.07.02	08:00:00	3340.08	3343.87	3327.60	3333.56	23428	0	35
2025.07.02	12:00:00	3333.52	3351.12	3333.08	3346.65	23359	0	35
2025.07.02	16:00:00	3346.66	3349.03	3333.89	3348.65	28819	0	35
2025.07.02	20:00:00	3348.64	3360.03	3347.40	3356.68	18328	0	35
2025.07.03	00:00:00	3357.42	3365.75	3343.53	3344.71	14453	0	35
2025.07.03	04:00:00	3344.77	3351.79	3341.92	3350.79	18431	0	35
2025.07.03	08:00:00	3350.75	3363.72	3350.16	3356.23	23272	0	35
2025.07.03	12:00:00	3356.22	3356.35	3311.38	3324.27	26421	0	35
2025.07.03	16:00:00	3324.28	3338.25	3321.92	3333.72	31085	0	35
2025.07.03	20:00:00	3333.67	3334.59	3325.18	3325.68	8261	0	35
2025.07.04	00:00:00	3326.82	3331.82	3323.39	3328.82	10448	0	35
2025.07.04	04:00:00	3328.75	3342.09	3325.95	3340.63	20816	0	35
2025.07.04	08:00:00	3340.62	3344.87	3336.34	3342.64	20870	0	35
2025.07.04	12:00:00	3342.62	3342.86	3331.18	3333.71	18279	0	35
2025.07.04	16:00:00	3333.74	3337.80	3330.66	3334.77	14998	0	35
2025.07.07	00:00:00	3333.49	3342.58	3321.57	3326.34	14843	0	35
2025.07.07	04:00:00	3326.37	3327.48	3305.08	3307.53	27382	0	35
2025.07.07	08:00:00	3307.52	3314.94	3300.47	3309.92	26424	0	30
2025.07.07	12:00:00	3309.91	3312.40	3296.26	3309.41	29202	0	30
2025.07.07	16:00:00	3309.39	3327.85	3306.01	3327.23	28696	0	30
2025.07.07	20:00:00	3327.36	3340.17	3327.21	3336.19	20274	0	26
2025.07.08	00:00:00	3338.26	3345.59	3331.05	3334.05	12484	0	26
2025.07.08	04:00:00	3334.05	3337.79	3327.22	3329.40	20071	0	26
2025.07.08	08:00:00	3329.39	3339.26	3323.09	3323.50	23684	0	26
2025.07.08	12:00:00	3323.47	3329.65	3319.85	3328.01	22192	0	30
2025.07.08	16:00:00	3328.00	3328.44	3286.87	3300.26	34153	0	30
2025.07.08	20:00:00	3300.34	3310.19	3299.17	3301.44	21591	0	26
2025.07.09	00:00:00	3302.19	3307.79	3297.08	3306.96	11596	0	26
2025.07.09	04:00:00	3306.95	3307.11	3284.75	3293.81	20997	0	26
2025.07.09	08:00:00	3293.80	3297.62	3282.51	3284.86	25082	0	26
2025.07.09	12:00:00	3284.84	3297.30	3283.04	3296.19	22334	0	30
2025.07.09	16:00:00	3296.21	3313.06	3291.69	3311.69	29161	0	30
2025.07.09	20:00:00	3311.68	3316.61	3307.84	3313.21	19664	0	26
2025.07.10	00:00:00	3314.19	3321.73	3313.15	3317.51	10303	0	26
2025.07.10	04:00:00	3317.28	3326.12	3314.65	3322.04	16943	0	26
2025.07.10	08:00:00	3322.06	3329.91	3319.69	3328.43	20909	0	26
2025.07.10	12:00:00	3328.45	3330.05	3317.76	3323.63	24076	0	30
2025.07.10	16:00:00	3323.65	3329.28	3309.90	3314.91	30470	0	30
2025.07.10	20:00:00	3314.85	3325.71	3314.55	3323.90	19359	0	26
2025.07.11	00:00:00	3323.41	3336.02	3321.60	3330.48	11738	0	26
2025.07.11	04:00:00	3330.42	3335.82	3325.08	3331.82	20768	0	26
2025.07.11	08:00:00	3331.80	3343.61	3330.92	3332.84	28690	0	26
2025.07.11	12:00:00	3332.85	3356.84	3332.58	3354.92	28816	0	30
2025.07.11	16:00:00	3354.91	3368.58	3349.94	3353.57	37614	0	30
2025.07.11	20:00:00	3353.46	3359.52	3349.04	3357.10	22512	0	26
2025.07.14	00:00:00	3363.97	3374.04	3359.60	3367.67	18124	0	26
2025.07.14	04:00:00	3367.69	3370.19	3353.73	3359.77	28616	0	26
2025.07.14	08:00:00	3359.78	3374.95	3354.04	3365.96	30196	0	26
2025.07.14	12:00:00	3365.93	3374.62	3349.17	3349.87	29089	0	30
2025.07.14	16:00:00	3349.88	3358.77	3340.91	3347.57	31506	0	30
2025.07.14	20:00:00	3347.61	3351.49	3340.89	3343.20	20317	0	26
2025.07.15	00:00:00	3344.20	3349.15	3341.07	3347.39	7366	0	26
2025.07.15	04:00:00	3347.47	3361.17	3345.67	3360.03	17454	0	26
2025.07.15	08:00:00	3360.06	3365.53	3356.53	3360.86	23007	0	26
2025.07.15	12:00:00	3360.84	3366.16	3346.20	3348.60	26553	0	30
2025.07.15	16:00:00	3348.61	3352.18	3320.00	3329.07	34928	0	30
2025.07.15	20:00:00	3329.07	3331.71	3324.66	3324.74	19400	0	26
2025.07.16	00:00:00	3324.20	3332.58	3323.49	3330.34	8525	0	26
2025.07.16	04:00:00	3330.33	3338.43	3324.91	3338.13	20294	0	26
2025.07.16	08:00:00	3338.11	3342.65	3335.52	3341.93	20769	0	26
2025.07.16	12:00:00	3341.91	3342.79	3330.81	3334.38	24940	0	30
2025.07.16	16:00:00	3334.40	3377.33	3319.42	3348.82	40081	0	30
2025.07.16	20:00:00	3348.83	3357.11	3345.93	3347.22	21411	0	26
2025.07.17	00:00:00	3347.49	3352.01	3339.50	3340.71	9287	0	26
2025.07.17	04:00:00	3340.65	3344.56	3335.84	3342.49	18224	0	26
2025.07.17	08:00:00	3342.48	3342.71	3324.98	3328.65	23657	0	26
2025.07.17	12:00:00	3328.63	3332.32	3309.70	3312.89	27424	0	30
2025.07.17	16:00:00	3312.87	3339.91	3311.11	3338.84	32256	0	30
2025.07.17	20:00:00	3338.86	3341.05	3335.64	3338.95	17553	0	26
2025.07.18	00:00:00	3341.00	3343.98	3338.06	3339.89	9286	0	26
2025.07.18	04:00:00	3339.91	3344.29	3333.81	3336.98	17412	0	26
2025.07.18	08:00:00	3337.07	3350.38	3331.79	3347.45	21746	0	26
2025.07.18	12:00:00	3347.43	3361.26	3347.43	3359.98	23035	0	30
2025.07.18	16:00:00	3359.99	3360.32	3351.16	3353.62	29509	0	30
2025.07.18	20:00:00	3353.69	3353.74	3347.65	3350.65	15988	0	26
2025.07.21	00:00:00	3349.38	3354.38	3344.82	3352.09	8801	0	26
2025.07.21	04:00:00	3352.06	3358.48	3350.53	3357.59	15862	0	26
2025.07.21	08:00:00	3357.60	3370.56	3357.44	3365.74	24327	0	26
2025.07.21	12:00:00	3365.77	3388.41	3362.64	3386.96	24218	0	30
2025.07.21	16:00:00	3387.07	3401.54	3383.51	3395.64	36439	0	30
2025.07.21	20:00:00	3395.65	3399.74	3391.56	3396.93	22523	0	26
2025.07.22	00:00:00	3396.39	3402.67	3390.55	3394.62	10387	0	26
2025.07.22	04:00:00	3394.63	3395.80	3385.22	3391.09	20258	0	26
2025.07.22	08:00:00	3391.13	3391.92	3383.26	3388.99	22848	0	26
2025.07.22	12:00:00	3388.97	3407.89	3384.54	3407.67	21030	0	30
2025.07.22	16:00:00	3407.54	3432.97	3405.13	3432.22	37270	0	30
2025.07.22	20:00:00	3432.24	3433.53	3426.54	3431.53	24587	0	26
2025.07.23	00:00:00	3432.62	3438.84	3426.28	3428.86	12399	0	26
2025.07.23	04:00:00	3428.88	3430.61	3419.26	3423.52	26170	0	26
2025.07.23	08:00:00	3423.58	3429.65	3416.42	3428.44	27051	0	26
2025.07.23	12:00:00	3428.45	3433.87	3419.74	3419.78	21855	0	30
2025.07.23	16:00:00	3419.77	3420.32	3381.22	3386.93	34031	0	30
2025.07.23	20:00:00	3387.13	3395.70	3385.51	3386.97	20993	0	26
2025.07.24	00:00:00	3387.99	3393.01	3386.26	3391.24	8469	0	26
2025.07.24	04:00:00	3391.27	3393.17	3374.63	3382.61	26126	0	26
2025.07.24	08:00:00	3382.45	3382.83	3365.68	3369.49	22809	0	26
2025.07.24	12:00:00	3369.38	3369.87	3352.43	3353.21	21057	0	30
2025.07.24	16:00:00	3353.27	3377.19	3351.20	3366.80	28530	0	30
2025.07.24	20:00:00	3366.74	3373.23	3366.03	3368.49	15062	0	26
2025.07.25	00:00:00	3368.88	3373.41	3365.08	3372.08	9143	0	26
2025.07.25	04:00:00	3372.13	3372.55	3357.59	3360.84	17263	0	26
2025.07.25	08:00:00	3360.82	3362.19	3344.33	3345.32	17993	0	26
2025.07.25	12:00:00	3345.26	3348.72	3336.15	3340.60	17705	0	30
2025.07.25	16:00:00	3340.62	3347.29	3324.79	3329.48	31081	0	30
2025.07.25	20:00:00	3329.48	3340.06	3329.40	3336.30	14655	0	26
2025.07.28	00:00:00	3317.03	3337.22	3317.03	3333.15	13906	0	26
2025.07.28	04:00:00	3333.20	3343.82	3329.76	3339.45	18680	0	26
2025.07.28	08:00:00	3339.36	3345.02	3332.19	3335.78	19146	0	26
2025.07.28	12:00:00	3335.79	3340.53	3325.31	3328.26	18543	0	30
2025.07.28	16:00:00	3328.22	3330.42	3301.57	3312.03	30020	0	30
2025.07.28	20:00:00	3312.01	3318.65	3308.59	3314.32	17779	0	26
2025.07.29	00:00:00	3314.66	3315.62	3307.54	3311.49	9812	0	26
2025.07.29	04:00:00	3311.42	3320.62	3308.39	3316.36	19040	0	26
2025.07.29	08:00:00	3316.38	3329.64	3311.09	3326.21	22122	0	26
2025.07.29	12:00:00	3326.19	3328.04	3314.75	3323.11	20880	0	30
2025.07.29	16:00:00	3323.12	3333.92	3311.73	3322.92	30193	0	30
2025.07.29	20:00:00	3322.90	3330.63	3322.49	3326.20	18293	0	26
2025.07.30	00:00:00	3326.70	3333.47	3325.77	3330.03	7159	0	26
2025.07.30	04:00:00	3329.92	3333.14	3321.74	3327.02	18269	0	26
2025.07.30	08:00:00	3327.02	3333.20	3322.96	3332.03	18755	0	26
2025.07.30	12:00:00	3332.02	3333.82	3310.41	3313.05	21971	0	30
2025.07.30	16:00:00	3313.17	3315.84	3288.57	3297.92	29471	0	30
2025.07.30	20:00:00	3297.98	3304.57	3268.02	3274.89	29790	0	26
2025.07.31	00:00:00	3275.31	3288.28	3273.79	3286.27	11258	0	26
2025.07.31	04:00:00	3286.35	3298.38	3285.04	3297.95	20051	0	26
2025.07.31	08:00:00	3297.95	3314.60	3294.51	3309.77	21478	0	26
2025.07.31	12:00:00	3309.68	3312.94	3293.62	3307.39	25864	0	30
2025.07.31	16:00:00	3307.41	3310.11	3289.46	3294.84	32489	0	30
2025.07.31	20:00:00	3294.83	3298.19	3289.75	3289.87	19684	0	26
2025.08.01	00:00:00	3289.90	3294.97	3286.26	3290.10	9296	0	26
2025.08.01	04:00:00	3290.10	3296.92	3281.36	3291.89	19508	0	26
2025.08.01	08:00:00	3291.90	3300.18	3285.11	3294.06	21052	0	26
2025.08.01	12:00:00	3294.09	3345.02	3292.59	3341.07	23961	0	30
2025.08.01	16:00:00	3341.05	3354.89	3338.66	3347.08	36484	0	30
2025.08.01	20:00:00	3347.07	3363.42	3345.35	3363.18	20021	0	26
2025.08.04	00:00:00	3363.89	3369.15	3350.32	3352.17	12490	0	26
2025.08.04	04:00:00	3352.18	3362.20	3345.07	3359.00	18905	0	26
2025.08.04	08:00:00	3358.99	3362.66	3351.70	3358.43	21114	0	26
2025.08.04	12:00:00	3358.44	3371.48	3353.05	3367.81	23811	0	30
2025.08.04	16:00:00	3367.83	3385.33	3367.09	3370.96	29326	0	30
2025.08.04	20:00:00	3370.95	3377.10	3370.70	3373.28	15746	0	26
2025.08.05	00:00:00	3374.74	3381.34	3373.71	3379.85	7768	0	26
2025.08.05	04:00:00	3379.92	3382.41	3371.09	3371.17	14574	0	26
2025.08.05	08:00:00	3371.16	3375.47	3365.73	3366.10	20072	0	26
2025.08.05	12:00:00	3366.08	3366.97	3349.97	3365.99	22413	0	30
2025.08.05	16:00:00	3366.09	3390.19	3365.90	3382.07	28706	0	30
2025.08.05	20:00:00	3382.11	3382.76	3378.13	3380.52	14416	0	26
2025.08.06	00:00:00	3380.21	3385.35	3378.21	3383.47	7252	0	26
2025.08.06	04:00:00	3383.50	3383.66	3372.18	3372.28	15135	0	26
2025.08.06	08:00:00	3372.27	3378.61	3364.87	3365.12	17982	0	26
2025.08.06	12:00:00	3365.10	3369.24	3358.21	3367.56	20701	0	30
2025.08.06	16:00:00	3367.58	3379.73	3365.45	3375.82	28217	0	30
2025.08.06	20:00:00	3375.88	3377.33	3366.96	3369.21	20530	0	26
2025.08.07	00:00:00	3368.05	3374.78	3365.13	3372.16	15300	0	26
2025.08.07	04:00:00	3372.19	3384.09	3370.05	3377.42	24869	0	26
2025.08.07	08:00:00	3377.41	3397.23	3371.39	3377.92	33817	0	26
2025.08.07	12:00:00	3377.93	3389.44	3371.53	3380.61	34002	0	30
2025.08.07	16:00:00	3380.59	3393.59	3375.27	3388.82	35127	0	30
2025.08.07	20:00:00	3388.80	3401.82	3384.31	3395.73	27219	0	26
2025.08.08	00:00:00	3404.26	3408.90	3387.85	3389.88	24074	0	26
2025.08.08	04:00:00	3389.98	3399.24	3381.19	3394.33	37072	0	26
2025.08.08	08:00:00	3394.36	3404.25	3388.71	3394.36	37660	0	26
2025.08.08	12:00:00	3394.38	3401.88	3380.47	3391.57	44672	0	30
2025.08.08	16:00:00	3391.67	3401.64	3381.23	3397.54	38746	0	30
2025.08.08	20:00:00	3397.52	3404.27	3377.25	3397.02	32069	0	26
2025.08.11	00:00:00	3397.62	3405.21	3381.61	3381.65	15852	0	26
2025.08.11	04:00:00	3381.62	3384.10	3367.81	3375.91	29738	0	26
2025.08.11	08:00:00	3375.92	3380.10	3357.06	3361.71	30872	0	26
2025.08.11	12:00:00	3361.73	3363.60	3344.24	3356.66	31693	0	30
2025.08.11	16:00:00	3356.65	3362.62	3341.24	3343.92	31924	0	30
2025.08.11	20:00:00	3343.96	3358.66	3341.18	3342.49	22734	0	26
2025.08.12	00:00:00	3343.67	3355.55	3342.16	3354.33	9948	0	26
2025.08.12	04:00:00	3354.33	3357.23	3346.05	3354.23	19592	0	26
2025.08.12	08:00:00	3354.26	3357.93	3342.09	3347.71	22731	0	26
2025.08.12	12:00:00	3347.72	3357.71	3335.85	3349.68	24993	0	30
2025.08.12	16:00:00	3349.68	3358.90	3330.87	3349.27	36223	0	30
2025.08.12	20:00:00	3349.26	3350.61	3345.41	3347.86	17668	0	26
2025.08.13	00:00:00	3347.42	3353.57	3342.53	3343.36	8828	0	26
2025.08.13	04:00:00	3343.38	3354.19	3342.69	3351.65	18560	0	26
2025.08.13	08:00:00	3351.65	3363.40	3345.58	3360.19	22181	0	26
2025.08.13	12:00:00	3360.22	3367.09	3355.33	3357.83	22553	0	30
2025.08.13	16:00:00	3357.89	3370.76	3354.03	3357.91	25395	0	30
2025.08.13	20:00:00	3357.91	3359.36	3349.99	3355.79	12707	0	26
2025.08.14	00:00:00	3357.06	3375.04	3356.71	3369.65	10381	0	26
2025.08.14	04:00:00	3369.60	3370.95	3355.42	3360.49	20864	0	26
2025.08.14	08:00:00	3360.51	3366.35	3341.36	3345.97	24099	0	26
2025.08.14	12:00:00	3345.96	3358.89	3341.77	3350.40	24670	0	30
2025.08.14	16:00:00	3350.31	3355.83	3329.64	3334.18	32151	0	30
2025.08.14	20:00:00	3334.18	3340.84	3331.70	3335.22	14394	0	26
2025.08.15	00:00:00	3337.19	3338.57	3332.03	3336.96	8342	0	26
2025.08.15	04:00:00	3336.98	3346.44	3333.15	3345.28	17684	0	26
2025.08.15	08:00:00	3345.27	3348.50	3338.19	3341.02	20247	0	26
2025.08.15	12:00:00	3340.99	3344.71	3333.35	3342.46	22581	0	30
2025.08.15	16:00:00	3342.50	3345.71	3332.69	3337.96	26077	0	30
2025.08.15	20:00:00	3338.03	3339.40	3334.22	3335.81	13225	0	26
2025.08.18	00:00:00	3336.15	3342.60	3323.40	3340.39	12399	0	26
2025.08.18	04:00:00	3340.36	3357.98	3339.47	3357.34	18699	0	26
2025.08.18	08:00:00	3357.33	3358.20	3344.40	3348.45	22250	0	26
2025.08.18	12:00:00	3348.43	3351.48	3342.96	3344.57	19905	0	30
2025.08.18	16:00:00	3344.34	3344.74	3331.56	3334.12	26100	0	30
2025.08.18	20:00:00	3334.15	3334.66	3330.05	3332.62	12032	0	26
2025.08.19	00:00:00	3332.80	3339.00	3325.85	3334.98	9602	0	26
2025.08.19	04:00:00	3334.97	3341.43	3329.45	3337.50	19373	0	26
2025.08.19	08:00:00	3337.50	3341.55	3334.26	3337.80	18623	0	26
2025.08.19	12:00:00	3337.79	3345.06	3334.12	3334.52	18780	0	30
2025.08.19	16:00:00	3334.64	3339.05	3316.84	3317.25	29462	0	30
2025.08.19	20:00:00	3317.27	3320.05	3314.69	3315.39	15545	0	26
2025.08.20	00:00:00	3315.81	3317.35	3312.44	3315.85	8637	0	26
2025.08.20	04:00:00	3315.86	3320.77	3311.33	3318.51	18993	0	26
2025.08.20	08:00:00	3318.52	3327.36	3317.97	3324.70	20323	0	26
2025.08.20	12:00:00	3324.75	3344.86	3323.31	3342.89	24858	0	30
2025.08.20	16:00:00	3342.85	3350.22	3338.91	3345.11	25617	0	30
2025.08.20	20:00:00	3345.12	3349.23	3344.04	3348.18	13726	0	26
2025.08.21	00:00:00	3350.47	3352.10	3341.47	3342.31	9390	0	26
2025.08.21	04:00:00	3342.36	3346.33	3338.00	3338.28	15327	0	26
2025.08.21	08:00:00	3338.30	3341.47	3334.29	3339.59	17921	0	26
2025.08.21	12:00:00	3339.60	3344.88	3325.13	3341.70	23122	0	30
2025.08.21	16:00:00	3341.72	3347.86	3335.95	3339.53	27953	0	30
2025.08.21	20:00:00	3339.54	3341.82	3336.43	3338.48	11696	0	26
2025.08.22	00:00:00	3338.50	3340.39	3334.89	3339.36	7132	0	26
2025.08.22	04:00:00	3339.48	3340.02	3327.80	3328.27	16825	0	26
2025.08.22	08:00:00	3328.25	3334.83	3325.17	3328.49	20355	0	26
2025.08.22	12:00:00	3328.56	3331.49	3321.23	3323.26	20079	0	30
2025.08.22	16:00:00	3323.30	3378.83	3323.00	3370.56	34211	0	30
2025.08.22	20:00:00	3370.57	3375.55	3368.93	3371.91	14534	0	26
2025.08.25	00:00:00	3370.52	3372.09	3363.28	3364.89	9185	0	26
2025.08.25	04:00:00	3364.92	3368.12	3359.83	3366.10	15169	0	26
2025.08.25	08:00:00	3366.05	3369.80	3363.08	3363.74	14800	0	26
2025.08.25	12:00:00	3363.66	3371.27	3361.78	3364.50	15247	0	30
2025.08.25	16:00:00	3364.49	3376.22	3361.98	3373.81	23882	0	30
2025.08.25	20:00:00	3373.83	3374.83	3364.21	3365.59	13252	0	26
2025.08.26	00:00:00	3365.73	3386.47	3351.34	3383.33	16508	0	26
2025.08.26	04:00:00	3383.36	3384.86	3369.80	3377.35	23670	0	26
2025.08.26	08:00:00	3377.40	3379.89	3367.30	3376.64	24463	0	26
2025.08.26	12:00:00	3376.63	3380.22	3367.09	3371.95	27013	0	30
2025.08.26	16:00:00	3371.97	3389.40	3370.38	3382.98	29551	0	30
2025.08.26	20:00:00	3383.01	3393.54	3380.31	3393.52	15816	0	26
2025.08.27	00:00:00	3392.78	3394.36	3388.77	3389.63	10481	0	26
2025.08.27	04:00:00	3389.70	3390.03	3373.89	3375.02	20594	0	26
2025.08.27	08:00:00	3375.06	3384.99	3373.80	3384.53	23897	0	26
2025.08.27	12:00:00	3384.55	3385.43	3374.02	3381.13	26809	0	30
2025.08.27	16:00:00	3381.20	3398.85	3375.56	3395.49	28813	0	30
2025.08.27	20:00:00	3395.48	3398.07	3392.32	3396.91	15940	0	26
2025.08.28	00:00:00	3398.97	3399.70	3391.38	3391.98	10898	0	26
2025.08.28	04:00:00	3392.00	3392.96	3384.61	3390.15	22866	0	26
2025.08.28	08:00:00	3390.17	3401.05	3387.71	3400.72	25076	0	26
2025.08.28	12:00:00	3400.73	3408.75	3393.95	3397.09	28737	0	30
2025.08.28	16:00:00	3397.17	3417.73	3394.29	3415.51	33687	0	30
2025.08.28	20:00:00	3415.49	3423.18	3414.66	3416.79	22887	0	26
2025.08.29	00:00:00	3417.63	3418.47	3413.08	3413.53	9613	0	26
2025.08.29	04:00:00	3413.54	3413.96	3407.63	3408.94	23613	0	26
2025.08.29	08:00:00	3408.95	3414.84	3406.57	3410.35	24187	0	26
2025.08.29	12:00:00	3410.37	3416.86	3404.16	3416.49	29170	0	30
2025.08.29	16:00:00	3416.53	3449.38	3413.68	3449.19	38194	0	30
2025.08.29	20:00:00	3449.08	3453.87	3441.01	3448.22	25279	0	26
2025.09.01	00:00:00	3449.01	3452.54	3442.47	3444.16	12552	0	26
2025.09.01	04:00:00	3444.11	3486.12	3437.14	3475.08	36173	0	26
2025.09.01	08:00:00	3475.10	3489.88	3467.88	3477.00	34477	0	26
2025.09.01	12:00:00	3476.99	3477.12	3466.39	3469.45	35312	0	30
2025.09.01	16:00:00	3469.50	3481.27	3468.95	3477.35	26695	0	30
2025.09.01	20:00:00	3477.36	3478.88	3476.13	3476.38	5121	0	26
2025.09.02	00:00:00	3477.68	3485.11	3474.56	3479.29	16589	0	26
2025.09.02	04:00:00	3479.30	3508.72	3476.99	3496.73	34673	0	26
2025.09.02	08:00:00	3496.71	3497.85	3470.08	3477.43	35836	0	26
2025.09.02	12:00:00	3477.47	3493.89	3473.81	3481.89	38202	0	30
2025.09.02	16:00:00	3482.02	3528.74	3478.12	3527.71	40874	0	30
2025.09.02	20:00:00	3527.74	3540.19	3521.87	3533.47	28118	0	26
2025.09.03	00:00:00	3533.32	3546.85	3526.36	3536.18	17035	0	26
2025.09.03	04:00:00	3536.16	3545.99	3529.37	3536.89	31741	0	26
2025.09.03	08:00:00	3536.93	3541.28	3527.03	3540.05	31771	0	26
2025.09.03	12:00:00	3540.08	3551.46	3532.37	3550.41	35576	0	30
2025.09.03	16:00:00	3550.37	3572.55	3549.44	3572.47	39471	0	30
2025.09.03	20:00:00	3572.53	3578.47	3558.79	3559.04	32367	0	26
2025.09.04	00:00:00	3560.62	3564.26	3552.19	3561.59	20490	0	26
2025.09.04	04:00:00	3561.62	3563.46	3511.48	3533.11	36883	0	26
2025.09.04	08:00:00	3533.11	3545.28	3524.38	3541.05	33304	0	26
2025.09.04	12:00:00	3541.07	3552.70	3536.49	3548.12	35299	0	30
2025.09.04	16:00:00	3548.05	3558.81	3535.08	3552.52	38204	0	30
2025.09.04	20:00:00	3552.51	3555.39	3542.63	3545.63	21858	0	26
2025.09.05	00:00:00	3546.17	3556.47	3539.81	3552.12	15887	0	26
2025.09.05	04:00:00	3551.97	3559.16	3546.13	3558.50	26940	0	26
2025.09.05	08:00:00	3558.51	3561.13	3544.76	3546.06	28682	0	26
2025.09.05	12:00:00	3546.07	3586.79	3545.99	3580.27	33602	0	30
2025.09.05	16:00:00	3580.35	3600.10	3573.05	3595.29	42906	0	30
2025.09.05	20:00:00	3595.40	3597.42	3586.26	3587.22	25367	0	26
2025.09.08	00:00:00	3581.27	3596.78	3578.53	3594.26	24097	0	26
2025.09.08	04:00:00	3594.17	3597.09	3579.65	3581.58	34014	0	26
2025.09.08	08:00:00	3581.65	3617.33	3581.22	3611.36	33950	0	26
2025.09.08	12:00:00	3611.32	3626.15	3608.67	3624.15	32459	0	30
2025.09.08	16:00:00	3624.33	3646.35	3620.48	3640.59	40487	0	30
2025.09.08	20:00:00	3640.58	3641.09	3631.76	3635.65	25131	0	26
2025.09.09	00:00:00	3635.55	3640.93	3628.20	3638.60	15974	0	26
2025.09.09	04:00:00	3638.61	3657.08	3636.02	3655.11	34470	0	26
2025.09.09	08:00:00	3655.01	3659.31	3636.59	3648.19	35708	0	26
2025.09.09	12:00:00	3648.18	3656.61	3643.90	3647.44	32438	0	30
2025.09.09	16:00:00	3647.43	3674.35	3626.61	3644.75	42865	0	30
2025.09.09	20:00:00	3644.74	3646.21	3625.59	3625.74	26591	0	26
2025.09.10	00:00:00	3619.90	3640.60	3618.89	3623.74	20774	0	26
2025.09.10	04:00:00	3623.73	3643.09	3620.02	3642.82	28900	0	26
2025.09.10	08:00:00	3642.79	3648.19	3639.78	3645.62	29513	0	26
2025.09.10	12:00:00	3645.65	3657.57	3640.41	3644.02	34789	0	30
2025.09.10	16:00:00	3643.99	3655.29	3638.44	3642.88	37016	0	30
2025.09.10	20:00:00	3642.79	3649.71	3634.98	3640.66	23424	0	26
2025.09.11	00:00:00	3642.09	3647.14	3638.22	3643.94	13260	0	26
2025.09.11	04:00:00	3643.97	3649.11	3629.80	3630.62	25526	0	26
2025.09.11	08:00:00	3630.70	3638.05	3622.75	3626.18	30576	0	26
2025.09.11	12:00:00	3626.22	3644.03	3612.84	3628.90	32945	0	30
2025.09.11	16:00:00	3628.91	3641.85	3618.45	3636.18	38392	0	30
2025.09.11	20:00:00	3636.26	3637.65	3630.31	3633.82	20920	0	26
2025.09.12	00:00:00	3633.42	3638.24	3630.57	3636.59	10931	0	26
2025.09.12	04:00:00	3636.62	3655.98	3636.61	3654.91	27066	0	26
2025.09.12	08:00:00	3654.90	3656.64	3639.69	3641.10	28029	0	26
2025.09.12	12:00:00	3641.03	3652.15	3637.57	3645.18	33176	0	30
2025.09.12	16:00:00	3644.80	3654.22	3641.95	3649.15	34690	0	30
2025.09.12	20:00:00	3649.12	3650.60	3641.30	3643.36	20607	0	26
2025.09.15	00:00:00	3642.45	3646.47	3632.08	3633.38	13801	0	26
2025.09.15	04:00:00	3633.43	3646.85	3626.70	3645.64	25622	0	26
2025.09.15	08:00:00	3645.66	3646.27	3633.61	3645.24	27929	0	26
2025.09.15	12:00:00	3645.22	3650.83	3635.60	3650.12	33768	0	30
2025.09.15	16:00:00	3650.10	3685.58	3646.65	3679.18	40183	0	30
2025.09.15	20:00:00	3679.21	3682.78	3675.85	3678.90	26419	0	26
2025.09.16	00:00:00	3679.43	3686.85	3676.13	3686.38	13975	0	26
2025.09.16	04:00:00	3686.42	3689.42	3674.70	3684.32	28239	0	26
2025.09.16	08:00:00	3684.32	3697.21	3680.35	3694.27	30428	0	26
2025.09.16	12:00:00	3694.26	3699.48	3686.53	3689.23	34598	0	30
2025.09.16	16:00:00	3689.25	3703.15	3678.87	3689.56	43591	0	30
2025.09.16	20:00:00	3689.53	3693.58	3686.15	3689.61	23640	0	26
2025.09.17	00:00:00	3689.51	3695.15	3689.47	3691.38	12365	0	26
2025.09.17	04:00:00	3691.29	3691.96	3674.11	3680.59	31015	0	26
2025.09.17	08:00:00	3680.58	3685.73	3662.27	3664.64	36485	0	26
2025.09.17	12:00:00	3664.59	3679.16	3659.54	3678.48	39216	0	30
2025.09.17	16:00:00	3678.51	3688.55	3672.73	3684.71	38360	0	30
2025.09.17	20:00:00	3684.72	3707.45	3646.12	3659.96	41789	0	26
2025.09.18	00:00:00	3660.05	3672.05	3655.66	3665.21	18375	0	26
2025.09.18	04:00:00	3665.23	3668.75	3652.05	3653.72	31356	0	26
2025.09.18	08:00:00	3653.71	3665.68	3633.84	3665.53	37784	0	26
2025.09.18	12:00:00	3665.55	3672.90	3662.87	3663.35	32985	0	30
2025.09.18	16:00:00	3663.37	3664.19	3627.58	3646.36	40430	0	30
2025.09.18	20:00:00	3646.36	3646.92	3640.47	3643.96	23011	0	26
2025.09.19	00:00:00	3643.26	3644.08	3636.14	3639.88	11276	0	26
2025.09.19	04:00:00	3639.87	3659.93	3631.97	3658.72	30614	0	26
2025.09.19	08:00:00	3658.72	3661.05	3643.36	3655.69	30531	0	26
2025.09.19	12:00:00	3655.66	3659.16	3644.68	3649.23	28762	0	30
2025.09.19	16:00:00	3649.11	3676.11	3643.82	3668.28	38827	0	30
2025.09.19	20:00:00	3668.26	3685.20	3668.14	3685.06	24883	0	26
2025.09.22	00:00:00	3685.92	3692.40	3683.70	3690.73	15348	0	26
2025.09.22	04:00:00	3690.72	3697.48	3685.58	3692.20	28294	0	26
2025.09.22	08:00:00	3692.21	3722.66	3691.94	3720.44	31337	0	26
2025.09.22	12:00:00	3720.46	3728.23	3712.05	3721.65	32552	0	30
2025.09.22	16:00:00	3721.73	3739.59	3713.86	3737.14	39628	0	30
2025.09.22	20:00:00	3737.15	3748.75	3737.15	3746.58	24846	0	26
2025.09.23	00:00:00	3746.18	3751.37	3738.26	3747.26	15975	0	26
2025.09.23	04:00:00	3747.27	3759.39	3737.00	3744.79	35520	0	26
2025.09.23	08:00:00	3744.80	3775.19	3743.16	3774.31	33561	0	26
2025.09.23	12:00:00	3774.25	3791.13	3774.24	3784.13	37667	0	30
2025.09.23	16:00:00	3784.05	3788.62	3764.89	3778.97	40307	0	30
2025.09.23	20:00:00	3778.96	3785.43	3751.56	3763.94	30664	0	26
2025.09.24	00:00:00	3765.70	3770.10	3758.71	3765.06	15871	0	26
2025.09.24	04:00:00	3765.07	3771.65	3750.58	3768.03	32256	0	26
2025.09.24	08:00:00	3768.00	3779.02	3766.89	3769.92	31062	0	26
2025.09.24	12:00:00	3769.92	3771.49	3759.52	3767.81	31658	0	30
2025.09.24	16:00:00	3767.79	3772.88	3732.12	3735.58	41245	0	30
2025.09.24	20:00:00	3735.65	3738.58	3717.35	3735.78	27814	0	26
2025.09.25	00:00:00	3736.77	3751.46	3736.63	3748.82	16215	0	26
2025.09.25	04:00:00	3748.79	3750.26	3729.05	3737.95	31256	0	26
2025.09.25	08:00:00	3737.92	3761.50	3733.95	3756.18	31666	0	26
2025.09.25	12:00:00	3756.04	3760.80	3730.39	3738.59	34475	0	30
2025.09.25	16:00:00	3738.62	3745.20	3721.67	3733.84	39870	0	30
2025.09.25	20:00:00	3733.83	3758.23	3732.41	3749.02	27944	0	26
2025.09.26	00:00:00	3749.81	3751.62	3738.05	3749.55	16023	0	26
2025.09.26	04:00:00	3749.62	3753.40	3734.60	3747.72	27984	0	26
2025.09.26	08:00:00	3747.71	3755.14	3739.22	3752.95	30690	0	26
2025.09.26	12:00:00	3752.94	3757.49	3743.01	3752.08	30963	0	30
2025.09.26	16:00:00	3752.12	3783.84	3751.38	3774.21	40115	0	30
2025.09.26	20:00:00	3774.23	3783.16	3761.05	3761.42	25471	0	26
2025.09.29	00:00:00	3758.81	3787.47	3756.35	3787.13	19859	0	26
2025.09.29	04:00:00	3787.11	3808.82	3767.90	3805.06	42117	0	26
2025.09.29	08:00:00	3805.05	3819.87	3801.30	3818.58	39662	0	26
2025.09.29	12:00:00	3818.55	3831.38	3806.39	3813.59	38504	0	30
2025.09.29	16:00:00	3813.73	3833.36	3808.94	3830.06	40497	0	30
2025.09.29	20:00:00	3830.07	3834.02	3822.43	3833.68	27731	0	26
2025.09.30	00:00:00	3833.86	3840.28	3825.40	3838.74	14435	0	26
2025.09.30	04:00:00	3838.66	3867.06	3837.79	3867.00	35027	0	26
2025.09.30	08:00:00	3866.97	3871.47	3807.42	3816.12	40487	0	26
2025.09.30	12:00:00	3815.99	3821.47	3792.98	3819.14	40308	0	30
2025.09.30	16:00:00	3819.12	3854.33	3811.26	3845.73	40525	0	30
2025.09.30	20:00:00	3845.83	3860.58	3839.57	3858.11	26528	0	26
2025.10.01	00:00:00	3858.97	3865.15	3854.43	3860.76	14966	0	26
2025.10.01	04:00:00	3860.46	3875.43	3855.37	3864.73	30863	0	26
2025.10.01	08:00:00	3864.65	3895.18	3853.16	3892.81	33786	0	26
2025.10.01	12:00:00	3892.83	3895.23	3864.39	3870.19	34434	0	30
2025.10.01	16:00:00	3870.20	3878.57	3855.73	3870.69	41284	0	30
2025.10.01	20:00:00	3870.71	3871.68	3854.66	3865.08	29677	0	26
2025.10.02	00:00:00	3865.93	3870.26	3855.64	3855.88	15767	0	26
2025.10.02	04:00:00	3855.85	3869.79	3852.68	3864.05	22036	0	26
2025.10.02	08:00:00	3864.07	3878.48	3861.49	3874.45	28852	0	26
2025.10.02	12:00:00	3874.44	3891.76	3873.14	3884.20	29881	0	30
2025.10.02	16:00:00	3884.32	3896.64	3819.10	3844.64	46644	0	30
2025.10.02	20:00:00	3844.60	3859.11	3840.46	3856.28	28621	0	26
2025.10.03	00:00:00	3855.14	3863.63	3852.01	3856.74	13591	0	26
2025.10.03	04:00:00	3856.76	3862.36	3837.93	3843.85	28456	0	26
2025.10.03	08:00:00	3843.87	3865.42	3843.79	3864.58	27941	0	26
2025.10.03	12:00:00	3864.52	3874.73	3854.51	3873.59	32207	0	30
2025.10.03	16:00:00	3873.60	3891.38	3866.12	3883.67	42737	0	30
2025.10.03	20:00:00	3883.47	3889.02	3876.80	3886.33	27372	0	26
2025.10.06	00:00:00	3887.51	3920.19	3883.91	3900.21	25517	0	26
2025.10.06	04:00:00	3900.69	3940.10	3899.48	3938.49	33098	0	26
2025.10.06	08:00:00	3938.50	3949.42	3922.42	3942.24	39098	0	26
2025.10.06	12:00:00	3942.24	3946.67	3926.45	3933.79	34807	0	30
2025.10.06	16:00:00	3933.95	3969.67	3927.11	3953.81	42628	0	30
2025.10.06	20:00:00	3953.80	3964.74	3951.00	3960.52	27865	0	26
2025.10.07	00:00:00	3960.25	3977.31	3958.28	3962.66	24070	0	26
2025.10.07	04:00:00	3962.61	3976.71	3955.62	3975.87	29357	0	26
2025.10.07	08:00:00	3975.74	3976.63	3940.73	3951.11	37925	0	26
2025.10.07	12:00:00	3951.10	3979.87	3951.10	3979.25	34119	0	30
2025.10.07	16:00:00	3979.28	3990.80	3961.71	3976.33	44844	0	30
2025.10.07	20:00:00	3976.34	3987.51	3974.05	3984.24	30688	0	26
2025.10.08	00:00:00	3984.25	3999.06	3982.88	3992.06	16535	0	26
2025.10.08	04:00:00	3992.14	4027.01	3984.44	4026.55	33561	0	26
2025.10.08	08:00:00	4026.54	4040.17	4021.23	4036.09	35314	0	26
2025.10.08	12:00:00	4036.10	4049.38	4030.66	4039.78	35334	0	30
2025.10.08	16:00:00	4039.78	4059.05	4026.29	4056.38	43169	0	30
2025.10.08	20:00:00	4056.40	4057.87	4031.93	4040.81	35801	0	26
2025.10.09	00:00:00	4040.21	4040.92	4001.08	4022.60	27431	0	26
2025.10.09	04:00:00	4022.79	4040.83	4002.25	4038.83	39845	0	26
2025.10.09	08:00:00	4038.83	4043.52	4022.58	4037.95	34806	0	26
2025.10.09	12:00:00	4037.89	4053.55	4033.38	4053.28	31841	0	30
2025.10.09	16:00:00	4053.27	4057.75	3963.72	3968.17	50039	0	30
2025.10.09	20:00:00	3968.56	3982.02	3944.27	3975.97	40602	0	26
2025.10.10	00:00:00	3974.02	3994.24	3958.19	3990.87	19570	0	26
2025.10.10	04:00:00	3990.74	3992.28	3946.63	3966.20	40493	0	26
2025.10.10	08:00:00	3966.21	3994.66	3952.40	3991.80	41198	0	26
2025.10.10	12:00:00	3991.86	4006.57	3980.09	3985.51	39032	0	30
2025.10.10	16:00:00	3985.51	4022.30	3970.44	3983.16	47910	0	30
2025.10.10	20:00:00	3983.27	4021.02	3974.82	4018.47	34121	0	26
2025.10.13	00:00:00	3999.31	4060.17	3998.87	4043.65	27866	0	26
2025.10.13	04:00:00	4043.55	4059.20	4035.68	4056.16	33645	0	26
2025.10.13	08:00:00	4056.17	4079.00	4055.27	4077.56	38066	0	26
2025.10.13	12:00:00	4077.57	4085.48	4070.22	4079.43	34115	0	30
2025.10.13	16:00:00	4079.48	4116.81	4078.01	4105.52	42429	0	30
2025.10.13	20:00:00	4105.53	4115.12	4090.52	4110.47	31831	0	26
2025.10.14	00:00:00	4110.84	4131.91	4106.34	4124.25	22635	0	26
2025.10.14	04:00:00	4124.34	4169.82	4122.82	4168.10	41962	0	26
2025.10.14	08:00:00	4167.87	4179.47	4090.44	4143.76	45429	0	26
2025.10.14	12:00:00	4143.77	4144.01	4103.39	4106.38	40842	0	30
2025.10.14	16:00:00	4106.44	4155.17	4097.53	4140.29	46197	0	30
2025.10.14	20:00:00	4140.21	4152.63	4134.08	4142.01	33272	0	26
2025.10.15	00:00:00	4143.96	4169.47	4140.40	4162.36	21079	0	26
2025.10.15	04:00:00	4162.37	4190.46	4161.87	4179.56	34951	0	26
2025.10.15	08:00:00	4179.54	4217.92	4176.42	4207.94	35555	0	26
2025.10.15	12:00:00	4207.97	4211.77	4164.34	4190.17	39244	0	30
2025.10.15	16:00:00	4190.09	4212.14	4179.45	4198.72	42893	0	30
2025.10.15	20:00:00	4198.81	4212.86	4182.40	4207.92	33541	0	26
2025.10.16	00:00:00	4208.53	4227.02	4199.47	4210.46	21458	0	26
2025.10.16	04:00:00	4210.49	4241.97	4210.49	4233.15	35418	0	26
2025.10.16	08:00:00	4233.31	4235.58	4203.32	4232.67	37681	0	26
2025.10.16	12:00:00	4232.81	4250.98	4221.96	4235.74	36241	0	30
2025.10.16	16:00:00	4235.83	4291.75	4234.64	4282.61	45068	0	30
2025.10.16	20:00:00	4282.63	4330.39	4273.59	4325.84	38055	0	26
2025.10.17	00:00:00	4328.98	4379.25	4328.90	4358.32	32925	0	26
2025.10.17	04:00:00	4358.42	4377.02	4278.55	4376.28	45366	0	26
2025.10.17	08:00:00	4376.15	4378.52	4311.56	4347.74	44957	0	26
2025.10.17	12:00:00	4347.72	4348.51	4283.65	4314.56	43354	0	30
2025.10.17	16:00:00	4314.50	4317.65	4200.78	4204.54	51390	0	30
2025.10.17	20:00:00	4204.75	4250.34	4186.25	4246.81	36966	0	26
2025.10.20	00:00:00	4246.45	4274.37	4218.85	4249.31	29142	0	26
2025.10.20	04:00:00	4249.32	4270.99	4229.72	4266.17	38822	0	26
2025.10.20	08:00:00	4266.16	4266.46	4221.45	4258.46	40924	0	26
2025.10.20	12:00:00	4258.54	4327.09	4245.48	4323.66	41072	0	30
2025.10.20	16:00:00	4324.00	4355.53	4292.68	4347.63	45699	0	30
2025.10.20	20:00:00	4347.69	4381.57	4337.30	4355.71	41714	0	26
2025.10.21	00:00:00	4354.46	4375.43	4353.16	4368.87	24484	0	26
2025.10.21	04:00:00	4368.86	4372.28	4333.07	4342.04	40147	0	26
2025.10.21	08:00:00	4342.00	4344.29	4244.68	4273.86	44378	0	26
2025.10.21	12:00:00	4273.87	4278.03	4205.95	4211.10	44145	0	30
2025.10.21	16:00:00	4210.91	4225.19	4080.37	4113.26	52649	0	30
2025.10.21	20:00:00	4113.35	4130.71	4093.34	4124.49	43238	0	26
2025.10.22	00:00:00	4125.42	4132.42	4004.04	4074.93	28933	0	26
2025.10.22	04:00:00	4074.96	4142.82	4064.42	4127.99	37961	0	26
2025.10.22	08:00:00	4128.00	4161.06	4059.77	4070.32	42117	0	26
2025.10.22	12:00:00	4070.35	4101.49	4014.91	4033.60	45782	0	30
2025.10.22	16:00:00	4033.62	4085.03	4010.75	4059.09	48762	0	30
2025.10.22	20:00:00	4058.58	4113.28	4043.75	4098.23	37893	0	26
2025.10.23	00:00:00	4095.42	4116.31	4065.76	4081.64	28122	0	26
2025.10.23	04:00:00	4081.87	4100.47	4071.71	4089.54	38639	0	26
2025.10.23	08:00:00	4089.54	4137.41	4083.73	4115.87	41796	0	26
2025.10.23	12:00:00	4115.96	4129.21	4099.97	4127.03	40940	0	30
2025.10.23	16:00:00	4126.83	4154.45	4125.38	4132.79	44709	0	30
2025.10.23	20:00:00	4132.77	4143.22	4107.20	4125.83	35447	0	26
2025.10.24	00:00:00	4127.80	4133.49	4105.72	4132.41	20078	0	26
2025.10.24	04:00:00	4132.46	4143.97	4102.69	4111.60	36061	0	26
2025.10.24	08:00:00	4111.82	4117.88	4047.29	4065.06	39649	0	26
2025.10.24	12:00:00	4065.04	4092.64	4043.96	4081.84	41070	0	30
2025.10.24	16:00:00	4081.86	4138.31	4078.99	4129.00	45153	0	30
2025.10.24	20:00:00	4129.08	4134.05	4096.58	4113.00	34495	0	26
2025.10.27	00:00:00	4102.31	4109.05	4058.17	4081.62	39228	0	26
2025.10.27	04:00:00	4081.53	4084.31	4053.50	4079.46	40006	0	26
2025.10.27	08:00:00	4079.47	4084.37	4024.36	4039.48	39391	0	26
2025.10.27	12:00:00	4039.49	4049.79	4013.02	4021.65	45307	0	30
2025.10.27	16:00:00	4021.81	4022.91	3971.08	4006.25	47167	0	30
2025.10.27	20:00:00	4006.24	4009.97	3978.92	3981.24	28521	0	26
2025.10.28	00:00:00	3984.46	4019.60	3972.70	4010.86	32517	0	26
2025.10.28	04:00:00	4010.85	4013.83	3958.84	3966.34	35757	0	26
2025.10.28	08:00:00	3966.37	3968.47	3886.39	3904.56	42885	0	26
2025.10.28	12:00:00	3904.52	3940.24	3899.91	3938.46	46170	0	30
2025.10.28	16:00:00	3938.46	3970.09	3934.46	3962.24	43887	0	30
2025.10.28	20:00:00	3962.21	3963.85	3945.12	3952.32	25270	0	26
2025.10.29	00:00:00	3954.90	3981.95	3915.71	3973.53	35130	0	26
2025.10.29	04:00:00	3973.49	3974.27	3944.33	3962.31	38704	0	26
2025.10.29	08:00:00	3962.32	4029.32	3959.63	4023.81	42337	0	26
2025.10.29	12:00:00	4023.83	4030.05	4002.37	4012.22	43805	0	30
2025.10.29	16:00:00	4012.04	4022.13	3985.47	3994.54	40543	0	30
2025.10.29	20:00:00	3994.41	4007.00	3927.78	3929.63	33717	0	26
2025.10.30	00:00:00	3930.42	3966.24	3915.29	3947.76	36107	0	26
2025.10.30	04:00:00	3947.75	3982.02	3914.89	3963.48	39557	0	26
2025.10.30	08:00:00	3963.47	4011.71	3955.77	3998.35	39834	0	26
2025.10.30	12:00:00	3997.82	4000.81	3959.94	3995.11	43083	0	30
2025.10.30	16:00:00	3995.07	4017.65	3986.32	4004.56	43011	0	30
2025.10.30	20:00:00	4004.81	4027.18	4000.09	4024.12	25190	0	26
2025.10.31	00:00:00	4023.09	4045.60	4012.55	4018.56	46504	0	26
2025.10.31	04:00:00	4018.61	4018.85	3988.72	4004.92	47529	0	26
2025.10.31	08:00:00	4005.00	4026.57	3998.70	4008.30	38969	0	26
2025.10.31	12:00:00	4008.25	4036.14	4001.57	4016.44	40572	0	30
2025.10.31	16:00:00	4016.57	4027.22	3972.48	3997.49	44334	0	30
2025.10.31	20:00:00	3997.48	4009.99	3991.13	4001.83	23991	0	26
2025.11.03	00:00:00	3981.05	4001.62	3962.43	3995.68	29077	0	26
2025.11.03	04:00:00	3995.61	4018.60	3990.26	4013.89	37266	0	26
2025.11.03	08:00:00	4013.90	4027.46	3993.17	4000.56	38640	0	26
2025.11.03	12:00:00	4000.66	4020.40	3994.01	4015.88	39165	0	30
2025.11.03	16:00:00	4015.90	4030.63	3994.95	4006.03	42626	0	30
2025.11.03	20:00:00	4005.98	4014.59	3994.66	4000.99	30246	0	26
2025.11.04	00:00:00	4001.57	4005.93	3977.73	3987.22	25919	0	26
2025.11.04	04:00:00	3987.19	3999.21	3972.89	3973.28	36945	0	26
2025.11.04	08:00:00	3973.26	4000.49	3966.67	3990.97	36593	0	26
2025.11.04	12:00:00	3990.95	4000.06	3971.70	3975.52	36117	0	30
2025.11.04	16:00:00	3975.46	3977.44	3928.55	3954.85	43304	0	30
2025.11.04	20:00:00	3954.82	3956.65	3930.31	3931.51	32083	0	26
2025.11.05	00:00:00	3931.84	3949.24	3928.76	3936.89	25432	0	26
2025.11.05	04:00:00	3936.85	3978.39	3935.32	3964.62	33147	0	26
2025.11.05	08:00:00	3964.67	3987.24	3961.72	3971.76	35266	0	26
2025.11.05	12:00:00	3971.73	3979.71	3955.99	3975.81	35133	0	30
2025.11.05	16:00:00	3975.82	3990.35	3963.67	3982.02	40246	0	30
2025.11.05	20:00:00	3982.06	3990.15	3977.95	3978.94	26775	0	26
2025.11.06	00:00:00	3979.44	3979.44	3964.71	3976.63	22929	0	26
2025.11.06	04:00:00	3976.62	3991.07	3974.20	3987.73	30256	0	26
2025.11.06	08:00:00	3987.81	4016.69	3982.17	4011.02	35144	0	26
2025.11.06	12:00:00	4011.03	4019.57	4003.19	4012.10	34889	0	30
2025.11.06	16:00:00	4012.12	4013.84	3965.54	3986.20	44646	0	30
2025.11.06	20:00:00	3986.19	3995.02	3976.31	3976.57	31442	0	26
2025.11.07	00:00:00	3976.15	4002.60	3973.98	4001.54	18980	0	26
2025.11.07	04:00:00	4001.61	4003.37	3985.43	3995.05	26294	0	26
2025.11.07	08:00:00	3994.99	4013.97	3992.28	4006.29	31040	0	26
2025.11.07	12:00:00	4006.28	4012.14	3991.11	3997.50	34200	0	30
2025.11.07	16:00:00	3997.48	4027.56	3984.08	4005.18	43119	0	30
2025.11.07	20:00:00	4005.27	4008.82	3994.02	4001.22	26870	0	26
2025.11.10	00:00:00	4000.51	4053.12	3997.64	4043.90	24326	0	26
2025.11.10	04:00:00	4043.80	4069.43	4037.40	4069.00	32741	0	26
2025.11.10	08:00:00	4069.01	4085.88	4066.94	4076.45	35570	0	26
2025.11.10	12:00:00	4076.53	4105.77	4075.55	4091.70	37014	0	30
2025.11.10	16:00:00	4091.73	4102.33	4074.70	4102.20	41736	0	30
2025.11.10	20:00:00	4102.19	4116.48	4101.25	4115.53	32270	0	26
2025.11.11	00:00:00	4115.26	4140.83	4114.63	4136.15	24829	0	26
2025.11.11	04:00:00	4136.09	4148.52	4123.98	4130.81	34016	0	26
2025.11.11	08:00:00	4130.74	4145.96	4124.65	4141.84	34046	0	26
2025.11.11	12:00:00	4141.64	4146.43	4133.05	4142.24	34483	0	30
2025.11.11	16:00:00	4142.30	4142.94	4096.92	4114.09	42198	0	30
2025.11.11	20:00:00	4114.18	4131.84	4106.55	4126.01	30556	0	26
2025.11.12	00:00:00	4126.50	4145.22	4125.48	4131.43	26352	0	26
2025.11.12	04:00:00	4131.41	4135.26	4098.80	4104.53	38526	0	26
2025.11.12	08:00:00	4104.49	4133.37	4103.07	4124.45	39238	0	26
2025.11.12	12:00:00	4124.47	4139.57	4117.99	4126.91	40339	0	30
2025.11.12	16:00:00	4126.98	4206.23	4125.07	4199.08	47449	0	30
2025.11.12	20:00:00	4199.06	4211.71	4190.71	4195.22	37274	0	26
2025.11.13	00:00:00	4201.80	4209.08	4179.69	4192.21	28767	0	26
2025.11.13	04:00:00	4192.16	4219.43	4183.45	4212.09	42883	0	26
2025.11.13	08:00:00	4211.92	4239.36	4203.13	4232.93	38092	0	26
2025.11.13	12:00:00	4232.90	4245.24	4219.27	4231.60	39826	0	30
2025.11.13	16:00:00	4231.71	4232.26	4184.52	4201.55	46389	0	30
2025.11.13	20:00:00	4201.74	4203.08	4145.12	4170.81	37728	0	26
2025.11.14	00:00:00	4171.12	4193.52	4169.88	4189.95	27395	0	26
2025.11.14	04:00:00	4190.07	4211.08	4183.84	4189.82	39737	0	26
2025.11.14	08:00:00	4189.77	4193.09	4158.60	4169.07	40531	0	26
2025.11.14	12:00:00	4169.08	4170.74	4040.70	4055.72	44156	0	30
2025.11.14	16:00:00	4055.72	4111.18	4031.88	4099.63	46273	0	30
2025.11.14	20:00:00	4099.62	4103.47	4075.11	4084.89	32018	0	26
2025.11.17	00:00:00	4086.11	4106.62	4074.15	4091.05	27488	0	26
2025.11.17	04:00:00	4090.97	4093.49	4049.50	4058.18	39081	0	26
2025.11.17	08:00:00	4058.18	4095.56	4054.30	4081.74	38465	0	26
2025.11.17	12:00:00	4081.76	4091.99	4060.84	4065.10	37784	0	30
2025.11.17	16:00:00	4064.85	4081.85	4052.06	4073.16	42813	0	30
2025.11.17	20:00:00	4073.26	4076.14	4006.81	4045.10	35496	0	26
2025.11.18	00:00:00	4044.02	4055.35	4022.20	4024.88	27336	0	26
2025.11.18	04:00:00	4024.88	4035.74	4004.96	4018.73	36670	0	26
2025.11.18	08:00:00	4018.83	4046.95	3997.96	4040.01	37453	0	26
2025.11.18	12:00:00	4040.02	4070.03	4028.71	4065.01	38228	0	30
2025.11.18	16:00:00	4064.99	4081.90	4040.33	4071.16	46642	0	30
2025.11.18	20:00:00	4071.19	4082.00	4062.93	4067.31	32906	0	26
2025.11.19	00:00:00	4067.97	4078.13	4056.06	4058.88	22418	0	26
2025.11.19	04:00:00	4058.88	4097.34	4055.49	4095.29	35326	0	26
2025.11.19	08:00:00	4095.36	4116.38	4077.96	4113.20	34890	0	26
2025.11.19	12:00:00	4113.19	4119.89	4100.62	4110.21	38865	0	30
2025.11.19	16:00:00	4110.26	4132.33	4055.66	4078.73	48432	0	30
2025.11.19	20:00:00	4078.63	4091.05	4065.38	4077.65	36821	0	26
2025.11.20	00:00:00	4079.44	4110.23	4078.77	4081.18	26576	0	26
2025.11.20	04:00:00	4081.18	4085.58	4041.11	4066.52	37513	0	26
2025.11.20	08:00:00	4066.50	4077.36	4038.35	4063.90	40211	0	26
2025.11.20	12:00:00	4064.04	4096.17	4051.03	4080.22	38321	0	30
2025.11.20	16:00:00	4080.08	4107.05	4043.49	4065.89	50871	0	30
2025.11.20	20:00:00	4065.73	4087.20	4056.09	4077.13	36018	0	26
2025.11.21	00:00:00	4076.16	4088.47	4060.38	4068.28	22148	0	26
2025.11.21	04:00:00	4068.24	4079.77	4039.78	4058.40	36407	0	26
2025.11.21	08:00:00	4058.44	4064.32	4021.99	4050.38	40974	0	26
2025.11.21	12:00:00	4050.36	4080.80	4030.85	4079.24	44467	0	30
2025.11.21	16:00:00	4079.26	4101.09	4054.87	4085.32	49182	0	30
2025.11.21	20:00:00	4085.25	4092.10	4054.42	4065.73	33104	0	26
2025.11.24	00:00:00	4071.69	4077.59	4042.48	4044.07	25042	0	26
2025.11.24	04:00:00	4043.98	4060.98	4039.46	4046.12	34706	0	26
2025.11.24	08:00:00	4046.18	4074.00	4044.99	4071.66	37970	0	26
2025.11.24	12:00:00	4071.71	4085.88	4062.95	4077.53	36322	0	30
2025.11.24	16:00:00	4077.48	4100.20	4068.27	4093.03	42094	0	30
2025.11.24	20:00:00	4092.61	4139.76	4087.74	4134.25	31874	0	26
2025.11.25	00:00:00	4133.37	4144.16	4122.47	4134.53	29880	0	26
2025.11.25	04:00:00	4134.51	4155.69	4132.31	4150.81	39796	0	26
2025.11.25	08:00:00	4150.86	4151.81	4108.72	4128.27	41098	0	26
2025.11.25	12:00:00	4128.25	4150.70	4116.02	4147.63	40933	0	30
2025.11.25	16:00:00	4147.53	4159.15	4111.02	4145.72	39998	0	30
2025.11.25	20:00:00	4145.72	4150.41	4127.47	4130.16	30197	0	26
2025.11.26	00:00:00	4131.46	4152.49	4129.36	4147.89	21673	0	26
2025.11.26	04:00:00	4147.90	4169.24	4146.83	4162.09	35526	0	26
2025.11.26	08:00:00	4162.07	4168.42	4146.60	4162.69	23684	0	26
2025.11.26	12:00:00	4162.90	4173.26	4148.85	4153.22	20585	0	30
2025.11.26	16:00:00	4153.36	4169.76	4136.51	4167.13	23984	0	30
2025.11.26	20:00:00	4167.16	4171.49	4158.01	4163.74	17454	0	30
2025.11.27	00:00:00	4165.30	4168.55	4148.63	4154.14	11253	0	32
2025.11.27	04:00:00	4154.46	4156.09	4142.64	4146.97	17134	0	32
2025.11.27	08:00:00	4146.99	4167.08	4146.96	4158.67	18809	0	30
2025.11.27	12:00:00	4158.70	4162.43	4149.14	4154.98	15828	0	30
2025.11.27	16:00:00	4155.11	4161.66	4151.38	4157.72	13896	0	30
2025.11.27	20:00:00	4157.73	4158.44	4155.71	4156.24	1182	0	30
2025.11.28	00:00:00	4160.28	4193.00	4158.18	4191.08	10439	0	32
2025.11.28	04:00:00	4191.03	4191.90	4175.13	4182.41	8365	0	32
2025.11.28	08:00:00	4182.19	4188.67	4153.79	4165.08	5701	0	30
2025.11.28	12:00:00	4165.02	4182.78	4160.77	4182.35	7096	0	27
2025.11.28	16:00:00	4182.42	4216.51	4182.42	4216.51	15012	0	31
2025.11.28	20:00:00	4216.32	4225.99	4211.02	4218.55	4853	0	33
2025.12.01	00:00:00	4222.54	4255.82	4205.78	4255.32	20046	0	25
2025.12.01	04:00:00	4255.46	4256.24	4215.79	4229.63	25118	0	30
2025.12.01	08:00:00	4229.73	4253.29	4226.25	4249.88	17582	0	30
2025.12.01	12:00:00	4249.87	4264.54	4244.17	4247.27	21143	0	30
2025.12.01	16:00:00	4247.14	4249.23	4219.56	4232.32	29156	0	30
2025.12.01	20:00:00	4232.54	4244.52	4229.25	4232.10	20143	0	30
2025.12.02	00:00:00	4231.64	4235.82	4199.29	4219.48	14811	0	32
2025.12.02	04:00:00	4219.40	4226.27	4214.11	4224.83	18933	0	32
2025.12.02	08:00:00	4224.86	4226.15	4181.16	4191.86	19829	0	30
2025.12.02	12:00:00	4191.79	4215.08	4182.29	4212.29	19576	0	30
2025.12.02	16:00:00	4212.26	4230.42	4163.70	4193.75	28468	0	30
2025.12.02	20:00:00	4193.68	4212.17	4183.18	4205.60	18475	0	30
2025.12.03	00:00:00	4208.87	4220.95	4202.68	4214.32	14431	0	32
2025.12.03	04:00:00	4214.29	4228.80	4203.45	4207.53	18517	0	32
2025.12.03	08:00:00	4207.64	4211.69	4196.98	4202.02	18969	0	30
2025.12.03	12:00:00	4202.02	4238.21	4194.53	4237.10	20362	0	30
2025.12.03	16:00:00	4237.08	4241.42	4195.79	4211.02	27822	0	30
2025.12.03	20:00:00	4211.34	4212.70	4195.14	4203.05	18719	0	30
2025.12.04	00:00:00	4204.01	4216.80	4202.57	4209.16	12884	0	32
2025.12.04	04:00:00	4209.13	4209.13	4175.25	4181.01	21114	0	32
2025.12.04	08:00:00	4181.04	4202.14	4178.53	4199.81	22208	0	30
2025.12.04	12:00:00	4199.80	4206.45	4185.50	4198.27	20812	0	30
2025.12.04	16:00:00	4198.32	4219.42	4191.31	4216.41	26661	0	30
2025.12.04	20:00:00	4216.30	4217.31	4199.63	4208.64	19061	0	30
2025.12.05	00:00:00	4208.19	4210.27	4194.71	4203.05	12454	0	32
2025.12.05	04:00:00	4203.01	4221.01	4196.67	4220.29	18625	0	32
2025.12.05	08:00:00	4220.35	4230.77	4215.91	4223.22	18345	0	30
2025.12.05	12:00:00	4223.21	4238.92	4219.96	4234.45	17593	0	30
2025.12.05	16:00:00	4234.96	4259.16	4198.59	4217.46	28175	0	30
2025.12.05	20:00:00	4217.16	4219.06	4191.95	4195.97	19682	0	30
2025.12.08	00:00:00	4198.88	4211.60	4194.06	4201.10	14580	0	30
2025.12.08	04:00:00	4200.88	4216.96	4198.60	4216.96	17672	0	30
2025.12.08	08:00:00	4216.96	4218.88	4203.05	4207.96	18692	0	30
2025.12.08	12:00:00	4207.91	4215.40	4197.92	4201.64	18834	0	30
2025.12.08	16:00:00	4201.71	4211.55	4176.39	4194.69	26231	0	30
2025.12.08	20:00:00	4195.23	4195.59	4184.17	4190.52	17674	0	30
2025.12.09	00:00:00	4190.93	4197.34	4188.75	4196.04	11173	0	32
2025.12.09	04:00:00	4195.97	4198.62	4178.10	4179.72	18833	0	32
2025.12.09	08:00:00	4179.80	4212.73	4169.98	4202.88	21768	0	30
2025.12.09	12:00:00	4202.70	4208.27	4195.78	4201.25	20518	0	30
2025.12.09	16:00:00	4201.38	4221.13	4189.46	4202.96	27879	0	30
2025.12.09	20:00:00	4202.96	4215.91	4201.24	4208.13	20146	0	30
2025.12.10	00:00:00	4209.68	4217.97	4206.80	4213.71	11791	0	28
2025.12.10	04:00:00	4213.69	4218.68	4201.68	4211.39	16940	0	32
2025.12.10	08:00:00	4211.33	4211.61	4192.56	4194.26	19516	0	30
2025.12.10	12:00:00	4194.28	4204.98	4187.72	4200.65	20047	0	30
2025.12.10	16:00:00	4200.66	4206.76	4188.89	4199.62	24871	0	30
2025.12.10	20:00:00	4199.73	4238.55	4181.90	4228.40	23801	0	30
2025.12.11	00:00:00	4228.67	4247.53	4223.83	4238.20	13901	0	36
2025.12.11	04:00:00	4238.19	4240.62	4206.06	4207.40	19746	0	36
2025.12.11	08:00:00	4207.53	4221.48	4204.23	4218.45	17983	0	30
2025.12.11	12:00:00	4218.46	4225.82	4205.35	4220.91	18985	0	30
2025.12.11	16:00:00	4221.05	4281.73	4217.86	4278.59	27870	0	30
2025.12.11	20:00:00	4278.49	4285.84	4263.17	4279.65	19948	0	30
2025.12.12	00:00:00	4281.72	4283.39	4264.59	4270.91	13310	0	32
2025.12.12	04:00:00	4270.74	4280.45	4266.01	4278.84	16816	0	32
2025.12.12	08:00:00	4278.85	4320.11	4276.70	4318.09	20120	0	30
2025.12.12	12:00:00	4318.18	4346.04	4314.68	4340.87	23463	0	30
2025.12.12	16:00:00	4340.88	4353.35	4257.71	4294.16	30907	0	30
2025.12.12	20:00:00	4294.91	4304.11	4288.49	4300.29	20365	0	30
2025.12.15	00:00:00	4300.21	4325.56	4294.53	4322.47	14002	0	32
2025.12.15	04:00:00	4322.25	4344.23	4319.36	4343.42	19033	0	32
2025.12.15	08:00:00	4343.44	4350.17	4333.49	4342.74	19457	0	30
2025.12.15	12:00:00	4342.49	4348.23	4330.77	4332.07	19552	0	30
2025.12.15	16:00:00	4331.77	4336.61	4285.33	4304.37	29504	0	30
2025.12.15	20:00:00	4304.26	4317.64	4299.61	4305.01	19702	0	30
2025.12.16	00:00:00	4305.91	4317.76	4299.12	4308.84	13546	0	32
2025.12.16	04:00:00	4308.87	4312.08	4271.67	4284.03	21872	0	32
2025.12.16	08:00:00	4284.11	4292.10	4275.19	4280.33	19467	0	30
2025.12.16	12:00:00	4280.38	4313.18	4273.80	4312.94	20233	0	30
2025.12.16	16:00:00	4312.96	4334.89	4291.21	4303.68	28144	0	30
2025.12.16	20:00:00	4303.51	4315.76	4297.28	4302.28	19473	0	30
2025.12.17	00:00:00	4302.67	4326.71	4301.50	4326.60	11976	0	32
2025.12.17	04:00:00	4326.57	4342.14	4311.12	4333.80	21186	0	32
2025.12.17	08:00:00	4334.00	4337.64	4308.38	4316.81	20406	0	30
2025.12.17	12:00:00	4316.79	4343.96	4306.67	4341.98	19779	0	30
2025.12.17	16:00:00	4342.01	4348.76	4320.27	4342.29	29841	0	30
2025.12.17	20:00:00	4342.40	4346.25	4328.86	4338.22	21088	0	30
2025.12.18	00:00:00	4339.96	4342.96	4324.45	4331.45	13405	0	32
2025.12.18	04:00:00	4331.40	4337.62	4328.58	4333.22	19335	0	32
2025.12.18	08:00:00	4333.26	4337.57	4320.83	4323.46	18178	0	30
2025.12.18	12:00:00	4323.41	4342.81	4314.58	4336.50	18154	0	30
2025.12.18	16:00:00	4335.34	4374.41	4308.69	4333.22	30289	0	30
2025.12.18	20:00:00	4333.34	4341.24	4322.77	4332.60	21774	0	30
2025.12.19	00:00:00	4333.96	4336.78	4309.18	4323.23	11432	0	32
2025.12.19	04:00:00	4323.21	4328.91	4312.61	4325.86	17105	0	32
2025.12.19	08:00:00	4325.90	4333.50	4321.02	4329.41	17306	0	30
2025.12.19	12:00:00	4329.30	4335.18	4320.61	4328.27	18944	0	30
2025.12.19	16:00:00	4328.34	4355.88	4319.79	4353.41	26628	0	30
2025.12.19	20:00:00	4353.25	4356.45	4336.59	4338.51	16494	0	30
2025.12.22	00:00:00	4339.74	4384.67	4337.94	4382.92	13938	0	32
2025.12.22	04:00:00	4382.44	4409.40	4378.48	4399.92	18460	0	32
2025.12.22	08:00:00	4400.06	4420.28	4398.77	4411.01	17279	0	30
2025.12.22	12:00:00	4411.23	4427.24	4406.06	4423.63	18110	0	30
2025.12.22	16:00:00	4424.16	4442.03	4412.03	4438.45	24717	0	30
2025.12.22	20:00:00	4438.93	4448.97	4428.84	4443.62	15468	0	30
2025.12.23	00:00:00	4447.45	4490.60	4445.36	4486.62	14197	0	32
2025.12.23	04:00:00	4486.59	4497.65	4474.86	4475.18	19803	0	32
2025.12.23	08:00:00	4475.12	4493.14	4469.45	4480.35	18209	0	30
2025.12.23	12:00:00	4480.41	4497.23	4473.21	4479.00	18707	0	30
2025.12.23	16:00:00	4478.66	4479.82	4430.58	4472.64	28047	0	30
2025.12.23	20:00:00	4472.87	4499.73	4472.80	4484.57	18625	0	30
2025.12.24	00:00:00	4487.25	4525.66	4483.39	4518.66	15706	0	32
2025.12.24	04:00:00	4518.69	4519.11	4471.15	4488.37	21189	0	32
2025.12.24	08:00:00	4488.37	4498.02	4478.13	4494.60	19400	0	30
2025.12.24	12:00:00	4494.60	4499.84	4474.72	4487.75	19455	0	30
2025.12.24	16:00:00	4487.80	4489.31	4448.31	4480.53	27549	0	30
2025.12.26	00:00:00	4495.17	4530.87	4469.38	4503.95	16045	0	26
2025.12.26	04:00:00	4503.78	4514.83	4492.29	4509.94	20884	0	32
2025.12.26	08:00:00	4509.83	4520.31	4507.18	4512.68	17758	0	32
2025.12.26	12:00:00	4512.66	4528.34	4503.07	4525.18	20388	0	32
2025.12.26	16:00:00	4525.36	4549.86	4510.12	4519.14	27880	0	32
2025.12.26	20:00:00	4518.83	4535.58	4514.85	4531.87	21401	0	32
2025.12.29	00:00:00	4539.30	4549.55	4472.63	4497.32	20539	0	32
2025.12.29	04:00:00	4497.17	4520.20	4496.50	4506.37	20470	0	32
2025.12.29	08:00:00	4506.70	4510.54	4447.21	4472.11	24892	0	32
2025.12.29	12:00:00	4472.08	4474.42	4407.17	4421.58	22633	0	32
2025.12.29	16:00:00	4421.00	4421.00	4303.02	4328.06	29650	0	32
2025.12.29	20:00:00	4328.58	4344.38	4322.91	4331.84	20543	0	36
2025.12.30	00:00:00	4333.38	4360.10	4323.60	4360.10	15967	0	38
2025.12.30	04:00:00	4360.04	4380.10	4348.75	4377.50	19904	0	38
2025.12.30	08:00:00	4377.49	4383.31	4350.16	4371.93	22063	0	36
2025.12.30	12:00:00	4371.93	4404.18	4367.63	4388.42	22552	0	36
2025.12.30	16:00:00	4388.33	4391.96	4354.77	4370.14	28155	0	36
2025.12.30	20:00:00	4370.11	4378.56	4334.76	4338.55	21693	0	36
2025.12.31	00:00:00	4340.50	4373.20	4328.84	4366.02	15435	0	32
2025.12.31	04:00:00	4366.25	4371.02	4276.10	4285.84	24356	0	38
2025.12.31	08:00:00	4285.83	4337.13	4274.24	4325.71	21446	0	36
2025.12.31	12:00:00	4325.68	4348.22	4303.07	4345.64	20419	0	36
2025.12.31	16:00:00	4345.72	4353.31	4317.05	4321.77	27077	0	36
2025.12.31	20:00:00	4321.57	4331.32	4304.45	4313.14	17429	0	36
2026.01.02	00:00:00	4325.40	4355.89	4324.23	4347.84	13301	0	38
2026.01.02	04:00:00	4347.82	4381.59	4344.94	4380.59	18118	0	38
2026.01.02	08:00:00	4380.58	4397.35	4371.90	4385.34	18890	0	36
2026.01.02	12:00:00	4385.48	4402.17	4361.93	4365.95	20730	0	36
2026.01.02	16:00:00	4365.99	4373.51	4314.99	4322.94	28900	0	36
2026.01.02	20:00:00	4322.90	4333.22	4309.89	4332.89	20858	0	36
2026.01.05	00:00:00	4353.81	4419.88	4344.94	4401.89	18309	0	38
2026.01.05	04:00:00	4401.79	4414.31	4388.60	4412.44	21068	0	38
2026.01.05	08:00:00	4412.33	4437.83	4411.24	4434.75	20542	0	36
2026.01.05	12:00:00	4434.77	4439.71	4396.12	4416.72	23399	0	32
2026.01.05	16:00:00	4416.87	4455.58	4416.87	4443.47	28044	0	32
2026.01.05	20:00:00	4443.41	4449.11	4435.03	4448.86	19367	0	32
2026.01.06	00:00:00	4449.14	4459.87	4427.89	4450.49	14814	0	34
2026.01.06	04:00:00	4450.86	4474.06	4448.57	4452.17	20534	0	34
2026.01.06	08:00:00	4452.77	4475.70	4444.78	4446.21	20831	0	32
2026.01.06	12:00:00	4446.16	4470.37	4442.74	4467.88	20979	0	32
2026.01.06	16:00:00	4468.12	4491.30	4463.24	4489.38	27543	0	32
2026.01.06	20:00:00	4489.14	4497.20	4477.30	4494.62	20020	0	32
2026.01.07	00:00:00	4495.38	4500.42	4461.09	4465.41	15222	0	34
2026.01.07	04:00:00	4465.36	4480.14	4443.47	4454.30	22113	0	34
2026.01.07	08:00:00	4454.28	4474.54	4441.42	4463.49	20257	0	32
2026.01.07	12:00:00	4463.12	4467.60	4427.84	4452.86	21622	0	32
2026.01.07	16:00:00	4452.65	4468.24	4423.44	4451.84	27326	0	32
2026.01.07	20:00:00	4451.53	4461.63	4445.34	4456.33	19543	0	32
2026.01.08	00:00:00	4455.78	4466.16	4441.96	4448.32	13898	0	34
2026.01.08	04:00:00	4448.29	4449.44	4415.63	4425.56	22645	0	34
2026.01.08	08:00:00	4425.42	4439.63	4415.93	4432.68	22225	0	32
2026.01.08	12:00:00	4432.69	4435.91	4407.74	4423.68	22147	0	32
2026.01.08	16:00:00	4422.49	4465.21	4419.14	4463.40	27523	0	32
2026.01.08	20:00:00	4463.10	4479.38	4444.69	4477.34	19983	0	32
2026.01.09	00:00:00	4479.71	4483.88	4452.80	4468.83	13917	0	34
2026.01.09	04:00:00	4468.86	4476.35	4458.24	4467.95	18599	0	34
2026.01.09	08:00:00	4468.47	4477.44	4464.07	4471.07	18185	0	32
2026.01.09	12:00:00	4471.06	4491.62	4459.44	4482.67	19877	0	32
2026.01.09	16:00:00	4482.80	4517.01	4479.34	4484.52	27953	0	32
2026.01.09	20:00:00	4483.50	4511.08	4483.05	4509.81	18490	0	32
2026.01.12	00:00:00	4520.67	4600.99	4513.13	4570.50	19071	0	34
2026.01.12	04:00:00	4569.74	4584.76	4561.70	4580.68	21636	0	34
2026.01.12	08:00:00	4580.63	4599.18	4569.69	4589.01	21213	0	32
2026.01.12	12:00:00	4589.23	4620.09	4578.46	4615.75	20855	0	32
2026.01.12	16:00:00	4615.71	4630.09	4584.98	4616.37	27593	0	32
2026.01.12	20:00:00	4616.41	4618.79	4589.16	4597.31	20761	0	32
2026.01.13	00:00:00	4596.41	4607.76	4575.53	4577.76	15960	0	32
2026.01.13	04:00:00	4577.10	4602.03	4576.58	4591.95	19840	0	34
2026.01.13	08:00:00	4591.82	4596.99	4573.60	4586.01	19579	0	32
2026.01.13	12:00:00	4586.05	4620.75	4577.72	4611.39	19733	0	32
2026.01.13	16:00:00	4611.25	4634.57	4586.61	4590.30	28226	0	32
2026.01.13	20:00:00	4590.20	4601.92	4569.80	4586.42	22729	0	32
2026.01.14	00:00:00	4589.40	4619.78	4587.49	4619.08	14754	0	34
2026.01.14	04:00:00	4619.09	4639.47	4613.32	4620.09	21484	0	34
2026.01.14	08:00:00	4619.52	4639.48	4618.50	4630.33	21668	0	32
2026.01.14	12:00:00	4630.43	4641.58	4624.69	4635.60	21794	0	32
2026.01.14	16:00:00	4635.69	4638.85	4599.36	4614.21	29524	0	32
2026.01.14	20:00:00	4613.61	4642.71	4612.69	4626.35	24019	0	32
2026.01.15	00:00:00	4630.20	4632.51	4583.64	4599.93	17695	0	32
2026.01.15	04:00:00	4599.94	4614.52	4581.04	4595.20	24244	0	34
2026.01.15	08:00:00	4594.93	4613.44	4593.59	4612.53	21254	0	32
2026.01.15	12:00:00	4612.44	4622.92	4582.41	4587.78	21595	0	32
2026.01.15	16:00:00	4588.07	4624.67	4583.26	4616.41	27753	0	32
2026.01.15	20:00:00	4616.55	4621.39	4600.81	4615.76	21259	0	32
2026.01.16	00:00:00	4618.68	4620.55	4593.91	4600.63	15280	0	34
2026.01.16	04:00:00	4600.47	4615.92	4591.31	4611.40	19628	0	34
2026.01.16	08:00:00	4611.39	4612.21	4594.10	4600.63	18918	0	32
2026.01.16	12:00:00	4600.67	4615.78	4582.59	4601.82	19613	0	32
2026.01.16	16:00:00	4601.79	4620.21	4536.74	4581.33	28999	0	32
2026.01.16	20:00:00	4580.93	4598.27	4580.03	4595.46	20798	0	32
2026.01.19	00:00:00	4629.18	4690.36	4619.61	4657.24	19558	0	34
2026.01.19	04:00:00	4657.05	4674.15	4653.11	4669.76	18348	0	44
2026.01.19	08:00:00	4669.79	4678.92	4661.75	4668.28	17778	0	32
2026.01.19	12:00:00	4668.20	4673.65	4659.72	4665.95	16168	0	32
2026.01.19	16:00:00	4665.98	4678.77	4661.55	4676.17	16948	0	37
2026.01.19	20:00:00	4676.09	4680.08	4667.08	4670.68	4443	0	37
2026.01.20	00:00:00	4671.98	4676.73	4659.47	4669.55	12178	0	32
2026.01.20	04:00:00	4669.47	4716.55	4665.38	4714.45	20057	0	44
2026.01.20	08:00:00	4714.49	4737.27	4705.53	4732.34	20852	0	37
2026.01.20	12:00:00	4732.36	4738.20	4715.40	4737.09	20689	0	37
2026.01.20	16:00:00	4736.11	4762.36	4722.43	4759.19	27735	0	37
2026.01.20	20:00:00	4758.99	4766.17	4747.55	4763.36	22155	0	37
2026.01.21	00:00:00	4762.12	4843.95	4757.75	4835.06	14855	0	40
2026.01.21	04:00:00	4835.28	4878.05	4817.19	4869.57	22636	0	44
2026.01.21	08:00:00	4869.82	4888.25	4832.52	4860.27	23665	0	37
2026.01.21	12:00:00	4860.20	4880.15	4855.08	4879.28	21148	0	37
2026.01.21	16:00:00	4879.21	4880.80	4802.56	4826.15	30929	0	37
2026.01.21	20:00:00	4825.92	4853.77	4755.88	4831.05	26261	0	37
2026.01.22	00:00:00	4835.16	4835.16	4772.34	4797.89	16852	0	40
2026.01.22	04:00:00	4797.66	4821.52	4774.73	4821.18	20550	0	44
2026.01.22	08:00:00	4821.17	4838.15	4814.01	4823.02	20371	0	37
2026.01.22	12:00:00	4823.18	4836.28	4810.69	4822.16	20757	0	37
2026.01.22	16:00:00	4821.74	4906.14	4820.36	4904.50	27816	0	37
2026.01.22	20:00:00	4904.30	4940.55	4901.45	4936.21	22745	0	37
2026.01.23	00:00:00	4939.08	4967.12	4930.79	4953.27	16302	0	40
2026.01.23	04:00:00	4953.29	4967.16	4938.02	4960.53	16214	0	44
2026.01.23	08:00:00	4960.48	4962.99	4899.76	4918.62	22366	0	37
2026.01.23	12:00:00	4918.63	4947.87	4912.21	4938.95	22395	0	37
2026.01.23	16:00:00	4938.89	4988.03	4932.95	4965.45	28139	0	37
2026.01.23	20:00:00	4965.66	4989.69	4958.49	4986.07	21296	0	37
2026.01.26	00:00:00	5012.68	5085.48	5002.00	5070.83	20431	0	40
2026.01.26	04:00:00	5070.78	5092.78	5052.27	5074.29	24695	0	44
2026.01.26	08:00:00	5074.22	5110.94	5065.60	5083.89	24375	0	37
2026.01.26	12:00:00	5084.30	5096.75	5054.67	5068.49	24094	0	37
2026.01.26	16:00:00	5068.52	5104.75	5058.45	5100.80	30294	0	37
2026.01.26	20:00:00	5100.86	5103.00	4990.04	5008.04	31065	0	37
2026.01.27	00:00:00	5013.71	5075.67	5012.77	5060.18	19095	0	40
2026.01.27	04:00:00	5059.72	5085.05	5049.69	5082.73	24771	0	44
2026.01.27	08:00:00	5082.74	5100.44	5073.31	5098.74	25022	0	37
2026.01.27	12:00:00	5098.29	5098.29	5066.75	5077.32	25490	0	37
2026.01.27	16:00:00	5077.48	5103.02	5046.71	5081.30	31401	0	37
2026.01.27	20:00:00	5081.74	5190.25	5076.28	5181.10	27867	0	37
2026.01.28	00:00:00	5179.76	5225.13	5157.21	5204.58	20093	0	44
2026.01.28	04:00:00	5204.83	5266.06	5201.54	5261.12	25802	0	44
2026.01.28	08:00:00	5261.14	5311.43	5251.82	5278.05	25593	0	37
2026.01.28	12:00:00	5278.19	5289.31	5239.09	5266.42	25247	0	37
2026.01.28	16:00:00	5266.64	5306.84	5236.22	5298.02	30920	0	37
2026.01.28	20:00:00	5298.38	5418.96	5268.69	5417.39	30590	0	37
2026.01.29	00:00:00	5420.49	5596.58	5419.49	5545.51	23647	0	40
2026.01.29	04:00:00	5545.63	5564.28	5504.09	5561.94	28717	0	51
2026.01.29	08:00:00	5562.22	5595.20	5474.65	5514.04	29092	0	44
2026.01.29	12:00:00	5514.10	5543.00	5470.92	5509.87	27174	0	44
2026.01.29	16:00:00	5510.74	5549.32	5101.72	5335.43	32545	0	44
2026.01.29	20:00:00	5334.69	5425.86	5282.78	5370.52	30240	0	44
2026.01.30	00:00:00	5388.79	5450.97	5291.15	5300.56	21905	0	40
2026.01.30	04:00:00	5300.79	5312.18	5112.35	5184.65	28779	0	51
2026.01.30	08:00:00	5184.54	5204.92	4942.96	5013.32	29475	0	59
2026.01.30	12:00:00	5011.93	5145.32	4992.17	5019.16	28944	0	66
2026.01.30	16:00:00	5019.49	5113.23	4800.59	4849.29	31655	0	64
2026.01.30	20:00:00	4848.94	4947.53	4692.11	4883.85	28496	0	94
2026.02.02	00:00:00	4779.68	4884.44	4583.91	4736.66	23281	0	59
2026.02.02	04:00:00	4736.46	4772.60	4498.81	4548.93	31861	0	59
2026.02.02	08:00:00	4549.05	4730.40	4403.25	4719.41	30544	0	59
2026.02.02	12:00:00	4719.23	4812.16	4657.10	4705.81	30151	0	59
2026.02.02	16:00:00	4705.83	4793.12	4596.41	4674.47	32556	0	59
2026.02.02	20:00:00	4673.93	4712.18	4618.86	4660.83	28435	0	59
2026.02.03	00:00:00	4673.23	4855.81	4666.32	4841.31	22087	0	40
2026.02.03	04:00:00	4841.10	4841.88	4745.40	4824.98	28777	0	59
2026.02.03	08:00:00	4825.19	4948.61	4816.39	4915.98	27418	0	59
2026.02.03	12:00:00	4915.97	4950.82	4884.02	4932.67	25407	0	48
2026.02.03	16:00:00	4932.97	4993.61	4894.17	4929.13	31353	0	48
2026.02.03	20:00:00	4928.89	4963.91	4880.81	4946.81	27581	0	48
2026.02.04	00:00:00	4945.42	5053.01	4910.44	5046.74	20834	0	40
2026.02.04	04:00:00	5046.74	5090.16	5035.43	5079.13	23528	0	48
2026.02.04	08:00:00	5079.22	5091.67	5043.33	5060.03	23316	0	48
2026.02.04	12:00:00	5060.09	5064.15	5013.60	5053.81	23041	0	48
2026.02.04	16:00:00	5053.85	5058.67	4851.72	4898.11	31885	0	48
2026.02.04	20:00:00	4897.95	4970.69	4872.94	4964.76	24280	0	48
2026.02.05	00:00:00	4975.58	5023.56	4935.97	4958.75	19308	0	40
2026.02.05	04:00:00	4958.39	4961.39	4789.15	4895.79	30444	0	48
2026.02.05	08:00:00	4895.97	4943.41	4849.38	4854.82	28080	0	48
2026.02.05	12:00:00	4854.69	4894.21	4802.22	4835.50	27280	0	48
2026.02.05	16:00:00	4835.56	4906.46	4800.55	4869.22	31317	0	48
2026.02.05	20:00:00	4869.35	4875.21	4759.64	4779.40	26034	0	48
2026.02.06	00:00:00	4786.88	4795.76	4655.08	4773.77	22521	0	40
2026.02.06	04:00:00	4774.06	4897.58	4761.14	4897.44	26268	0	48
2026.02.06	08:00:00	4897.39	4902.73	4825.86	4866.70	24248	0	48
2026.02.06	12:00:00	4866.69	4938.18	4851.65	4929.05	22318	0	48
2026.02.06	16:00:00	4929.00	4968.45	4894.30	4960.28	27030	0	48
2026.02.06	20:00:00	4960.30	4971.14	4936.56	4964.08	16541	0	48
2026.02.09	00:00:00	4980.95	5046.70	4965.03	4982.25	20154	0	40
2026.02.09	04:00:00	4982.37	5041.47	4969.26	5036.77	22835	0	48
2026.02.09	08:00:00	5036.28	5045.22	4997.47	5007.82	22356	0	48
2026.02.09	12:00:00	5008.13	5024.44	4982.56	5006.99	21574	0	48
2026.02.09	16:00:00	5006.95	5080.66	5002.34	5046.16	24937	0	48
2026.02.09	20:00:00	5046.16	5086.26	5044.09	5058.26	19287	0	48
2026.02.10	00:00:00	5059.18	5075.16	4987.85	5032.70	18888	0	40
2026.02.10	04:00:00	5032.70	5055.93	5011.22	5039.59	21316	0	48
2026.02.10	08:00:00	5039.21	5062.96	5018.53	5046.64	20453	0	48
2026.02.10	12:00:00	5046.65	5058.27	5019.74	5050.98	19171	0	48
2026.02.10	16:00:00	5051.55	5078.45	4998.89	5026.15	25960	0	48
2026.02.10	20:00:00	5026.14	5045.03	5004.83	5025.29	18609	0	48
2026.02.11	00:00:00	5026.04	5054.50	5024.38	5052.42	13169	0	40
2026.02.11	04:00:00	5052.36	5063.87	5032.59	5052.16	16989	0	48
2026.02.11	08:00:00	5052.66	5071.98	5045.82	5062.67	18698	0	46
2026.02.11	12:00:00	5062.78	5119.17	5019.64	5065.98	23567	0	46
2026.02.11	16:00:00	5065.57	5098.73	5035.74	5091.40	27554	0	46
2026.02.11	20:00:00	5091.12	5094.17	5067.37	5084.42	18970	0	46
2026.02.12	00:00:00	5084.94	5099.73	5044.97	5063.28	15800	0	40
2026.02.12	04:00:00	5063.74	5078.02	5050.89	5075.41	16195	0	46
2026.02.12	08:00:00	5075.68	5080.66	5047.17	5073.07	17178	0	46
2026.02.12	12:00:00	5073.02	5083.65	5048.65	5075.16	16557	0	46
2026.02.12	16:00:00	5075.13	5077.53	4878.56	4941.04	28549	0	46
2026.02.12	20:00:00	4940.90	4957.63	4907.01	4921.73	24742	0	46
2026.02.13	00:00:00	4923.60	4988.56	4887.04	4980.65	16908	0	40
2026.02.13	04:00:00	4980.53	4997.19	4944.78	4945.95	17722	0	46
2026.02.13	08:00:00	4946.32	4989.41	4946.06	4970.18	20267	0	46
2026.02.13	12:00:00	4970.17	4999.20	4933.78	4986.97	19449	0	46
2026.02.13	16:00:00	4987.08	5033.83	4965.30	5021.03	27285	0	46
2026.02.13	20:00:00	5021.07	5045.95	5015.43	5043.08	19294	0	46
2026.02.16	00:00:00	5036.98	5050.56	5004.86	5028.83	14077	0	40
2026.02.16	04:00:00	5028.82	5031.10	4966.34	4990.57	16368	0	46
2026.02.16	08:00:00	4990.22	5017.22	4984.78	5013.41	14632	0	46
2026.02.16	12:00:00	5013.38	5017.16	4989.75	4997.30	14076	0	46
2026.02.16	16:00:00	4997.31	4999.44	4969.05	4991.48	15383	0	46
2026.02.16	20:00:00	4991.49	4997.50	4988.89	4993.31	4884	0	46
2026.02.17	00:00:00	4994.97	5000.33	4923.08	4957.41	13175	0	40
2026.02.17	04:00:00	4957.04	4970.94	4862.36	4888.75	17210	0	46
2026.02.17	08:00:00	4888.77	4932.48	4886.68	4925.86	18079	0	46
2026.02.17	12:00:00	4925.38	4943.99	4870.15	4870.57	18669	0	46
2026.02.17	16:00:00	4870.38	4906.94	4843.12	4865.00	29155	0	43
2026.02.17	20:00:00	4864.97	4910.10	4862.47	4877.34	20281	0	43
2026.02.18	00:00:00	4869.14	4892.48	4854.05	4889.81	12963	0	40
2026.02.18	04:00:00	4889.77	4940.25	4886.89	4933.24	13154	0	43
2026.02.18	08:00:00	4933.45	4942.13	4912.96	4917.21	13641	0	38
2026.02.18	12:00:00	4917.23	4968.87	4906.32	4954.35	16335	0	38
2026.02.18	16:00:00	4954.62	5010.89	4952.25	4999.21	21892	0	38
2026.02.18	20:00:00	4999.21	5003.11	4972.99	4977.31	18123	0	38
2026.02.19	00:00:00	4978.14	4988.77	4960.70	4972.97	11550	0	40
2026.02.19	04:00:00	4972.81	4998.44	4965.63	4996.78	11713	0	43
2026.02.19	08:00:00	4996.77	5021.81	4992.93	4995.50	15074	0	39
2026.02.19	12:00:00	4995.46	4998.30	4972.16	4996.90	16340	0	39
2026.02.19	16:00:00	4996.80	5022.02	4963.91	4984.72	24150	0	39
2026.02.19	20:00:00	4984.86	5004.06	4975.18	4996.06	15623	0	39
2026.02.20	00:00:00	4999.02	5014.54	4985.24	4996.80	10101	0	39
2026.02.20	04:00:00	4996.82	5011.70	4981.64	5011.70	11474	0	39
2026.02.20	08:00:00	5012.10	5042.40	5004.82	5027.48	15726	0	39
2026.02.20	12:00:00	5027.56	5048.53	5006.84	5043.20	16812	0	39
2026.02.20	16:00:00	5043.43	5075.97	4990.13	5072.66	27829	0	39
2026.02.20	20:00:00	5072.95	5106.88	5054.48	5103.62	19182	0	39
2026.02.23	00:00:00	5106.92	5171.70	5098.86	5157.29	17666	0	32
2026.02.23	04:00:00	5156.98	5176.40	5152.26	5158.10	16441	0	40
2026.02.23	08:00:00	5158.08	5161.01	5122.28	5149.36	17607	0	40
2026.02.23	12:00:00	5149.45	5165.23	5143.63	5146.20	17352	0	40
2026.02.23	16:00:00	5146.19	5218.63	5141.53	5207.71	26870	0	40
2026.02.23	20:00:00	5207.71	5237.50	5200.90	5227.35	19116	0	40
2026.02.24	00:00:00	5227.28	5249.61	5145.10	5177.20	17169	0	40
2026.02.24	04:00:00	5177.41	5191.51	5160.96	5182.32	18268	0	42
2026.02.24	08:00:00	5182.38	5184.65	5156.20	5171.21	18267	0	39
2026.02.24	12:00:00	5171.17	5180.97	5111.14	5115.04	19034	0	38
2026.02.24	16:00:00	5114.56	5163.63	5094.16	5163.56	26994	0	38
2026.02.24	20:00:00	5163.58	5172.96	5140.33	5143.67	19487	0	38
2026.02.25	00:00:00	5142.64	5189.75	5122.68	5176.63	13838	0	40
2026.02.25	04:00:00	5176.61	5210.30	5166.61	5201.51	17776	0	40
2026.02.25	08:00:00	5201.51	5201.51	5176.53	5192.99	17418	0	38
2026.02.25	12:00:00	5193.15	5194.90	5154.99	5184.97	18116	0	38
2026.02.25	16:00:00	5184.78	5217.34	5158.81	5206.68	25044	0	38
2026.02.25	20:00:00	5206.69	5208.09	5146.37	5164.75	19931	0	38
2026.02.26	00:00:00	5164.69	5198.23	5155.41	5191.52	15816	0	32
2026.02.26	04:00:00	5191.18	5205.11	5174.16	5198.16	17452	0	40
2026.02.26	08:00:00	5198.17	5199.41	5167.73	5186.21	18105	0	38
2026.02.26	12:00:00	5186.21	5189.97	5157.79	5166.13	18675	0	37
2026.02.26	16:00:00	5165.65	5192.66	5130.50	5167.09	27374	0	37
2026.02.26	20:00:00	5167.38	5200.58	5160.70	5184.97	18383	0	37
2026.02.27	00:00:00	5184.92	5194.69	5166.75	5193.95	12761	0	39
2026.02.27	04:00:00	5193.91	5200.20	5173.47	5197.70	17455	0	39
2026.02.27	08:00:00	5197.49	5199.04	5172.13	5175.82	17781	0	37
2026.02.27	12:00:00	5175.93	5240.17	5168.71	5222.81	18650	0	37
2026.02.27	16:00:00	5222.84	5257.55	5213.61	5234.81	27739	0	37
2026.02.27	20:00:00	5234.70	5281.05	5222.61	5280.29	19319	0	37
2026.03.02	00:00:00	5315.99	5392.89	5303.15	5324.79	21592	0	74
2026.03.02	04:00:00	5324.72	5366.74	5316.84	5365.81	21242	0	74
2026.03.02	08:00:00	5365.77	5418.90	5363.31	5391.67	23690	0	37
2026.03.02	12:00:00	5391.80	5416.41	5374.29	5393.81	22666	0	49
2026.03.02	16:00:00	5393.71	5394.84	5260.64	5306.47	31533	0	49
2026.03.02	20:00:00	5306.72	5346.12	5289.40	5321.81	22595	0	49
2026.03.03	00:00:00	5331.13	5379.65	5329.19	5338.78	14527	0	49
2026.03.03	04:00:00	5339.06	5375.29	5305.71	5319.04	21723	0	49
2026.03.03	08:00:00	5319.34	5335.76	5226.60	5275.00	26587	0	49
2026.03.03	12:00:00	5275.01	5287.76	5074.49	5156.71	29774	0	49
2026.03.03	16:00:00	5156.43	5175.08	4996.85	5079.02	31581	0	49
2026.03.03	20:00:00	5079.14	5148.51	5079.03	5088.17	26714	0	49
2026.03.04	00:00:00	5109.46	5178.11	5084.62	5174.81	17499	0	51
2026.03.04	04:00:00	5174.44	5190.59	5141.17	5159.54	25201	0	51
2026.03.04	08:00:00	5159.53	5184.83	5122.34	5181.99	22973	0	41
2026.03.04	12:00:00	5181.98	5206.01	5156.58	5167.65	22931	0	41
2026.03.04	16:00:00	5167.09	5184.77	5119.99	5140.98	29158	0	41
2026.03.04	20:00:00	5140.95	5146.37	5109.31	5141.09	20852	0	41
2026.03.05	00:00:00	5150.22	5186.26	5144.56	5172.51	13532	0	43
2026.03.05	04:00:00	5172.54	5194.79	5148.21	5148.32	19115	0	43
2026.03.05	08:00:00	5148.42	5180.24	5120.63	5160.76	23943	0	41
2026.03.05	12:00:00	5160.59	5171.49	5084.64	5117.95	20990	0	39
2026.03.05	16:00:00	5117.57	5129.71	5054.20	5062.81	30494	0	39
2026.03.05	20:00:00	5062.95	5094.46	5051.10	5080.83	24523	0	39
2026.03.06	00:00:00	5084.03	5143.30	5066.56	5134.46	15372	0	41
2026.03.06	04:00:00	5134.16	5141.29	5114.33	5117.02	18014	0	41
2026.03.06	08:00:00	5117.33	5122.96	5083.25	5085.52	20137	0	39
2026.03.06	12:00:00	5085.57	5130.75	5062.72	5084.98	24151	0	39
2026.03.06	16:00:00	5085.06	5171.39	5081.23	5140.54	29523	0	39
2026.03.06	20:00:00	5140.34	5174.34	5138.59	5171.24	20195	0	39
2026.03.09	00:00:00	5190.98	5191.87	5014.96	5070.04	29045	0	41
2026.03.09	04:00:00	5070.29	5140.46	5055.24	5124.13	23594	0	41
2026.03.09	08:00:00	5124.06	5133.80	5087.01	5105.09	24826	0	39
2026.03.09	12:00:00	5105.07	5111.95	5067.34	5074.11	23997	0	39
2026.03.09	16:00:00	5073.41	5115.78	5061.06	5095.80	26972	0	39
2026.03.09	20:00:00	5095.84	5147.76	5092.29	5136.56	15870	0	39
2026.03.10	00:00:00	5148.85	5186.10	5117.33	5184.00	21656	0	41
2026.03.10	04:00:00	5184.02	5186.38	5154.19	5177.76	19494	0	41
2026.03.10	08:00:00	5177.89	5194.92	5158.35	5182.33	20428	0	39
2026.03.10	12:00:00	5182.32	5228.51	5156.31	5205.40	24912	0	41
2026.03.10	16:00:00	5205.83	5238.46	5185.29	5227.47	25671	0	41
2026.03.10	20:00:00	5227.63	5227.76	5160.70	5192.62	17412	0	41
2026.03.11	00:00:00	5190.03	5222.93	5183.34	5208.44	17100	0	41
2026.03.11	04:00:00	5208.33	5220.26	5190.41	5199.42	16488	0	41
2026.03.11	08:00:00	5199.54	5210.61	5175.36	5187.48	19872	0	41
2026.03.11	12:00:00	5187.66	5196.21	5149.69	5176.76	22849	0	41
2026.03.11	16:00:00	5176.48	5195.83	5154.82	5169.62	26990	0	41
2026.03.11	20:00:00	5169.60	5183.27	5169.02	5175.77	11818	0	41
2026.03.12	00:00:00	5182.11	5182.16	5125.71	5168.35	19910	0	41
2026.03.12	04:00:00	5168.62	5174.85	5137.08	5154.38	17481	0	41
2026.03.12	08:00:00	5154.37	5190.03	5147.17	5188.09	18307	0	41
2026.03.12	12:00:00	5187.66	5191.43	5145.97	5151.14	22207	0	41
2026.03.12	16:00:00	5151.03	5163.12	5102.51	5105.24	28460	0	41
2026.03.12	20:00:00	5105.11	5112.50	5055.10	5078.82	16991	0	41
2026.03.13	00:00:00	5075.61	5123.83	5072.59	5123.77	16565	0	41
2026.03.13	04:00:00	5124.07	5128.30	5098.06	5102.83	16244	0	41
2026.03.13	08:00:00	5102.93	5107.59	5061.56	5089.40	22641	0	41
2026.03.13	12:00:00	5089.43	5121.66	5079.80	5101.62	22635	0	41
2026.03.13	16:00:00	5101.64	5107.76	5018.94	5046.15	29494	0	41
2026.03.13	20:00:00	5045.69	5051.60	5009.43	5021.46	15995	0	41
2026.03.16	00:00:00	5011.61	5030.53	4967.82	5015.78	25557	0	41
2026.03.16	04:00:00	5015.85	5026.07	4997.66	5017.36	18613	0	41
2026.03.16	08:00:00	5017.35	5035.79	4972.68	4975.35	22618	0	41
2026.03.16	12:00:00	4975.31	5034.04	4970.10	5029.61	24596	0	41
2026.03.16	16:00:00	5029.61	5037.59	4974.00	4991.21	26846	0	41
2026.03.16	20:00:00	4991.20	5021.43	4989.82	5006.06	14458	0	41
2026.03.17	00:00:00	5010.67	5027.78	4994.90	5027.72	16169	0	41
2026.03.17	04:00:00	5027.66	5044.31	5019.73	5020.49	17649	0	41
2026.03.17	08:00:00	5020.66	5029.38	5005.06	5010.18	19636	0	41
2026.03.17	12:00:00	5009.61	5031.23	4991.98	5016.41	21831	0	39
2026.03.17	16:00:00	5016.59	5020.22	4973.43	5002.25	25923	0	39
2026.03.17	20:00:00	5002.29	5008.91	4996.37	5005.39	11621	0	39
2026.03.18	00:00:00	5005.32	5015.65	4991.13	4998.73	13761	0	41
2026.03.18	04:00:00	4998.62	5006.82	4981.74	4997.52	16902	0	41
2026.03.18	08:00:00	4997.25	5016.12	4977.19	4991.97	17991	0	35
2026.03.18	12:00:00	4991.99	4991.99	4834.13	4878.16	27566	0	35
2026.03.18	16:00:00	4878.08	4898.74	4856.58	4890.42	27092	0	35
2026.03.18	20:00:00	4890.54	4899.03	4806.75	4818.56	20145	0	35
2026.03.19	00:00:00	4829.49	4866.96	4804.59	4849.73	20849	0	37
2026.03.19	04:00:00	4849.75	4865.61	4826.86	4827.40	18563	0	37
2026.03.19	08:00:00	4827.04	4841.93	4686.66	4698.86	29573	0	35
2026.03.19	12:00:00	4698.79	4719.59	4502.22	4619.89	30501	0	35
2026.03.19	16:00:00	4620.78	4648.67	4566.20	4615.91	32300	0	41
2026.03.19	20:00:00	4615.15	4663.11	4596.24	4650.20	19555	0	41
2026.03.20	00:00:00	4658.65	4699.09	4634.29	4677.14	21670	0	45
2026.03.20	04:00:00	4677.66	4735.65	4670.32	4688.28	21459	0	45
2026.03.20	08:00:00	4688.42	4734.56	4659.93	4667.46	25490	0	43
2026.03.20	12:00:00	4667.39	4695.30	4612.70	4616.34	28552	0	43
2026.03.20	16:00:00	4616.18	4622.36	4540.64	4573.34	31914	0	43
2026.03.20	20:00:00	4574.12	4578.22	4477.35	4497.38	21292	0	43
2026.03.23	00:00:00	4488.23	4536.11	4319.78	4387.29	29241	0	45
2026.03.23	04:00:00	4388.14	4421.82	4302.08	4309.98	28022	0	45
2026.03.23	08:00:00	4309.78	4309.98	4098.94	4253.25	32902	0	43
2026.03.23	12:00:00	4254.07	4492.33	4241.60	4453.78	31955	0	43
2026.03.23	16:00:00	4454.76	4512.68	4351.22	4426.09	32893	0	43
2026.03.23	20:00:00	4425.97	4466.86	4382.65	4406.34	20368	0	43
2026.03.24	00:00:00	4417.85	4447.96	4308.62	4321.88	26656	0	45
2026.03.24	04:00:00	4322.28	4379.07	4305.97	4347.06	28627	0	45
2026.03.24	08:00:00	4346.81	4432.62	4342.99	4426.19	29469	0	43
2026.03.24	12:00:00	4426.31	4441.81	4351.50	4381.42	30007	0	45
2026.03.24	16:00:00	4380.79	4433.32	4372.47	4388.43	31982	0	45
2026.03.24	20:00:00	4388.40	4483.96	4383.92	4473.98	21209	0	45
2026.03.25	00:00:00	4476.46	4600.89	4455.75	4594.78	25905	0	45
2026.03.25	04:00:00	4594.90	4602.13	4549.22	4555.62	21718	0	45
2026.03.25	08:00:00	4555.69	4567.38	4527.72	4551.69	24531	0	43
2026.03.25	12:00:00	4552.46	4585.35	4522.13	4544.58	26621	0	43
2026.03.25	16:00:00	4545.03	4579.01	4525.22	4550.44	29866	0	43
2026.03.25	20:00:00	4550.45	4568.68	4486.85	4506.30	18775	0	43
2026.03.26	00:00:00	4517.74	4543.77	4488.86	4535.29	22670	0	43
2026.03.26	04:00:00	4535.43	4535.56	4438.81	4438.81	21668	0	43
2026.03.26	08:00:00	4438.98	4463.47	4412.75	4423.55	28092	0	43
2026.03.26	12:00:00	4423.50	4460.25	4416.56	4452.60	28051	0	38
2026.03.26	16:00:00	4453.89	4478.84	4367.40	4381.41	31408	0	38
2026.03.26	20:00:00	4381.20	4420.33	4351.11	4378.21	20981	0	38
2026.03.27	00:00:00	4385.15	4420.19	4375.56	4417.13	19311	0	38
2026.03.27	04:00:00	4417.38	4474.94	4416.82	4454.44	20019	0	38
2026.03.27	08:00:00	4453.99	4472.63	4420.64	4428.76	23204	0	38
2026.03.27	12:00:00	4428.76	4444.99	4404.15	4432.28	25251	0	38
2026.03.27	16:00:00	4430.92	4554.98	4430.82	4486.47	30408	0	38
2026.03.27	20:00:00	4486.59	4528.44	4486.59	4495.17	17192	0	38
2026.03.30	00:00:00	4486.22	4515.21	4419.56	4432.01	19088	0	38
2026.03.30	04:00:00	4432.79	4517.35	4432.20	4496.72	24856	0	38
2026.03.30	08:00:00	4496.71	4550.32	4496.71	4537.96	23974	0	38
2026.03.30	12:00:00	4538.12	4580.41	4523.59	4569.16	23631	0	38
2026.03.30	16:00:00	4569.73	4578.50	4512.31	4539.79	29936	0	38
2026.03.30	20:00:00	4539.65	4541.95	4492.93	4510.86	23881	0	38
2026.03.31	00:00:00	4514.61	4547.97	4482.61	4547.06	14884	0	38
2026.03.31	04:00:00	4547.58	4619.21	4532.18	4564.56	25334	0	38
2026.03.31	08:00:00	4563.95	4581.36	4543.51	4568.43	23570	0	38
2026.03.31	12:00:00	4568.65	4597.36	4529.60	4574.67	25223	0	38
2026.03.31	16:00:00	4575.01	4650.94	4567.78	4637.91	30617	0	38
2026.03.31	20:00:00	4638.04	4686.88	4636.22	4666.84	26312	0	38
2026.04.01	00:00:00	4681.54	4722.32	4661.84	4710.58	15148	0	38
2026.04.01	04:00:00	4711.19	4724.00	4666.85	4676.35	21676	0	38
2026.04.01	08:00:00	4676.48	4747.52	4674.73	4728.60	24462	0	38
2026.04.01	12:00:00	4728.70	4762.85	4713.18	4724.95	22576	0	38
2026.04.01	16:00:00	4724.94	4790.58	4716.56	4787.33	28809	0	38
2026.04.01	20:00:00	4787.25	4792.97	4742.09	4758.04	23039	0	38
2026.04.02	00:00:00	4758.57	4800.43	4752.40	4784.54	14127	0	38
2026.04.02	04:00:00	4784.26	4786.11	4649.85	4672.51	26507	0	38
2026.04.02	08:00:00	4672.68	4680.38	4553.61	4620.70	26502	0	38
2026.04.02	12:00:00	4620.39	4634.93	4592.92	4601.41	23634	0	38
2026.04.02	16:00:00	4601.76	4699.88	4580.66	4659.07	32122	0	38
2026.04.02	20:00:00	4658.80	4681.61	4645.68	4675.95	23278	0	38
2026.04.06	00:00:00	4633.17	4665.48	4600.80	4622.20	16856	0	38
2026.04.06	04:00:00	4622.26	4671.39	4620.43	4658.82	20364	0	38
2026.04.06	08:00:00	4658.89	4697.96	4643.76	4695.54	19475	0	38
2026.04.06	12:00:00	4695.82	4706.29	4659.63	4675.65	19549	0	38
2026.04.06	16:00:00	4676.33	4697.30	4651.85	4660.28	27109	0	38
2026.04.06	20:00:00	4660.24	4666.14	4645.43	4650.34	18498	0	38
2026.04.07	00:00:00	4658.63	4667.74	4648.89	4654.90	10107	0	38
2026.04.07	04:00:00	4654.91	4664.25	4616.28	4659.32	22163	0	38
2026.04.07	08:00:00	4660.25	4690.73	4623.18	4682.97	24108	0	38
2026.04.07	12:00:00	4683.26	4694.41	4628.93	4651.34	24561	0	35
2026.04.07	16:00:00	4651.96	4668.35	4607.48	4656.85	26690	0	35
2026.04.07	20:00:00	4656.88	4718.46	4653.98	4705.35	23206	0	35
2026.04.08	00:00:00	4747.10	4854.40	4714.27	4817.44	18790	0	38
2026.04.08	04:00:00	4817.84	4825.16	4788.24	4803.55	19778	0	38
2026.04.08	08:00:00	4803.42	4843.34	4790.41	4793.64	21312	0	35
2026.04.08	12:00:00	4793.60	4806.96	4768.60	4799.47	20525	0	35
2026.04.08	16:00:00	4799.19	4806.40	4732.32	4760.33	26059	0	35
2026.04.08	20:00:00	4760.30	4764.21	4699.85	4719.11	21718	0	35
2026.04.09	00:00:00	4728.41	4732.31	4698.78	4706.65	11754	0	38
2026.04.09	04:00:00	4706.98	4732.74	4698.95	4720.68	17586	0	38
2026.04.09	08:00:00	4720.65	4732.71	4703.35	4725.98	20323	0	35
2026.04.09	12:00:00	4725.70	4759.48	4722.75	4745.74	18612	0	35
2026.04.09	16:00:00	4745.60	4800.80	4738.62	4788.71	25783	0	35
2026.04.09	20:00:00	4789.15	4800.91	4760.87	4765.37	19145	0	35
2026.04.10	00:00:00	4776.09	4779.51	4750.53	4762.81	9249	0	38
2026.04.10	04:00:00	4762.80	4776.57	4737.91	4758.35	17856	0	38
2026.04.10	08:00:00	4758.38	4768.92	4730.72	4740.54	18100	0	35
2026.04.10	12:00:00	4740.59	4782.07	4740.47	4771.69	18213	0	35
2026.04.10	16:00:00	4771.68	4794.85	4747.37	4763.43	24763	0	35
2026.04.10	20:00:00	4763.86	4773.02	4741.22	4748.48	17663	0	35
2026.04.13	00:00:00	4670.07	4698.02	4644.33	4694.94	13057	0	38
2026.04.13	04:00:00	4694.43	4727.79	4693.60	4722.81	16865	0	38
2026.04.13	08:00:00	4722.87	4739.78	4716.24	4723.22	18058	0	35
2026.04.13	12:00:00	4723.23	4728.86	4703.47	4723.33	17664	0	35
2026.04.13	16:00:00	4723.35	4746.05	4699.93	4732.84	24197	0	35
2026.04.13	20:00:00	4732.85	4749.86	4723.28	4740.03	17066	0	35
2026.04.14	00:00:00	4751.74	4775.49	4745.56	4769.66	9658	0	38
2026.04.14	04:00:00	4769.54	4776.80	4761.68	4773.95	14444	0	38
2026.04.14	08:00:00	4773.97	4795.70	4757.97	4786.62	18037	0	35
2026.04.14	12:00:00	4786.90	4789.28	4756.50	4771.32	17772	0	35
2026.04.14	16:00:00	4771.33	4820.10	4771.16	4810.29	22842	0	35
2026.04.14	20:00:00	4810.25	4846.29	4809.60	4841.70	16456	0	35
2026.04.15	00:00:00	4840.22	4850.67	4827.47	4835.46	9650	0	38
2026.04.15	04:00:00	4835.43	4871.36	4817.11	4824.88	17387	0	38
2026.04.15	08:00:00	4824.97	4830.54	4803.94	4818.19	18955	0	35
2026.04.15	12:00:00	4818.20	4819.24	4786.22	4811.40	19026	0	35
2026.04.15	16:00:00	4811.39	4830.29	4786.85	4803.80	22938	0	35
2026.04.15	20:00:00	4803.93	4808.46	4787.64	4790.54	16764	0	35
2026.04.16	00:00:00	4797.20	4837.36	4790.84	4832.86	9116	0	38
2026.04.16	04:00:00	4832.84	4836.07	4811.21	4832.88	14888	0	38
2026.04.16	08:00:00	4832.89	4837.99	4806.46	4813.57	18485	0	35
2026.04.16	12:00:00	4813.52	4822.79	4804.97	4815.99	16462	0	35
2026.04.16	16:00:00	4816.71	4823.60	4772.95	4791.86	23706	0	35
2026.04.16	20:00:00	4791.89	4798.38	4781.18	4790.54	17363	0	35
2026.04.17	00:00:00	4794.57	4800.86	4785.63	4794.63	7874	0	38
2026.04.17	04:00:00	4794.55	4804.25	4767.46	4802.94	15447	0	38
2026.04.17	08:00:00	4802.82	4806.01	4778.63	4795.75	16917	0	35
2026.04.17	12:00:00	4795.86	4847.64	4782.09	4846.41	16990	0	35
2026.04.17	16:00:00	4846.59	4889.39	4834.95	4867.05	24281	0	35
2026.04.17	20:00:00	4867.07	4869.52	4831.26	4833.86	18899	0	35
2026.04.20	00:00:00	4764.24	4794.77	4736.88	4772.34	15352	0	41
2026.04.20	04:00:00	4772.08	4814.13	4771.86	4788.69	17721	0	38
2026.04.20	08:00:00	4788.71	4805.58	4779.45	4796.04	20515	0	35
2026.04.20	12:00:00	4795.96	4821.95	4783.28	4803.22	18961	0	35
2026.04.20	16:00:00	4803.89	4827.55	4792.46	4805.38	24967	0	35
2026.04.20	20:00:00	4805.64	4821.71	4803.62	4820.47	15693	0	35
2026.04.21	00:00:00	4824.41	4832.78	4816.61	4823.80	10567	0	38
2026.04.21	04:00:00	4824.46	4824.46	4788.56	4788.87	17259	0	38
2026.04.21	08:00:00	4789.10	4796.70	4772.54	4785.78	19937	0	35
2026.04.21	12:00:00	4785.86	4797.67	4766.54	4778.53	18596	0	35
2026.04.21	16:00:00	4778.57	4794.21	4708.14	4710.82	27122	0	35
2026.04.21	20:00:00	4710.90	4721.43	4668.36	4719.89	24660	0	35
2026.04.22	00:00:00	4722.15	4746.93	4715.41	4739.66	10607	0	38
2026.04.22	04:00:00	4739.32	4764.77	4735.79	4754.38	15760	0	38
2026.04.22	08:00:00	4754.42	4771.88	4751.97	4757.08	18411	0	35
2026.04.22	12:00:00	4757.08	4762.45	4742.86	4744.24	18968	0	35
2026.04.22	16:00:00	4744.27	4760.72	4723.71	4728.45	25059	0	35
2026.04.22	20:00:00	4728.63	4749.16	4728.37	4739.96	17326	0	35
2026.04.23	00:00:00	4745.49	4753.63	4694.00	4747.89	11658	0	38
2026.04.23	04:00:00	4748.01	4749.61	4698.04	4704.17	21273	0	38
2026.04.23	08:00:00	4704.21	4724.53	4692.60	4703.09	21203	0	35
2026.04.23	12:00:00	4703.09	4743.24	4684.05	4740.19	22366	0	35
2026.04.23	16:00:00	4740.77	4741.16	4715.65	4733.00	24959	0	35
2026.04.23	20:00:00	4732.99	4734.51	4664.15	4694.02	23872	0	35
2026.04.24	00:00:00	4699.15	4707.64	4686.74	4704.29	11687	0	38
2026.04.24	04:00:00	4704.39	4710.83	4657.62	4674.28	20717	0	38
2026.04.24	08:00:00	4674.27	4697.14	4666.63	4690.30	20357	0	35
2026.04.24	12:00:00	4690.66	4717.10	4674.45	4700.57	21600	0	35
2026.04.24	16:00:00	4701.04	4740.06	4689.61	4726.72	25858	0	35
2026.04.24	20:00:00	4726.68	4729.82	4705.19	4707.98	18022	0	35
2026.04.27	00:00:00	4692.80	4699.44	4671.84	4697.64	11892	0	38
2026.04.27	04:00:00	4697.65	4729.82	4690.61	4724.73	19022	0	38
2026.04.27	08:00:00	4724.82	4725.25	4705.18	4706.54	19699	0	35
2026.04.27	12:00:00	4706.66	4712.40	4696.85	4699.02	18595	0	35
2026.04.27	16:00:00	4699.52	4703.12	4667.00	4676.48	24235	0	35
2026.04.27	20:00:00	4676.61	4685.95	4668.10	4681.61	16034	0	35
2026.04.28	00:00:00	4684.00	4701.03	4682.26	4690.40	8868	0	38
2026.04.28	04:00:00	4690.09	4691.17	4666.38	4667.45	17436	0	38
2026.04.28	08:00:00	4667.38	4667.74	4614.50	4629.45	23342	0	35
2026.04.28	12:00:00	4629.41	4629.79	4554.77	4593.75	23896	0	35
2026.04.28	16:00:00	4593.28	4594.54	4557.12	4592.13	26745	0	35
2026.04.28	20:00:00	4592.31	4601.27	4587.11	4596.93	18119	0	35
2026.04.29	00:00:00	4599.85	4609.90	4587.71	4600.04	8062	0	38
2026.04.29	04:00:00	4600.17	4605.35	4575.92	4604.55	17719	0	38
2026.04.29	08:00:00	4604.50	4607.37	4557.15	4572.96	21246	0	35
2026.04.29	12:00:00	4573.04	4580.59	4542.12	4544.69	22282	0	35
2026.04.29	16:00:00	4544.75	4564.73	4510.05	4545.23	26381	0	35
2026.04.29	20:00:00	4545.29	4554.23	4518.13	4543.32	24149	0	35
2026.04.30	00:00:00	4544.16	4573.79	4539.15	4569.76	10579	0	38
2026.04.30	04:00:00	4569.44	4582.26	4540.68	4542.04	19665	0	38
2026.04.30	08:00:00	4541.96	4629.79	4541.95	4616.48	22361	0	35
2026.04.30	12:00:00	4616.47	4646.78	4614.24	4639.59	23266	0	35
2026.04.30	16:00:00	4639.85	4645.81	4605.41	4607.61	25398	0	35
2026.04.30	20:00:00	4607.67	4627.11	4607.67	4621.72	19156	0	35
2026.05.01	00:00:00	4628.34	4633.98	4618.66	4619.76	10217	0	38
2026.05.01	04:00:00	4619.73	4635.88	4609.21	4609.22	14351	0	38
2026.05.01	08:00:00	4609.17	4616.00	4564.97	4568.74	18467	0	35
2026.05.01	12:00:00	4569.04	4607.52	4560.18	4590.95	18521	0	35
2026.05.01	16:00:00	4590.98	4659.96	4586.36	4638.71	25051	0	35
2026.05.01	20:00:00	4638.60	4642.49	4606.78	4616.26	17683	0	35
2026.05.04	00:00:00	4620.28	4629.11	4601.79	4612.83	11827	0	38
2026.05.04	04:00:00	4612.85	4618.21	4590.93	4605.70	17143	0	38
2026.05.04	08:00:00	4605.68	4612.66	4573.55	4576.79	19886	0	35
2026.05.04	12:00:00	4576.77	4584.24	4525.87	4568.49	21962	0	35
2026.05.04	16:00:00	4567.84	4583.00	4500.60	4510.39	26845	0	35
2026.05.04	20:00:00	4511.33	4531.22	4509.69	4523.61	19275	0	35
2026.05.05	00:00:00	4523.33	4530.14	4513.40	4529.87	8200	0	38
2026.05.05	04:00:00	4529.51	4546.39	4525.20	4533.41	13811	0	38
2026.05.05	08:00:00	4533.40	4559.43	4531.22	4558.14	19325	0	35
2026.05.05	12:00:00	4558.64	4574.42	4539.77	4564.65	19923	0	35
2026.05.05	16:00:00	4564.33	4586.36	4553.77	4561.29	23108	0	35
2026.05.05	20:00:00	4561.46	4565.74	4551.56	4557.46	14712	0	35
2026.05.06	00:00:00	4558.34	4619.65	4546.32	4618.72	12692	0	38
2026.05.06	04:00:00	4618.70	4653.60	4609.45	4648.98	18188	0	38
2026.05.06	08:00:00	4648.88	4702.41	4644.68	4700.11	20555	0	35
2026.05.06	12:00:00	4700.53	4722.92	4660.36	4683.11	25084	0	35
2026.05.06	16:00:00	4683.12	4717.38	4668.76	4683.15	25336	0	35
2026.05.06	20:00:00	4683.09	4700.25	4679.03	4690.91	17115	0	35
2026.05.07	00:00:00	4696.68	4701.13	4685.50	4688.55	10573	0	38
2026.05.07	04:00:00	4688.56	4721.04	4685.13	4696.37	17870	0	38
2026.05.07	08:00:00	4696.27	4753.38	4694.67	4730.81	21331	0	35
2026.05.07	12:00:00	4730.84	4752.38	4721.66	4749.89	21214	0	35
2026.05.07	16:00:00	4749.95	4764.51	4704.22	4714.85	26373	0	35
2026.05.07	20:00:00	4715.30	4719.30	4686.04	4686.97	23975	0	35
2026.05.08	00:00:00	4687.00	4709.21	4681.54	4701.18	12462	0	38
2026.05.08	04:00:00	4701.15	4732.47	4700.90	4710.82	19373	0	38
2026.05.08	08:00:00	4710.93	4734.31	4696.87	4715.57	21294	0	35
2026.05.08	12:00:00	4715.90	4731.85	4702.70	4724.21	20080	0	35
2026.05.08	16:00:00	4723.73	4749.14	4701.87	4712.23	24817	0	35
2026.05.08	20:00:00	4712.18	4728.76	4712.07	4715.20	15376	0	35
2026.05.11	00:00:00	4697.68	4701.72	4670.02	4683.33	12983	0	38
2026.05.11	04:00:00	4683.18	4705.25	4668.27	4671.79	20666	0	38
2026.05.11	08:00:00	4671.78	4680.44	4647.91	4667.31	20349	0	35
2026.05.11	12:00:00	4667.33	4700.75	4650.38	4699.77	19574	0	35
2026.05.11	16:00:00	4699.88	4748.52	4698.91	4716.45	24212	0	35
2026.05.11	20:00:00	4716.46	4738.43	4715.93	4734.73	16291	0	35
2026.05.12	00:00:00	4740.28	4773.32	4737.54	4749.42	11522	0	38
2026.05.12	04:00:00	4749.28	4755.50	4711.06	4713.57	19895	0	38
2026.05.12	08:00:00	4713.58	4721.77	4687.19	4703.10	21440	0	35
2026.05.12	12:00:00	4702.98	4711.33	4685.04	4705.50	20757	0	35
2026.05.12	16:00:00	4705.43	4708.63	4638.50	4670.99	25737	0	35
2026.05.12	20:00:00	4671.07	4718.96	4671.07	4715.09	18273	0	35
2026.05.13	00:00:00	4715.04	4726.27	4712.55	4714.30	12421	0	38
2026.05.13	04:00:00	4714.51	4716.49	4687.58	4699.38	18015	0	38
2026.05.13	08:00:00	4699.29	4715.21	4693.54	4700.47	19366	0	35
2026.05.13	12:00:00	4700.48	4710.36	4676.13	4683.62	20420	0	35
2026.05.13	16:00:00	4683.89	4709.60	4669.25	4695.53	24266	0	35
2026.05.13	20:00:00	4695.69	4701.08	4677.45	4688.63	17334	0	35
2026.05.14	00:00:00	4692.85	4706.55	4688.92	4704.86	9856	0	38
2026.05.14	04:00:00	4704.81	4712.38	4668.75	4702.30	21063	0	38
2026.05.14	08:00:00	4702.49	4718.35	4685.90	4693.12	20887	0	35
2026.05.14	12:00:00	4693.13	4709.81	4688.30	4705.18	19765	0	35
2026.05.14	16:00:00	4704.78	4707.59	4666.80	4678.37	24333	0	35
2026.05.14	20:00:00	4678.75	4682.83	4644.23	4652.13	17642	0	35
2026.05.15	00:00:00	4649.58	4665.04	4613.53	4629.95	12991	0	39
2026.05.15	04:00:00	4630.10	4631.28	4604.17	4605.62	22387	0	38
2026.05.15	08:00:00	4605.58	4606.16	4550.18	4553.66	25138	0	35
2026.05.15	12:00:00	4554.15	4572.26	4531.68	4545.70	23952	0	35
2026.05.15	16:00:00	4545.68	4566.26	4511.58	4544.55	26774	0	35
2026.05.15	20:00:00	4544.15	4564.24	4532.94	4538.16	19969	0	35
2026.05.18	00:00:00	4531.77	4554.72	4480.40	4515.70	16186	0	38
2026.05.18	04:00:00	4514.52	4549.43	4489.24	4540.48	24260	0	38
2026.05.18	08:00:00	4540.58	4559.46	4529.57	4549.80	22790	0	35
2026.05.18	12:00:00	4549.65	4574.58	4529.97	4571.21	21884	0	35
2026.05.18	16:00:00	4571.93	4583.98	4532.02	4550.00	26211	0	35
2026.05.18	20:00:00	4549.53	4566.43	4534.12	4565.95	19952	0	35
2026.05.19	00:00:00	4569.08	4589.06	4561.12	4563.10	11307	0	38
2026.05.19	04:00:00	4562.73	4571.96	4537.73	4542.27	19885	0	38
2026.05.19	08:00:00	4542.44	4559.15	4530.89	4542.54	21778	0	35
2026.05.19	12:00:00	4542.41	4547.71	4525.37	4537.00	20881	0	35
2026.05.19	16:00:00	4536.91	4537.02	4464.84	4507.54	26323	0	35
2026.05.19	20:00:00	4507.48	4510.80	4480.83	4481.81	19214	0	35
2026.05.20	00:00:00	4481.62	4508.60	4477.36	4500.74	12444	0	38
2026.05.20	04:00:00	4500.74	4505.31	4453.46	4461.89	22537	0	38
2026.05.20	08:00:00	4461.77	4489.85	4461.43	4484.10	22290	0	35
2026.05.20	12:00:00	4483.72	4505.37	4472.90	4496.10	19224	0	35
2026.05.20	16:00:00	4496.19	4552.31	4466.93	4534.21	26210	0	35
2026.05.20	20:00:00	4534.29	4550.11	4529.27	4543.53	18709	0	35
2026.05.21	00:00:00	4546.76	4553.03	4534.37	4545.06	11585	0	38
2026.05.21	04:00:00	4545.76	4570.45	4526.99	4538.26	19103	0	38
2026.05.21	08:00:00	4538.24	4540.01	4511.87	4532.30	21581	0	35
2026.05.21	12:00:00	4531.98	4543.00	4502.32	4504.03	22219	0	35
2026.05.21	16:00:00	4502.89	4520.64	4488.56	4519.46	25640	0	35
2026.05.21	20:00:00	4519.72	4559.24	4514.13	4543.00	21206	0	35
2026.05.22	00:00:00	4541.70	4545.78	4525.37	4526.48	9462	0	38
2026.05.22	04:00:00	4526.42	4535.91	4518.55	4526.97	17408	0	38
2026.05.22	08:00:00	4526.86	4534.00	4507.17	4521.68	19931	0	35
2026.05.22	12:00:00	4521.65	4536.58	4509.98	4528.06	19601	0	35
2026.05.22	16:00:00	4529.16	4534.04	4490.96	4514.65	23936	0	35
2026.05.22	20:00:00	4514.73	4527.48	4503.97	4506.98	17464	0	35
2026.05.25	00:00:00	4543.23	4579.69	4542.18	4569.47	13172	0	41
2026.05.25	04:00:00	4568.96	4576.17	4556.83	4564.75	17668	0	45
2026.05.25	08:00:00	4564.76	4565.70	4550.46	4556.14	17068	0	41
2026.05.25	12:00:00	4556.09	4576.95	4552.85	4567.47	14816	0	35
2026.05.25	16:00:00	4567.52	4574.58	4560.00	4573.59	15205	0	35
2026.05.25	20:00:00	4573.46	4577.58	4563.33	4570.41	2479	0	35
2026.05.26	00:00:00	4572.16	4580.16	4539.57	4549.57	11747	0	45
2026.05.26	04:00:00	4549.83	4550.03	4523.45	4525.24	16758	0	35
2026.05.26	08:00:00	4525.10	4538.86	4520.06	4523.57	19175	0	33
2026.05.26	12:00:00	4523.59	4540.30	4500.42	4520.22	20518	0	32
2026.05.26	16:00:00	4519.53	4531.26	4499.94	4504.70	22918	0	33
2026.05.26	20:00:00	4504.77	4510.19	4482.44	4507.36	16135	0	33
2026.05.27	00:00:00	4512.45	4527.61	4498.01	4514.90	10498	0	34
2026.05.27	04:00:00	4514.87	4520.86	4495.87	4509.76	15157	0	34
2026.05.27	08:00:00	4509.96	4513.51	4475.66	4497.66	19999	0	33
2026.05.27	12:00:00	4497.42	4497.42	4424.90	4438.69	20986	0	33
2026.05.27	16:00:00	4438.66	4455.23	4401.29	4450.62	24527	0	33
2026.05.27	20:00:00	4450.68	4458.69	4441.28	4456.05	14835	0	33
2026.05.28	00:00:00	4463.43	4465.75	4443.56	4456.87	10200	0	36
2026.05.28	04:00:00	4457.21	4458.44	4366.61	4372.80	22372	0	36
2026.05.28	08:00:00	4372.82	4395.92	4367.10	4386.96	20020	0	33
2026.05.28	12:00:00	4386.75	4433.22	4375.49	4432.21	20101	0	33
2026.05.28	16:00:00	4432.02	4511.15	4418.08	4511.02	25376	0	33
2026.05.28	20:00:00	4511.03	4516.52	4494.92	4495.69	16866	0	33
2026.05.29	00:00:00	4499.37	4500.42	4489.09	4495.98	9332	0	36
2026.05.29	04:00:00	4496.09	4520.70	4492.50	4514.11	17566	0	36
2026.05.29	08:00:00	4514.10	4526.01	4502.79	4514.73	18188	0	33
2026.05.29	12:00:00	4514.74	4543.08	4512.63	4522.81	18735	0	33
2026.05.29	16:00:00	4522.86	4595.24	4516.92	4566.77	24795	0	33
2026.05.29	20:00:00	4567.01	4568.27	4539.19	4539.63	16709	0	33
2026.06.01	00:00:00	4522.18	4545.69	4517.86	4540.45	11203	0	36
2026.06.01	04:00:00	4540.81	4541.16	4508.48	4514.19	17090	0	36
2026.06.01	08:00:00	4514.22	4524.89	4490.52	4497.88	17923	0	33
2026.06.01	12:00:00	4497.90	4512.71	4488.94	4501.71	17230	0	33
2026.06.01	16:00:00	4502.71	4503.61	4447.54	4479.92	24229	0	33
2026.06.01	20:00:00	4480.42	4495.18	4471.40	4484.59	15159	0	33
2026.06.02	00:00:00	4486.01	4496.99	4476.77	4481.56	9528	0	36
2026.06.02	04:00:00	4481.25	4517.99	4462.84	4517.12	18436	0	36
2026.06.02	08:00:00	4517.16	4541.46	4515.00	4526.77	18173	0	33
2026.06.02	12:00:00	4526.78	4535.35	4513.29	4514.62	16034	0	33
2026.06.02	16:00:00	4514.59	4524.58	4486.13	4491.56	22014	0	33
2026.06.02	20:00:00	4491.69	4492.87	4478.63	4487.71	14471	0	33
2026.06.03	00:00:00	4491.91	4496.43	4462.14	4486.10	11760	0	36
2026.06.03	04:00:00	4485.97	4487.83	4463.57	4469.25	15377	0	36
2026.06.03	08:00:00	4469.21	4473.97	4440.07	4443.78	19369	0	33
2026.06.03	12:00:00	4443.56	4467.86	4438.79	4460.26	19401	0	33
2026.06.03	16:00:00	4460.13	4465.42	4426.28	4441.67	24086	0	33
2026.06.03	20:00:00	4442.16	4451.99	4430.31	4434.23	16963	0	33
2026.06.04	00:00:00	4436.86	4464.97	4423.93	4448.24	12173	0	36
2026.06.04	04:00:00	4448.18	4483.77	4442.79	4480.53	18053	0	36
2026.06.04	08:00:00	4480.87	4482.13	4458.41	4463.11	18804	0	33
2026.06.04	12:00:00	4463.08	4514.59	4460.79	4503.94	20468	0	33
2026.06.04	16:00:00	4503.87	4515.08	4457.11	4482.61	22828	0	33
2026.06.04	20:00:00	4482.59	4483.16	4472.58	4475.13	15015	0	33
2026.06.05	00:00:00	4474.02	4481.21	4450.49	4459.43	11098	0	36
2026.06.05	04:00:00	4459.24	4469.55	4435.05	4444.78	19358	0	36
2026.06.05	08:00:00	4444.79	4468.02	4428.68	4462.61	19221	0	33
2026.06.05	12:00:00	4462.37	4475.54	4404.65	4405.88	18158	0	33
2026.06.05	16:00:00	4404.86	4420.68	4323.38	4344.36	27878	0	33
2026.06.05	20:00:00	4345.11	4347.10	4311.61	4327.54	24249	0	33
2026.06.08	00:00:00	4328.80	4353.12	4310.05	4342.26	15658	0	36
2026.06.08	04:00:00	4341.99	4345.57	4300.05	4312.43	23018	0	36
2026.06.08	08:00:00	4312.74	4316.64	4268.60	4288.65	23701	0	33
2026.06.08	12:00:00	4288.93	4339.09	4272.91	4332.95	22075	0	33
2026.06.08	16:00:00	4332.93	4346.37	4315.02	4340.48	25629	0	33
2026.06.08	20:00:00	4340.48	4345.73	4323.21	4329.62	18775	0	33
2026.06.09	00:00:00	4330.50	4330.86	4312.76	4319.73	10313	0	36
2026.06.09	04:00:00	4319.60	4341.91	4318.49	4332.16	18137	0	36
2026.06.09	08:00:00	4332.17	4351.21	4321.09	4326.41	19301	0	33
2026.06.09	12:00:00	4326.36	4343.88	4324.00	4341.16	16864	0	33
2026.06.09	16:00:00	4341.30	4363.19	4236.64	4251.98	28496	0	33
2026.06.09	20:00:00	4252.23	4274.10	4249.78	4259.23	22914	0	33
2026.06.10	00:00:00	4255.71	4257.24	4199.00	4217.56	14653	0	36
2026.06.10	04:00:00	4218.49	4218.59	4172.54	4174.60	22092	0	36
2026.06.10	08:00:00	4174.96	4221.58	4161.25	4168.46	23086	0	33
2026.06.10	12:00:00	4168.86	4179.25	4131.30	4146.89	24421	0	33
2026.06.10	16:00:00	4146.87	4185.93	4106.63	4121.71	28765	0	33
2026.06.10	20:00:00	4122.11	4134.73	4066.93	4071.18	23495	0	33
2026.06.11	00:00:00	4070.56	4077.66	4023.77	4076.21	17701	0	36
2026.06.11	04:00:00	4075.73	4117.78	4052.08	4082.55	23632	0	36
2026.06.11	08:00:00	4082.54	4112.36	4072.54	4084.35	22417	0	33
2026.06.11	12:00:00	4084.26	4096.23	4057.44	4081.89	21070	0	33
2026.06.11	16:00:00	4081.87	4107.14	4052.94	4079.98	27547	0	33
2026.06.11	20:00:00	4080.04	4219.76	4071.78	4210.59	25227	0	33
2026.06.12	00:00:00	4218.91	4246.42	4200.65	4207.70	15177	0	36
2026.06.12	04:00:00	4208.04	4210.02	4171.21	4189.78	21031	0	36
2026.06.12	08:00:00	4189.73	4225.77	4170.10	4219.36	22544	0	33
2026.06.12	12:00:00	4219.42	4227.70	4188.29	4191.58	21033	0	33
2026.06.12	16:00:00	4191.58	4235.24	4177.09	4216.16	27083	0	33
2026.06.12	20:00:00	4215.80	4235.17	4201.68	4216.82	19039	0	33
2026.06.15	00:00:00	4267.80	4308.81	4265.45	4292.29	13967	0	36
2026.06.15	04:00:00	4292.38	4335.21	4285.25	4328.04	17971	0	36
2026.06.15	08:00:00	4328.02	4345.10	4300.91	4334.25	19496	0	33
2026.06.15	12:00:00	4334.30	4349.36	4324.70	4348.98	18727	0	33
2026.06.15	16:00:00	4348.60	4369.10	4334.59	4338.97	23257	0	33
2026.06.15	20:00:00	4339.07	4339.07	4306.19	4309.14	17160	0	33
2026.06.16	00:00:00	4311.06	4320.53	4305.74	4319.00	10560	0	36
2026.06.16	04:00:00	4319.02	4332.91	4307.38	4322.31	18429	0	36
2026.06.16	08:00:00	4322.33	4347.76	4313.42	4346.84	18731	0	33
2026.06.16	12:00:00	4346.79	4354.87	4335.45	4354.69	17587	0	33
2026.06.16	16:00:00	4354.67	4354.80	4313.09	4340.63	23967	0	33
2026.06.16	20:00:00	4340.64	4342.86	4325.39	4331.24	17039	0	33
2026.06.17	00:00:00	4334.17	4341.60	4328.54	4337.03	8137	0	36
2026.06.17	04:00:00	4337.08	4349.56	4317.85	4326.39	17119	0	36
2026.06.17	08:00:00	4326.72	4333.92	4317.83	4324.81	18502	0	33
2026.06.17	12:00:00	4324.76	4335.55	4319.85	4333.67	17278	0	33
2026.06.17	16:00:00	4333.66	4366.47	4324.13	4359.57	22562	0	33
2026.06.17	20:00:00	4359.50	4382.18	4218.79	4257.57	26293	0	33
2026.06.18	00:00:00	4256.40	4315.03	4254.33	4308.46	13458	0	36
2026.06.18	04:00:00	4308.25	4329.63	4306.86	4315.84	19712	0	36
2026.06.18	08:00:00	4315.81	4324.41	4265.41	4266.52	21529	0	33
2026.06.18	12:00:00	4267.14	4273.06	4239.91	4246.46	22143	0	33
2026.06.18	16:00:00	4246.44	4276.27	4213.86	4219.21	25661	0	33
2026.06.18	20:00:00	4219.32	4232.92	4201.53	4208.92	19343	0	33
2026.06.19	00:00:00	4212.57	4213.22	4184.08	4190.05	10910	0	36
2026.06.19	04:00:00	4190.11	4194.31	4124.88	4125.53	18403	0	36
2026.06.19	08:00:00	4125.50	4178.28	4121.66	4168.90	20913	0	33
2026.06.19	12:00:00	4168.87	4179.83	4141.69	4178.77	19450	0	33
2026.06.19	16:00:00	4179.00	4182.64	4142.39	4155.37	18112	0	33
2026.06.22	00:00:00	4148.74	4200.68	4136.41	4200.58	14264	0	36
2026.06.22	04:00:00	4201.13	4220.25	4170.54	4181.56	20951	0	36
2026.06.22	08:00:00	4181.43	4207.07	4179.18	4197.21	20253	0	33
2026.06.22	12:00:00	4197.82	4214.86	4192.07	4193.18	18554	0	33
2026.06.22	16:00:00	4193.25	4210.43	4169.69	4189.60	24848	0	33
2026.06.22	20:00:00	4189.73	4193.55	4176.94	4191.16	16527	0	33
2026.06.23	00:00:00	4191.95	4195.10	4178.17	4193.08	9272	0	36
2026.06.23	04:00:00	4193.04	4198.04	4114.93	4117.94	21738	0	36
2026.06.23	08:00:00	4118.26	4137.15	4090.80	4105.10	23852	0	33
2026.06.23	12:00:00	4105.05	4133.00	4103.83	4113.29	21499	0	33
2026.06.23	16:00:00	4113.07	4144.82	4105.25	4134.06	25026	0	33
2026.06.23	20:00:00	4134.02	4139.51	4107.26	4110.04	18347	0	33
2026.06.24	00:00:00	4112.98	4114.89	4080.91	4097.16	14637	0	36
2026.06.24	04:00:00	4097.43	4102.02	4050.29	4064.28	23519	0	36
2026.06.24	08:00:00	4064.50	4097.34	4060.55	4076.09	21901	0	33
2026.06.24	12:00:00	4076.09	4078.89	3987.51	3987.51	22553	0	33
2026.06.24	16:00:00	3987.54	4041.75	3964.36	4006.48	27065	0	33
2026.06.24	20:00:00	4006.56	4011.02	3959.14	3998.97	23707	0	33
2026.06.25	00:00:00	4006.65	4018.44	3978.38	3991.30	13816	0	36
2026.06.25	04:00:00	3991.32	4005.57	3963.56	3995.85	23801	0	36
2026.06.25	08:00:00	3995.81	4001.83	3971.30	3989.01	22262	0	33
2026.06.25	12:00:00	3989.01	4018.67	3973.51	4012.19	20234	0	33
2026.06.25	16:00:00	4012.17	4043.85	3998.97	4028.53	27137	0	33
2026.06.25	20:00:00	4028.55	4044.01	4021.73	4026.47	19489	0	33
2026.06.26	00:00:00	4028.67	4036.33	4011.01	4020.06	13517	0	36
2026.06.26	04:00:00	4020.21	4029.22	3982.90	4011.12	22546	0	36
2026.06.26	08:00:00	4011.53	4039.49	4005.68	4030.75	21578	0	33
2026.06.26	12:00:00	4030.81	4061.24	4029.45	4058.83	19854	0	33
2026.06.26	16:00:00	4059.84	4095.92	4043.30	4085.09	24825	0	33
2026.06.26	20:00:00	4085.13	4088.17	4064.58	4080.88	17543	0	33
2026.06.29	00:00:00	4079.36	4085.94	4048.11	4069.49	14866	0	36
2026.06.29	04:00:00	4068.93	4075.39	4049.44	4052.04	21524	0	36
2026.06.29	08:00:00	4051.58	4068.29	4039.20	4046.80	20787	0	33
2026.06.29	12:00:00	4046.82	4055.01	4025.38	4043.38	19370	0	33
2026.06.29	16:00:00	4043.78	4051.47	4000.56	4023.72	23104	0	33
2026.06.29	20:00:00	4023.78	4031.86	4005.08	4016.44	14146	0	33
2026.06.30	00:00:00	4018.43	4022.19	3979.96	3987.35	11898	0	36
2026.06.30	04:00:00	3986.94	3997.46	3943.54	3985.31	22304	0	36
2026.06.30	08:00:00	3985.33	4037.33	3975.10	4015.42	21745	0	33
2026.06.30	12:00:00	4015.10	4037.30	4008.75	4010.24	18272	0	33
2026.06.30	16:00:00	4009.83	4063.33	4009.36	4026.01	23290	0	33
2026.06.30	20:00:00	4025.96	4033.59	4006.35	4007.31	14804	0	33
2026.07.01	00:00:00	4013.12	4018.00	3993.01	3996.48	11570	0	36
2026.07.01	04:00:00	3996.36	3999.25	3969.99	3976.41	19926	0	36
2026.07.01	08:00:00	3976.37	3984.14	3960.04	3974.26	20533	0	33
2026.07.01	12:00:00	3974.24	4035.42	3972.59	4022.86	19892	0	33
2026.07.01	16:00:00	4023.12	4115.71	4012.92	4071.24	25158	0	33
2026.07.01	20:00:00	4071.62	4073.55	4028.36	4030.91	17774	0	33
2026.07.02	00:00:00	4033.83	4052.34	4030.54	4051.63	11159	0	36
2026.07.02	04:00:00	4051.58	4073.89	4041.08	4060.50	19887	0	36
2026.07.02	08:00:00	4060.61	4079.80	4053.23	4075.93	21215	0	33
2026.07.02	12:00:00	4075.89	4140.19	4057.29	4117.22	20289	0	0
2026.07.02	16:00:00	4117.96	4143.58	4100.18	4117.91	26533	0	33
2026.07.02	20:00:00	4117.73	4126.80	4105.64	4123.56	18824	0	33
2026.07.03	00:00:00	4126.14	4150.77	4121.03	4147.06	11033	0	36
2026.07.03	04:00:00	4147.02	4195.15	4146.52	4178.64	19043	0	36
2026.07.03	08:00:00	4178.65	4186.37	4160.47	4180.81	18940	0	33
2026.07.03	12:00:00	4180.83	4186.11	4168.49	4176.83	15393	0	33
2026.07.03	16:00:00	4176.62	4179.05	4155.25	4174.71	16967	0	33
2026.07.06	00:00:00	4178.47	4201.21	4170.54	4180.11	13399	0	36
2026.07.06	04:00:00	4179.17	4202.34	4157.37	4159.47	20696	0	36
2026.07.06	08:00:00	4159.55	4166.02	4144.59	4150.30	18729	0	33
2026.07.06	12:00:00	4150.28	4159.33	4131.29	4139.44	16938	0	33
2026.07.06	16:00:00	4139.54	4155.96	4128.31	4154.83	22032	0	33
2026.07.06	20:00:00	4155.03	4167.22	4150.16	4164.76	15215	0	33
2026.07.07	00:00:00	4166.29	4168.21	4145.10	4145.87	9718	0	36
2026.07.07	04:00:00	4145.83	4147.77	4124.29	4126.43	19500	0	36
2026.07.07	08:00:00	4126.42	4138.92	4116.58	4125.84	19868	0	33
2026.07.07	12:00:00	4125.72	4174.78	4119.67	4172.33	18968	0	33
2026.07.07	16:00:00	4173.66	4180.42	4135.70	4144.85	23593	0	33
2026.07.07	20:00:00	4144.88	4147.96	4092.11	4105.70	18502	0	33
2026.07.08	00:00:00	4094.83	4126.45	4093.77	4111.33	13082	0	36
2026.07.08	04:00:00	4111.66	4130.79	4096.24	4124.87	21250	0	36
2026.07.08	08:00:00	4124.83	4133.73	4052.30	4056.30	22465	0	33
2026.07.08	12:00:00	4056.50	4086.16	4040.53	4071.89	23461	0	33
2026.07.08	16:00:00	4072.18	4082.81	4021.57	4063.49	26564	0	33
2026.07.08	20:00:00	4063.66	4091.16	4059.48	4077.23	20440	0	33
2026.07.09	00:00:00	4077.62	4089.48	4070.19	4073.72	10887	0	36
2026.07.09	04:00:00	4073.70	4082.31	4054.07	4064.12	19272	0	36
2026.07.09	08:00:00	4064.07	4117.50	4063.54	4108.10	20468	0	33
2026.07.09	12:00:00	4108.17	4122.37	4093.89	4107.52	18480	0	33
2026.07.09	16:00:00	4107.51	4137.93	4106.64	4128.04	22664	0	33
2026.07.09	20:00:00	4128.01	4137.99	4119.16	4123.67	15404	0	33
2026.07.10	00:00:00	4124.85	4128.26	4114.37	4126.54	8620	0	36
2026.07.10	04:00:00	4126.45	4134.75	4108.77	4115.13	17836	0	36
2026.07.10	08:00:00	4115.09	4120.06	4093.69	4097.64	17729	0	33
2026.07.10	12:00:00	4097.63	4116.73	4094.19	4100.64	16819	0	33
2026.07.10	16:00:00	4100.53	4115.25	4072.31	4104.38	22489	0	33
2026.07.10	20:00:00	4103.93	4119.78	4097.65	4119.05	14041	0	33
2026.07.13	00:00:00	4097.95	4102.85	4061.02	4073.82	14339	0	36
2026.07.13	04:00:00	4073.79	4089.46	4050.11	4058.59	21173	0	36
2026.07.13	08:00:00	4058.56	4080.44	4043.63	4074.42	21356	0	33
2026.07.13	12:00:00	4074.40	4076.48	4046.80	4067.13	19183	0	33
2026.07.13	16:00:00	4067.14	4067.35	3986.41	3992.98	25210	0	33
2026.07.13	20:00:00	3993.06	4005.96	3986.58	4000.68	20080	0	33
2026.07.14	00:00:00	4005.43	4007.00	3983.78	4003.84	12478	0	36
2026.07.14	04:00:00	4003.98	4023.01	3992.09	4020.04	20742	0	36
2026.07.14	08:00:00	4020.05	4033.83	4014.38	4015.73	20045	0	33
2026.07.14	12:00:00	4015.68	4100.72	4013.57	4075.96	20579	0	33
2026.07.14	16:00:00	4076.07	4100.09	4057.56	4061.37	25631	0	33
2026.07.14	20:00:00	4061.69	4064.89	4042.59	4052.59	17012	0	33
2026.07.15	00:00:00	4052.10	4060.15	4046.61	4058.76	10340	0	36
2026.07.15	04:00:00	4058.79	4061.84	4027.94	4032.91	18533	0	36
2026.07.15	08:00:00	4032.89	4036.32	4017.24	4031.00	19724	0	33
2026.07.15	12:00:00	4031.21	4071.46	4025.35	4067.76	19337	0	33
2026.07.15	16:00:00	4067.80	4073.98	4026.77	4033.70	24783	0	33
2026.07.15	20:00:00	4033.59	4081.26	4032.89	4060.40	18707	0	33
2026.07.16	00:00:00	4064.60	4065.47	4043.97	4044.43	10736	0	36
2026.07.16	04:00:00	4044.58	4050.48	4024.25	4032.93	19246	0	36
2026.07.16	08:00:00	4032.94	4036.33	4022.87	4035.11	20111	0	33
2026.07.16	12:00:00	4035.12	4043.10	3990.18	3992.10	19735	0	33
2026.07.16	16:00:00	3992.10	4016.59	3973.80	3991.87	25511	0	33
2026.07.16	20:00:00	3992.10	3992.70	3969.24	3976.19	19148	0	33
2026.07.17	00:00:00	3977.74	3991.77	3973.01	3991.65	11273	0	36
2026.07.17	04:00:00	3991.75	4008.41	3970.62	3981.57	21414	0	36
2026.07.17	08:00:00	3981.58	4006.98	3975.21	3994.06	22034	0	33
2026.07.17	12:00:00	3993.99	4002.22	3963.96	3965.91	20158	0	33
2026.07.17	16:00:00	3966.16	4023.71	3959.46	4014.92	25791	0	33
2026.07.17	20:00:00	4015.02	4019.24	4002.34	4016.41	18444	0	33
2026.07.20	00:00:00	4001.71	4009.79	3982.50	4008.51	13022	0	36
2026.07.20	04:00:00	4008.36	4028.46	3995.62	4018.64	20584	0	36
2026.07.20	08:00:00	4018.85	4030.31	4002.02	4018.71	19780	0	33
2026.07.20	12:00:00	4018.70	4040.29	4006.37	4008.03	19167	0	33
2026.07.20	16:00:00	4008.29	4019.29	3998.14	4009.62	22723	0	33
2026.07.20	20:00:00	4009.62	4017.62	4003.17	4007.36	16264	0	33
2026.07.21	00:00:00	4009.23	4026.63	3999.57	4024.61	12149	0	36
2026.07.21	04:00:00	4024.72	4051.42	4018.23	4049.43	18867	0	36
2026.07.21	08:00:00	4049.41	4084.10	4046.23	4062.83	18746	0	33
2026.07.21	12:00:00	4063.04	4070.19	4050.91	4053.88	17644	0	33
2026.07.21	16:00:00	4053.87	4083.11	4044.32	4071.38	21901	0	33
2026.07.21	20:00:00	4071.35	4086.29	4066.64	4077.70	14120	0	33
2026.07.22	00:00:00	4080.01	4102.14	4076.77	4097.43	10312	0	36
2026.07.22	04:00:00	4097.76	4141.66	4097.17	4126.99	20040	0	36
2026.07.22	08:00:00	4127.02	4135.11	4109.06	4118.11	20206	0	33
2026.07.22	12:00:00	4118.14	4134.16	4106.63	4112.77	18868	0	33
2026.07.22	16:00:00	4112.66	4166.02	4112.57	4146.88	23191	0	33
2026.07.22	20:00:00	4147.03	4147.85	4128.18	4129.73	17752	0	33
2026.07.23	00:00:00	4117.59	4134.51	4116.51	4131.97	12619	0	36
2026.07.23	04:00:00	4131.83	4140.76	4112.03	4121.02	20028	0	36
2026.07.23	08:00:00	4121.01	4130.30	4086.68	4093.08	20716	0	33
2026.07.23	12:00:00	4092.97	4099.19	4060.84	4061.60	20401	0	33
2026.07.23	16:00:00	4061.66	4067.23	4040.01	4051.22	25200	0	33
2026.07.23	20:00:00	4051.23	4054.38	4040.60	4049.17	17481	0	33
2026.07.24	00:00:00	4048.41	4050.42	4041.02	4049.61	8901	0	36
2026.07.24	04:00:00	4049.74	4049.98	4022.95	4026.95	18040	0	36
2026.07.24	08:00:00	4026.80	4058.40	4021.84	4057.32	19022	0	33
2026.07.24	12:00:00	4057.41	4063.65	4051.15	4055.90	16065	0	32
2026.07.24	16:00:00	4056.10	4081.83	4044.63	4066.87	23256	0	33
2026.07.24	20:00:00	4066.91	4069.67	4049.05	4053.16	15910	0	33
2026.07.27	00:00:00	4091.30	4115.87	4083.50	4100.50	12580	0	36
2026.07.27	04:00:00	4100.47	4112.26	4084.88	4090.02	18172	0	36
2026.07.27	08:00:00	4089.99	4105.74	4084.29	4094.98	18922	0	33
2026.07.27	12:00:00	4094.97	4103.85	4081.54	4083.53	17399	0	33
2026.07.27	16:00:00	4083.82	4093.65	4065.21	4082.22	24396	0	33
2026.07.27	20:00:00	4082.19	4089.05	4070.41	4076.39	16743	0	33
2026.07.28	00:00:00	4081.63	4081.66	4057.55	4057.79	10293	0	36
2026.07.28	04:00:00	4057.77	4060.07	4040.07	4041.89	18672	0	36
2026.07.28	08:00:00	4041.91	4054.95	4034.76	4045.21	19103	0	33
2026.07.28	12:00:00	4045.29	4045.69	4016.84	4029.32	19394	0	33
2026.07.28	16:00:00	4029.28	4046.80	4011.15	4037.33	24053	0	33
2026.07.28	20:00:00	4037.36	4041.17	4021.53	4028.36	17908	0	33
2026.07.29	00:00:00	4027.80	4029.58	4013.69	4021.68	12984	0	36
2026.07.29	04:00:00	4021.57	4037.57	4010.13	4027.05	19944	0	36
2026.07.29	08:00:00	4027.09	4047.55	4026.39	4037.40	17402	0	33
2026.07.29	12:00:00	4037.96	4038.08	4009.07	4022.40	16622	0	33
2026.07.29	16:00:00	4022.40	4032.57	3995.77	4027.05	23796	0	33
2026.07.29	20:00:00	4027.13	4116.23	4027.13	4066.04	26087	0	32
2026.07.30	00:00:00	4071.59	4100.14	4064.69	4071.96	14682	0	36
2026.07.30	04:00:00	4072.05	4092.69	4044.21	4045.81	22200	0	36
2026.07.30	08:00:00	4045.90	4072.73	4028.23	4061.20	23191	0	33
2026.07.30	12:00:00	4061.32	4086.07	4060.15	4068.80	21627	0	32
2026.07.30	16:00:00	4068.62	4120.03	4064.94	4110.41	25789	0	33
2026.07.30	20:00:00	4110.48	4117.13	4098.25	4103.47	18504	0	33
2026.07.31	00:00:00	4105.49	4111.47	4090.16	4094.49	10563	0	36
2026.07.31	04:00:00	4094.73	4101.29	4071.82	4079.77	17212	0	36
2026.07.31	08:00:00	4079.85	4087.24	4054.18	4060.76	18258	0	33
2026.07.31	12:00:00	4060.67	4063.67	4040.42	4040.58	17805	0	32
2026.07.31	16:00:00	4040.28	4052.32	4020.91	4043.16	24585	0	33
2026.07.31	20:00:00	4043.09	4055.35	4041.38	4046.49	17081	0	33
2026.08.03	00:00:00	4074.92	4079.48	4055.52	4056.93	13867	0	36
2026.08.03	04:00:00	4057.00	4071.54	4047.19	4063.67	17947	0	36
2026.08.03	08:00:00	4063.68	4071.66	4051.90	4059.26	18474	0	33
2026.08.03	12:00:00	4059.26	4064.27	4042.01	4047.46	18094	0	33
2026.08.03	16:00:00	4047.67	4053.23	4018.90	4036.75	21475	0	33
2026.08.03	20:00:00	4036.73	4058.00	4029.59	4055.09	14982	0	33
2026.08.04	00:00:00	4054.05	4069.05	4048.53	4049.12	8857	0	36
2026.08.04	04:00:00	4048.69	4065.88	4042.37	4063.57	15888	0	36
2026.08.04	08:00:00	4063.69	4072.60	4054.24	4054.85	16449	0	33
2026.08.04	12:00:00	4054.76	4084.06	4045.34	4070.66	18808	0	32
2026.08.04	16:00:00	4070.96	4093.86	4061.17	4093.15	22817	0	32
2026.08.04	20:00:00	4093.16	4105.82	4074.52	4077.14	16694	0	33
2026.08.05	00:00:00	4078.57	4085.58	4065.31	4082.05	9800	0	36
2026.08.05	04:00:00	4082.30	4141.34	4077.56	4135.52	18550	0	36
2026.08.05	08:00:00	4135.46	4179.45	4134.74	4160.51	20534	0	33
2026.08.05	12:00:00	4160.61	4213.36	4150.19	4183.92	20005	0	33
2026.08.05	16:00:00	4183.69	4265.01	4183.69	4242.28	26275	0	33
2026.08.05	20:00:00	4242.42	4267.58	4236.84	4246.91	18367	0	33
2026.08.06	00:00:00	4250.65	4300.26	4245.77	4294.63	12394	0	36
2026.08.06	04:00:00	4294.70	4304.03	4253.01	4262.19	20942	0	36
2026.08.06	08:00:00	4262.17	4278.80	4247.31	4278.20	19657	0	33
2026.08.06	12:00:00	4278.22	4284.66	4249.41	4250.20	19533	0	32
2026.08.06	16:00:00	4249.81	4275.20	4223.28	4241.24	25530	0	33
2026.08.06	20:00:00	4241.36	4251.06	4232.84	4240.41	16728	0	33
2026.08.07	00:00:00	4239.17	4252.98	4229.48	4232.45	9490	0	36
2026.08.07	04:00:00	4232.58	4268.75	4231.59	4264.73	18784	0	36
2026.08.07	08:00:00	4264.77	4316.42	4261.72	4305.86	20767	0	33
2026.08.07	12:00:00	4305.87	4371.52	4301.42	4361.18	21244	0	32
2026.08.07	16:00:00	4361.39	4367.80	4327.52	4329.14	26954	0	33
2026.08.07	20:00:00	4328.98	4350.33	4327.81	4341.30	18745	0	33
2026.08.10	00:00:00	4349.20	4350.65	4330.57	4332.12	11719	0	36
2026.08.10	04:00:00	4331.91	4340.35	4313.25	4339.33	18598	0	36
2026.08.10	08:00:00	4339.21	4361.73	4331.48	4346.48	18215	0	33
2026.08.10	12:00:00	4346.55	4349.81	4324.03	4332.60	17047	0	32
2026.08.10	16:00:00	4332.33	4364.55	4316.51	4356.80	23581	0	32
2026.08.10	20:00:00	4357.00	4395.16	4351.82	4390.32	18081	0	32
2026.08.11	00:00:00	4390.03	4419.24	4388.85	4409.55	10677	0	34
2026.08.11	04:00:00	4409.46	4435.07	4393.77	4408.87	19787	0	34
2026.08.11	08:00:00	4408.72	4409.00	4356.58	4368.94	20979	0	32
2026.08.11	12:00:00	4368.95	4399.83	4367.35	4392.24	19621	0	32
2026.08.11	16:00:00	4392.25	4403.95	4368.89	4383.21	24058	0	32
2026.08.11	20:00:00	4383.27	4385.51	4360.05	4368.02	16934	0	32
2026.08.12	00:00:00	4371.89	4383.47	4362.34	4380.30	11346	0	33
2026.08.12	04:00:00	4380.40	4415.74	4378.18	4400.80	18207	0	33
2026.08.12	08:00:00	4400.74	4410.26	4383.78	4401.51	17351	0	32
2026.08.12	12:00:00	4401.60	4437.81	4382.20	4437.32	19335	0	32
2026.08.12	16:00:00	4436.79	4440.83	4396.58	4401.48	25872	0	32
2026.08.12	20:00:00	4401.84	4418.14	4396.14	4408.32	16630	0	32
2026.08.13	00:00:00	4409.78	4449.43	4398.12	4427.77	9990	0	33
2026.08.13	04:00:00	4427.41	4435.09	4391.43	4397.59	19875	0	33
2026.08.13	08:00:00	4397.58	4407.00	4363.88	4375.68	20651	0	32
2026.08.13	12:00:00	4375.64	4401.67	4372.30	4401.67	17515	0	32
2026.08.13	16:00:00	4401.69	4401.69	4351.20	4366.92	25344	0	32
2026.08.13	20:00:00	4367.02	4373.14	4343.81	4350.92	18061	0	32
2026.08.14	00:00:00	4353.17	4363.85	4329.33	4340.61	12372	0	33
2026.08.14	04:00:00	4340.74	4341.20	4310.33	4326.70	18321	0	33
2026.08.14	08:00:00	4326.79	4349.49	4310.85	4348.44	18014	0	32
2026.08.14	12:00:00	4348.28	4386.86	4345.96	4373.74	17464	0	32
2026.08.14	16:00:00	4373.73	4396.92	4370.29	4385.95	22839	0	32
2026.08.14	20:00:00	4385.96	4386.45	4370.96	4376.00	13876	0	32
2026.08.17	00:00:00	4379.93	4402.06	4367.18	4400.58	11476	0	33
2026.08.17	04:00:00	4400.81	4416.43	4388.08	4390.75	18780	0	33
2026.08.17	08:00:00	4390.76	4411.14	4387.00	4394.85	18379	0	32
2026.08.17	12:00:00	4395.02	4405.55	4377.19	4384.84	17396	0	32
2026.08.17	16:00:00	4385.01	4428.86	4381.67	4424.19	23128	0	32
2026.08.17	20:00:00	4424.21	4426.09	4398.14	4416.64	16615	0	32
2026.08.18	00:00:00	4418.09	4435.04	4409.77	4434.70	10118	0	33
2026.08.18	04:00:00	4434.62	4436.07	4389.07	4393.59	19925	0	33
2026.08.18	08:00:00	4393.51	4403.59	4386.02	4393.34	18337	0	32
2026.08.18	12:00:00	4393.07	4400.76	4387.01	4394.45	16782	0	32
2026.08.18	16:00:00	4394.17	4406.64	4351.56	4363.99	25546	0	32
2026.08.18	20:00:00	4363.82	4368.28	4329.18	4334.27	17685	0	32
2026.08.19	00:00:00	4336.75	4347.22	4327.21	4338.18	12595	0	33
2026.08.19	04:00:00	4337.76	4361.98	4324.68	4348.47	18607	0	33
2026.08.19	08:00:00	4348.37	4363.15	4335.00	4355.72	20063	0	32
2026.08.19	12:00:00	4355.65	4442.20	4353.48	4438.81	19068	0	32
2026.08.19	16:00:00	4438.93	4499.19	4424.58	4493.72	27118	0	32
2026.08.19	20:00:00	4493.65	4524.26	4472.15	4522.93	21170	0	32
2026.08.20	00:00:00	4525.52	4527.20	4503.95	4504.71	12479	0	33
2026.08.20	04:00:00	4504.78	4509.99	4484.49	4488.57	20763	0	33
2026.08.20	08:00:00	4488.53	4498.50	4477.98	4489.19	19700	0	32
2026.08.20	12:00:00	4489.20	4494.51	4450.47	4474.61	20953	0	32
2026.08.20	16:00:00	4474.77	4540.64	4469.12	4509.79	27241	0	32
2026.08.20	20:00:00	4509.90	4531.96	4507.55	4519.02	18971	0	32
2026.08.21	00:00:00	4520.54	4532.56	4509.64	4510.31	11708	0	33
2026.08.21	04:00:00	4510.39	4547.70	4508.64	4540.40	19883	0	33
2026.08.21	08:00:00	4540.39	4584.96	4529.36	4583.98	20676	0	32
2026.08.21	12:00:00	4583.99	4604.54	4563.60	4577.99	21285	0	32
2026.08.21	16:00:00	4577.80	4629.14	4573.51	4628.96	25920	0	32
2026.08.21	20:00:00	4628.96	4632.19	4603.36	4604.52	18075	0	32
2026.08.24	00:00:00	4624.56	4640.81	4595.04	4621.74	14407	0	33
2026.08.24	04:00:00	4621.84	4656.56	4608.07	4638.90	23409	0	33
2026.08.24	08:00:00	4638.91	4659.85	4628.63	4637.83	23141	0	32
2026.08.24	12:00:00	4637.71	4669.75	4632.85	4662.66	21185	0	32
2026.08.24	16:00:00	4662.69	4680.57	4639.84	4644.85	26150	0	32
2026.08.24	20:00:00	4644.83	4655.88	4625.22	4651.62	19891	0	32
2026.08.25	00:00:00	4655.28	4696.45	4652.44	4684.04	12546	0	33
2026.08.25	04:00:00	4683.78	4685.61	4617.45	4625.66	23297	0	33
2026.08.25	08:00:00	4625.70	4653.26	4620.08	4630.00	21619	0	32
2026.08.25	12:00:00	4629.86	4647.12	4623.96	4640.66	20550	0	32
2026.08.25	16:00:00	4640.76	4659.15	4605.20	4643.27	25654	0	32
2026.08.25	20:00:00	4643.41	4668.82	4634.05	4658.58	18570	0	32
2026.08.26	00:00:00	4660.21	4673.49	4634.24	4637.22	11704	0	33
2026.08.26	04:00:00	4637.25	4670.48	4630.28	4640.42	19983	0	33
2026.08.26	08:00:00	4640.52	4649.32	4622.06	4628.02	20046	0	32
2026.08.26	12:00:00	4628.07	4632.82	4611.03	4614.38	19110	0	32
2026.08.26	16:00:00	4614.61	4633.28	4582.98	4591.42	25722	0	32
2026.08.26	20:00:00	4591.40	4604.33	4583.95	4594.40	18164	0	32
2026.08.27	00:00:00	4605.05	4626.89	4600.37	4604.93	12059	0	33
2026.08.27	04:00:00	4604.85	4642.86	4602.37	4618.55	19547	0	33
2026.08.27	08:00:00	4618.62	4621.31	4593.38	4598.76	20274	0	32
2026.08.27	12:00:00	4598.83	4600.93	4568.90	4585.80	20220	0	32
2026.08.27	16:00:00	4585.32	4616.47	4565.79	4614.71	25299	0	32
2026.08.27	20:00:00	4615.49	4617.79	4599.84	4601.54	18605	0	32
2026.08.28	00:00:00	4607.44	4611.23	4585.49	4588.55	10470	0	33
2026.08.28	04:00:00	4588.58	4601.84	4575.03	4584.11	18892	0	33
2026.08.28	08:00:00	4584.16	4614.37	4571.47	4602.70	20087	0	32
2026.08.28	12:00:00	4602.69	4609.68	4588.87	4601.51	19263	0	32
2026.08.28	16:00:00	4601.76	4631.90	4464.33	4479.28	29575	0	32
2026.08.28	20:00:00	4479.21	4486.32	4445.34	4454.27	22752	0	32
2026.08.31	00:00:00	4437.58	4471.76	4434.62	4456.14	14391	0	33
2026.08.31	04:00:00	4456.26	4463.10	4396.30	4424.35	22480	0	33
2026.08.31	08:00:00	4424.36	4449.30	4419.01	4435.40	20508	0	32
2026.08.31	12:00:00	4435.61	4463.85	4435.34	4435.59	19087	0	32
2026.08.31	16:00:00	4435.57	4448.06	4415.60	4433.00	25437	0	32
2026.08.31	20:00:00	4433.08	4455.58	4426.02	4448.91	18123	0	32
2026.09.01	00:00:00	4449.96	4461.24	4441.66	4453.54	10698	0	33
2026.09.01	04:00:00	4453.48	4456.63	4425.36	4426.41	19876	0	33
2026.09.01	08:00:00	4426.44	4445.81	4369.31	4370.67	22461	0	32
2026.09.01	12:00:00	4370.56	4386.97	4351.86	4356.20	23024	0	32
2026.09.01	16:00:00	4356.08	4375.36	4326.04	4351.13	26578	0	32
2026.09.01	20:00:00	4351.14	4351.76	4322.85	4327.98	20105	0	32
2026.09.02	00:00:00	4334.10	4335.48	4314.48	4315.65	11654	0	33
2026.09.02	04:00:00	4315.35	4326.35	4282.40	4307.01	21636	0	33
2026.09.02	08:00:00	4307.03	4331.39	4303.51	4312.64	22520	0	32
2026.09.02	12:00:00	4312.63	4344.14	4301.68	4331.48	22307	0	32
2026.09.02	16:00:00	4331.06	4397.53	4330.60	4368.07	25702	0	32
2026.09.02	20:00:00	4368.06	4391.21	4364.40	4387.86	18267	0	32
2026.09.03	00:00:00	4391.06	4397.07	4380.98	4395.26	10011	0	33
2026.09.03	04:00:00	4395.43	4438.16	4387.39	4437.21	20445	0	33
2026.09.03	08:00:00	4437.13	4443.35	4418.63	4434.78	22868	0	32
2026.09.03	12:00:00	4434.80	4495.06	4418.91	4493.28	22124	0	32
2026.09.03	16:00:00	4493.48	4510.58	4457.08	4486.02	26369	0	32
2026.09.03	20:00:00	4486.11	4494.50	4470.30	4472.88	18396	0	32
2026.09.04	00:00:00	4474.32	4486.82	4471.22	4486.38	10038	0	33
2026.09.04	04:00:00	4486.14	4486.81	4465.40	4473.58	17794	0	33
2026.09.04	08:00:00	4473.53	4490.48	4460.04	4477.64	19428	0	32
2026.09.04	12:00:00	4477.63	4478.98	4379.58	4393.49	19988	0	32
2026.09.04	16:00:00	4393.71	4448.72	4365.49	4436.21	26280	0	32
2026.09.04	20:00:00	4436.30	4440.18	4411.98	4430.80	16980	0	32
2026.09.07	00:00:00	4422.33	4434.95	4410.02	4412.39	10406	0	33
2026.09.07	04:00:00	4412.39	4418.76	4389.66	4397.83	19035	0	33
2026.09.07	08:00:00	4397.84	4423.60	4385.12	4410.80	20267	0	32
2026.09.07	12:00:00	4410.71	4413.47	4380.97	4396.60	16394	0	32
2026.09.07	16:00:00	4396.61	4419.26	4395.23	4414.30	17900	0	13
2026.09.07	20:00:00	4414.32	4414.88	4402.92	4406.01	2625	0	32
2026.09.08	00:00:00	4413.41	4429.94	4405.59	4426.87	11455	0	33
2026.09.08	04:00:00	4426.11	4442.74	4417.19	4435.87	18783	0	33
2026.09.08	08:00:00	4435.82	4437.51	4387.71	4394.10	21031	0	32
2026.09.08	12:00:00	4393.96	4411.52	4385.23	4411.32	19284	0	32
2026.09.08	16:00:00	4411.56	4412.48	4380.22	4393.53	23097	0	32
2026.09.08	20:00:00	4393.56	4403.49	4345.71	4355.18	18128	0	32
2026.09.09	00:00:00	4354.98	4365.39	4341.18	4364.46	10827	0	33
2026.09.09	04:00:00	4364.58	4384.18	4354.02	4381.39	18067	0	33
2026.09.09	08:00:00	4381.37	4412.70	4380.31	4400.63	18518	0	32
2026.09.09	12:00:00	4400.66	4415.05	4386.07	4399.98	18908	0	32
2026.09.09	16:00:00	4399.89	4433.87	4375.03	4409.50	24570	0	32
2026.09.09	20:00:00	4409.36	4421.27	4393.34	4401.45	16083	0	32
2026.09.10	00:00:00	4404.47	4406.30	4389.62	4400.98	10050	0	33
2026.09.10	04:00:00	4400.90	4420.66	4400.35	4408.28	18361	0	33
2026.09.10	08:00:00	4408.29	4434.01	4392.27	4394.72	20091	0	32
2026.09.10	12:00:00	4394.62	4399.97	4323.86	4339.85	22269	0	32
2026.09.10	16:00:00	4340.27	4376.12	4339.90	4363.88	25330	0	32
2026.09.10	20:00:00	4363.96	4367.47	4313.60	4316.35	20206	0	32
2026.09.11	00:00:00	4322.27	4333.65	4311.14	4331.92	11249	0	33
2026.09.11	04:00:00	4331.03	4340.15	4300.71	4331.49	22086	0	33
2026.09.11	08:00:00	4331.54	4360.54	4328.13	4346.79	21385	0	32
2026.09.11	12:00:00	4347.09	4389.80	4292.11	4388.48	20485	0	32
2026.09.11	16:00:00	4388.08	4402.29	4351.78	4361.52	25036	0	32
2026.09.11	20:00:00	4361.66	4370.22	4342.67	4348.32	16977	0	32
2026.09.14	00:00:00	4336.49	4347.26	4328.18	4338.88	12236	0	33
2026.09.14	04:00:00	4338.34	4355.06	4322.03	4329.35	19194	0	33
2026.09.14	08:00:00	4329.32	4338.41	4303.09	4306.43	20643	0	32
2026.09.14	12:00:00	4306.22	4311.46	4265.75	4270.76	20830	0	32
2026.09.14	16:00:00	4271.21	4317.48	4253.43	4315.68	24474	0	32
2026.09.14	20:00:00	4315.62	4316.30	4282.18	4298.51	17068	0	32
2026.09.15	00:00:00	4299.91	4300.24	4283.45	4292.82	10745	0	33
2026.09.15	04:00:00	4292.98	4317.17	4287.75	4304.57	18436	0	33
2026.09.15	08:00:00	4304.56	4307.33	4261.17	4262.18	20976	0	32
2026.09.15	12:00:00	4262.15	4295.56	4261.35	4290.37	19556	0	32
2026.09.15	16:00:00	4289.57	4300.20	4273.72	4295.37	23074	0	32
2026.09.15	20:00:00	4295.46	4310.68	4290.15	4293.90	16234	0	32
2026.09.16	00:00:00	4295.50	4298.93	4275.53	4277.45	9797	0	33
2026.09.16	04:00:00	4277.43	4340.80	4276.83	4321.94	19511	0	33
2026.09.16	08:00:00	4322.02	4339.08	4320.82	4330.27	19628	0	32
2026.09.16	12:00:00	4330.44	4353.31	4327.59	4347.72	19508	0	32
2026.09.16	16:00:00	4347.51	4361.11	4324.28	4346.72	22259	0	32
2026.09.16	20:00:00	4346.70	4366.92	4235.07	4263.87	22584	0	32
2026.09.17	00:00:00	4262.46	4292.06	4257.37	4279.89	13284	0	33
2026.09.17	04:00:00	4282.19	4317.85	4273.79	4297.27	20228	0	33
2026.09.17	08:00:00	4297.29	4335.30	4285.26	4311.40	20410	0	32
2026.09.17	12:00:00	4311.39	4381.06	4304.96	4373.34	21171	0	32
2026.09.17	16:00:00	4373.45	4379.94	4351.56	4362.40	23700	0	32
2026.09.17	20:00:00	4362.54	4365.84	4340.63	4341.63	16519	0	32
2026.09.18	00:00:00	4344.31	4360.01	4339.77	4356.35	10440	0	33
2026.09.18	04:00:00	4357.18	4366.93	4334.35	4366.85	19277	0	33
2026.09.18	08:00:00	4366.78	4399.53	4360.35	4392.27	20394	0	32
2026.09.18	12:00:00	4392.42	4398.15	4353.73	4368.72	20176	0	32
2026.09.18	16:00:00	4368.83	4383.41	4342.61	4382.59	23348	0	32
2026.09.18	20:00:00	4382.80	4396.59	4374.76	4378.12	16714	0	32
2026.09.21	00:00:00	4375.96	4382.01	4358.85	4366.41	11501	0	33
2026.09.21	04:00:00	4366.46	4383.13	4354.90	4355.62	19525	0	33
2026.09.21	08:00:00	4355.57	4361.75	4341.75	4352.92	20585	0	32
2026.09.21	12:00:00	4352.94	4374.54	4339.99	4359.59	19764	0	32
2026.09.21	16:00:00	4359.37	4368.48	4322.54	4343.11	23233	0	32
2026.09.21	20:00:00	4343.20	4353.61	4337.33	4343.36	15516	0	32
2026.09.22	00:00:00	4348.27	4375.85	4346.40	4359.90	12037	0	33
2026.09.22	04:00:00	4359.93	4364.88	4334.86	4342.60	19215	0	33
2026.09.22	08:00:00	4342.57	4347.03	4291.34	4330.04	22827	0	32
2026.09.22	12:00:00	4329.92	4343.69	4308.91	4333.73	23176	0	32
2026.09.22	16:00:00	4333.69	4343.69	4314.77	4336.12	23931	0	32
2026.09.22	20:00:00	4336.10	4370.96	4334.55	4358.20	19069	0	32
2026.09.23	00:00:00	4360.99	4369.04	4355.11	4357.34	10104	0	33
2026.09.23	04:00:00	4357.54	4358.88	4333.03	4343.92	17085	0	33
2026.09.23	08:00:00	4343.74	4345.45	4315.30	4317.93	18881	0	32
2026.09.23	12:00:00	4317.92	4320.10	4294.51	4309.61	20004	0	32
2026.09.23	16:00:00	4309.56	4313.33	4277.37	4284.71	24681	0	32
2026.09.23	20:00:00	4284.69	4294.65	4274.66	4287.06	18165	0	32
2026.09.24	00:00:00	4289.99	4299.00	4283.76	4298.28	10717	0	33
2026.09.24	04:00:00	4298.27	4302.89	4273.48	4289.29	19567	0	33
2026.09.24	08:00:00	4289.31	4295.98	4260.54	4261.20	22356	0	32
2026.09.24	12:00:00	4260.92	4283.03	4244.07	4280.92	22603	0	32
2026.09.24	16:00:00	4280.96	4288.20	4244.60	4273.00	25405	0	32
2026.09.24	20:00:00	4272.92	4281.17	4256.13	4273.63	21041	0	32
2026.09.25	00:00:00	4274.15	4280.80	4264.16	4278.29	10991	0	33
2026.09.25	04:00:00	4278.37	4295.60	4262.49	4262.74	18104	0	33
2026.09.25	08:00:00	4262.67	4297.23	4256.19	4293.30	21979	0	32
2026.09.25	12:00:00	4293.29	4315.59	4289.54	4297.94	24209	0	32
2026.09.25	16:00:00	4297.96	4300.12	4254.37	4286.29	29535	0	32
2026.09.25	20:00:00	4286.28	4297.01	4279.53	4284.88	19210	0	32
2026.09.28	00:00:00	4268.98	4275.04	4227.33	4230.63	14713	0	35
2026.09.28	04:00:00	4230.49	4231.27	4191.15	4194.48	23785	0	33
2026.09.28	08:00:00	4194.43	4197.59	4142.48	4144.30	26188	0	32
2026.09.28	12:00:00	4144.20	4170.87	4140.50	4154.03	24726	0	32
2026.09.28	16:00:00	4154.01	4160.31	4110.69	4129.52	30149	0	32
2026.09.28	20:00:00	4129.24	4146.54	4110.94	4114.78	21449	0	32
2026.09.29	00:00:00	4116.31	4128.79	4114.26	4117.63	11713	0	33
2026.09.29	04:00:00	4117.38	4140.11	4113.26	4126.53	22162	0	33
2026.09.29	08:00:00	4126.42	4148.66	4121.88	4139.38	23261	0	32
2026.09.29	12:00:00	4139.36	4161.05	4138.91	4150.83	22560	0	32
2026.09.29	16:00:00	4150.93	4174.97	4144.33	4145.50	27333	0	32
2026.09.29	20:00:00	4145.48	4185.08	4142.18	4181.88	21051	0	32
2026.09.30	00:00:00	4183.63	4187.32	4176.52	4176.52	10584	0	33
