datetime,open,high,low,close,volume
2025-01-02 03:00:00,75.42,75.46,75.26,75.38,548.0
2025-01-02 04:00:00,75.38,75.38,75.24,75.29,383.0
2025-01-02 05:00:00,75.29,75.29,75.15,75.2,171.0
2025-01-02 06:00:00,75.2,75.21,75.13,75.17,331.0
2025-01-02 07:00:00,75.15,75.25,75.06,75.19,495.0
2025-01-02 08:00:00,75.2,75.38,75.18,75.21,629.0
2025-01-02 09:00:00,75.22,75.34,75.07,75.22,1038.0
2025-01-02 10:00:00,75.25,75.68,75.19,75.68,953.0
2025-01-02 11:00:00,75.68,76.05,75.67,76.04,1057.0
2025-01-02 12:00:00,76.03,76.13,75.9,76.09,595.0
2025-01-02 13:00:00,76.08,76.12,75.91,76.07,569.0
2025-01-02 14:00:00,76.07,76.12,75.83,76.09,1079.0
2025-01-02 15:00:00,76.09,76.6,76.07,76.6,1927.0
2025-01-02 16:00:00,76.59,76.8,76.48,76.65,1723.0
2025-01-02 17:00:00,76.53,76.89,76.43,76.75,2152.0
2025-01-02 18:00:00,76.75,76.82,76.39,76.48,1409.0
2025-01-02 19:00:00,76.48,76.48,76.23,76.31,1213.0
2025-01-02 20:00:00,76.31,76.53,76.18,76.35,1303.0
2025-01-02 21:00:00,76.35,76.36,76.2,76.24,446.0
2025-01-02 22:00:00,76.23,76.26,76.16,76.19,163.0
2025-01-03 03:00:00,76.38,76.59,76.31,76.39,724.0
2025-01-03 04:00:00,76.4,76.53,76.37,76.5,437.0
2025-01-03 05:00:00,76.51,76.52,76.42,76.42,124.0
2025-01-03 06:00:00,76.43,76.44,76.32,76.36,364.0
2025-01-03 07:00:00,76.35,76.37,76.24,76.26,643.0
2025-01-03 08:00:00,76.25,76.29,76.19,76.21,487.0
2025-01-03 09:00:00,76.22,76.36,76.1,76.11,698.0
2025-01-03 10:00:00,76.13,76.24,75.86,75.95,830.0
2025-01-03 11:00:00,75.96,76.09,75.86,75.93,599.0
2025-01-03 12:00:00,75.92,76.15,75.86,76.13,477.0
2025-01-03 13:00:00,76.14,76.24,76.01,76.19,637.0
2025-01-03 14:00:00,76.18,76.57,76.08,76.53,1140.0
2025-01-03 15:00:00,76.52,76.6,76.37,76.49,1704.0
2025-01-03 16:00:00,76.5,76.74,76.5,76.73,1500.0
2025-01-03 17:00:00,76.73,76.87,76.6,76.87,1254.0
2025-01-03 18:00:00,76.87,77.02,76.82,77.01,788.0
2025-01-03 19:00:00,77.02,77.07,76.79,76.89,1009.0
2025-01-03 20:00:00,76.88,76.98,76.77,76.97,885.0
2025-01-03 21:00:00,76.97,77.0,76.86,76.9,387.0
2025-01-03 22:00:00,76.89,76.89,76.83,76.89,129.0
2025-01-06 03:00:00,76.97,76.97,76.75,76.79,616.0
2025-01-06 04:00:00,76.8,76.82,76.61,76.63,356.0
2025-01-06 05:00:00,76.63,76.7,76.46,76.47,244.0
2025-01-06 06:00:00,76.45,76.55,76.43,76.53,419.0
2025-01-06 07:00:00,76.52,76.59,76.46,76.58,485.0
2025-01-06 08:00:00,76.57,76.68,76.45,76.52,644.0
2025-01-06 09:00:00,76.53,76.56,76.37,76.52,819.0
2025-01-06 10:00:00,76.51,76.71,76.43,76.62,812.0
2025-01-06 11:00:00,76.63,76.89,76.55,76.79,600.0
2025-01-06 12:00:00,76.78,77.1,76.7,77.08,1003.0
2025-01-06 13:00:00,77.09,77.47,77.06,77.29,890.0
2025-01-06 14:00:00,77.3,77.39,76.99,77.12,1360.0
2025-01-06 15:00:00,77.11,77.69,77.11,77.66,2189.0
2025-01-06 16:00:00,77.68,77.79,76.95,77.01,1739.0
2025-01-06 17:00:00,77.0,77.26,76.86,77.11,1846.0
2025-01-06 18:00:00,77.12,77.13,76.56,76.6,1228.0
2025-01-06 19:00:00,76.6,76.62,76.24,76.39,1182.0
2025-01-06 20:00:00,76.39,76.73,76.37,76.55,1150.0
2025-01-06 21:00:00,76.55,76.6,76.47,76.53,434.0
2025-01-06 22:00:00,76.53,76.57,76.42,76.47,192.0
2025-01-07 03:00:00,76.46,76.55,76.37,76.49,648.0
2025-01-07 04:00:00,76.49,76.56,76.41,76.56,516.0
2025-01-07 05:00:00,76.55,76.57,76.49,76.53,162.0
2025-01-07 06:00:00,76.54,76.61,76.51,76.6,394.0
2025-01-07 07:00:00,76.58,76.63,76.44,76.54,499.0
2025-01-07 08:00:00,76.53,76.59,76.34,76.36,665.0
2025-01-07 09:00:00,76.37,76.58,76.19,76.2,1032.0
2025-01-07 10:00:00,76.24,76.68,76.2,76.67,1261.0
2025-01-07 11:00:00,76.65,77.04,76.62,76.99,937.0
2025-01-07 12:00:00,77.02,77.36,76.99,77.34,825.0
2025-01-07 13:00:00,77.34,77.37,77.18,77.21,808.0
2025-01-07 14:00:00,77.19,77.28,77.0,77.19,1394.0
2025-01-07 15:00:00,77.18,77.43,76.95,77.33,1687.0
2025-01-07 16:00:00,77.31,77.36,77.14,77.33,1698.0
2025-01-07 17:00:00,77.34,77.46,76.9,77.18,1771.0
2025-01-07 18:00:00,77.19,77.41,77.16,77.4,1035.0
2025-01-07 19:00:00,77.41,77.57,77.32,77.36,883.0
2025-01-07 20:00:00,77.33,77.53,77.24,77.49,854.0
2025-01-07 21:00:00,77.5,77.51,77.3,77.33,400.0
2025-01-07 22:00:00,77.34,77.44,77.26,77.41,278.0
2025-01-08 03:00:00,77.69,77.7,77.5,77.57,375.0
2025-01-08 04:00:00,77.56,77.69,77.51,77.56,347.0
2025-01-08 05:00:00,77.55,77.67,77.53,77.61,130.0
2025-01-08 06:00:00,77.6,77.88,77.6,77.85,291.0
2025-01-08 07:00:00,77.86,77.92,77.64,77.68,656.0
2025-01-08 08:00:00,77.67,77.82,77.59,77.82,531.0
2025-01-08 09:00:00,77.8,78.16,77.78,78.14,1092.0
2025-01-08 10:00:00,78.15,78.16,77.89,78.03,969.0
2025-01-08 11:00:00,78.03,78.14,77.24,77.32,1104.0
2025-01-08 12:00:00,77.32,77.65,77.12,77.6,1355.0
2025-01-08 13:00:00,77.61,77.79,77.52,77.67,907.0
2025-01-08 14:00:00,77.66,77.81,77.34,77.46,1425.0
2025-01-08 15:00:00,77.57,77.61,77.25,77.45,1743.0
2025-01-08 16:00:00,77.45,77.58,77.03,77.08,2214.0
2025-01-08 17:00:00,77.08,77.09,76.33,76.46,2254.0
2025-01-08 18:00:00,76.47,76.56,76.3,76.44,1335.0
2025-01-08 19:00:00,76.43,76.49,76.31,76.36,1021.0
2025-01-08 20:00:00,76.37,76.59,76.34,76.55,1057.0
2025-01-08 21:00:00,76.56,76.6,76.44,76.5,527.0
2025-01-08 22:00:00,76.47,76.48,76.4,76.43,198.0
2025-01-09 03:00:00,76.02,76.24,76.02,76.22,559.0
2025-01-09 04:00:00,76.23,76.39,76.21,76.35,415.0
2025-01-09 05:00:00,76.35,76.37,76.28,76.33,195.0
2025-01-09 06:00:00,76.34,76.48,76.24,76.46,449.0
2025-01-09 07:00:00,76.47,76.56,76.4,76.53,556.0
2025-01-09 08:00:00,76.52,76.61,76.25,76.25,632.0
2025-01-09 09:00:00,76.24,76.61,76.24,76.27,1131.0
2025-01-09 10:00:00,76.28,76.47,76.16,76.42,1060.0
2025-01-09 11:00:00,76.43,76.59,76.29,76.55,933.0
2025-01-09 12:00:00,76.54,76.68,76.47,76.62,669.0
2025-01-09 13:00:00,76.61,76.88,76.6,76.83,669.0
2025-01-09 14:00:00,76.81,76.87,76.61,76.76,1192.0
2025-01-09 15:00:00,76.76,77.01,76.7,76.86,1439.0
2025-01-09 16:00:00,76.85,77.33,76.84,77.18,983.0
2025-01-09 17:00:00,77.18,77.43,77.1,77.33,1121.0
2025-01-09 18:00:00,77.32,77.49,77.19,77.36,825.0
2025-01-09 19:00:00,77.35,77.43,77.18,77.26,900.0
2025-01-09 20:00:00,77.26,77.49,77.11,77.49,1058.0
2025-01-09 21:00:00,77.48,77.49,77.38,77.47,342.0
2025-01-09 22:00:00,77.47,77.49,77.33,77.46,161.0
2025-01-10 03:00:00,77.35,77.46,77.27,77.33,604.0
2025-01-10 04:00:00,77.35,77.46,77.32,77.34,354.0
2025-01-10 05:00:00,77.34,77.52,77.34,77.5,227.0
2025-01-10 06:00:00,77.51,77.66,77.51,77.6,333.0
2025-01-10 07:00:00,77.59,77.67,77.48,77.62,478.0
2025-01-10 08:00:00,77.62,77.92,77.61,77.82,665.0
2025-01-10 09:00:00,77.82,78.34,77.75,78.23,1131.0
2025-01-10 10:00:00,78.22,79.01,78.14,78.99,1635.0
2025-01-10 11:00:00,79.0,79.14,78.86,79.07,1355.0
2025-01-10 12:00:00,79.06,80.0,79.04,79.76,1634.0
2025-01-10 13:00:00,79.75,79.97,79.45,79.97,1988.0
2025-01-10 14:00:00,79.97,80.22,79.81,80.11,2560.0
2025-01-10 15:00:00,80.12,81.01,79.93,80.36,3296.0
2025-01-10 16:00:00,80.34,80.41,79.14,79.14,3124.0
2025-01-10 17:00:00,79.14,79.62,78.7,79.47,3280.0
2025-01-10 18:00:00,79.48,79.82,79.4,79.71,1957.0
2025-01-10 19:00:00,79.7,79.88,79.53,79.85,1345.0
2025-01-10 20:00:00,79.85,80.16,79.77,79.93,1408.0
2025-01-10 21:00:00,79.94,80.03,79.87,79.98,598.0
2025-01-10 22:00:00,79.99,80.02,79.84,79.88,250.0
2025-01-13 03:00:00,81.43,81.52,81.14,81.27,854.0
2025-01-13 04:00:00,81.27,81.29,81.1,81.21,746.0
2025-01-13 05:00:00,81.2,81.53,81.16,81.44,620.0
2025-01-13 06:00:00,81.44,81.54,81.31,81.54,836.0
2025-01-13 07:00:00,81.53,81.62,81.39,81.49,918.0
2025-01-13 08:00:00,81.5,81.51,81.03,81.16,1312.0
2025-01-13 09:00:00,81.15,81.9,81.08,81.72,2106.0
2025-01-13 10:00:00,81.73,81.78,80.78,80.81,2182.0
2025-01-13 11:00:00,80.8,81.46,80.75,81.31,1689.0
2025-01-13 12:00:00,81.33,81.67,81.26,81.37,1405.0
2025-01-13 13:00:00,81.38,81.58,81.08,81.36,1595.0
2025-01-13 14:00:00,81.38,81.38,80.89,80.99,2383.0
2025-01-13 15:00:00,80.99,81.02,80.58,80.87,2675.0
2025-01-13 16:00:00,80.86,81.33,80.63,81.29,2223.0
2025-01-13 17:00:00,81.28,81.64,81.22,81.52,2698.0
2025-01-13 18:00:00,81.51,81.64,81.1,81.42,1993.0
2025-01-13 19:00:00,81.42,81.56,81.1,81.11,1523.0
2025-01-13 20:00:00,81.12,81.45,81.05,81.33,1613.0
2025-01-13 21:00:00,81.34,81.34,81.05,81.06,708.0
2025-01-13 22:00:00,81.07,81.11,80.99,81.07,394.0
2025-01-14 03:00:00,81.01,81.06,80.7,80.83,859.0
2025-01-14 04:00:00,80.83,81.0,80.77,80.95,662.0
2025-01-14 05:00:00,80.95,80.95,80.78,80.79,293.0
2025-01-14 06:00:00,80.79,80.82,80.69,80.78,561.0
2025-01-14 07:00:00,80.77,80.83,80.58,80.69,729.0
2025-01-14 08:00:00,80.7,80.8,80.43,80.62,1180.0
2025-01-14 09:00:00,80.63,81.08,80.63,80.93,1612.0
2025-01-14 10:00:00,80.92,81.36,80.92,81.3,1582.0
2025-01-14 11:00:00,81.31,81.33,80.5,80.54,1579.0
2025-01-14 12:00:00,80.55,81.11,80.52,81.08,1162.0
2025-01-14 13:00:00,81.07,81.09,80.74,80.74,1136.0
2025-01-14 14:00:00,80.73,80.88,80.44,80.74,2247.0
2025-01-14 15:00:00,80.72,80.84,80.22,80.31,2807.0
2025-01-14 16:00:00,80.31,80.7,80.08,80.57,2477.0
2025-01-14 17:00:00,80.58,80.74,80.11,80.45,2767.0
2025-01-14 18:00:00,80.44,80.74,80.32,80.41,1756.0
2025-01-14 19:00:00,80.39,80.49,80.18,80.27,1189.0
2025-01-14 20:00:00,80.26,80.49,80.09,80.19,1362.0
2025-01-14 21:00:00,80.2,80.4,80.14,80.38,634.0
2025-01-14 22:00:00,80.38,80.67,80.27,80.48,433.0
2025-01-15 03:00:00,80.16,80.16,79.96,80.07,930.0
2025-01-15 04:00:00,80.07,80.23,80.01,80.13,532.0
2025-01-15 05:00:00,80.13,80.38,80.08,80.32,350.0
2025-01-15 06:00:00,80.31,80.44,80.21,80.41,616.0
2025-01-15 07:00:00,80.42,80.67,80.37,80.58,913.0
2025-01-15 08:00:00,80.57,80.84,80.4,80.53,1178.0
2025-01-15 09:00:00,80.52,80.66,80.12,80.13,1668.0
2025-01-15 10:00:00,80.15,80.33,79.82,80.24,1675.0
2025-01-15 11:00:00,80.25,80.55,80.14,80.2,1249.0
2025-01-15 12:00:00,80.13,80.34,80.1,80.28,1041.0
2025-01-15 13:00:00,80.29,80.5,80.22,80.4,1361.0
2025-01-15 14:00:00,80.39,80.74,80.33,80.68,2202.0
2025-01-15 15:00:00,80.71,81.26,80.58,81.25,2174.0
2025-01-15 16:00:00,81.26,81.34,80.9,80.95,2280.0
2025-01-15 17:00:00,80.94,81.89,80.9,81.66,2935.0
2025-01-15 18:00:00,81.66,81.85,81.46,81.85,1872.0
2025-01-15 19:00:00,81.84,82.09,81.66,82.03,1664.0
2025-01-15 20:00:00,82.02,82.59,82.0,82.58,1967.0
2025-01-15 21:00:00,82.57,82.83,82.52,82.69,1108.0
2025-01-15 22:00:00,82.7,82.72,82.53,82.57,429.0
2025-01-16 03:00:00,82.33,82.58,82.23,82.47,1084.0
2025-01-16 04:00:00,82.46,82.67,82.41,82.56,705.0
2025-01-16 05:00:00,82.54,82.59,82.41,82.42,351.0
2025-01-16 06:00:00,82.42,82.42,82.2,82.25,1017.0
2025-01-16 07:00:00,82.25,82.61,82.2,82.43,1377.0
2025-01-16 08:00:00,82.43,82.5,82.23,82.33,1026.0
2025-01-16 09:00:00,82.33,82.35,81.93,82.06,1931.0
2025-01-16 10:00:00,82.07,82.18,81.91,82.12,1374.0
2025-01-16 11:00:00,82.12,82.18,81.78,81.85,1184.0
2025-01-16 12:00:00,81.84,81.86,81.21,81.3,1200.0
2025-01-16 13:00:00,81.31,81.7,81.22,81.59,1687.0
2025-01-16 14:00:00,81.58,82.08,81.49,82.07,1715.0
2025-01-16 15:00:00,82.08,82.2,81.66,81.87,2338.0
2025-01-16 16:00:00,81.86,81.89,81.06,81.48,2703.0
2025-01-16 17:00:00,81.49,81.57,80.57,81.15,3615.0
2025-01-16 18:00:00,81.12,81.67,80.97,81.62,2281.0
2025-01-16 19:00:00,81.62,81.7,81.14,81.21,1566.0
2025-01-16 20:00:00,81.22,81.62,81.05,81.59,1488.0
2025-01-16 21:00:00,81.58,81.59,81.41,81.5,690.0
2025-01-16 22:00:00,81.5,81.51,81.41,81.45,280.0
2025-01-17 03:00:00,81.71,81.83,81.66,81.77,637.0
2025-01-17 04:00:00,81.77,81.85,81.73,81.8,433.0
2025-01-17 05:00:00,81.8,81.96,81.8,81.95,270.0
2025-01-17 06:00:00,81.94,82.06,81.81,81.84,785.0
2025-01-17 07:00:00,81.83,81.9,81.73,81.75,865.0
2025-01-17 08:00:00,81.76,82.02,81.54,81.93,1055.0
2025-01-17 09:00:00,81.94,82.1,81.65,81.81,1650.0
2025-01-17 10:00:00,81.81,81.91,81.37,81.72,1627.0
2025-01-17 11:00:00,81.73,81.99,81.51,81.69,1523.0
2025-01-17 12:00:00,81.7,81.89,81.39,81.47,1244.0
2025-01-17 13:00:00,81.47,81.58,81.14,81.3,1390.0
2025-01-17 14:00:00,81.3,81.32,80.76,80.99,2251.0
2025-01-17 15:00:00,81.0,81.33,80.73,81.2,2644.0
2025-01-17 16:00:00,81.21,81.36,80.77,80.81,2509.0
2025-01-17 17:00:00,80.8,81.41,80.73,81.41,2321.0
2025-01-17 18:00:00,81.4,81.44,81.05,81.15,1470.0
2025-01-17 19:00:00,81.15,81.25,80.99,81.09,1272.0
2025-01-17 20:00:00,81.08,81.31,80.78,80.85,1430.0
2025-01-17 21:00:00,80.86,81.03,80.77,80.94,610.0
2025-01-17 22:00:00,80.94,81.03,80.86,80.94,265.0
2025-01-20 03:00:00,80.96,80.99,80.75,80.84,1053.0
2025-01-20 04:00:00,80.83,80.99,80.77,80.89,644.0
2025-01-20 05:00:00,80.88,80.91,80.75,80.78,198.0
2025-01-20 06:00:00,80.78,80.85,80.72,80.75,455.0
2025-01-20 07:00:00,80.74,80.81,80.47,80.64,732.0
2025-01-20 08:00:00,80.63,80.82,80.62,80.7,721.0
2025-01-20 09:00:00,80.71,80.87,80.53,80.64,1475.0
2025-01-20 10:00:00,80.63,80.77,80.27,80.43,1271.0
2025-01-20 11:00:00,80.44,80.65,80.37,80.49,888.0
2025-01-20 12:00:00,80.5,80.74,80.43,80.67,838.0
2025-01-20 13:00:00,80.68,81.05,80.65,80.93,883.0
2025-01-20 14:00:00,80.94,81.07,79.57,79.63,2437.0
2025-01-20 15:00:00,79.71,80.23,79.61,79.9,2848.0
2025-01-20 16:00:00,79.9,80.24,79.59,79.69,1994.0
2025-01-20 17:00:00,79.68,80.18,79.65,80.17,1872.0
2025-01-20 18:00:00,80.18,80.39,79.74,80.24,1550.0
2025-01-20 19:00:00,80.24,80.26,80.05,80.08,505.0
2025-01-20 20:00:00,80.07,80.14,79.96,80.03,363.0
2025-01-20 21:00:00,80.05,80.11,79.99,80.01,139.0
2025-01-20 22:00:00,80.01,80.03,79.92,79.98,95.0
2025-01-21 03:00:00,80.13,80.59,80.12,80.32,1350.0
2025-01-21 04:00:00,80.31,80.4,80.18,80.21,780.0
2025-01-21 05:00:00,80.22,80.3,80.06,80.09,359.0
2025-01-21 06:00:00,80.12,80.27,80.08,80.22,496.0
2025-01-21 07:00:00,80.2,80.24,79.93,79.96,747.0
2025-01-21 08:00:00,79.97,80.08,79.84,79.91,782.0
2025-01-21 09:00:00,79.92,80.09,79.53,79.54,1653.0
2025-01-21 10:00:00,79.53,79.71,79.45,79.46,1557.0
2025-01-21 11:00:00,79.45,79.53,79.02,79.04,1650.0
2025-01-21 12:00:00,79.01,79.05,78.68,78.73,1521.0
2025-01-21 13:00:00,78.74,79.19,78.74,79.09,1329.0
2025-01-21 14:00:00,79.1,79.17,78.58,78.61,1740.0
2025-01-21 15:00:00,78.6,79.41,78.58,79.23,2533.0
2025-01-21 16:00:00,79.24,79.53,79.06,79.49,2165.0
2025-01-21 17:00:00,79.47,79.7,79.36,79.39,1930.0
2025-01-21 18:00:00,79.38,79.75,79.18,79.24,1450.0
2025-01-21 19:00:00,79.24,79.38,79.12,79.26,1321.0
2025-01-21 20:00:00,79.27,79.64,79.04,79.63,1326.0
2025-01-21 21:00:00,79.62,79.68,79.53,79.63,491.0
2025-01-21 22:00:00,79.64,79.65,79.43,79.53,242.0
2025-01-22 03:00:00,79.41,79.43,79.26,79.39,610.0
2025-01-22 04:00:00,79.38,79.5,79.37,79.44,379.0
2025-01-22 05:00:00,79.44,79.52,79.43,79.45,156.0
2025-01-22 06:00:00,79.45,79.47,79.3,79.34,343.0
2025-01-22 07:00:00,79.33,79.33,79.06,79.09,736.0
2025-01-22 08:00:00,79.1,79.17,78.92,79.12,906.0
2025-01-22 09:00:00,79.13,79.47,79.05,79.41,1354.0
2025-01-22 10:00:00,79.41,79.86,79.37,79.77,1492.0
2025-01-22 11:00:00,79.78,79.98,79.67,79.92,992.0
2025-01-22 12:00:00,79.93,80.01,79.53,79.63,764.0
2025-01-22 13:00:00,79.64,79.7,79.31,79.4,974.0
2025-01-22 14:00:00,79.41,79.56,79.16,79.48,1642.0
2025-01-22 15:00:00,79.47,79.52,78.96,78.99,2168.0
2025-01-22 16:00:00,79.0,79.62,78.99,79.25,2587.0
2025-01-22 17:00:00,79.25,79.45,78.94,79.42,2576.0
2025-01-22 18:00:00,79.43,79.75,79.32,79.52,1559.0
2025-01-22 19:00:00,79.53,79.53,79.12,79.22,1247.0
2025-01-22 20:00:00,79.21,79.25,79.07,79.11,994.0
2025-01-22 21:00:00,79.11,79.14,79.06,79.08,326.0
2025-01-22 22:00:00,79.08,79.09,78.96,79.03,210.0
2025-01-23 03:00:00,78.84,78.92,78.81,78.86,367.0
2025-01-23 04:00:00,78.86,78.92,78.81,78.82,198.0
2025-01-23 05:00:00,78.82,78.83,78.8,78.81,74.0
2025-01-23 06:00:00,78.8,78.91,78.8,78.85,322.0
2025-01-23 07:00:00,78.85,78.92,78.69,78.74,810.0
2025-01-23 08:00:00,78.74,78.97,78.69,78.96,550.0
2025-01-23 09:00:00,78.95,79.4,78.9,79.2,1216.0
2025-01-23 10:00:00,79.19,79.36,78.95,78.95,1074.0
2025-01-23 11:00:00,78.97,79.2,78.82,79.18,1075.0
2025-01-23 12:00:00,79.18,79.56,79.18,79.48,877.0
2025-01-23 13:00:00,79.47,79.52,79.23,79.42,996.0
2025-01-23 14:00:00,79.43,79.46,79.06,79.25,1554.0
2025-01-23 15:00:00,79.25,79.65,79.07,79.61,1945.0
2025-01-23 16:00:00,79.62,79.69,79.3,79.38,1684.0
2025-01-23 17:00:00,79.37,79.56,78.14,78.52,3801.0
2025-01-23 18:00:00,78.57,78.93,78.33,78.82,2320.0
2025-01-23 19:00:00,78.83,78.86,78.32,78.45,1574.0
2025-01-23 20:00:00,78.44,78.53,78.15,78.23,1330.0
2025-01-23 21:00:00,78.24,78.27,77.95,77.99,704.0
2025-01-23 22:00:00,78.0,78.0,77.87,77.95,292.0
2025-01-24 03:00:00,78.13,78.38,78.1,78.36,756.0
2025-01-24 04:00:00,78.37,78.38,78.14,78.23,515.0
2025-01-24 05:00:00,78.22,78.35,78.2,78.31,244.0
2025-01-24 06:00:00,78.3,78.36,78.26,78.32,364.0
2025-01-24 07:00:00,78.32,78.37,78.26,78.31,595.0
2025-01-24 08:00:00,78.3,78.49,78.23,78.46,837.0
2025-01-24 09:00:00,78.44,78.56,78.16,78.38,1157.0
2025-01-24 10:00:00,78.37,78.76,78.34,78.6,1214.0
2025-01-24 11:00:00,78.6,78.83,78.52,78.8,843.0
2025-01-24 12:00:00,78.8,78.89,78.61,78.74,921.0
2025-01-24 13:00:00,78.73,78.92,78.69,78.82,882.0
2025-01-24 14:00:00,78.81,78.97,78.59,78.66,1198.0
2025-01-24 15:00:00,78.66,79.01,78.26,78.29,2155.0
2025-01-24 16:00:00,78.29,78.5,78.07,78.09,2250.0
2025-01-24 17:00:00,78.09,78.55,77.99,78.1,2001.0
2025-01-24 18:00:00,78.09,78.35,78.03,78.25,1219.0
2025-01-24 19:00:00,78.24,78.62,78.21,78.6,1223.0
2025-01-24 20:00:00,78.61,78.64,78.36,78.48,1043.0
2025-01-24 21:00:00,78.47,78.55,78.39,78.41,463.0
2025-01-24 22:00:00,78.4,78.5,78.32,78.43,271.0
2025-01-27 03:00:00,77.54,77.65,77.4,77.48,621.0
2025-01-27 04:00:00,77.47,77.76,77.41,77.75,342.0
2025-01-27 05:00:00,77.74,77.92,77.71,77.92,249.0
2025-01-27 06:00:00,77.91,77.92,77.77,77.77,93.0
2025-01-27 07:00:00,77.76,77.79,77.66,77.68,154.0
2025-01-27 08:00:00,77.67,77.9,77.64,77.86,329.0
2025-01-27 09:00:00,77.85,78.0,77.78,77.87,444.0
2025-01-27 10:00:00,77.88,78.29,77.88,78.23,628.0
2025-01-27 11:00:00,78.22,78.56,78.07,78.43,612.0
2025-01-27 12:00:00,78.44,78.8,78.41,78.42,735.0
2025-01-27 13:00:00,78.41,78.45,77.96,77.98,666.0
2025-01-27 14:00:00,77.97,78.01,77.71,77.77,693.0
2025-01-27 15:00:00,77.78,78.1,77.7,78.09,618.0
2025-01-27 16:00:00,78.08,78.22,77.89,78.18,1201.0
2025-01-27 17:00:00,78.17,78.29,77.25,77.33,1399.0
2025-01-27 18:00:00,77.32,77.37,76.53,76.56,1503.0
2025-01-27 19:00:00,76.58,76.81,76.32,76.46,1062.0
2025-01-27 20:00:00,76.47,76.87,76.47,76.85,681.0
2025-01-27 21:00:00,76.86,77.1,76.82,76.87,715.0
2025-01-27 22:00:00,76.87,77.04,76.81,76.9,286.0
2025-01-27 23:00:00,76.9,76.92,76.82,76.91,195.0
2025-01-28 03:00:00,76.92,77.18,76.92,77.04,339.0
2025-01-28 04:00:00,77.03,77.1,76.94,77.08,286.0
2025-01-28 05:00:00,77.09,77.11,76.92,77.02,263.0
2025-01-28 06:00:00,77.03,77.37,77.02,77.18,456.0
2025-01-28 07:00:00,77.19,77.39,77.15,77.33,233.0
2025-01-28 08:00:00,77.32,77.39,77.28,77.31,273.0
2025-01-28 09:00:00,77.32,77.7,77.28,77.65,403.0
2025-01-28 10:00:00,77.66,77.69,77.22,77.44,517.0
2025-01-28 11:00:00,77.45,77.55,77.2,77.25,698.0
2025-01-28 12:00:00,77.23,77.56,77.16,77.5,666.0
2025-01-28 13:00:00,77.49,77.56,77.28,77.5,450.0
2025-01-28 14:00:00,77.51,77.62,77.42,77.48,434.0
2025-01-28 15:00:00,77.47,77.89,77.39,77.57,931.0
2025-01-28 16:00:00,77.59,77.98,77.05,77.25,1475.0
2025-01-28 17:00:00,77.26,77.4,76.87,77.0,1301.0
2025-01-28 18:00:00,76.99,77.12,76.71,76.83,1189.0
2025-01-28 19:00:00,76.84,77.14,76.79,76.79,766.0
2025-01-28 20:00:00,76.79,77.33,76.73,77.32,842.0
2025-01-28 21:00:00,77.32,77.43,77.16,77.32,938.0
2025-01-28 22:00:00,77.31,77.42,77.27,77.36,333.0
2025-01-28 23:00:00,77.35,77.4,77.18,77.34,270.0
2025-01-29 03:00:00,77.32,77.38,77.17,77.18,180.0
2025-01-29 04:00:00,77.17,77.23,77.11,77.11,154.0
2025-01-29 05:00:00,77.09,77.13,77.03,77.11,186.0
2025-01-29 06:00:00,77.1,77.13,77.06,77.08,120.0
2025-01-29 07:00:00,77.09,77.09,77.0,77.02,122.0
2025-01-29 08:00:00,77.03,77.24,77.02,77.14,216.0
2025-01-29 09:00:00,77.15,77.37,77.11,77.22,358.0
2025-01-29 10:00:00,77.24,77.43,76.9,76.9,668.0
2025-01-29 11:00:00,76.91,76.92,76.46,76.55,712.0
2025-01-29 12:00:00,76.54,76.65,76.41,76.47,491.0
2025-01-29 13:00:00,76.48,76.96,76.4,76.64,341.0
2025-01-29 14:00:00,76.64,77.01,76.59,76.99,429.0
2025-01-29 15:00:00,76.98,77.09,76.74,76.83,632.0
2025-01-29 16:00:00,76.84,77.01,76.62,76.92,1148.0
2025-01-29 17:00:00,76.93,77.3,76.83,77.1,1419.0
2025-01-29 18:00:00,77.1,77.2,76.78,77.1,1286.0
2025-01-29 19:00:00,77.11,77.12,76.31,76.34,930.0
2025-01-29 20:00:00,76.35,76.62,76.13,76.59,807.0
2025-01-29 21:00:00,76.6,76.67,76.32,76.58,917.0
2025-01-29 22:00:00,76.56,76.62,76.48,76.6,315.0
2025-01-29 23:00:00,76.6,76.64,76.53,76.62,165.0
2025-01-30 03:00:00,76.51,76.53,76.4,76.53,173.0
2025-01-30 04:00:00,76.52,76.53,76.26,76.29,221.0
2025-01-30 05:00:00,76.3,76.35,76.27,76.28,107.0
2025-01-30 06:00:00,76.27,76.3,76.15,76.15,127.0
2025-01-30 07:00:00,76.14,76.3,76.14,76.27,136.0
2025-01-30 08:00:00,76.28,76.37,76.27,76.31,125.0
2025-01-30 09:00:00,76.32,76.36,76.17,76.22,330.0
2025-01-30 10:00:00,76.25,76.33,75.92,76.04,624.0
2025-01-30 11:00:00,76.05,76.1,75.72,75.81,605.0
2025-01-30 12:00:00,75.8,76.22,75.76,76.22,561.0
2025-01-30 13:00:00,76.21,76.48,76.19,76.34,548.0
2025-01-30 14:00:00,76.32,76.48,76.19,76.46,560.0
2025-01-30 15:00:00,76.45,76.49,76.11,76.11,698.0
2025-01-30 16:00:00,76.12,76.8,76.08,76.64,1115.0
2025-01-30 17:00:00,76.64,77.24,76.55,77.1,1178.0
2025-01-30 18:00:00,77.11,77.16,76.62,76.63,1059.0
2025-01-30 19:00:00,76.64,76.76,76.55,76.59,703.0
2025-01-30 20:00:00,76.6,76.97,76.56,76.67,637.0
2025-01-30 21:00:00,76.64,76.76,76.52,76.72,643.0
2025-01-30 22:00:00,76.7,77.34,76.58,76.66,1054.0
2025-01-30 23:00:00,76.67,76.96,76.62,76.91,502.0
2025-01-31 03:00:00,76.8,77.08,76.76,76.89,330.0
2025-01-31 04:00:00,76.9,77.16,76.88,77.03,188.0
2025-01-31 05:00:00,77.04,77.13,76.99,77.12,145.0
2025-01-31 06:00:00,77.13,77.13,77.06,77.09,89.0
2025-01-31 07:00:00,77.1,77.12,76.99,77.01,99.0
2025-01-31 08:00:00,77.0,77.05,76.97,77.0,156.0
2025-01-31 09:00:00,76.99,77.02,76.69,76.7,310.0
2025-01-31 10:00:00,76.69,76.84,76.59,76.79,691.0
2025-01-31 11:00:00,76.78,76.78,76.32,76.43,678.0
2025-01-31 12:00:00,76.42,76.5,76.2,76.36,714.0
2025-01-31 13:00:00,76.35,76.42,76.2,76.41,510.0
2025-01-31 14:00:00,76.42,76.69,76.39,76.68,549.0
2025-01-31 15:00:00,76.69,76.83,76.61,76.67,568.0
2025-01-31 16:00:00,76.68,76.84,75.94,75.95,1359.0
2025-01-31 17:00:00,75.94,76.69,75.87,76.42,1315.0
2025-01-31 18:00:00,76.41,76.83,76.39,76.69,1282.0
2025-01-31 19:00:00,76.71,76.76,76.04,76.23,1439.0
2025-01-31 20:00:00,76.25,77.08,76.2,76.98,1498.0
2025-01-31 21:00:00,76.95,77.0,76.19,76.22,1172.0
2025-01-31 22:00:00,76.22,77.01,76.19,76.79,557.0
2025-02-03 03:00:00,76.78,76.97,76.7,76.76,565.0
2025-02-03 04:00:00,76.75,76.78,76.57,76.62,541.0
2025-02-03 05:00:00,76.61,76.97,76.6,76.85,376.0
2025-02-03 06:00:00,76.86,77.04,76.81,77.03,271.0
2025-02-03 07:00:00,77.04,77.11,77.02,77.07,158.0
2025-02-03 08:00:00,77.06,77.2,77.01,77.04,306.0
2025-02-03 09:00:00,77.03,77.36,76.99,77.1,618.0
2025-02-03 10:00:00,77.09,77.49,77.07,77.13,1016.0
2025-02-03 11:00:00,77.12,77.27,76.81,77.25,983.0
2025-02-03 12:00:00,77.26,77.58,77.04,77.26,902.0
2025-02-03 13:00:00,77.24,77.67,77.24,77.66,677.0
2025-02-03 14:00:00,77.65,77.67,77.51,77.61,736.0
2025-02-03 15:00:00,77.59,77.68,77.17,77.68,1158.0
2025-02-03 16:00:00,77.67,77.89,76.45,76.58,2149.0
2025-02-03 17:00:00,76.57,76.66,75.69,76.05,2686.0
2025-02-03 18:00:00,76.04,76.57,76.02,76.14,1976.0
2025-02-03 19:00:00,76.16,76.49,76.03,76.12,1188.0
2025-02-03 20:00:00,76.13,76.43,76.07,76.4,865.0
2025-02-03 21:00:00,76.41,76.66,76.37,76.58,967.0
2025-02-03 22:00:00,76.57,76.66,76.4,76.44,383.0
2025-02-03 23:00:00,76.45,76.46,76.0,76.16,863.0
2025-02-04 03:00:00,76.04,76.16,75.96,76.03,377.0
2025-02-04 04:00:00,76.04,76.1,75.98,76.1,216.0
2025-02-04 05:00:00,76.11,76.24,76.09,76.16,192.0
2025-02-04 06:00:00,76.17,76.18,76.0,76.01,120.0
2025-02-04 07:00:00,76.02,76.04,75.66,75.67,624.0
2025-02-04 08:00:00,75.66,75.92,75.64,75.86,388.0
2025-02-04 09:00:00,75.87,75.97,75.77,75.84,431.0
2025-02-04 10:00:00,75.84,75.92,75.41,75.42,894.0
2025-02-04 11:00:00,75.44,75.85,75.44,75.7,810.0
2025-02-04 12:00:00,75.69,75.93,75.52,75.9,749.0
2025-02-04 13:00:00,75.89,75.9,75.62,75.76,541.0
2025-02-04 14:00:00,75.75,75.76,75.51,75.55,603.0
2025-02-04 15:00:00,75.56,75.58,75.1,75.17,1199.0
2025-02-04 16:00:00,75.15,77.03,74.75,76.76,2426.0
2025-02-04 17:00:00,76.75,77.27,76.54,76.63,2008.0
2025-02-04 18:00:00,76.64,76.99,76.32,76.98,1575.0
2025-02-04 19:00:00,76.99,77.06,76.59,76.76,924.0
2025-02-04 20:00:00,76.77,77.18,76.75,77.1,755.0
2025-02-04 21:00:00,77.09,77.11,76.28,76.56,1011.0
2025-02-04 22:00:00,76.58,76.7,76.45,76.6,606.0
2025-02-04 23:00:00,76.59,76.75,76.5,76.69,342.0
2025-02-05 03:00:00,76.79,76.92,76.57,76.65,1168.0
2025-02-05 04:00:00,76.64,76.66,76.42,76.42,393.0
2025-02-05 05:00:00,76.43,76.46,76.35,76.44,193.0
2025-02-05 06:00:00,76.43,76.43,76.36,76.39,88.0
2025-02-05 07:00:00,76.4,76.67,76.37,76.62,226.0
2025-02-05 08:00:00,76.63,76.73,76.61,76.63,272.0
2025-02-05 09:00:00,76.62,76.62,76.38,76.53,400.0
2025-02-05 10:00:00,76.54,76.63,76.26,76.26,740.0
2025-02-05 11:00:00,76.27,76.42,76.09,76.29,647.0
2025-02-05 12:00:00,76.28,76.29,75.94,76.18,654.0
2025-02-05 13:00:00,76.17,76.27,75.83,75.9,683.0
2025-02-05 14:00:00,75.89,76.05,75.7,75.76,430.0
2025-02-05 15:00:00,75.78,76.1,75.74,75.97,798.0
2025-02-05 16:00:00,75.95,76.12,75.03,76.03,1255.0
2025-02-05 17:00:00,76.02,76.03,75.48,75.61,1436.0
2025-02-05 18:00:00,75.59,75.64,75.14,75.24,1293.0
2025-02-05 19:00:00,75.25,75.46,75.2,75.39,789.0
2025-02-05 20:00:00,75.4,75.41,75.18,75.24,650.0
2025-02-05 21:00:00,75.23,75.35,75.15,75.28,577.0
2025-02-05 22:00:00,75.28,75.37,75.26,75.32,191.0
2025-02-05 23:00:00,75.32,75.33,75.18,75.2,119.0
2025-02-06 03:00:00,75.26,75.34,75.22,75.3,378.0
2025-02-06 04:00:00,75.29,75.39,75.23,75.37,296.0
2025-02-06 05:00:00,75.38,75.39,75.23,75.27,206.0
2025-02-06 06:00:00,75.29,75.29,75.21,75.22,61.0
2025-02-06 07:00:00,75.21,75.42,75.21,75.4,167.0
2025-02-06 08:00:00,75.41,75.47,75.34,75.35,213.0
2025-02-06 09:00:00,75.36,75.44,75.16,75.24,343.0
2025-02-06 10:00:00,75.27,75.53,75.18,75.38,622.0
2025-02-06 11:00:00,75.39,75.62,75.3,75.47,532.0
2025-02-06 12:00:00,75.48,75.87,75.46,75.76,548.0
2025-02-06 13:00:00,75.77,75.82,75.46,75.48,599.0
2025-02-06 14:00:00,75.49,75.65,75.43,75.49,425.0
2025-02-06 15:00:00,75.47,75.74,75.44,75.69,723.0
2025-02-06 16:00:00,75.68,75.85,74.81,74.87,1402.0
2025-02-06 17:00:00,74.88,75.94,74.86,75.39,1985.0
2025-02-06 18:00:00,75.43,75.57,75.19,75.24,1333.0
2025-02-06 19:00:00,75.25,75.28,74.84,74.86,868.0
2025-02-06 20:00:00,74.85,75.03,74.65,74.68,654.0
2025-02-06 21:00:00,74.68,74.97,74.67,74.8,703.0
2025-02-06 22:00:00,74.79,74.88,74.74,74.85,273.0
2025-02-06 23:00:00,74.85,74.85,74.73,74.77,141.0
2025-02-07 03:00:00,74.81,75.04,74.78,75.03,301.0
2025-02-07 04:00:00,75.04,75.2,75.02,75.18,291.0
2025-02-07 05:00:00,75.17,75.23,75.14,75.16,201.0
2025-02-07 06:00:00,75.15,75.16,75.05,75.13,96.0
2025-02-07 07:00:00,75.12,75.28,75.12,75.15,169.0
2025-02-07 08:00:00,75.16,75.33,75.13,75.32,233.0
2025-02-07 09:00:00,75.31,75.5,75.24,75.24,350.0
2025-02-07 10:00:00,75.25,75.64,75.23,75.53,703.0
2025-02-07 11:00:00,75.52,75.52,75.17,75.48,607.0
2025-02-07 12:00:00,75.49,75.56,75.36,75.46,551.0
2025-02-07 13:00:00,75.45,75.46,75.13,75.3,464.0
2025-02-07 14:00:00,75.29,75.44,75.21,75.24,461.0
2025-02-07 15:00:00,75.23,75.37,75.18,75.22,888.0
2025-02-07 16:00:00,75.23,75.52,75.11,75.35,1274.0
2025-02-07 17:00:00,75.34,75.45,75.0,75.15,1198.0
2025-02-07 18:00:00,75.17,75.22,74.82,74.86,1262.0
2025-02-07 19:00:00,74.87,75.21,74.84,75.17,907.0
2025-02-07 20:00:00,75.16,75.3,75.1,75.1,594.0
2025-02-07 21:00:00,75.09,75.4,75.09,75.16,676.0
2025-02-07 22:00:00,75.16,75.22,75.13,75.18,212.0
2025-02-10 03:00:00,75.49,75.55,75.42,75.52,458.0
2025-02-10 04:00:00,75.53,75.72,75.51,75.57,295.0
2025-02-10 05:00:00,75.58,75.63,75.5,75.57,207.0
2025-02-10 06:00:00,75.56,75.65,75.55,75.64,88.0
2025-02-10 07:00:00,75.65,75.74,75.58,75.59,180.0
2025-02-10 08:00:00,75.58,75.7,75.49,75.69,237.0
2025-02-10 09:00:00,75.7,75.74,75.51,75.53,301.0
2025-02-10 10:00:00,75.52,75.73,75.42,75.64,536.0
2025-02-10 11:00:00,75.66,75.91,75.55,75.85,488.0
2025-02-10 12:00:00,75.83,76.07,75.73,76.07,413.0
2025-02-10 13:00:00,76.08,76.22,75.92,76.06,401.0
2025-02-10 14:00:00,76.05,76.13,76.01,76.11,318.0
2025-02-10 15:00:00,76.12,76.18,75.91,75.92,593.0
2025-02-10 16:00:00,75.91,76.12,75.89,76.03,1025.0
2025-02-10 17:00:00,76.02,76.19,75.75,76.07,979.0
2025-02-10 18:00:00,76.08,76.52,75.99,76.35,948.0
2025-02-10 19:00:00,76.36,76.52,76.3,76.42,530.0
2025-02-10 20:00:00,76.42,76.44,76.18,76.19,444.0
2025-02-10 21:00:00,76.18,76.5,76.15,76.49,554.0
2025-02-10 22:00:00,76.48,76.5,76.41,76.48,191.0
2025-02-10 23:00:00,76.48,76.51,76.45,76.5,90.0
2025-02-11 03:00:00,76.4,76.47,76.34,76.39,283.0
2025-02-11 04:00:00,76.38,76.64,76.34,76.46,385.0
2025-02-11 05:00:00,76.47,76.53,76.42,76.51,178.0
2025-02-11 06:00:00,76.52,76.59,76.51,76.52,100.0
2025-02-11 07:00:00,76.53,76.7,76.53,76.67,190.0
2025-02-11 08:00:00,76.66,76.81,76.65,76.73,238.0
2025-02-11 09:00:00,76.72,77.0,76.67,76.96,340.0
2025-02-11 10:00:00,76.95,77.17,76.92,77.09,625.0
2025-02-11 11:00:00,77.11,77.26,77.02,77.24,554.0
2025-02-11 12:00:00,77.25,77.39,77.18,77.31,488.0
2025-02-11 13:00:00,77.3,77.3,77.11,77.24,446.0
2025-02-11 14:00:00,77.25,77.48,77.25,77.44,488.0
2025-02-11 15:00:00,77.43,77.72,77.42,77.44,876.0
2025-02-11 16:00:00,77.45,77.58,77.16,77.39,1195.0
2025-02-11 17:00:00,77.35,77.35,76.91,77.12,1211.0
2025-02-11 18:00:00,77.13,77.39,77.09,77.37,966.0
2025-02-11 19:00:00,77.38,77.46,77.27,77.34,617.0
2025-02-11 20:00:00,77.35,77.5,77.29,77.42,545.0
2025-02-11 21:00:00,77.41,77.49,77.36,77.48,559.0
2025-02-11 22:00:00,77.48,77.49,77.35,77.35,208.0
2025-02-11 23:00:00,77.36,77.36,77.22,77.29,252.0
2025-02-12 03:00:00,77.21,77.25,77.03,77.13,269.0
2025-02-12 04:00:00,77.14,77.26,77.12,77.18,210.0
2025-02-12 05:00:00,77.19,77.25,77.12,77.13,192.0
2025-02-12 06:00:00,77.12,77.19,77.11,77.11,75.0
2025-02-12 07:00:00,77.12,77.14,77.08,77.1,163.0
2025-02-12 08:00:00,77.11,77.19,77.09,77.17,199.0
2025-02-12 09:00:00,77.18,77.33,76.86,76.97,380.0
2025-02-12 10:00:00,76.96,77.0,76.63,76.68,718.0
2025-02-12 11:00:00,76.7,76.82,76.56,76.69,511.0
2025-02-12 12:00:00,76.7,76.76,76.44,76.48,508.0
2025-02-12 13:00:00,76.47,76.75,76.44,76.72,396.0
2025-02-12 14:00:00,76.71,76.8,76.58,76.74,450.0
2025-02-12 15:00:00,76.75,76.82,76.6,76.73,929.0
2025-02-12 16:00:00,76.74,76.74,76.24,76.41,1336.0
2025-02-12 17:00:00,76.4,76.52,76.09,76.1,1282.0
2025-02-12 18:00:00,76.11,76.44,76.04,76.2,1340.0
2025-02-12 19:00:00,76.21,76.26,75.71,75.84,1191.0
2025-02-12 20:00:00,75.84,75.84,75.59,75.62,639.0
2025-02-12 21:00:00,75.6,75.68,75.51,75.59,593.0
2025-02-12 22:00:00,75.58,75.59,75.46,75.47,244.0
2025-02-12 23:00:00,75.47,75.72,75.33,75.33,360.0
2025-02-13 03:00:00,75.38,75.39,74.94,74.97,546.0
2025-02-13 04:00:00,74.96,75.01,74.85,74.87,306.0
2025-02-13 05:00:00,74.85,74.87,74.78,74.85,226.0
2025-02-13 06:00:00,74.86,74.86,74.75,74.8,99.0
2025-02-13 07:00:00,74.8,74.88,74.78,74.83,215.0
2025-02-13 08:00:00,74.84,74.98,74.8,74.8,402.0
2025-02-13 09:00:00,74.81,75.04,74.7,74.94,477.0
2025-02-13 10:00:00,74.93,75.18,74.81,75.1,805.0
2025-02-13 11:00:00,75.13,75.24,74.63,74.63,724.0
2025-02-13 12:00:00,74.66,74.69,74.43,74.45,524.0
2025-02-13 13:00:00,74.46,74.85,74.44,74.81,555.0
2025-02-13 14:00:00,74.8,74.88,74.48,74.52,506.0
2025-02-13 15:00:00,74.53,74.75,74.48,74.6,659.0
2025-02-13 16:00:00,74.59,75.23,74.53,75.2,1106.0
2025-02-13 17:00:00,75.19,75.36,75.03,75.12,1098.0
2025-02-13 18:00:00,75.13,75.52,75.06,75.38,916.0
2025-02-13 19:00:00,75.39,75.52,75.32,75.33,722.0
2025-02-13 20:00:00,75.34,75.55,75.3,75.37,639.0
2025-02-13 21:00:00,75.34,75.5,75.3,75.49,568.0
2025-02-13 22:00:00,75.49,75.57,75.47,75.53,208.0
2025-02-13 23:00:00,75.54,75.61,75.47,75.59,122.0
2025-02-14 03:00:00,75.34,75.67,75.34,75.55,356.0
2025-02-14 04:00:00,75.54,75.62,75.5,75.53,224.0
2025-02-14 05:00:00,75.54,75.59,75.49,75.49,154.0
2025-02-14 06:00:00,75.5,75.59,75.45,75.58,99.0
2025-02-14 07:00:00,75.59,75.62,75.49,75.54,203.0
2025-02-14 08:00:00,75.53,75.6,75.46,75.6,299.0
2025-02-14 09:00:00,75.59,75.88,75.59,75.82,332.0
2025-02-14 10:00:00,75.81,75.91,75.66,75.75,563.0
2025-02-14 11:00:00,75.76,75.87,75.55,75.64,552.0
2025-02-14 12:00:00,75.63,75.83,75.54,75.61,436.0
2025-02-14 13:00:00,75.6,76.02,75.35,75.95,634.0
2025-02-14 14:00:00,75.94,76.19,75.76,76.07,671.0
2025-02-14 15:00:00,76.06,76.2,75.63,75.67,772.0
2025-02-14 16:00:00,75.7,75.92,75.58,75.88,1174.0
2025-02-14 17:00:00,75.88,75.89,75.17,75.38,1135.0
2025-02-14 18:00:00,75.37,75.43,74.97,75.3,922.0
2025-02-14 19:00:00,75.31,75.34,75.11,75.15,603.0
2025-02-14 20:00:00,75.15,75.2,74.91,75.09,592.0
2025-02-14 21:00:00,75.09,75.28,74.99,75.06,640.0
2025-02-14 22:00:00,75.05,75.09,74.94,75.08,274.0
2025-02-17 03:00:00,74.72,74.95,74.64,74.86,478.0
2025-02-17 04:00:00,74.87,75.1,74.81,74.99,283.0
2025-02-17 05:00:00,75.0,75.15,74.98,75.1,259.0
2025-02-17 06:00:00,75.09,75.11,75.04,75.1,95.0
2025-02-17 07:00:00,75.09,75.23,75.06,75.13,316.0
2025-02-17 08:00:00,75.14,75.26,75.13,75.18,285.0
2025-02-17 09:00:00,75.17,75.19,74.86,75.0,354.0
2025-02-17 10:00:00,75.01,75.49,75.01,75.28,691.0
2025-02-17 11:00:00,75.31,75.36,75.06,75.14,574.0
2025-02-17 12:00:00,75.13,75.46,74.98,75.21,770.0
2025-02-17 13:00:00,75.2,75.21,74.8,74.88,597.0
2025-02-17 14:00:00,74.87,74.95,74.73,74.92,363.0
2025-02-17 15:00:00,74.94,75.18,74.82,75.08,494.0
2025-02-17 16:00:00,75.06,75.16,75.02,75.11,436.0
2025-02-17 17:00:00,75.12,75.24,74.88,74.94,511.0
2025-02-17 18:00:00,74.93,75.38,74.9,75.36,631.0
2025-02-17 19:00:00,75.36,75.53,75.31,75.52,426.0
2025-02-17 20:00:00,75.52,75.62,75.45,75.56,241.0
2025-02-17 21:00:00,75.56,75.65,75.52,75.59,98.0
2025-02-18 03:00:00,75.5,75.54,75.34,75.35,300.0
2025-02-18 04:00:00,75.36,75.53,75.3,75.48,269.0
2025-02-18 05:00:00,75.47,75.74,75.47,75.63,191.0
2025-02-18 06:00:00,75.62,75.65,75.54,75.65,113.0
2025-02-18 07:00:00,75.64,75.71,75.62,75.64,164.0
2025-02-18 08:00:00,75.66,75.72,75.59,75.7,222.0
2025-02-18 09:00:00,75.69,75.79,75.51,75.64,301.0
2025-02-18 10:00:00,75.65,75.84,75.51,75.83,627.0
2025-02-18 11:00:00,75.84,76.14,75.8,75.82,543.0
2025-02-18 12:00:00,75.81,76.31,75.74,76.1,654.0
2025-02-18 13:00:00,76.09,76.09,75.5,75.52,448.0
2025-02-18 14:00:00,75.53,75.61,75.31,75.36,602.0
2025-02-18 15:00:00,75.35,75.53,75.15,75.25,863.0
2025-02-18 16:00:00,75.24,75.81,75.2,75.67,1123.0
2025-02-18 17:00:00,75.67,75.96,75.49,75.7,1047.0
2025-02-18 18:00:00,75.72,76.0,75.7,75.92,963.0
2025-02-18 19:00:00,75.91,76.04,75.73,75.75,597.0
2025-02-18 20:00:00,75.74,76.14,75.59,76.08,632.0
2025-02-18 21:00:00,76.07,76.13,75.95,76.06,581.0
2025-02-18 22:00:00,76.06,76.08,76.0,76.01,170.0
2025-02-18 23:00:00,76.01,76.06,75.97,76.02,138.0
2025-02-19 03:00:00,76.07,76.28,76.02,76.21,422.0
2025-02-19 04:00:00,76.22,76.25,76.1,76.14,234.0
2025-02-19 05:00:00,76.13,76.14,76.07,76.09,157.0
2025-02-19 06:00:00,76.08,76.21,76.06,76.19,85.0
2025-02-19 07:00:00,76.18,76.29,76.18,76.29,156.0
2025-02-19 08:00:00,76.28,76.36,76.24,76.36,218.0
2025-02-19 09:00:00,76.35,76.58,76.35,76.51,279.0
2025-02-19 10:00:00,76.52,76.69,76.41,76.67,499.0
2025-02-19 11:00:00,76.69,76.7,76.54,76.65,385.0
2025-02-19 12:00:00,76.64,76.8,76.38,76.48,429.0
2025-02-19 13:00:00,76.49,76.76,76.42,76.69,380.0
2025-02-19 14:00:00,76.71,76.71,76.54,76.54,388.0
2025-02-19 15:00:00,76.53,76.78,76.53,76.66,559.0
2025-02-19 16:00:00,76.68,77.05,76.63,76.98,855.0
2025-02-19 17:00:00,76.98,77.01,76.37,76.42,934.0
2025-02-19 18:00:00,76.43,76.79,76.43,76.48,920.0
2025-02-19 19:00:00,76.47,76.59,76.41,76.43,533.0
2025-02-19 20:00:00,76.42,76.46,76.13,76.19,520.0
2025-02-19 21:00:00,76.19,76.34,76.15,76.27,539.0
2025-02-19 22:00:00,76.26,76.36,76.24,76.33,161.0
2025-02-19 23:00:00,76.34,76.39,76.18,76.28,175.0
2025-02-20 03:00:00,76.27,76.31,75.96,76.0,318.0
2025-02-20 04:00:00,75.99,76.05,75.96,76.02,259.0
2025-02-20 05:00:00,76.03,76.03,75.96,75.99,104.0
2025-02-20 06:00:00,76.0,76.01,75.92,75.93,92.0
2025-02-20 07:00:00,75.92,76.08,75.92,76.07,144.0
2025-02-20 08:00:00,76.08,76.26,76.07,76.17,250.0
2025-02-20 09:00:00,76.16,76.49,76.14,76.48,309.0
2025-02-20 10:00:00,76.47,76.5,76.0,76.14,647.0
2025-02-20 11:00:00,76.13,76.39,76.02,76.38,505.0
2025-02-20 12:00:00,76.39,76.53,76.23,76.49,493.0
2025-02-20 13:00:00,76.48,76.56,76.42,76.52,355.0
2025-02-20 14:00:00,76.51,76.7,76.42,76.69,448.0
2025-02-20 15:00:00,76.7,76.74,76.45,76.67,514.0
2025-02-20 16:00:00,76.67,76.84,76.55,76.66,818.0
2025-02-20 17:00:00,76.65,76.85,76.54,76.69,940.0
2025-02-20 18:00:00,76.69,77.1,76.67,76.89,793.0
2025-02-20 19:00:00,76.9,77.34,76.84,77.02,832.0
2025-02-20 20:00:00,77.01,77.23,76.94,77.11,539.0
2025-02-20 21:00:00,77.1,77.1,76.59,76.72,745.0
2025-02-20 22:00:00,76.72,76.73,76.64,76.69,187.0
2025-02-20 23:00:00,76.69,76.79,76.66,76.78,135.0
2025-02-21 03:00:00,76.84,76.92,76.56,76.58,317.0
2025-02-21 04:00:00,76.59,76.65,76.52,76.61,208.0
2025-02-21 05:00:00,76.62,76.66,76.55,76.62,161.0
2025-02-21 06:00:00,76.61,76.67,76.59,76.59,88.0
2025-02-21 07:00:00,76.6,76.62,76.46,76.47,167.0
2025-02-21 08:00:00,76.46,76.55,76.43,76.44,271.0
2025-02-21 09:00:00,76.43,76.49,76.33,76.38,217.0
2025-02-21 10:00:00,76.39,76.4,76.07,76.1,624.0
2025-02-21 11:00:00,76.11,76.36,76.08,76.26,512.0
2025-02-21 12:00:00,76.25,76.28,75.82,75.86,505.0
2025-02-21 13:00:00,75.88,76.07,75.86,75.93,424.0
2025-02-21 14:00:00,75.94,76.18,75.94,76.08,275.0
2025-02-21 15:00:00,76.07,76.4,76.0,76.26,627.0
2025-02-21 16:00:00,76.25,76.25,75.52,75.6,1500.0
2025-02-21 17:00:00,75.59,75.65,75.17,75.22,1031.0
2025-02-21 18:00:00,75.21,75.37,75.11,75.18,701.0
2025-02-21 19:00:00,75.19,75.26,75.05,75.11,495.0
2025-02-21 20:00:00,75.11,75.14,74.77,74.77,498.0
2025-02-21 21:00:00,74.76,74.83,74.5,74.54,473.0
2025-02-21 22:00:00,74.53,74.55,74.43,74.47,174.0
2025-02-24 03:00:00,74.49,74.59,74.31,74.53,438.0
2025-02-24 04:00:00,74.52,74.73,74.37,74.56,314.0
2025-02-24 05:00:00,74.56,74.59,74.48,74.48,234.0
2025-02-24 06:00:00,74.47,74.47,74.37,74.38,61.0
2025-02-24 07:00:00,74.37,74.48,74.37,74.45,125.0
2025-02-24 08:00:00,74.44,74.56,74.42,74.53,237.0
2025-02-24 09:00:00,74.52,74.59,74.31,74.43,308.0
2025-02-24 10:00:00,74.42,74.62,74.24,74.57,586.0
2025-02-24 11:00:00,74.56,74.63,74.44,74.47,390.0
2025-02-24 12:00:00,74.48,74.88,74.47,74.62,552.0
2025-02-24 13:00:00,74.61,74.77,74.58,74.69,366.0
2025-02-24 14:00:00,74.68,74.72,74.48,74.55,310.0
2025-02-24 15:00:00,74.53,74.62,74.4,74.46,543.0
2025-02-24 16:00:00,74.45,74.78,74.42,74.58,895.0
2025-02-24 17:00:00,74.57,75.0,74.54,74.66,1150.0
2025-02-24 18:00:00,74.67,75.0,74.6,74.83,796.0
2025-02-24 19:00:00,74.83,74.98,74.76,74.8,547.0
2025-02-24 20:00:00,74.79,74.97,74.77,74.87,342.0
2025-02-24 21:00:00,74.86,74.9,74.71,74.82,460.0
2025-02-24 22:00:00,74.81,74.95,74.73,74.83,292.0
2025-02-24 23:00:00,74.83,74.94,74.82,74.93,168.0
2025-02-25 03:00:00,74.77,75.11,74.75,75.09,356.0
2025-02-25 04:00:00,75.1,75.28,75.08,75.12,222.0
2025-02-25 05:00:00,75.11,75.2,75.1,75.17,132.0
2025-02-25 06:00:00,75.18,75.28,75.18,75.21,88.0
2025-02-25 07:00:00,75.22,75.25,75.12,75.17,155.0
2025-02-25 08:00:00,75.18,75.18,75.08,75.14,220.0
2025-02-25 09:00:00,75.13,75.13,74.85,74.87,285.0
2025-02-25 10:00:00,74.88,75.11,74.8,74.8,386.0
2025-02-25 11:00:00,74.84,74.96,74.7,74.71,353.0
2025-02-25 12:00:00,74.72,74.92,74.67,74.69,318.0
2025-02-25 13:00:00,74.69,74.77,74.55,74.55,244.0
2025-02-25 14:00:00,74.56,74.61,74.21,74.23,426.0
2025-02-25 15:00:00,74.21,74.44,74.2,74.21,718.0
2025-02-25 16:00:00,74.22,74.49,74.2,74.2,864.0
2025-02-25 17:00:00,74.21,74.21,72.95,72.95,1603.0
2025-02-25 18:00:00,72.96,73.1,72.75,72.92,1103.0
2025-02-25 19:00:00,72.94,72.97,72.72,72.87,627.0
2025-02-25 20:00:00,72.88,73.03,72.79,72.99,620.0
2025-02-25 21:00:00,72.98,73.15,72.88,73.08,531.0
2025-02-25 22:00:00,73.08,73.2,73.05,73.15,234.0
2025-02-25 23:00:00,73.14,73.22,72.92,73.1,316.0
2025-02-26 03:00:00,73.09,73.28,73.07,73.2,220.0
2025-02-26 04:00:00,73.19,73.22,73.05,73.14,212.0
2025-02-26 05:00:00,73.13,73.16,73.04,73.11,140.0
2025-02-26 06:00:00,73.12,73.21,73.1,73.18,75.0
2025-02-26 07:00:00,73.17,73.25,73.13,73.14,135.0
2025-02-26 08:00:00,73.12,73.21,73.07,73.2,181.0
2025-02-26 09:00:00,73.19,73.3,73.11,73.25,294.0
2025-02-26 10:00:00,73.24,73.3,72.89,72.96,574.0
2025-02-26 11:00:00,72.94,73.31,72.94,73.01,539.0
2025-02-26 12:00:00,73.0,73.05,72.86,73.04,569.0
2025-02-26 13:00:00,73.03,73.09,72.86,72.9,496.0
2025-02-26 14:00:00,72.88,72.94,72.71,72.79,480.0
2025-02-26 15:00:00,72.81,72.97,72.74,72.77,752.0
2025-02-26 16:00:00,72.74,73.13,72.74,72.89,1109.0
2025-02-26 17:00:00,72.9,73.09,72.49,72.65,1105.0
2025-02-26 18:00:00,72.66,73.1,72.63,72.67,1157.0
2025-02-26 19:00:00,72.66,72.84,72.42,72.72,876.0
2025-02-26 20:00:00,72.71,72.74,72.47,72.48,570.0
2025-02-26 21:00:00,72.49,72.81,72.45,72.75,696.0
2025-02-26 22:00:00,72.76,72.83,72.65,72.71,236.0
2025-02-26 23:00:00,72.72,72.77,72.67,72.75,123.0
2025-02-27 03:00:00,72.7,72.82,72.64,72.76,344.0
2025-02-27 04:00:00,72.77,72.86,72.75,72.78,187.0
2025-02-27 05:00:00,72.79,72.82,72.76,72.77,25.0
2025-02-27 06:00:00,72.76,72.77,72.67,72.68,16.0
2025-02-27 07:00:00,72.69,72.72,72.65,72.71,105.0
2025-02-27 08:00:00,72.72,72.72,72.67,72.68,125.0
2025-02-27 09:00:00,72.67,72.89,72.51,72.84,298.0
2025-02-27 10:00:00,72.83,73.0,72.76,72.94,465.0
2025-02-27 11:00:00,72.95,73.25,72.89,73.25,454.0
2025-02-27 12:00:00,73.24,73.27,73.14,73.25,322.0
2025-02-27 13:00:00,73.26,73.37,73.21,73.23,354.0
2025-02-27 14:00:00,73.22,73.42,73.16,73.26,400.0
2025-02-27 15:00:00,73.27,73.74,73.21,73.3,928.0
2025-02-27 16:00:00,73.29,73.74,73.24,73.42,1157.0
2025-02-27 17:00:00,73.43,73.95,73.37,73.84,948.0
2025-02-27 18:00:00,73.85,73.91,73.62,73.79,761.0
2025-02-27 19:00:00,73.78,74.23,73.75,73.92,737.0
2025-02-27 20:00:00,73.91,74.14,73.82,74.0,588.0
2025-02-27 21:00:00,74.01,74.13,73.94,74.02,647.0
2025-02-27 22:00:00,74.01,74.01,73.81,73.82,278.0
2025-02-27 23:00:00,73.79,73.81,73.74,73.81,129.0
2025-02-28 03:00:00,73.76,73.83,73.67,73.67,294.0
2025-02-28 04:00:00,73.66,73.82,73.64,73.77,287.0
2025-02-28 05:00:00,73.78,73.8,73.68,73.68,166.0
2025-02-28 06:00:00,73.69,73.73,73.64,73.69,105.0
2025-02-28 07:00:00,73.68,73.72,73.57,73.66,197.0
2025-02-28 08:00:00,73.67,73.68,73.49,73.53,298.0
2025-02-28 09:00:00,73.52,73.52,73.37,73.45,329.0
2025-02-28 10:00:00,73.45,73.51,73.22,73.28,504.0
2025-02-28 11:00:00,73.29,73.49,73.27,73.34,471.0
2025-02-28 12:00:00,73.34,73.38,73.09,73.13,468.0
2025-02-28 13:00:00,73.14,73.27,73.04,73.21,382.0
2025-02-28 14:00:00,73.2,73.3,73.06,73.12,410.0
2025-02-28 15:00:00,73.11,73.33,73.11,73.21,657.0
2025-02-28 16:00:00,73.2,73.29,72.83,72.85,969.0
2025-02-28 17:00:00,72.86,73.45,72.78,73.42,1029.0
2025-02-28 18:00:00,73.44,73.48,73.06,73.23,883.0
2025-02-28 19:00:00,73.22,73.46,73.16,73.36,589.0
2025-02-28 20:00:00,73.35,73.73,73.17,73.56,872.0
2025-02-28 21:00:00,73.55,73.61,73.14,73.3,781.0
2025-02-28 22:00:00,73.3,73.54,73.29,73.54,251.0
2025-03-03 03:00:00,73.83,74.02,73.81,73.96,311.0
2025-03-03 04:00:00,73.97,74.09,73.74,73.76,298.0
2025-03-03 05:00:00,73.77,73.79,73.52,73.66,286.0
2025-03-03 06:00:00,73.66,73.66,73.54,73.61,90.0
2025-03-03 07:00:00,73.6,73.6,73.38,73.47,234.0
2025-03-03 08:00:00,73.46,73.48,73.3,73.37,287.0
2025-03-03 09:00:00,73.36,73.46,73.26,73.3,347.0
2025-03-03 10:00:00,73.29,73.45,72.86,72.88,616.0
2025-03-03 11:00:00,72.89,72.98,72.76,72.79,649.0
2025-03-03 12:00:00,72.78,73.33,72.78,73.27,509.0
2025-03-03 13:00:00,73.28,73.46,73.21,73.42,368.0
2025-03-03 14:00:00,73.41,73.65,73.32,73.64,534.0
2025-03-03 15:00:00,73.65,73.8,73.49,73.61,749.0
2025-03-03 16:00:00,73.6,73.8,73.26,73.31,1182.0
2025-03-03 17:00:00,73.31,73.31,72.78,73.09,1578.0
2025-03-03 18:00:00,73.06,73.23,72.83,73.06,1227.0
2025-03-03 19:00:00,73.05,73.31,73.01,73.07,780.0
2025-03-03 20:00:00,73.06,73.08,71.58,71.92,1920.0
2025-03-03 21:00:00,71.94,72.09,71.67,71.82,1260.0
2025-03-03 22:00:00,71.83,71.93,71.6,71.78,694.0
2025-03-03 23:00:00,71.77,71.91,71.71,71.87,262.0
2025-03-04 03:00:00,71.72,71.73,71.43,71.46,589.0
2025-03-04 04:00:00,71.47,71.68,71.46,71.49,321.0
2025-03-04 05:00:00,71.48,71.69,71.47,71.55,285.0
2025-03-04 06:00:00,71.54,71.56,71.47,71.52,96.0
2025-03-04 07:00:00,71.53,71.59,71.29,71.39,338.0
2025-03-04 08:00:00,71.4,71.54,71.36,71.47,268.0
2025-03-04 09:00:00,71.46,71.46,71.24,71.26,464.0
2025-03-04 10:00:00,71.27,71.29,70.97,71.01,885.0
2025-03-04 11:00:00,71.02,71.2,70.89,70.96,714.0
2025-03-04 12:00:00,70.95,71.27,70.9,71.14,684.0
2025-03-04 13:00:00,71.15,71.32,70.82,70.88,685.0
2025-03-04 14:00:00,70.87,70.9,70.57,70.6,578.0
2025-03-04 15:00:00,70.61,71.05,70.61,70.84,1035.0
2025-03-04 16:00:00,70.85,71.16,70.19,70.22,1487.0
2025-03-04 17:00:00,70.22,70.83,70.14,70.62,1722.0
2025-03-04 18:00:00,70.64,71.08,70.44,71.07,1429.0
2025-03-04 19:00:00,71.08,71.28,70.9,71.23,961.0
2025-03-04 20:00:00,71.23,71.52,71.19,71.49,802.0
2025-03-04 21:00:00,71.47,71.6,71.38,71.55,728.0
2025-03-04 22:00:00,71.56,71.69,71.45,71.47,424.0
2025-03-04 23:00:00,71.48,71.54,71.13,71.48,664.0
2025-03-05 03:00:00,71.36,71.43,71.21,71.27,609.0
2025-03-05 04:00:00,71.31,71.35,71.0,71.0,457.0
2025-03-05 05:00:00,70.99,71.19,70.98,71.16,385.0
2025-03-05 06:00:00,71.15,71.19,71.08,71.17,129.0
2025-03-05 07:00:00,71.18,71.27,71.14,71.18,171.0
2025-03-05 08:00:00,71.19,71.33,71.15,71.33,276.0
2025-03-05 09:00:00,71.32,71.54,71.31,71.31,504.0
2025-03-05 10:00:00,71.29,71.38,71.03,71.12,914.0
2025-03-05 11:00:00,71.11,71.34,70.86,70.88,752.0
2025-03-05 12:00:00,70.89,70.93,70.47,70.5,691.0
2025-03-05 13:00:00,70.49,70.67,70.37,70.39,592.0
2025-03-05 14:00:00,70.41,70.64,70.37,70.39,669.0
2025-03-05 15:00:00,70.4,70.59,70.1,70.1,1082.0
2025-03-05 16:00:00,70.09,70.14,69.45,69.47,1387.0
2025-03-05 17:00:00,69.52,69.82,69.15,69.26,1792.0
2025-03-05 18:00:00,69.25,69.26,68.69,68.9,1496.0
2025-03-05 19:00:00,68.89,69.64,68.79,69.59,1266.0
2025-03-05 20:00:00,69.6,69.79,69.36,69.76,1121.0
2025-03-05 21:00:00,69.75,69.81,69.51,69.71,833.0
2025-03-05 22:00:00,69.72,69.84,69.67,69.8,314.0
2025-03-05 23:00:00,69.77,69.77,69.67,69.72,165.0
2025-03-06 03:00:00,69.81,70.12,69.77,70.09,426.0
2025-03-06 04:00:00,70.09,70.2,70.07,70.16,253.0
2025-03-06 05:00:00,70.16,70.16,69.98,70.0,160.0
2025-03-06 06:00:00,70.04,70.13,69.94,70.08,141.0
2025-03-06 07:00:00,70.07,70.11,69.82,69.85,242.0
2025-03-06 08:00:00,69.86,70.14,69.83,70.08,312.0
2025-03-06 09:00:00,70.07,70.24,70.06,70.11,405.0
2025-03-06 10:00:00,70.12,70.13,69.43,69.73,785.0
2025-03-06 11:00:00,69.72,70.06,69.55,69.88,858.0
2025-03-06 12:00:00,69.9,70.0,69.61,69.62,698.0
2025-03-06 13:00:00,69.61,70.12,69.56,70.05,735.0
2025-03-06 14:00:00,70.06,70.21,70.0,70.05,493.0
2025-03-06 15:00:00,70.04,70.17,69.7,69.81,963.0
2025-03-06 16:00:00,69.85,70.08,69.66,69.91,1337.0
2025-03-06 17:00:00,69.9,70.2,69.23,69.28,2036.0
2025-03-06 18:00:00,69.29,69.52,69.09,69.12,1661.0
2025-03-06 19:00:00,69.12,69.82,69.09,69.74,1294.0
2025-03-06 20:00:00,69.74,69.93,69.7,69.81,925.0
2025-03-06 21:00:00,69.81,70.04,69.7,69.94,909.0
2025-03-06 22:00:00,69.94,69.97,69.69,69.72,591.0
2025-03-06 23:00:00,69.69,69.86,69.69,69.75,230.0
2025-03-07 03:00:00,69.73,69.97,69.64,69.89,397.0
2025-03-07 04:00:00,69.88,70.06,69.87,70.05,237.0
2025-03-07 05:00:00,70.04,70.06,69.83,69.86,214.0
2025-03-07 06:00:00,69.87,69.88,69.78,69.8,96.0
2025-03-07 07:00:00,69.79,69.91,69.79,69.86,196.0
2025-03-07 08:00:00,69.87,70.02,69.81,69.92,304.0
2025-03-07 09:00:00,69.9,70.38,69.86,70.33,455.0
2025-03-07 10:00:00,70.32,70.67,70.26,70.58,832.0
2025-03-07 11:00:00,70.59,70.78,70.56,70.76,537.0
2025-03-07 12:00:00,70.77,71.05,70.65,71.04,505.0
2025-03-07 13:00:00,71.06,71.1,70.76,70.79,441.0
2025-03-07 14:00:00,70.78,71.08,70.63,70.95,698.0
2025-03-07 15:00:00,70.94,70.94,70.6,70.61,1041.0
2025-03-07 16:00:00,70.6,71.47,70.51,71.4,1628.0
2025-03-07 17:00:00,71.41,71.74,70.42,71.15,1826.0
2025-03-07 18:00:00,71.14,71.14,70.59,70.69,1736.0
2025-03-07 19:00:00,70.7,70.95,70.45,70.57,1264.0
2025-03-07 20:00:00,70.58,70.74,70.38,70.65,884.0
2025-03-07 21:00:00,70.65,70.96,70.52,70.65,749.0
2025-03-07 22:00:00,70.66,70.74,70.62,70.74,323.0
2025-03-10 02:00:00,70.16,70.45,70.14,70.44,272.0
2025-03-10 03:00:00,70.45,70.5,70.26,70.35,434.0
2025-03-10 04:00:00,70.34,70.44,70.23,70.29,328.0
2025-03-10 05:00:00,70.3,70.33,70.18,70.26,271.0
2025-03-10 06:00:00,70.27,70.41,70.26,70.31,131.0
2025-03-10 07:00:00,70.32,70.38,70.14,70.26,271.0
2025-03-10 08:00:00,70.27,70.52,70.19,70.5,298.0
2025-03-10 09:00:00,70.49,70.75,70.4,70.7,472.0
2025-03-10 10:00:00,70.71,70.85,70.52,70.6,919.0
2025-03-10 11:00:00,70.62,70.96,70.52,70.81,692.0
2025-03-10 12:00:00,70.82,70.9,70.61,70.8,559.0
2025-03-10 13:00:00,70.79,71.09,70.79,71.03,583.0
2025-03-10 14:00:00,71.04,71.16,70.94,71.1,554.0
2025-03-10 15:00:00,71.09,71.09,70.18,70.22,1373.0
2025-03-10 16:00:00,70.21,70.37,69.95,70.02,1545.0
2025-03-10 17:00:00,70.03,70.3,70.02,70.18,1130.0
2025-03-10 18:00:00,70.17,70.27,69.81,69.94,1025.0
2025-03-10 19:00:00,69.94,69.96,69.51,69.59,765.0
2025-03-10 20:00:00,69.58,69.64,69.42,69.43,659.0
2025-03-10 21:00:00,69.43,69.6,69.35,69.5,441.0
2025-03-10 22:00:00,69.51,69.55,69.46,69.49,181.0
2025-03-11 02:00:00,69.27,69.29,69.08,69.1,327.0
2025-03-11 03:00:00,69.12,69.43,68.9,69.36,694.0
2025-03-11 04:00:00,69.35,69.66,69.31,69.51,388.0
2025-03-11 05:00:00,69.5,69.63,69.49,69.53,269.0
2025-03-11 06:00:00,69.51,69.56,69.5,69.52,117.0
2025-03-11 07:00:00,69.51,69.67,69.44,69.61,266.0
2025-03-11 08:00:00,69.62,69.8,69.56,69.73,391.0
2025-03-11 09:00:00,69.72,69.89,69.6,69.86,511.0
2025-03-11 10:00:00,69.85,69.96,69.72,69.96,720.0
2025-03-11 11:00:00,69.95,70.11,69.85,69.99,451.0
2025-03-11 12:00:00,69.98,70.4,69.97,70.3,566.0
2025-03-11 13:00:00,70.31,70.47,70.21,70.45,561.0
2025-03-11 14:00:00,70.44,70.52,70.2,70.21,644.0
2025-03-11 15:00:00,70.22,70.7,70.22,70.46,1193.0
2025-03-11 16:00:00,70.42,70.54,70.09,70.12,1471.0
2025-03-11 17:00:00,70.11,70.57,70.09,70.33,1209.0
2025-03-11 18:00:00,70.33,70.44,69.89,69.93,1040.0
2025-03-11 19:00:00,69.94,69.98,69.79,69.83,735.0
2025-03-11 20:00:00,69.82,70.17,69.63,70.06,943.0
2025-03-11 21:00:00,70.05,70.17,69.99,70.05,464.0
2025-03-11 22:00:00,70.06,70.27,70.06,70.17,269.0
2025-03-12 02:00:00,70.23,70.24,70.03,70.18,173.0
2025-03-12 03:00:00,70.17,70.29,70.07,70.22,370.0
2025-03-12 04:00:00,70.23,70.39,70.16,70.24,227.0
2025-03-12 05:00:00,70.23,70.32,70.2,70.27,190.0
2025-03-12 06:00:00,70.28,70.36,70.28,70.31,71.0
2025-03-12 07:00:00,70.29,70.35,70.16,70.18,197.0
2025-03-12 08:00:00,70.19,70.2,69.84,69.84,289.0
2025-03-12 09:00:00,69.85,70.15,69.74,70.09,472.0
2025-03-12 10:00:00,70.11,70.29,70.05,70.1,717.0
2025-03-12 11:00:00,70.13,70.31,70.02,70.29,513.0
2025-03-12 12:00:00,70.3,70.6,70.27,70.47,503.0
2025-03-12 13:00:00,70.46,70.63,70.4,70.61,419.0
2025-03-12 14:00:00,70.6,70.81,70.51,70.64,876.0
2025-03-12 15:00:00,70.62,70.97,70.54,70.76,1204.0
2025-03-12 16:00:00,70.74,71.17,70.7,71.1,1289.0
2025-03-12 17:00:00,71.1,71.25,70.76,71.1,1050.0
2025-03-12 18:00:00,71.09,71.37,71.05,71.17,894.0
2025-03-12 19:00:00,71.17,71.3,71.11,71.17,619.0
2025-03-12 20:00:00,71.15,71.31,71.15,71.26,460.0
2025-03-12 21:00:00,71.26,71.28,71.13,71.24,238.0
2025-03-12 22:00:00,71.23,71.29,71.2,71.24,176.0
2025-03-13 02:00:00,71.15,71.18,71.07,71.15,166.0
2025-03-13 03:00:00,71.14,71.23,71.05,71.07,356.0
2025-03-13 04:00:00,71.08,71.35,71.04,71.28,233.0
2025-03-13 05:00:00,71.29,71.31,71.16,71.22,171.0
2025-03-13 06:00:00,71.23,71.23,71.13,71.18,119.0
2025-03-13 07:00:00,71.17,71.18,71.05,71.05,212.0
2025-03-13 08:00:00,71.06,71.09,70.98,71.02,290.0
2025-03-13 09:00:00,71.04,71.38,71.0,71.29,443.0
2025-03-13 10:00:00,71.3,71.5,71.17,71.21,830.0
2025-03-13 11:00:00,71.23,71.31,70.82,70.82,592.0
2025-03-13 12:00:00,70.83,70.98,70.69,70.92,576.0
2025-03-13 13:00:00,70.93,71.14,70.8,70.85,497.0
2025-03-13 14:00:00,70.84,70.96,70.67,70.76,686.0
2025-03-13 15:00:00,70.73,70.77,70.53,70.63,938.0
2025-03-13 16:00:00,70.62,70.88,70.41,70.7,1230.0
2025-03-13 17:00:00,70.71,70.8,70.03,70.42,1297.0
2025-03-13 18:00:00,70.43,70.68,70.2,70.27,1205.0
2025-03-13 19:00:00,70.28,70.33,69.98,70.0,820.0
2025-03-13 20:00:00,69.99,70.19,69.95,70.11,706.0
2025-03-13 21:00:00,70.11,70.17,70.06,70.06,299.0
2025-03-13 22:00:00,70.07,70.35,70.06,70.32,276.0
2025-03-14 02:00:00,70.35,70.39,70.21,70.34,171.0
2025-03-14 03:00:00,70.37,70.43,70.25,70.42,385.0
2025-03-14 04:00:00,70.43,70.56,70.39,70.53,216.0
2025-03-14 05:00:00,70.54,70.68,70.51,70.56,189.0
2025-03-14 06:00:00,70.57,70.58,70.54,70.57,95.0
2025-03-14 07:00:00,70.56,70.62,70.51,70.62,196.0
2025-03-14 08:00:00,70.61,70.82,70.51,70.81,355.0
2025-03-14 09:00:00,70.8,70.93,70.71,70.83,372.0
2025-03-14 10:00:00,70.82,70.98,70.68,70.95,538.0
2025-03-14 11:00:00,70.94,70.94,70.71,70.87,395.0
2025-03-14 12:00:00,70.86,70.88,70.63,70.68,416.0
2025-03-14 13:00:00,70.69,70.84,70.53,70.58,471.0
2025-03-14 14:00:00,70.59,70.82,70.59,70.75,584.0
2025-03-14 15:00:00,70.73,70.73,70.2,70.55,1240.0
2025-03-14 16:00:00,70.53,70.53,70.18,70.51,1079.0
2025-03-14 17:00:00,70.52,70.62,70.39,70.58,743.0
2025-03-14 18:00:00,70.57,70.7,70.51,70.67,703.0
2025-03-14 19:00:00,70.68,70.88,70.63,70.69,606.0
2025-03-14 20:00:00,70.7,70.88,70.7,70.82,458.0
2025-03-14 21:00:00,70.82,70.87,70.75,70.82,212.0
2025-03-17 02:00:00,71.22,71.55,71.22,71.53,289.0
2025-03-17 03:00:00,71.55,71.99,71.49,71.55,685.0
2025-03-17 04:00:00,71.54,71.56,71.28,71.3,296.0
2025-03-17 05:00:00,71.29,71.29,71.13,71.22,208.0
2025-03-17 06:00:00,71.26,71.34,71.25,71.3,131.0
2025-03-17 07:00:00,71.31,71.4,71.24,71.25,226.0
2025-03-17 08:00:00,71.23,71.35,71.16,71.31,266.0
2025-03-17 09:00:00,71.32,71.41,71.23,71.33,323.0
2025-03-17 10:00:00,71.32,71.41,71.15,71.34,656.0
2025-03-17 11:00:00,71.36,71.56,71.25,71.49,517.0
2025-03-17 12:00:00,71.5,71.67,71.37,71.65,435.0
2025-03-17 13:00:00,71.66,71.79,71.59,71.69,363.0
2025-03-17 14:00:00,71.68,71.71,71.56,71.67,437.0
2025-03-17 15:00:00,71.68,71.68,71.32,71.47,983.0
2025-03-17 16:00:00,71.48,71.49,71.02,71.05,985.0
2025-03-17 17:00:00,71.06,71.35,70.89,71.26,1093.0
2025-03-17 18:00:00,71.26,71.34,71.07,71.19,768.0
2025-03-17 19:00:00,71.18,71.45,71.16,71.42,504.0
2025-03-17 20:00:00,71.42,71.52,71.19,71.21,640.0
2025-03-17 21:00:00,71.2,71.31,71.18,71.2,264.0
2025-03-17 22:00:00,71.19,71.26,71.17,71.18,133.0
2025-03-18 02:00:00,71.1,71.19,71.08,71.14,174.0
2025-03-18 03:00:00,71.13,71.42,71.1,71.4,382.0
2025-03-18 04:00:00,71.4,71.52,71.35,71.51,189.0
2025-03-18 05:00:00,71.52,71.52,71.39,71.42,192.0
2025-03-18 06:00:00,71.41,71.48,71.39,71.44,86.0
2025-03-18 07:00:00,71.43,71.65,71.41,71.65,197.0
2025-03-18 08:00:00,71.64,71.67,71.58,71.63,202.0
2025-03-18 09:00:00,71.62,71.87,71.6,71.84,245.0
2025-03-18 10:00:00,71.84,72.13,71.81,72.02,512.0
2025-03-18 11:00:00,72.05,72.31,72.0,72.28,558.0
2025-03-18 12:00:00,72.27,72.37,72.09,72.14,474.0
2025-03-18 13:00:00,72.13,72.19,71.95,72.18,416.0
2025-03-18 14:00:00,72.17,72.24,72.01,72.08,505.0
2025-03-18 15:00:00,72.09,72.09,71.64,71.67,1042.0
2025-03-18 16:00:00,71.66,71.67,71.42,71.46,1037.0
2025-03-18 17:00:00,71.47,71.54,71.01,71.02,843.0
2025-03-18 18:00:00,71.01,71.09,70.54,70.58,1092.0
2025-03-18 19:00:00,70.57,71.28,70.54,70.82,1084.0
2025-03-18 20:00:00,70.81,70.93,70.66,70.71,693.0
2025-03-18 21:00:00,70.7,70.77,70.68,70.75,251.0
2025-03-18 22:00:00,70.76,70.76,70.46,70.56,256.0
2025-03-19 02:00:00,70.59,70.65,70.53,70.62,195.0
2025-03-19 03:00:00,70.64,70.64,70.4,70.41,449.0
2025-03-19 04:00:00,70.42,70.59,70.42,70.54,249.0
2025-03-19 05:00:00,70.53,70.6,70.5,70.54,211.0
2025-03-19 06:00:00,70.53,70.56,70.47,70.49,103.0
2025-03-19 07:00:00,70.48,70.51,70.37,70.4,195.0
2025-03-19 08:00:00,70.41,70.41,70.19,70.28,261.0
2025-03-19 09:00:00,70.29,70.54,70.28,70.43,368.0
2025-03-19 10:00:00,70.44,70.59,70.08,70.09,752.0
2025-03-19 11:00:00,70.09,70.36,70.06,70.34,472.0
2025-03-19 12:00:00,70.33,70.57,70.31,70.56,430.0
2025-03-19 13:00:00,70.54,70.72,70.53,70.72,379.0
2025-03-19 14:00:00,70.7,70.76,70.55,70.76,462.0
2025-03-19 15:00:00,70.77,70.88,70.53,70.72,972.0
2025-03-19 16:00:00,70.73,71.02,70.65,70.94,1029.0
2025-03-19 17:00:00,70.95,71.31,70.93,71.04,864.0
2025-03-19 18:00:00,71.03,71.4,70.85,71.32,940.0
2025-03-19 19:00:00,71.32,71.38,70.98,71.01,587.0
2025-03-19 20:00:00,71.01,71.05,70.77,71.01,866.0
2025-03-19 21:00:00,71.0,71.13,71.0,71.05,263.0
2025-03-19 22:00:00,71.06,71.08,71.0,71.08,152.0
2025-03-20 02:00:00,71.07,71.12,71.02,71.1,112.0
2025-03-20 03:00:00,71.12,71.3,71.11,71.19,394.0
2025-03-20 04:00:00,71.2,71.35,71.18,71.24,260.0
2025-03-20 05:00:00,71.23,71.36,71.21,71.35,176.0
2025-03-20 06:00:00,71.34,71.37,71.33,71.35,62.0
2025-03-20 07:00:00,71.34,71.35,71.27,71.28,149.0
2025-03-20 08:00:00,71.27,71.41,71.24,71.38,197.0
2025-03-20 09:00:00,71.37,71.41,71.14,71.36,299.0
2025-03-20 10:00:00,71.37,71.55,71.35,71.41,467.0
2025-03-20 11:00:00,71.42,71.48,71.04,71.08,590.0
2025-03-20 12:00:00,71.07,71.12,70.81,70.96,520.0
2025-03-20 13:00:00,70.95,71.24,70.94,71.24,365.0
2025-03-20 14:00:00,71.23,71.25,70.97,71.0,553.0
2025-03-20 15:00:00,70.99,71.03,70.68,70.92,1042.0
2025-03-20 16:00:00,70.91,71.99,70.9,71.92,1411.0
2025-03-20 17:00:00,71.93,72.27,71.88,72.03,949.0
2025-03-20 18:00:00,72.03,72.14,71.94,72.08,695.0
2025-03-20 19:00:00,72.07,72.17,72.01,72.13,528.0
2025-03-20 20:00:00,72.12,72.27,72.06,72.26,527.0
2025-03-20 21:00:00,72.27,72.35,72.26,72.32,165.0
2025-03-20 22:00:00,72.31,72.45,72.31,72.44,136.0
2025-03-21 02:00:00,72.51,72.61,72.45,72.53,186.0
2025-03-21 03:00:00,72.52,72.63,72.41,72.43,405.0
2025-03-21 04:00:00,72.44,72.44,72.32,72.38,229.0
2025-03-21 05:00:00,72.39,72.48,72.36,72.46,150.0
2025-03-21 06:00:00,72.47,72.47,72.3,72.31,82.0
2025-03-21 07:00:00,72.32,72.41,72.26,72.39,207.0
2025-03-21 08:00:00,72.4,72.48,72.19,72.26,279.0
2025-03-21 09:00:00,72.27,72.34,72.18,72.25,336.0
2025-03-21 10:00:00,72.26,72.43,72.13,72.17,747.0
2025-03-21 11:00:00,72.14,72.24,71.9,71.98,499.0
2025-03-21 12:00:00,71.99,71.99,71.78,71.83,483.0
2025-03-21 13:00:00,71.82,71.87,71.69,71.7,416.0
2025-03-21 14:00:00,71.72,72.02,71.66,71.88,518.0
2025-03-21 15:00:00,71.87,71.94,71.65,71.82,1189.0
2025-03-21 16:00:00,71.81,72.25,71.81,72.24,926.0
2025-03-21 17:00:00,72.24,72.26,71.85,71.9,803.0
2025-03-21 18:00:00,71.9,72.38,71.87,72.34,796.0
2025-03-21 19:00:00,72.33,72.38,72.24,72.25,473.0
2025-03-21 20:00:00,72.24,72.36,72.17,72.36,412.0
2025-03-21 21:00:00,72.36,72.37,72.18,72.2,146.0
2025-03-24 02:00:00,72.33,72.38,72.09,72.1,139.0
2025-03-24 03:00:00,72.13,72.34,71.9,71.92,425.0
2025-03-24 04:00:00,71.91,72.09,71.91,71.99,215.0
2025-03-24 05:00:00,72.01,72.01,71.89,71.98,211.0
2025-03-24 06:00:00,71.99,72.0,71.94,71.94,54.0
2025-03-24 07:00:00,71.95,72.13,71.94,72.09,187.0
2025-03-24 08:00:00,72.09,72.25,72.09,72.22,297.0
2025-03-24 09:00:00,72.23,72.47,72.2,72.44,333.0
2025-03-24 10:00:00,72.42,72.42,72.01,72.17,585.0
2025-03-24 11:00:00,72.19,72.54,72.08,72.52,505.0
2025-03-24 12:00:00,72.51,72.84,72.51,72.83,358.0
2025-03-24 13:00:00,72.84,72.86,72.63,72.69,334.0
2025-03-24 14:00:00,72.67,72.72,72.36,72.38,440.0
2025-03-24 15:00:00,72.39,72.66,72.23,72.6,953.0
2025-03-24 16:00:00,72.61,72.99,72.43,72.9,1165.0
2025-03-24 17:00:00,72.89,73.12,72.82,73.08,678.0
2025-03-24 18:00:00,73.07,73.22,72.86,73.02,682.0
2025-03-24 19:00:00,73.02,73.02,72.73,72.89,531.0
2025-03-24 20:00:00,72.9,73.09,72.83,73.08,575.0
2025-03-24 21:00:00,73.09,73.19,73.07,73.14,173.0
2025-03-24 22:00:00,73.15,73.15,73.06,73.07,120.0
2025-03-25 02:00:00,73.06,73.06,72.96,73.04,107.0
2025-03-25 03:00:00,73.03,73.1,72.93,72.95,299.0
2025-03-25 04:00:00,72.96,73.1,72.94,72.96,200.0
2025-03-25 05:00:00,72.97,73.04,72.95,73.01,122.0
2025-03-25 06:00:00,73.0,73.01,72.96,72.98,67.0
2025-03-25 07:00:00,72.97,73.11,72.96,73.01,149.0
2025-03-25 08:00:00,73.0,73.02,72.76,72.96,289.0
2025-03-25 09:00:00,72.95,73.29,72.95,73.28,248.0
2025-03-25 10:00:00,73.29,73.35,73.1,73.26,468.0
2025-03-25 11:00:00,73.27,73.46,73.24,73.45,309.0
2025-03-25 12:00:00,73.46,73.5,73.34,73.41,269.0
2025-03-25 13:00:00,73.39,73.51,73.28,73.5,264.0
2025-03-25 14:00:00,73.51,73.52,73.36,73.48,408.0
2025-03-25 15:00:00,73.49,73.54,73.39,73.48,651.0
2025-03-25 16:00:00,73.47,73.5,73.07,73.08,994.0
2025-03-25 17:00:00,73.09,73.16,72.9,72.95,700.0
2025-03-25 18:00:00,72.98,73.01,72.51,72.79,1095.0
2025-03-25 19:00:00,72.78,72.92,72.69,72.87,503.0
2025-03-25 20:00:00,72.86,73.06,72.84,73.01,442.0
2025-03-25 21:00:00,73.01,73.18,73.01,73.14,217.0
2025-03-25 22:00:00,73.15,73.24,73.11,73.19,158.0
2025-03-26 02:00:00,73.24,73.26,73.19,73.25,72.0
2025-03-26 03:00:00,73.24,73.35,73.17,73.33,241.0
2025-03-26 04:00:00,73.32,73.35,73.23,73.31,172.0
2025-03-26 05:00:00,73.3,73.31,73.16,73.17,152.0
2025-03-26 06:00:00,73.19,73.21,73.12,73.13,64.0
2025-03-26 07:00:00,73.14,73.29,73.12,73.25,141.0
2025-03-26 08:00:00,73.26,73.33,73.2,73.3,215.0
2025-03-26 09:00:00,73.29,73.34,73.09,73.12,339.0
2025-03-26 10:00:00,73.13,73.38,73.12,73.33,459.0
2025-03-26 11:00:00,73.36,73.53,73.22,73.49,384.0
2025-03-26 12:00:00,73.47,73.7,73.4,73.64,324.0
2025-03-26 13:00:00,73.65,73.7,73.56,73.61,343.0
2025-03-26 14:00:00,73.6,73.71,73.54,73.64,432.0
2025-03-26 15:00:00,73.65,73.86,73.56,73.81,817.0
2025-03-26 16:00:00,73.81,73.91,73.73,73.89,690.0
2025-03-26 17:00:00,73.9,74.11,73.68,73.99,712.0
2025-03-26 18:00:00,74.0,74.0,73.7,73.81,703.0
2025-03-26 19:00:00,73.79,73.83,73.51,73.56,582.0
2025-03-26 20:00:00,73.55,73.71,73.53,73.61,425.0
2025-03-26 21:00:00,73.61,73.79,73.6,73.74,222.0
2025-03-26 22:00:00,73.73,73.97,73.73,73.95,117.0
2025-03-27 02:00:00,73.77,73.81,73.73,73.77,140.0
2025-03-27 03:00:00,73.78,73.84,73.68,73.74,298.0
2025-03-27 04:00:00,73.75,73.83,73.75,73.8,125.0
2025-03-27 05:00:00,73.81,73.81,73.7,73.75,145.0
2025-03-27 06:00:00,73.76,73.78,73.73,73.76,47.0
2025-03-27 07:00:00,73.75,73.76,73.59,73.59,143.0
2025-03-27 08:00:00,73.61,73.63,73.49,73.49,320.0
2025-03-27 09:00:00,73.48,73.55,73.4,73.43,332.0
2025-03-27 10:00:00,73.42,73.54,73.23,73.35,537.0
2025-03-27 11:00:00,73.36,73.52,73.33,73.42,377.0
2025-03-27 12:00:00,73.41,73.67,73.38,73.42,337.0
2025-03-27 13:00:00,73.41,73.56,73.36,73.54,285.0
2025-03-27 14:00:00,73.55,73.67,73.47,73.66,466.0
2025-03-27 15:00:00,73.67,73.67,73.13,73.56,1070.0
2025-03-27 16:00:00,73.55,73.87,73.36,73.83,882.0
2025-03-27 17:00:00,73.83,73.89,73.52,73.59,771.0
2025-03-27 18:00:00,73.57,73.79,73.52,73.65,720.0
2025-03-27 19:00:00,73.67,73.84,73.56,73.8,504.0
2025-03-27 20:00:00,73.78,73.97,73.75,73.95,409.0
2025-03-27 21:00:00,73.96,73.97,73.81,73.82,160.0
2025-03-27 22:00:00,73.82,73.96,73.82,73.95,114.0
2025-03-28 02:00:00,73.91,73.96,73.8,73.88,154.0
2025-03-28 03:00:00,73.91,74.05,73.85,73.87,301.0
2025-03-28 04:00:00,73.86,74.0,73.82,73.91,206.0
2025-03-28 05:00:00,73.92,73.98,73.89,73.91,163.0
2025-03-28 06:00:00,73.9,73.9,73.7,73.8,241.0
2025-03-28 07:00:00,73.79,73.81,73.61,73.7,198.0
2025-03-28 08:00:00,73.72,73.87,73.7,73.78,200.0
2025-03-28 09:00:00,73.77,73.77,73.55,73.56,240.0
2025-03-28 10:00:00,73.58,73.86,73.52,73.85,427.0
2025-03-28 11:00:00,73.86,74.03,73.78,73.98,390.0
2025-03-28 12:00:00,73.99,74.0,73.7,73.75,332.0
2025-03-28 13:00:00,73.76,73.93,73.67,73.92,311.0
2025-03-28 14:00:00,73.91,74.04,73.89,73.93,410.0
2025-03-28 15:00:00,73.91,73.91,73.5,73.59,976.0
2025-03-28 16:00:00,73.58,73.67,73.18,73.36,1135.0
2025-03-28 17:00:00,73.37,73.48,73.13,73.15,857.0
2025-03-28 18:00:00,73.16,73.36,72.93,73.22,994.0
2025-03-28 19:00:00,73.23,73.4,73.21,73.27,515.0
2025-03-28 20:00:00,73.28,73.38,73.23,73.27,355.0
2025-03-28 21:00:00,73.26,73.29,73.11,73.11,165.0
2025-03-31 03:00:00,73.37,73.43,72.8,72.86,366.0
2025-03-31 04:00:00,72.9,73.21,72.86,73.12,616.0
2025-03-31 05:00:00,73.11,73.12,72.89,73.02,355.0
2025-03-31 06:00:00,73.03,73.06,72.95,72.98,221.0
2025-03-31 07:00:00,72.99,73.08,72.97,72.98,153.0
2025-03-31 08:00:00,72.97,73.22,72.97,73.21,262.0
2025-03-31 09:00:00,73.18,73.35,73.17,73.26,421.0
2025-03-31 10:00:00,73.27,73.79,73.03,73.79,641.0
2025-03-31 11:00:00,73.79,74.08,73.6,73.82,858.0
2025-03-31 12:00:00,73.84,73.85,73.39,73.43,553.0
2025-03-31 13:00:00,73.44,73.69,73.35,73.46,332.0
2025-03-31 14:00:00,73.47,73.6,73.35,73.54,419.0
2025-03-31 15:00:00,73.53,73.74,73.33,73.71,540.0
2025-03-31 16:00:00,73.69,74.25,73.44,74.23,1244.0
2025-03-31 17:00:00,74.24,74.85,74.19,74.74,1226.0
2025-03-31 18:00:00,74.75,75.22,74.7,75.2,743.0
2025-03-31 19:00:00,75.21,75.58,75.17,75.47,644.0
2025-03-31 20:00:00,75.46,75.46,75.28,75.31,653.0
2025-03-31 21:00:00,75.3,75.46,75.27,75.35,506.0
2025-03-31 22:00:00,75.34,75.37,75.22,75.23,201.0
2025-04-01 03:00:00,75.24,75.3,75.13,75.22,183.0
2025-04-01 04:00:00,75.25,75.43,75.17,75.37,447.0
2025-04-01 05:00:00,75.36,75.54,75.33,75.48,241.0
2025-04-01 06:00:00,75.49,75.54,75.42,75.5,229.0
2025-04-01 07:00:00,75.49,75.5,75.45,75.49,80.0
2025-04-01 08:00:00,75.48,75.52,75.42,75.42,228.0
2025-04-01 09:00:00,75.41,75.54,75.37,75.51,340.0
2025-04-01 10:00:00,75.5,75.51,75.0,75.0,561.0
2025-04-01 11:00:00,75.02,75.15,74.93,75.1,714.0
2025-04-01 12:00:00,75.09,75.54,75.05,75.51,486.0
2025-04-01 13:00:00,75.5,75.8,75.38,75.47,615.0
2025-04-01 14:00:00,75.46,75.47,75.14,75.18,447.0
2025-04-01 15:00:00,75.19,75.35,75.11,75.28,488.0
2025-04-01 16:00:00,75.31,75.8,75.24,75.41,1013.0
2025-04-01 17:00:00,75.41,75.58,75.22,75.38,1385.0
2025-04-01 18:00:00,75.39,75.52,75.13,75.17,1081.0
2025-04-01 19:00:00,75.16,75.26,75.06,75.1,768.0
2025-04-01 20:00:00,75.09,75.16,75.02,75.06,528.0
2025-04-01 21:00:00,75.05,75.08,74.85,74.92,616.0
2025-04-01 22:00:00,74.92,75.02,74.91,74.97,223.0
2025-04-02 03:00:00,74.99,75.03,74.87,74.92,262.0
2025-04-02 04:00:00,74.93,75.03,74.84,74.99,412.0
2025-04-02 05:00:00,75.0,75.11,74.94,75.09,251.0
2025-04-02 06:00:00,75.09,75.09,74.95,75.01,140.0
2025-04-02 07:00:00,75.02,75.04,74.99,74.99,74.0
2025-04-02 08:00:00,75.0,75.02,74.86,74.87,211.0
2025-04-02 09:00:00,74.86,75.03,74.78,74.8,414.0
2025-04-02 10:00:00,74.81,74.86,74.45,74.52,427.0
2025-04-02 11:00:00,74.55,74.93,74.51,74.91,710.0
2025-04-02 12:00:00,74.92,75.0,74.83,74.9,447.0
2025-04-02 13:00:00,74.89,74.9,74.47,74.49,514.0
2025-04-02 14:00:00,74.5,74.81,74.46,74.58,444.0
2025-04-02 15:00:00,74.57,74.62,74.35,74.55,627.0
2025-04-02 16:00:00,74.54,74.89,74.54,74.86,1228.0
2025-04-02 17:00:00,74.84,75.19,74.79,75.03,1386.0
2025-04-02 18:00:00,75.02,75.2,74.68,75.13,1264.0
2025-04-02 19:00:00,75.13,75.59,75.11,75.41,816.0
2025-04-02 20:00:00,75.39,75.6,75.34,75.59,552.0
2025-04-02 21:00:00,75.58,75.65,75.37,75.49,702.0
2025-04-02 22:00:00,75.5,75.59,75.45,75.56,341.0
2025-04-03 03:00:00,73.31,73.5,72.99,73.48,1024.0
2025-04-03 04:00:00,73.49,73.86,73.18,73.59,1228.0
2025-04-03 05:00:00,73.6,73.83,73.49,73.77,560.0
2025-04-03 06:00:00,73.78,73.87,73.68,73.8,437.0
2025-04-03 07:00:00,73.79,73.81,73.69,73.79,226.0
2025-04-03 08:00:00,73.78,73.78,73.52,73.52,427.0
2025-04-03 09:00:00,73.52,73.62,73.25,73.25,727.0
2025-04-03 10:00:00,73.26,73.28,72.74,73.19,1126.0
2025-04-03 11:00:00,73.18,73.34,72.78,72.79,957.0
2025-04-03 12:00:00,72.83,72.91,72.31,72.32,811.0
2025-04-03 13:00:00,72.33,72.41,71.99,72.1,891.0
2025-04-03 14:00:00,72.11,72.14,70.96,71.28,1369.0
2025-04-03 15:00:00,71.27,71.29,70.37,70.8,1564.0
2025-04-03 16:00:00,70.79,70.98,70.23,70.39,2075.0
2025-04-03 17:00:00,70.37,70.75,70.02,70.02,1724.0
2025-04-03 18:00:00,70.03,70.55,69.93,70.42,1561.0
2025-04-03 19:00:00,70.41,70.61,70.29,70.5,1141.0
2025-04-03 20:00:00,70.51,70.83,70.22,70.7,935.0
2025-04-03 21:00:00,70.71,70.71,70.38,70.55,806.0
2025-04-03 22:00:00,70.55,70.55,70.37,70.41,413.0
2025-04-04 03:00:00,70.44,70.54,70.28,70.31,305.0
2025-04-04 04:00:00,70.3,70.36,70.11,70.23,403.0
2025-04-04 05:00:00,70.24,70.32,70.12,70.15,244.0
2025-04-04 06:00:00,70.16,70.17,69.92,70.01,373.0
2025-04-04 07:00:00,70.0,70.05,69.71,69.76,311.0
2025-04-04 08:00:00,69.77,70.05,69.74,69.95,414.0
2025-04-04 09:00:00,69.96,70.07,69.51,69.51,469.0
2025-04-04 10:00:00,69.52,69.54,68.94,68.95,853.0
2025-04-04 11:00:00,68.93,69.01,67.99,68.01,1321.0
2025-04-04 12:00:00,68.0,68.44,67.89,68.2,1203.0
2025-04-04 13:00:00,68.23,68.61,65.78,66.27,3097.0
2025-04-04 14:00:00,66.3,66.39,64.58,65.52,3116.0
2025-04-04 15:00:00,65.51,66.4,65.11,65.68,2391.0
2025-04-04 16:00:00,65.66,66.22,65.11,65.46,2368.0
2025-04-04 17:00:00,65.47,65.56,64.43,65.19,2200.0
2025-04-04 18:00:00,65.17,67.14,65.16,65.66,3212.0
2025-04-04 19:00:00,65.68,66.14,65.5,65.94,2051.0
2025-04-04 20:00:00,65.95,66.15,65.57,66.12,1650.0
2025-04-04 21:00:00,66.13,66.45,65.91,66.36,1384.0
2025-04-04 22:00:00,66.37,66.9,66.29,66.73,848.0
2025-04-07 03:00:00,63.83,64.03,63.37,63.98,997.0
2025-04-07 04:00:00,63.97,64.58,63.86,64.4,1592.0
2025-04-07 05:00:00,64.38,64.54,63.93,64.23,1197.0
2025-04-07 06:00:00,64.24,64.44,63.98,64.17,919.0
2025-04-07 07:00:00,64.2,64.84,64.07,64.2,1006.0
2025-04-07 08:00:00,64.21,64.79,64.05,64.06,1097.0
2025-04-07 09:00:00,64.08,64.34,63.37,63.73,1685.0
2025-04-07 10:00:00,63.7,63.87,62.85,63.46,2316.0
2025-04-07 11:00:00,63.43,64.01,63.33,63.4,2057.0
2025-04-07 12:00:00,63.37,63.86,63.09,63.48,1807.0
2025-04-07 13:00:00,63.5,64.32,63.44,64.24,1794.0
2025-04-07 14:00:00,64.25,64.71,64.13,64.27,1871.0
2025-04-07 15:00:00,64.29,65.17,64.09,64.89,2445.0
2025-04-07 16:00:00,64.86,65.33,64.03,65.3,2870.0
2025-04-07 17:00:00,65.28,67.78,64.79,65.05,4294.0
2025-04-07 18:00:00,65.09,65.42,63.91,64.71,3524.0
2025-04-07 19:00:00,64.7,65.12,64.44,64.63,2454.0
2025-04-07 20:00:00,64.66,65.45,64.64,65.04,2661.0
2025-04-07 21:00:00,65.06,65.23,64.44,64.66,2160.0
2025-04-07 22:00:00,64.67,65.07,64.51,64.72,1593.0
2025-04-08 03:00:00,64.88,65.41,64.78,65.02,750.0
2025-04-08 04:00:00,65.01,65.19,64.82,65.19,1314.0
2025-04-08 05:00:00,65.18,65.53,65.14,65.44,584.0
2025-04-08 06:00:00,65.43,65.5,65.16,65.41,585.0
2025-04-08 07:00:00,65.4,65.53,65.36,65.53,328.0
2025-04-08 08:00:00,65.54,65.54,65.15,65.17,679.0
2025-04-08 09:00:00,65.17,65.32,64.96,65.27,989.0
2025-04-08 10:00:00,65.23,65.35,64.0,64.19,1698.0
2025-04-08 11:00:00,64.18,64.83,64.02,64.73,1684.0
2025-04-08 12:00:00,64.72,64.83,64.43,64.62,1450.0
2025-04-08 13:00:00,64.63,65.0,64.52,64.53,1010.0
2025-04-08 14:00:00,64.54,65.02,64.44,65.01,1258.0
2025-04-08 15:00:00,65.04,65.09,64.73,64.9,1436.0
2025-04-08 16:00:00,64.87,65.47,64.52,65.0,2336.0
2025-04-08 17:00:00,65.0,65.44,64.57,64.58,2362.0
2025-04-08 18:00:00,64.57,65.0,64.18,64.92,2452.0
2025-04-08 19:00:00,64.91,64.92,63.29,63.43,2609.0
2025-04-08 20:00:00,63.45,63.92,63.0,63.54,2794.0
2025-04-08 21:00:00,63.52,63.6,62.5,62.67,2136.0
2025-04-08 22:00:00,62.68,62.73,61.68,62.19,1895.0
2025-04-09 03:00:00,61.53,61.73,60.48,60.54,990.0
2025-04-09 04:00:00,60.57,61.15,60.46,61.14,1650.0
2025-04-09 05:00:00,61.15,61.45,61.12,61.29,1098.0
2025-04-09 06:00:00,61.28,61.45,60.71,60.74,843.0
2025-04-09 07:00:00,60.75,60.83,60.54,60.69,829.0
2025-04-09 08:00:00,60.68,61.21,60.43,61.15,1126.0
2025-04-09 09:00:00,61.16,61.8,61.14,61.71,1584.0
2025-04-09 10:00:00,61.66,61.81,61.18,61.48,2084.0
2025-04-09 11:00:00,61.57,61.67,60.74,61.22,1804.0
2025-04-09 12:00:00,61.24,61.53,60.52,60.52,1441.0
2025-04-09 13:00:00,60.51,60.97,60.07,60.77,1641.0
2025-04-09 14:00:00,60.8,60.8,58.69,58.94,3212.0
2025-04-09 15:00:00,58.93,59.91,58.93,59.62,2210.0
2025-04-09 16:00:00,59.61,61.4,59.61,60.82,3311.0
2025-04-09 17:00:00,60.81,61.08,59.6,59.66,2875.0
2025-04-09 18:00:00,59.63,61.09,59.62,60.74,2467.0
2025-04-09 19:00:00,60.74,61.08,60.52,60.81,1507.0
2025-04-09 20:00:00,60.82,65.69,60.05,65.12,3895.0
2025-04-09 21:00:00,65.08,66.34,64.9,64.99,2892.0
2025-04-09 22:00:00,65.0,66.22,65.0,65.88,1632.0
2025-04-10 03:00:00,66.26,66.39,65.51,65.61,746.0
2025-04-10 04:00:00,65.62,65.69,64.87,65.22,1564.0
2025-04-10 05:00:00,65.2,65.48,65.01,65.08,834.0
2025-04-10 06:00:00,65.07,65.18,64.81,64.95,589.0
2025-04-10 07:00:00,64.96,65.08,64.79,65.06,320.0
2025-04-10 08:00:00,65.08,65.23,64.81,65.2,585.0
2025-04-10 09:00:00,65.24,65.57,65.21,65.45,1233.0
2025-04-10 10:00:00,65.48,65.59,63.95,64.08,1831.0
2025-04-10 11:00:00,64.1,64.34,63.62,63.67,1812.0
2025-04-10 12:00:00,63.68,64.25,63.51,64.16,1260.0
2025-04-10 13:00:00,64.17,64.44,64.05,64.2,1196.0
2025-04-10 14:00:00,64.18,64.41,63.76,64.02,1128.0
2025-04-10 15:00:00,64.01,64.24,63.48,63.65,1490.0
2025-04-10 16:00:00,63.63,63.9,62.63,62.65,2535.0
2025-04-10 17:00:00,62.65,63.44,62.3,62.75,2838.0
2025-04-10 18:00:00,62.73,64.04,62.72,63.21,2372.0
2025-04-10 19:00:00,63.19,63.29,62.56,63.12,2441.0
2025-04-10 20:00:00,63.11,63.74,62.78,63.62,2184.0
2025-04-10 21:00:00,63.61,64.02,63.3,63.92,2004.0
2025-04-10 22:00:00,63.92,64.06,63.59,63.94,1432.0
2025-04-11 03:00:00,63.34,63.64,63.22,63.41,980.0
2025-04-11 04:00:00,63.42,63.58,63.16,63.28,1299.0
2025-04-11 05:00:00,63.27,63.32,63.05,63.26,852.0
2025-04-11 06:00:00,63.25,63.54,63.25,63.36,598.0
2025-04-11 07:00:00,63.35,63.49,63.27,63.44,308.0
2025-04-11 08:00:00,63.45,64.18,63.39,64.17,801.0
2025-04-11 09:00:00,64.18,64.66,64.1,64.48,888.0
2025-04-11 10:00:00,64.49,64.52,63.96,64.42,1432.0
2025-04-11 11:00:00,64.41,64.44,63.38,63.7,2246.0
2025-04-11 12:00:00,63.68,64.02,63.12,64.01,1837.0
2025-04-11 13:00:00,64.0,64.2,63.61,63.69,1437.0
2025-04-11 14:00:00,63.68,63.79,63.4,63.57,1170.0
2025-04-11 15:00:00,63.55,63.92,63.54,63.57,1292.0
2025-04-11 16:00:00,63.59,63.96,63.11,63.67,2383.0
2025-04-11 17:00:00,63.66,63.85,63.38,63.62,2549.0
2025-04-11 18:00:00,63.61,64.21,63.55,64.19,2010.0
2025-04-11 19:00:00,64.2,64.62,64.09,64.61,1353.0
2025-04-11 20:00:00,64.62,65.35,64.56,65.19,1586.0
2025-04-11 21:00:00,65.2,65.25,64.87,65.04,1291.0
2025-04-11 22:00:00,65.04,65.27,64.99,65.06,610.0
2025-04-14 03:00:00,64.81,65.19,64.81,64.97,384.0
2025-04-14 04:00:00,64.94,64.99,64.68,64.9,860.0
2025-04-14 05:00:00,64.89,64.93,64.65,64.77,430.0
2025-04-14 06:00:00,64.76,64.84,64.66,64.78,269.0
2025-04-14 07:00:00,64.79,64.84,64.73,64.83,143.0
2025-04-14 08:00:00,64.84,65.15,64.8,65.05,398.0
2025-04-14 09:00:00,65.04,65.24,64.9,64.95,491.0
2025-04-14 10:00:00,64.94,65.38,64.77,65.14,807.0
2025-04-14 11:00:00,65.16,65.49,64.92,65.48,866.0
2025-04-14 12:00:00,65.47,65.66,65.33,65.56,549.0
2025-04-14 13:00:00,65.58,65.87,65.49,65.87,442.0
2025-04-14 14:00:00,65.85,66.13,65.77,65.81,653.0
2025-04-14 15:00:00,65.82,65.95,65.69,65.87,716.0
2025-04-14 16:00:00,65.83,65.83,65.12,65.25,1520.0
2025-04-14 17:00:00,65.26,65.53,65.12,65.27,1500.0
2025-04-14 18:00:00,65.28,65.3,64.59,64.67,1472.0
2025-04-14 19:00:00,64.68,64.8,64.28,64.51,1313.0
2025-04-14 20:00:00,64.5,64.86,64.39,64.74,1201.0
2025-04-14 21:00:00,64.75,65.21,64.72,65.14,707.0
2025-04-14 22:00:00,65.14,65.28,65.14,65.19,297.0
2025-04-15 03:00:00,65.2,65.45,65.19,65.33,210.0
2025-04-15 04:00:00,65.31,65.36,65.15,65.18,396.0
2025-04-15 05:00:00,65.19,65.27,65.12,65.18,220.0
2025-04-15 06:00:00,65.17,65.28,65.1,65.26,129.0
2025-04-15 07:00:00,65.25,65.32,65.22,65.31,120.0
2025-04-15 08:00:00,65.32,65.42,65.14,65.31,327.0
2025-04-15 09:00:00,65.32,65.49,65.19,65.44,443.0
2025-04-15 10:00:00,65.44,65.62,65.33,65.39,576.0
2025-04-15 11:00:00,65.42,65.42,64.84,65.03,945.0
2025-04-15 12:00:00,65.02,65.17,64.59,64.61,618.0
2025-04-15 13:00:00,64.59,65.03,64.54,64.7,638.0
2025-04-15 14:00:00,64.71,64.92,64.56,64.58,662.0
2025-04-15 15:00:00,64.57,64.69,64.47,64.6,709.0
2025-04-15 16:00:00,64.61,65.28,64.61,65.21,1338.0
2025-04-15 17:00:00,65.22,65.39,64.68,64.95,1826.0
2025-04-15 18:00:00,64.94,64.98,64.44,64.56,1310.0
2025-04-15 19:00:00,64.56,64.91,64.55,64.74,749.0
2025-04-15 20:00:00,64.75,64.95,64.69,64.83,623.0
2025-04-15 21:00:00,64.82,65.03,64.77,64.99,544.0
2025-04-15 22:00:00,64.99,65.16,64.98,65.06,262.0
2025-04-16 03:00:00,65.01,65.05,64.88,64.95,225.0
2025-04-16 04:00:00,64.94,65.1,64.79,64.87,523.0
2025-04-16 05:00:00,64.88,64.89,64.69,64.7,335.0
2025-04-16 06:00:00,64.69,64.73,64.63,64.66,213.0
2025-04-16 07:00:00,64.65,64.85,64.65,64.79,95.0
2025-04-16 08:00:00,64.77,64.79,64.0,64.04,857.0
2025-04-16 09:00:00,64.03,64.31,64.02,64.21,581.0
2025-04-16 10:00:00,64.21,64.64,64.17,64.48,698.0
2025-04-16 11:00:00,64.47,65.76,64.41,65.4,1710.0
2025-04-16 12:00:00,65.42,65.64,65.33,65.4,859.0
2025-04-16 13:00:00,65.38,65.59,65.31,65.45,685.0
2025-04-16 14:00:00,65.46,65.53,65.32,65.47,530.0
2025-04-16 15:00:00,65.46,65.88,65.36,65.81,600.0
2025-04-16 16:00:00,65.79,66.0,65.49,65.78,1330.0
2025-04-16 17:00:00,65.78,66.32,65.74,65.99,1509.0
2025-04-16 18:00:00,65.99,66.22,65.72,66.07,1314.0
2025-04-16 19:00:00,66.08,66.16,65.82,66.15,889.0
2025-04-16 20:00:00,66.15,66.33,65.84,65.88,892.0
2025-04-16 21:00:00,65.89,66.48,65.8,66.23,1132.0
2025-04-16 22:00:00,66.23,66.52,66.13,66.29,601.0
2025-04-17 03:00:00,66.47,66.5,66.15,66.32,403.0
2025-04-17 04:00:00,66.33,66.47,66.2,66.45,490.0
2025-04-17 05:00:00,66.44,66.64,66.39,66.61,317.0
2025-04-17 06:00:00,66.6,66.69,66.56,66.67,211.0
2025-04-17 07:00:00,66.66,66.83,66.55,66.79,310.0
2025-04-17 08:00:00,66.78,66.97,66.69,66.71,242.0
2025-04-17 09:00:00,66.72,66.74,66.41,66.44,465.0
2025-04-17 10:00:00,66.43,66.62,66.34,66.47,595.0
2025-04-17 11:00:00,66.49,66.66,66.38,66.65,619.0
2025-04-17 12:00:00,66.64,66.67,66.39,66.62,623.0
2025-04-17 13:00:00,66.61,66.75,66.51,66.69,568.0
2025-04-17 14:00:00,66.7,66.91,66.64,66.79,617.0
2025-04-17 15:00:00,66.77,67.12,66.73,66.95,793.0
2025-04-17 16:00:00,66.92,67.05,66.64,66.86,1303.0
2025-04-17 17:00:00,66.84,67.11,66.78,67.01,1250.0
2025-04-17 18:00:00,67.03,67.92,67.01,67.88,1274.0
2025-04-17 19:00:00,67.87,68.32,67.84,68.26,1254.0
2025-04-17 20:00:00,68.26,68.29,67.86,68.11,873.0
2025-04-17 21:00:00,68.1,68.34,67.95,68.02,860.0
2025-04-17 22:00:00,68.02,68.03,67.71,67.79,382.0
2025-04-21 03:00:00,67.22,67.51,67.15,67.19,318.0
2025-04-21 04:00:00,67.2,67.22,66.76,66.99,891.0
2025-04-21 05:00:00,66.98,67.03,66.87,66.98,360.0
2025-04-21 06:00:00,66.99,67.11,66.87,67.1,284.0
2025-04-21 07:00:00,67.08,67.12,66.86,66.93,135.0
2025-04-21 08:00:00,66.94,67.22,66.93,67.22,287.0
2025-04-21 09:00:00,67.21,67.27,67.04,67.1,442.0
2025-04-21 10:00:00,67.11,67.14,66.95,66.97,312.0
2025-04-21 11:00:00,66.99,67.12,66.59,66.66,696.0
2025-04-21 12:00:00,66.67,66.69,66.15,66.15,556.0
2025-04-21 13:00:00,66.16,66.52,66.15,66.46,431.0
2025-04-21 14:00:00,66.48,66.67,66.42,66.6,462.0
2025-04-21 15:00:00,66.57,66.68,66.45,66.54,443.0
2025-04-21 16:00:00,66.53,66.6,65.81,65.93,1467.0
2025-04-21 17:00:00,65.93,66.55,65.89,66.32,1516.0
2025-04-21 18:00:00,66.31,66.47,65.96,65.98,1252.0
2025-04-21 19:00:00,65.97,66.23,65.91,66.1,816.0
2025-04-21 20:00:00,66.09,66.39,66.04,66.38,669.0
2025-04-21 21:00:00,66.37,66.67,66.19,66.63,743.0
2025-04-21 22:00:00,66.63,66.84,66.62,66.81,354.0
2025-04-22 03:00:00,66.93,67.07,66.83,66.92,264.0
2025-04-22 04:00:00,66.9,67.17,66.88,66.91,606.0
2025-04-22 05:00:00,66.92,66.96,66.7,66.76,395.0
2025-04-22 06:00:00,66.77,66.79,66.66,66.7,285.0
2025-04-22 07:00:00,66.71,66.78,66.7,66.77,101.0
2025-04-22 08:00:00,66.76,66.88,66.68,66.7,266.0
2025-04-22 09:00:00,66.7,67.1,66.67,67.05,573.0
2025-04-22 10:00:00,67.06,67.31,66.97,67.29,626.0
2025-04-22 11:00:00,67.3,67.5,67.02,67.2,896.0
2025-04-22 12:00:00,67.21,67.47,67.2,67.43,482.0
2025-04-22 13:00:00,67.42,67.46,67.16,67.22,456.0
2025-04-22 14:00:00,67.2,67.41,67.09,67.18,482.0
2025-04-22 15:00:00,67.19,67.25,67.03,67.22,661.0
2025-04-22 16:00:00,67.23,67.26,66.79,66.94,1220.0
2025-04-22 17:00:00,66.93,67.27,66.92,67.12,1126.0
2025-04-22 18:00:00,67.11,68.02,67.04,68.01,1218.0
2025-04-22 19:00:00,68.0,68.16,67.95,68.09,872.0
2025-04-22 20:00:00,68.09,68.11,67.35,67.52,1482.0
2025-04-22 21:00:00,67.52,67.66,67.32,67.38,733.0
2025-04-22 22:00:00,67.37,67.44,67.32,67.41,326.0
2025-04-23 03:00:00,68.1,68.27,67.91,68.22,440.0
2025-04-23 04:00:00,68.21,68.22,67.89,67.93,676.0
2025-04-23 05:00:00,67.94,68.04,67.88,67.93,244.0
2025-04-23 06:00:00,67.94,68.11,67.79,68.09,203.0
2025-04-23 07:00:00,68.08,68.13,68.04,68.12,117.0
2025-04-23 08:00:00,68.13,68.29,68.1,68.25,225.0
2025-04-23 09:00:00,68.24,68.74,68.22,68.59,618.0
2025-04-23 10:00:00,68.58,68.69,68.46,68.49,544.0
2025-04-23 11:00:00,68.52,68.75,68.33,68.61,676.0
2025-04-23 12:00:00,68.63,68.69,68.17,68.42,524.0
2025-04-23 13:00:00,68.41,68.46,68.13,68.22,592.0
2025-04-23 14:00:00,68.21,68.21,67.52,67.52,767.0
2025-04-23 15:00:00,67.53,67.62,66.5,67.09,1586.0
2025-04-23 16:00:00,67.09,67.79,66.81,67.36,1916.0
2025-04-23 17:00:00,67.38,67.47,65.44,66.43,2638.0
2025-04-23 18:00:00,66.41,66.68,65.72,65.84,1875.0
2025-04-23 19:00:00,65.83,66.58,65.69,66.05,1328.0
2025-04-23 20:00:00,66.06,66.13,65.67,66.08,992.0
2025-04-23 21:00:00,66.07,66.36,66.07,66.16,977.0
2025-04-23 22:00:00,66.17,66.31,66.09,66.25,461.0
2025-04-24 03:00:00,66.24,66.35,66.03,66.25,271.0
2025-04-24 04:00:00,66.27,66.47,66.24,66.37,514.0
2025-04-24 05:00:00,66.39,66.41,66.17,66.19,327.0
2025-04-24 06:00:00,66.18,66.32,66.14,66.28,274.0
2025-04-24 07:00:00,66.27,66.29,66.21,66.27,125.0
2025-04-24 08:00:00,66.26,66.29,66.09,66.09,258.0
2025-04-24 09:00:00,66.09,66.7,66.09,66.67,598.0
2025-04-24 10:00:00,66.66,66.91,66.63,66.77,591.0
2025-04-24 11:00:00,66.79,66.87,66.43,66.51,759.0
2025-04-24 12:00:00,66.52,66.64,66.26,66.57,604.0
2025-04-24 13:00:00,66.59,66.95,66.55,66.9,572.0
2025-04-24 14:00:00,66.89,67.16,66.83,66.99,679.0
2025-04-24 15:00:00,67.0,67.13,66.7,66.8,846.0
2025-04-24 16:00:00,66.81,67.12,66.61,66.8,1530.0
2025-04-24 17:00:00,66.78,66.84,65.99,66.63,1762.0
2025-04-24 18:00:00,66.64,66.64,66.1,66.23,1500.0
2025-04-24 19:00:00,66.24,66.87,66.1,66.79,1053.0
2025-04-24 20:00:00,66.79,66.85,66.62,66.81,801.0
2025-04-24 21:00:00,66.8,66.8,66.55,66.56,543.0
2025-04-24 22:00:00,66.56,66.61,66.46,66.59,285.0
2025-04-25 03:00:00,66.7,66.98,66.68,66.9,221.0
2025-04-25 04:00:00,66.91,66.97,66.67,66.72,427.0
2025-04-25 05:00:00,66.73,66.89,66.72,66.87,293.0
2025-04-25 06:00:00,66.86,67.12,66.85,67.03,293.0
2025-04-25 07:00:00,67.02,67.22,67.01,67.18,179.0
2025-04-25 08:00:00,67.19,67.19,66.88,66.9,297.0
2025-04-25 09:00:00,66.89,67.1,66.71,67.09,545.0
2025-04-25 10:00:00,67.1,67.12,66.6,66.71,783.0
2025-04-25 11:00:00,66.72,66.84,66.44,66.62,711.0
2025-04-25 12:00:00,66.61,66.65,66.15,66.29,702.0
2025-04-25 13:00:00,66.27,66.7,65.67,65.7,1083.0
2025-04-25 14:00:00,65.71,65.93,65.66,65.85,863.0
2025-04-25 15:00:00,65.83,65.94,65.69,65.79,662.0
2025-04-25 16:00:00,65.81,66.42,65.72,66.29,1354.0
2025-04-25 17:00:00,66.29,66.51,66.14,66.27,1218.0
2025-04-25 18:00:00,66.28,66.76,66.25,66.75,1200.0
2025-04-25 19:00:00,66.75,66.87,66.66,66.81,678.0
2025-04-25 20:00:00,66.8,67.06,66.53,66.55,1038.0
2025-04-25 21:00:00,66.56,66.93,66.52,66.85,854.0
2025-04-25 22:00:00,66.86,67.11,66.85,66.99,360.0
2025-04-28 03:00:00,66.85,66.96,66.78,66.85,385.0
2025-04-28 04:00:00,66.87,67.08,66.63,66.65,713.0
2025-04-28 05:00:00,66.64,66.69,66.57,66.59,325.0
2025-04-28 06:00:00,66.6,66.98,66.58,66.85,354.0
2025-04-28 07:00:00,66.84,67.01,66.81,66.99,159.0
2025-04-28 08:00:00,67.0,67.14,66.95,67.13,438.0
2025-04-28 09:00:00,67.14,67.19,66.89,67.0,507.0
2025-04-28 10:00:00,66.99,66.99,66.77,66.83,460.0
2025-04-28 11:00:00,66.82,66.9,66.59,66.61,609.0
2025-04-28 12:00:00,66.62,66.66,66.46,66.47,502.0
2025-04-28 13:00:00,66.45,66.53,66.28,66.42,485.0
2025-04-28 14:00:00,66.45,66.64,66.32,66.57,500.0
2025-04-28 15:00:00,66.59,66.71,66.38,66.57,789.0
2025-04-28 16:00:00,66.56,66.76,66.0,66.02,1523.0
2025-04-28 17:00:00,66.03,66.14,65.68,65.74,1782.0
2025-04-28 18:00:00,65.75,65.85,65.28,65.4,1457.0
2025-04-28 19:00:00,65.41,65.51,65.2,65.27,826.0
2025-04-28 20:00:00,65.26,65.49,65.15,65.46,695.0
2025-04-28 21:00:00,65.45,65.75,65.42,65.61,604.0
2025-04-28 22:00:00,65.62,65.7,65.61,65.64,334.0
2025-04-29 03:00:00,65.58,65.61,65.41,65.48,258.0
2025-04-29 04:00:00,65.47,65.62,65.4,65.57,554.0
2025-04-29 05:00:00,65.56,65.71,65.3,65.31,443.0
2025-04-29 06:00:00,65.33,65.4,65.21,65.3,306.0
2025-04-29 07:00:00,65.31,65.31,65.14,65.17,166.0
2025-04-29 08:00:00,65.19,65.22,64.86,65.05,485.0
2025-04-29 09:00:00,65.06,65.2,64.94,65.04,477.0
2025-04-29 10:00:00,65.03,65.09,64.69,64.77,521.0
2025-04-29 11:00:00,64.78,65.22,64.5,64.51,963.0
2025-04-29 12:00:00,64.52,65.03,64.49,64.76,927.0
2025-04-29 13:00:00,64.75,64.87,64.43,64.6,660.0
2025-04-29 14:00:00,64.59,64.64,64.38,64.63,645.0
2025-04-29 15:00:00,64.62,64.8,64.3,64.42,901.0
2025-04-29 16:00:00,64.44,64.76,64.4,64.5,1611.0
2025-04-29 17:00:00,64.5,64.57,64.06,64.36,1478.0
2025-04-29 18:00:00,64.39,64.67,64.22,64.26,1222.0
2025-04-29 19:00:00,64.29,64.39,63.96,64.01,1006.0
2025-04-29 20:00:00,64.02,64.38,64.01,64.34,793.0
2025-04-29 21:00:00,64.33,64.34,63.98,64.07,885.0
2025-04-29 22:00:00,64.08,64.16,63.98,64.01,304.0
2025-04-30 03:00:00,64.02,64.05,63.91,63.96,180.0
2025-04-30 04:00:00,63.95,64.17,63.92,63.97,518.0
2025-04-30 05:00:00,63.98,64.15,63.59,63.63,450.0
2025-04-30 06:00:00,63.62,63.68,63.41,63.46,373.0
2025-04-30 07:00:00,63.47,63.5,63.31,63.4,238.0
2025-04-30 08:00:00,63.41,63.55,63.29,63.37,448.0
2025-04-30 09:00:00,63.36,63.52,63.3,63.46,597.0
2025-04-30 10:00:00,63.47,63.47,63.06,63.18,587.0
2025-04-30 11:00:00,63.21,63.24,62.94,63.14,663.0
2025-04-30 12:00:00,63.15,63.79,63.14,63.78,855.0
2025-04-30 13:00:00,63.77,63.79,63.5,63.67,572.0
2025-04-30 14:00:00,63.66,63.75,63.55,63.67,556.0
2025-04-30 15:00:00,63.66,63.83,63.16,63.26,949.0
2025-04-30 16:00:00,63.22,63.61,62.83,62.86,1601.0
2025-04-30 17:00:00,62.85,63.51,62.78,63.11,1893.0
2025-04-30 18:00:00,63.1,63.67,61.61,61.74,2270.0
2025-04-30 19:00:00,61.76,62.37,61.57,61.67,1776.0
2025-04-30 20:00:00,61.66,62.17,61.65,61.91,1045.0
2025-04-30 21:00:00,61.94,62.68,61.75,61.85,1495.0
2025-04-30 22:00:00,61.86,61.86,61.73,61.82,500.0
2025-05-01 03:00:00,62.02,62.11,61.89,61.94,361.0
2025-05-01 04:00:00,61.92,61.95,61.82,61.94,302.0
2025-05-01 05:00:00,61.93,61.97,61.86,61.95,221.0
2025-05-01 06:00:00,61.96,62.01,61.69,61.74,269.0
2025-05-01 07:00:00,61.75,61.87,61.74,61.81,212.0
2025-05-01 08:00:00,61.82,61.96,61.8,61.87,318.0
2025-05-01 09:00:00,61.86,61.9,61.42,61.52,384.0
2025-05-01 10:00:00,61.53,61.55,61.16,61.21,589.0
2025-05-01 11:00:00,61.2,61.4,60.68,60.9,829.0
2025-05-01 12:00:00,60.92,60.95,60.34,60.36,651.0
2025-05-01 13:00:00,60.37,60.41,60.07,60.23,752.0
2025-05-01 14:00:00,60.24,60.83,60.18,60.76,979.0
2025-05-01 15:00:00,60.75,61.45,60.61,61.3,1097.0
2025-05-01 16:00:00,61.26,62.55,61.15,62.11,2178.0
2025-05-01 17:00:00,62.12,62.59,62.08,62.11,1733.0
2025-05-01 18:00:00,62.12,62.36,61.74,61.76,1542.0
2025-05-01 19:00:00,61.78,62.04,61.38,61.89,1457.0
2025-05-01 20:00:00,61.91,62.35,61.86,62.14,991.0
2025-05-01 21:00:00,62.15,63.17,62.12,62.75,1513.0
2025-05-01 22:00:00,62.76,62.89,62.68,62.71,618.0
2025-05-02 03:00:00,62.64,63.14,62.64,63.13,459.0
2025-05-02 04:00:00,63.14,63.39,63.12,63.35,417.0
2025-05-02 05:00:00,63.34,63.49,63.27,63.44,276.0
2025-05-02 06:00:00,63.43,63.43,63.27,63.37,228.0
2025-05-02 07:00:00,63.35,63.38,63.22,63.33,234.0
2025-05-02 08:00:00,63.35,63.35,63.15,63.17,306.0
2025-05-02 09:00:00,63.16,63.35,62.96,63.0,429.0
2025-05-02 10:00:00,63.01,63.17,62.84,62.84,681.0
2025-05-02 11:00:00,62.89,63.12,62.51,62.53,961.0
2025-05-02 12:00:00,62.52,62.69,62.38,62.56,697.0
2025-05-02 13:00:00,62.55,62.71,62.45,62.63,581.0
2025-05-02 14:00:00,62.62,62.86,62.2,62.35,669.0
2025-05-02 15:00:00,62.34,62.88,62.19,62.86,1073.0
2025-05-02 16:00:00,62.83,62.97,61.85,62.01,1700.0
2025-05-02 17:00:00,62.0,62.4,61.43,62.06,2105.0
2025-05-02 18:00:00,62.07,62.39,61.79,62.2,1344.0
2025-05-02 19:00:00,62.21,62.71,61.62,61.76,1273.0
2025-05-02 20:00:00,61.75,62.12,61.57,61.95,1006.0
2025-05-02 21:00:00,61.94,62.24,61.89,61.91,831.0
2025-05-02 22:00:00,61.91,62.33,61.86,62.31,442.0
2025-05-05 03:00:00,59.64,60.01,59.5,59.77,458.0
2025-05-05 04:00:00,59.78,60.1,59.65,59.88,586.0
2025-05-05 05:00:00,59.89,59.99,59.75,59.78,383.0
2025-05-05 06:00:00,59.76,59.84,59.64,59.77,391.0
2025-05-05 07:00:00,59.78,59.79,59.65,59.71,255.0
2025-05-05 08:00:00,59.72,60.14,59.72,60.08,411.0
2025-05-05 09:00:00,60.09,60.44,60.09,60.33,490.0
2025-05-05 10:00:00,60.32,60.84,60.22,60.61,896.0
2025-05-05 11:00:00,60.63,60.91,60.53,60.72,1072.0
2025-05-05 12:00:00,60.71,61.21,60.6,61.2,878.0
2025-05-05 13:00:00,61.21,61.29,61.06,61.14,542.0
2025-05-05 14:00:00,61.13,61.45,61.08,61.1,636.0
2025-05-05 15:00:00,61.09,61.24,60.72,61.03,838.0
2025-05-05 16:00:00,61.04,61.34,60.97,61.18,1345.0
2025-05-05 17:00:00,61.19,61.21,60.39,60.49,1472.0
2025-05-05 18:00:00,60.5,60.64,60.23,60.64,1117.0
2025-05-05 19:00:00,60.63,61.06,60.63,60.86,1065.0
2025-05-05 20:00:00,60.85,61.05,60.75,61.0,780.0
2025-05-05 21:00:00,60.99,61.07,60.86,60.95,691.0
2025-05-05 22:00:00,60.94,61.0,60.77,60.8,284.0
2025-05-06 03:00:00,60.92,61.11,60.81,61.11,223.0
2025-05-06 04:00:00,61.1,61.86,61.1,61.79,1512.0
2025-05-06 05:00:00,61.78,61.89,61.53,61.79,794.0
2025-05-06 06:00:00,61.78,61.89,61.75,61.82,379.0
2025-05-06 07:00:00,61.81,61.9,61.79,61.87,163.0
2025-05-06 08:00:00,61.86,61.89,61.73,61.73,363.0
2025-05-06 09:00:00,61.74,62.09,61.74,62.04,516.0
2025-05-06 10:00:00,62.06,62.3,62.0,62.16,662.0
2025-05-06 11:00:00,62.17,62.43,61.94,62.39,971.0
2025-05-06 12:00:00,62.4,62.66,62.32,62.59,849.0
2025-05-06 13:00:00,62.55,62.64,62.01,62.02,720.0
2025-05-06 14:00:00,62.05,62.25,62.04,62.22,587.0
2025-05-06 15:00:00,62.23,62.49,62.14,62.41,745.0
2025-05-06 16:00:00,62.42,63.11,62.32,63.04,1491.0
2025-05-06 17:00:00,63.03,63.36,62.89,63.01,1076.0
2025-05-06 18:00:00,63.0,63.35,62.97,63.27,989.0
2025-05-06 19:00:00,63.26,63.45,62.77,62.78,1228.0
2025-05-06 20:00:00,62.79,63.06,62.75,63.06,768.0
2025-05-06 21:00:00,63.05,63.13,62.69,62.74,633.0
2025-05-06 22:00:00,62.74,62.83,62.66,62.8,237.0
2025-05-07 03:00:00,63.28,63.37,63.14,63.36,392.0
2025-05-07 04:00:00,63.35,63.37,63.05,63.16,737.0
2025-05-07 05:00:00,63.15,63.23,63.07,63.22,479.0
2025-05-07 06:00:00,63.21,63.25,63.12,63.23,306.0
2025-05-07 07:00:00,63.22,63.36,63.21,63.36,165.0
2025-05-07 08:00:00,63.35,63.41,63.24,63.32,246.0
2025-05-07 09:00:00,63.31,63.57,63.25,63.53,409.0
2025-05-07 10:00:00,63.5,63.79,63.5,63.65,533.0
2025-05-07 11:00:00,63.66,63.85,63.36,63.36,736.0
2025-05-07 12:00:00,63.35,63.4,62.95,63.06,651.0
2025-05-07 13:00:00,63.07,63.23,62.9,63.17,542.0
2025-05-07 14:00:00,63.18,63.36,63.13,63.32,581.0
2025-05-07 15:00:00,63.33,63.34,62.71,62.86,731.0
2025-05-07 16:00:00,62.85,62.85,62.34,62.58,1295.0
2025-05-07 17:00:00,62.57,62.68,62.19,62.37,1276.0
2025-05-07 18:00:00,62.36,62.7,61.97,62.08,1304.0
2025-05-07 19:00:00,62.08,62.17,61.91,62.08,693.0
2025-05-07 20:00:00,62.09,62.14,61.72,61.84,617.0
2025-05-07 21:00:00,61.81,61.92,61.48,61.83,931.0
2025-05-07 22:00:00,61.84,61.84,61.52,61.72,590.0
2025-05-08 03:00:00,61.73,61.78,61.6,61.77,275.0
2025-05-08 04:00:00,61.75,62.08,61.74,62.05,593.0
2025-05-08 05:00:00,62.06,62.09,61.92,62.06,305.0
2025-05-08 06:00:00,62.07,62.2,62.04,62.18,185.0
2025-05-08 07:00:00,62.17,62.24,62.04,62.11,168.0
2025-05-08 08:00:00,62.1,62.26,62.03,62.23,355.0
2025-05-08 09:00:00,62.22,62.24,61.74,61.91,753.0
2025-05-08 10:00:00,61.92,62.09,61.81,61.99,551.0
2025-05-08 11:00:00,62.07,62.34,61.92,62.33,835.0
2025-05-08 12:00:00,62.34,62.47,62.2,62.37,627.0
2025-05-08 13:00:00,62.38,62.74,62.27,62.65,534.0
2025-05-08 14:00:00,62.62,62.76,62.53,62.69,482.0
2025-05-08 15:00:00,62.68,62.79,62.32,62.42,735.0
2025-05-08 16:00:00,62.41,63.05,62.34,63.0,1244.0
2025-05-08 17:00:00,63.01,63.36,62.92,63.09,1341.0
2025-05-08 18:00:00,63.08,63.56,63.0,63.49,1409.0
2025-05-08 19:00:00,63.49,63.55,63.17,63.52,675.0
2025-05-08 20:00:00,63.51,63.51,63.37,63.49,520.0
2025-05-08 21:00:00,63.48,63.6,63.4,63.49,526.0
2025-05-08 22:00:00,63.49,63.59,63.44,63.55,292.0
2025-05-09 03:00:00,63.65,63.65,63.47,63.5,266.0
2025-05-09 04:00:00,63.49,63.69,63.47,63.5,503.0
2025-05-09 05:00:00,63.49,63.75,63.43,63.65,348.0
2025-05-09 06:00:00,63.64,63.7,63.56,63.62,271.0
2025-05-09 07:00:00,63.61,63.79,63.6,63.76,361.0
2025-05-09 08:00:00,63.73,63.83,63.71,63.74,303.0
2025-05-09 09:00:00,63.75,63.96,63.73,63.83,424.0
2025-05-09 10:00:00,63.82,64.23,63.72,64.12,575.0
2025-05-09 11:00:00,64.17,64.34,64.08,64.33,509.0
2025-05-09 12:00:00,64.34,64.56,64.22,64.54,354.0
2025-05-09 13:00:00,64.55,64.67,64.5,64.61,380.0
2025-05-09 14:00:00,64.6,64.84,64.42,64.7,757.0
2025-05-09 15:00:00,64.71,64.75,64.37,64.37,575.0
2025-05-09 16:00:00,64.37,64.4,63.79,63.96,1345.0
2025-05-09 17:00:00,63.97,64.24,63.75,64.14,1098.0
2025-05-09 18:00:00,64.14,64.36,64.04,64.21,817.0
2025-05-09 19:00:00,64.22,64.42,64.04,64.38,621.0
2025-05-09 20:00:00,64.37,64.55,64.34,64.41,557.0
2025-05-09 21:00:00,64.39,64.6,64.38,64.51,500.0
2025-05-09 22:00:00,64.52,64.59,64.4,64.47,182.0
2025-05-12 03:00:00,64.68,64.7,64.42,64.49,325.0
2025-05-12 04:00:00,64.52,64.66,64.39,64.45,746.0
2025-05-12 05:00:00,64.46,64.74,64.46,64.71,314.0
2025-05-12 06:00:00,64.72,64.8,64.67,64.75,205.0
2025-05-12 07:00:00,64.74,64.84,64.7,64.84,127.0
2025-05-12 08:00:00,64.84,65.24,64.78,65.24,394.0
2025-05-12 09:00:00,65.22,65.45,65.16,65.34,551.0
2025-05-12 10:00:00,65.33,66.82,65.33,66.12,1897.0
2025-05-12 11:00:00,66.13,66.22,65.63,66.06,1093.0
2025-05-12 12:00:00,66.05,66.49,66.05,66.28,683.0
2025-05-12 13:00:00,66.27,66.62,66.11,66.61,424.0
2025-05-12 14:00:00,66.6,66.9,66.57,66.79,699.0
2025-05-12 15:00:00,66.77,66.89,66.61,66.73,635.0
2025-05-12 16:00:00,66.74,66.76,66.19,66.23,1164.0
2025-05-12 17:00:00,66.24,66.55,65.83,65.83,1219.0
2025-05-12 18:00:00,65.86,66.04,65.61,65.66,992.0
2025-05-12 19:00:00,65.65,65.81,65.52,65.74,607.0
2025-05-12 20:00:00,65.71,65.74,65.6,65.62,453.0
2025-05-12 21:00:00,65.63,65.63,65.29,65.47,585.0
2025-05-12 22:00:00,65.46,65.47,65.19,65.32,251.0
2025-05-13 03:00:00,65.36,65.38,65.15,65.19,194.0
2025-05-13 04:00:00,65.21,65.42,65.15,65.17,470.0
2025-05-13 05:00:00,65.18,65.24,65.16,65.2,309.0
2025-05-13 06:00:00,65.21,65.32,65.11,65.24,199.0
2025-05-13 07:00:00,65.21,65.35,65.19,65.3,148.0
2025-05-13 08:00:00,65.31,65.42,65.28,65.38,331.0
2025-05-13 09:00:00,65.37,65.57,65.18,65.43,530.0
2025-05-13 10:00:00,65.41,65.6,65.38,65.42,463.0
2025-05-13 11:00:00,65.43,65.82,65.22,65.72,815.0
2025-05-13 12:00:00,65.71,65.81,65.54,65.79,492.0
2025-05-13 13:00:00,65.8,66.01,65.76,65.95,427.0
2025-05-13 14:00:00,65.94,66.17,65.81,66.13,390.0
2025-05-13 15:00:00,66.12,66.3,66.04,66.28,696.0
2025-05-13 16:00:00,66.29,66.29,65.94,66.14,966.0
2025-05-13 17:00:00,66.16,66.81,66.07,66.39,1080.0
2025-05-13 18:00:00,66.37,67.07,66.33,67.07,799.0
2025-05-13 19:00:00,67.06,67.31,67.01,67.28,777.0
2025-05-13 20:00:00,67.26,67.31,67.13,67.19,498.0
2025-05-13 21:00:00,67.17,67.21,67.05,67.13,488.0
2025-05-13 22:00:00,67.12,67.17,67.03,67.04,215.0
2025-05-14 03:00:00,67.04,67.04,66.85,66.86,177.0
2025-05-14 04:00:00,66.87,66.91,66.73,66.8,438.0
2025-05-14 05:00:00,66.81,66.85,66.6,66.73,342.0
2025-05-14 06:00:00,66.72,66.76,66.61,66.72,189.0
2025-05-14 07:00:00,66.74,66.8,66.69,66.7,126.0
2025-05-14 08:00:00,66.69,66.9,66.64,66.76,302.0
2025-05-14 09:00:00,66.77,66.9,66.69,66.76,420.0
2025-05-14 10:00:00,66.79,67.06,66.75,66.93,545.0
2025-05-14 11:00:00,66.95,66.97,66.62,66.8,646.0
2025-05-14 12:00:00,66.79,66.91,66.24,66.34,616.0
2025-05-14 13:00:00,66.33,66.44,66.19,66.34,383.0
2025-05-14 14:00:00,66.35,66.5,66.24,66.44,386.0
2025-05-14 15:00:00,66.44,66.52,66.27,66.47,550.0
2025-05-14 16:00:00,66.5,66.96,66.5,66.86,934.0
2025-05-14 17:00:00,66.87,66.97,66.44,66.83,1106.0
2025-05-14 18:00:00,66.84,66.84,66.39,66.55,916.0
2025-05-14 19:00:00,66.56,66.89,66.54,66.8,579.0
2025-05-14 20:00:00,66.79,66.89,66.67,66.78,486.0
2025-05-14 21:00:00,66.77,66.78,66.32,66.34,496.0
2025-05-14 22:00:00,66.33,66.38,66.2,66.2,177.0
2025-05-15 03:00:00,65.72,65.76,65.49,65.53,360.0
2025-05-15 04:00:00,65.54,65.74,65.15,65.28,836.0
2025-05-15 05:00:00,65.29,65.33,64.96,64.99,379.0
2025-05-15 06:00:00,64.98,65.33,64.76,65.1,515.0
2025-05-15 07:00:00,65.11,65.14,64.97,65.05,173.0
2025-05-15 08:00:00,65.04,65.04,64.71,64.72,388.0
2025-05-15 09:00:00,64.74,65.11,64.29,64.4,962.0
2025-05-15 10:00:00,64.46,64.65,64.1,64.61,1103.0
2025-05-15 11:00:00,64.62,64.78,63.95,64.04,1037.0
2025-05-15 12:00:00,64.05,64.23,63.86,63.92,817.0
2025-05-15 13:00:00,63.93,64.44,63.92,64.41,533.0
2025-05-15 14:00:00,64.4,64.58,64.23,64.56,492.0
2025-05-15 15:00:00,64.54,64.77,64.39,64.74,824.0
2025-05-15 16:00:00,64.76,65.3,64.5,65.11,1698.0
2025-05-15 17:00:00,65.11,65.22,64.56,64.67,1245.0
2025-05-15 18:00:00,64.66,65.05,64.49,64.94,1135.0
2025-05-15 19:00:00,64.93,65.15,64.89,64.97,688.0
2025-05-15 20:00:00,64.98,65.08,64.86,65.02,555.0
2025-05-15 21:00:00,65.01,65.1,64.85,65.02,562.0
2025-05-15 22:00:00,65.03,65.17,65.02,65.14,298.0
2025-05-16 03:00:00,65.1,65.13,64.89,64.89,198.0
2025-05-16 04:00:00,64.9,65.05,64.84,65.0,507.0
2025-05-16 05:00:00,64.99,65.11,64.92,64.98,302.0
2025-05-16 06:00:00,64.99,65.08,64.85,65.03,279.0
2025-05-16 07:00:00,65.02,65.63,65.01,65.26,292.0
2025-05-16 08:00:00,65.25,65.26,64.9,64.94,473.0
2025-05-16 09:00:00,64.95,64.95,64.57,64.71,541.0
2025-05-16 10:00:00,64.7,65.02,64.7,65.01,612.0
2025-05-16 11:00:00,65.04,65.07,64.6,64.7,905.0
2025-05-16 12:00:00,64.69,65.07,64.62,64.92,637.0
2025-05-16 13:00:00,64.91,65.3,64.81,65.29,468.0
2025-05-16 14:00:00,65.28,65.32,65.05,65.11,426.0
2025-05-16 15:00:00,65.12,65.37,64.95,65.32,717.0
2025-05-16 16:00:00,65.31,65.44,65.12,65.2,890.0
2025-05-16 17:00:00,65.16,65.41,64.97,65.36,837.0
2025-05-16 18:00:00,65.37,65.85,65.36,65.82,870.0
2025-05-16 19:00:00,65.8,65.95,65.7,65.79,632.0
2025-05-16 20:00:00,65.78,65.94,65.65,65.9,501.0
2025-05-16 21:00:00,65.89,65.95,65.74,65.86,461.0
2025-05-16 22:00:00,65.84,65.86,65.65,65.66,202.0
2025-05-19 03:00:00,65.81,65.81,65.67,65.71,312.0
2025-05-19 04:00:00,65.73,65.79,65.48,65.51,610.0
2025-05-19 05:00:00,65.5,65.67,65.47,65.55,444.0
2025-05-19 06:00:00,65.56,65.58,65.41,65.45,305.0
2025-05-19 07:00:00,65.44,65.53,65.35,65.38,187.0
2025-05-19 08:00:00,65.39,65.44,65.34,65.37,277.0
2025-05-19 09:00:00,65.38,65.38,65.13,65.19,414.0
2025-05-19 10:00:00,65.18,65.45,65.09,65.38,649.0
2025-05-19 11:00:00,65.37,65.45,65.17,65.3,658.0
2025-05-19 12:00:00,65.31,65.51,65.13,65.14,507.0
2025-05-19 13:00:00,65.15,65.16,64.75,64.85,452.0
2025-05-19 14:00:00,64.86,65.2,64.84,65.14,360.0
2025-05-19 15:00:00,65.15,65.62,65.13,65.59,595.0
2025-05-19 16:00:00,65.58,65.7,65.24,65.45,1086.0
2025-05-19 17:00:00,65.4,65.79,65.38,65.49,945.0
2025-05-19 18:00:00,65.5,66.19,65.47,66.17,859.0
2025-05-19 19:00:00,66.19,66.33,65.72,65.86,924.0
2025-05-19 20:00:00,65.85,65.89,65.27,65.4,915.0
2025-05-19 21:00:00,65.41,65.95,65.37,65.58,717.0
2025-05-19 22:00:00,65.58,65.85,65.52,65.84,276.0
2025-05-20 03:00:00,65.85,66.01,65.84,65.84,212.0
2025-05-20 04:00:00,65.82,65.88,65.69,65.84,473.0
2025-05-20 05:00:00,65.85,65.91,65.68,65.78,321.0
2025-05-20 06:00:00,65.76,65.86,65.73,65.81,267.0
2025-05-20 07:00:00,65.8,65.81,65.58,65.59,194.0
2025-05-20 08:00:00,65.6,65.69,65.55,65.59,283.0
2025-05-20 09:00:00,65.58,65.87,65.51,65.86,442.0
2025-05-20 10:00:00,65.84,65.87,65.29,65.32,568.0
2025-05-20 11:00:00,65.34,66.28,65.32,65.73,1094.0
2025-05-20 12:00:00,65.76,65.87,65.52,65.67,627.0
2025-05-20 13:00:00,65.68,65.78,65.6,65.67,468.0
2025-05-20 14:00:00,65.65,65.78,65.42,65.47,451.0
2025-05-20 15:00:00,65.48,65.67,65.48,65.65,540.0
2025-05-20 16:00:00,65.67,65.94,65.22,65.35,1053.0
2025-05-20 17:00:00,65.36,65.57,65.27,65.41,935.0
2025-05-20 18:00:00,65.4,65.52,65.17,65.34,842.0
2025-05-20 19:00:00,65.33,65.99,65.25,65.91,695.0
2025-05-20 20:00:00,65.92,66.03,65.65,65.7,570.0
2025-05-20 21:00:00,65.69,65.86,65.57,65.86,594.0
2025-05-20 22:00:00,65.85,65.97,65.84,65.95,268.0
2025-05-21 03:00:00,66.51,66.7,66.41,66.54,695.0
2025-05-21 04:00:00,66.53,66.86,66.36,66.69,681.0
2025-05-21 05:00:00,66.68,66.83,66.53,66.65,371.0
2025-05-21 06:00:00,66.64,66.69,66.56,66.62,285.0
2025-05-21 07:00:00,66.61,66.89,66.6,66.71,264.0
2025-05-21 08:00:00,66.73,66.77,66.56,66.59,394.0
2025-05-21 09:00:00,66.6,66.6,66.25,66.41,459.0
2025-05-21 10:00:00,66.4,66.55,66.21,66.51,594.0
2025-05-21 11:00:00,66.52,66.62,66.39,66.42,812.0
2025-05-21 12:00:00,66.41,66.72,66.31,66.42,558.0
2025-05-21 13:00:00,66.42,66.5,66.1,66.14,486.0
2025-05-21 14:00:00,66.13,66.22,66.03,66.16,483.0
2025-05-21 15:00:00,66.17,66.56,66.15,66.4,624.0
2025-05-21 16:00:00,66.42,66.42,65.98,66.07,885.0
2025-05-21 17:00:00,66.08,66.17,65.51,65.53,1301.0
2025-05-21 18:00:00,65.52,65.69,65.22,65.35,1095.0
2025-05-21 19:00:00,65.34,65.54,64.93,65.52,940.0
2025-05-21 20:00:00,65.51,65.66,65.01,65.22,1017.0
2025-05-21 21:00:00,65.23,65.23,65.03,65.13,792.0
2025-05-21 22:00:00,65.13,65.15,64.88,64.89,361.0
2025-05-22 03:00:00,64.92,64.94,64.74,64.81,296.0
2025-05-22 04:00:00,64.8,64.94,64.69,64.93,570.0
2025-05-22 05:00:00,64.94,65.1,64.93,65.07,351.0
2025-05-22 06:00:00,65.09,65.17,65.03,65.07,262.0
2025-05-22 07:00:00,65.06,65.19,65.06,65.16,107.0
2025-05-22 08:00:00,65.17,65.25,65.15,65.25,248.0
2025-05-22 09:00:00,65.24,65.26,63.98,64.09,1094.0
2025-05-22 10:00:00,64.1,64.51,63.9,64.49,1068.0
2025-05-22 11:00:00,64.5,64.67,64.34,64.34,859.0
2025-05-22 12:00:00,64.35,64.46,64.12,64.19,779.0
2025-05-22 13:00:00,64.18,64.25,63.81,63.81,743.0
2025-05-22 14:00:00,63.8,64.19,63.76,63.98,656.0
2025-05-22 15:00:00,63.99,64.26,63.99,64.04,792.0
2025-05-22 16:00:00,64.06,64.45,64.02,64.1,1361.0
2025-05-22 17:00:00,64.11,64.64,63.96,64.38,1370.0
2025-05-22 18:00:00,64.39,64.64,64.1,64.13,1058.0
2025-05-22 19:00:00,64.16,64.67,64.14,64.63,628.0
2025-05-22 20:00:00,64.6,64.69,64.37,64.61,576.0
2025-05-22 21:00:00,64.62,64.74,64.5,64.68,511.0
2025-05-22 22:00:00,64.7,64.77,64.37,64.39,260.0
2025-05-23 03:00:00,64.22,64.37,64.19,64.35,240.0
2025-05-23 04:00:00,64.34,64.42,64.23,64.26,322.0
2025-05-23 05:00:00,64.27,64.3,64.11,64.16,297.0
2025-05-23 06:00:00,64.17,64.32,64.17,64.23,205.0
2025-05-23 07:00:00,64.21,64.35,64.19,64.21,141.0
2025-05-23 08:00:00,64.22,64.4,64.17,64.28,303.0
2025-05-23 09:00:00,64.27,64.32,64.08,64.09,448.0
2025-05-23 10:00:00,64.1,64.29,64.03,64.22,663.0
2025-05-23 11:00:00,64.24,64.31,64.09,64.17,832.0
2025-05-23 12:00:00,64.16,64.63,64.14,64.61,651.0
2025-05-23 13:00:00,64.62,64.77,64.54,64.76,424.0
2025-05-23 14:00:00,64.77,64.85,63.7,63.91,1093.0
2025-05-23 15:00:00,63.94,64.17,63.51,63.87,1539.0
2025-05-23 16:00:00,63.86,64.61,63.69,64.54,1745.0
2025-05-23 17:00:00,64.54,65.22,64.54,64.83,1406.0
2025-05-23 18:00:00,64.82,65.18,64.7,65.02,1184.0
2025-05-23 19:00:00,65.01,65.11,64.73,64.84,861.0
2025-05-23 20:00:00,64.84,65.16,64.78,64.99,682.0
2025-05-23 21:00:00,64.99,65.16,64.86,65.14,642.0
2025-05-23 22:00:00,65.14,65.21,65.03,65.05,217.0
2025-05-26 03:00:00,65.29,65.41,65.14,65.14,362.0
2025-05-26 04:00:00,65.13,65.22,64.94,65.09,618.0
2025-05-26 05:00:00,65.08,65.13,64.89,64.91,417.0
2025-05-26 06:00:00,64.9,65.14,64.9,65.07,250.0
2025-05-26 07:00:00,65.08,65.18,65.07,65.15,84.0
2025-05-26 08:00:00,65.14,65.2,65.08,65.13,333.0
2025-05-26 09:00:00,65.11,65.14,65.01,65.11,409.0
2025-05-26 10:00:00,65.1,65.22,64.94,65.19,469.0
2025-05-26 11:00:00,65.2,65.39,65.11,65.2,505.0
2025-05-26 12:00:00,65.24,65.3,64.9,64.95,373.0
2025-05-26 13:00:00,64.94,64.98,64.66,64.67,334.0
2025-05-26 14:00:00,64.68,64.82,64.67,64.8,260.0
2025-05-26 15:00:00,64.79,64.97,64.77,64.85,338.0
2025-05-26 16:00:00,64.86,64.9,64.62,64.63,485.0
2025-05-26 17:00:00,64.64,64.76,64.61,64.68,429.0
2025-05-26 18:00:00,64.7,65.02,64.7,64.98,507.0
2025-05-26 19:00:00,64.99,64.99,64.8,64.84,275.0
2025-05-26 20:00:00,64.84,64.9,64.8,64.89,97.0
2025-05-27 03:00:00,64.79,65.03,64.68,65.02,238.0
2025-05-27 04:00:00,65.0,65.05,64.62,64.68,451.0
2025-05-27 05:00:00,64.67,64.71,64.54,64.68,323.0
2025-05-27 06:00:00,64.69,64.7,64.58,64.66,229.0
2025-05-27 07:00:00,64.65,64.68,64.57,64.57,87.0
2025-05-27 08:00:00,64.58,64.7,64.41,64.64,470.0
2025-05-27 09:00:00,64.63,65.04,64.63,64.88,564.0
2025-05-27 10:00:00,64.85,64.87,64.54,64.57,578.0
2025-05-27 11:00:00,64.58,64.93,64.58,64.91,711.0
2025-05-27 12:00:00,64.9,65.18,64.89,64.94,513.0
2025-05-27 13:00:00,64.95,65.02,64.7,64.7,398.0
2025-05-27 14:00:00,64.71,64.8,64.49,64.51,420.0
2025-05-27 15:00:00,64.5,64.86,64.33,64.59,976.0
2025-05-27 16:00:00,64.57,64.67,64.08,64.38,1329.0
2025-05-27 17:00:00,64.38,64.43,63.8,63.87,1166.0
2025-05-27 18:00:00,63.9,64.01,63.64,63.8,967.0
2025-05-27 19:00:00,63.82,64.21,63.81,64.1,604.0
2025-05-27 20:00:00,64.09,64.13,63.93,64.09,601.0
2025-05-27 21:00:00,64.1,64.33,64.09,64.28,555.0
2025-05-27 22:00:00,64.29,64.36,64.28,64.36,203.0
2025-05-28 03:00:00,64.55,64.74,64.55,64.67,187.0
2025-05-28 04:00:00,64.65,64.74,64.48,64.52,398.0
2025-05-28 05:00:00,64.5,64.66,64.48,64.64,228.0
2025-05-28 06:00:00,64.63,64.66,64.47,64.5,183.0
2025-05-28 07:00:00,64.51,64.6,64.49,64.52,151.0
2025-05-28 08:00:00,64.54,64.61,64.45,64.47,248.0
2025-05-28 09:00:00,64.48,64.48,64.17,64.26,425.0
2025-05-28 10:00:00,64.27,64.69,64.27,64.65,445.0
2025-05-28 11:00:00,64.67,64.68,64.24,64.34,628.0
2025-05-28 12:00:00,64.31,64.74,64.28,64.63,392.0
2025-05-28 13:00:00,64.64,64.9,64.6,64.81,364.0
2025-05-28 14:00:00,64.8,64.86,64.66,64.73,361.0
2025-05-28 15:00:00,64.74,65.06,64.73,65.04,455.0
2025-05-28 16:00:00,65.03,65.3,64.98,65.03,1013.0
2025-05-28 17:00:00,65.04,65.16,64.84,64.91,803.0
2025-05-28 18:00:00,64.92,65.72,64.89,65.5,1087.0
2025-05-28 19:00:00,65.52,65.54,65.1,65.3,925.0
2025-05-28 20:00:00,65.31,65.34,64.98,65.1,511.0
2025-05-28 21:00:00,65.11,65.23,64.67,64.72,494.0
2025-05-28 22:00:00,64.72,64.73,64.64,64.71,220.0
2025-05-29 03:00:00,65.35,65.64,65.28,65.64,523.0
2025-05-29 04:00:00,65.63,65.81,65.51,65.76,700.0
2025-05-29 05:00:00,65.75,65.79,65.67,65.76,342.0
2025-05-29 06:00:00,65.77,65.8,65.66,65.73,245.0
2025-05-29 07:00:00,65.74,65.85,65.67,65.85,146.0
2025-05-29 08:00:00,65.84,66.02,65.82,66.01,270.0
2025-05-29 09:00:00,66.0,66.09,65.84,66.03,337.0
2025-05-29 10:00:00,66.02,66.14,65.9,66.09,517.0
2025-05-29 11:00:00,66.11,66.12,65.56,65.64,662.0
2025-05-29 12:00:00,65.65,65.85,65.6,65.83,438.0
2025-05-29 13:00:00,65.82,65.84,64.98,65.06,460.0
2025-05-29 14:00:00,65.07,65.29,65.05,65.12,480.0
2025-05-29 15:00:00,65.11,65.17,64.59,64.68,844.0
2025-05-29 16:00:00,64.69,64.79,64.1,64.14,1115.0
2025-05-29 17:00:00,64.13,64.29,63.77,64.19,1218.0
2025-05-29 18:00:00,64.19,64.28,63.95,64.13,1056.0
2025-05-29 19:00:00,64.21,64.28,63.98,63.99,842.0
2025-05-29 20:00:00,64.0,64.1,63.88,63.88,535.0
2025-05-29 21:00:00,63.9,64.05,63.88,63.99,432.0
2025-05-29 22:00:00,64.0,64.05,63.96,63.99,246.0
2025-05-30 03:00:00,63.93,64.01,63.75,63.83,216.0
2025-05-30 04:00:00,63.82,63.83,63.55,63.78,519.0
2025-05-30 05:00:00,63.77,63.79,63.6,63.72,385.0
2025-05-30 06:00:00,63.7,63.72,63.6,63.68,242.0
2025-05-30 07:00:00,63.67,63.74,63.64,63.74,125.0
2025-05-30 08:00:00,63.73,63.84,63.73,63.79,227.0
2025-05-30 09:00:00,63.78,63.79,63.59,63.7,440.0
2025-05-30 10:00:00,63.69,64.15,63.61,64.05,625.0
2025-05-30 11:00:00,64.07,64.31,64.02,64.29,673.0
2025-05-30 12:00:00,64.28,64.41,64.25,64.3,411.0
2025-05-30 13:00:00,64.31,64.52,64.31,64.51,248.0
2025-05-30 14:00:00,64.52,64.71,63.76,63.95,495.0
2025-05-30 15:00:00,63.93,64.0,62.97,63.2,1775.0
2025-05-30 16:00:00,63.17,63.81,63.05,63.14,1663.0
2025-05-30 17:00:00,63.15,63.54,63.06,63.37,1337.0
2025-05-30 18:00:00,63.39,63.59,62.95,63.04,1033.0
2025-05-30 19:00:00,63.05,63.21,62.71,63.03,1006.0
2025-05-30 20:00:00,63.02,63.5,63.0,63.22,963.0
2025-05-30 21:00:00,63.22,63.58,63.21,63.3,839.0
2025-05-30 22:00:00,63.29,63.5,63.22,63.34,428.0
2025-06-02 03:00:00,64.45,64.67,64.41,64.67,369.0
2025-06-02 04:00:00,64.66,64.91,64.61,64.75,321.0
2025-06-02 05:00:00,64.77,65.04,64.76,65.02,317.0
2025-06-02 06:00:00,65.04,65.06,64.65,64.81,472.0
2025-06-02 07:00:00,64.8,64.96,64.78,64.78,215.0
2025-06-02 08:00:00,64.79,64.89,64.78,64.86,277.0
2025-06-02 09:00:00,64.84,64.95,64.66,64.85,446.0
2025-06-02 10:00:00,64.84,65.01,64.64,64.81,965.0
2025-06-02 11:00:00,64.85,65.3,64.83,65.25,915.0
2025-06-02 12:00:00,65.26,65.54,65.07,65.54,601.0
2025-06-02 13:00:00,65.53,65.79,65.36,65.77,659.0
2025-06-02 14:00:00,65.75,65.79,65.62,65.69,548.0
2025-06-02 15:00:00,65.7,66.11,65.7,65.94,786.0
2025-06-02 16:00:00,65.95,66.28,65.22,65.23,1525.0
2025-06-02 17:00:00,65.21,65.52,65.07,65.39,1456.0
2025-06-02 18:00:00,65.39,65.53,65.09,65.48,1105.0
2025-06-02 19:00:00,65.46,65.78,65.35,65.66,568.0
2025-06-02 20:00:00,65.67,65.68,65.42,65.62,473.0
2025-06-02 21:00:00,65.63,65.67,64.94,65.51,1068.0
2025-06-02 22:00:00,65.51,65.7,65.51,65.7,280.0
2025-06-03 03:00:00,65.74,65.81,65.56,65.56,244.0
2025-06-03 04:00:00,65.58,65.89,65.51,65.62,984.0
2025-06-03 05:00:00,65.63,65.7,65.48,65.56,441.0
2025-06-03 06:00:00,65.55,65.62,65.45,65.45,251.0
2025-06-03 07:00:00,65.45,65.49,65.35,65.38,141.0
2025-06-03 08:00:00,65.4,65.42,65.29,65.31,273.0
2025-06-03 09:00:00,65.3,65.45,65.24,65.39,380.0
2025-06-03 10:00:00,65.4,65.78,65.28,65.64,566.0
2025-06-03 11:00:00,65.66,65.72,65.32,65.35,733.0
2025-06-03 12:00:00,65.34,65.49,65.15,65.16,505.0
2025-06-03 13:00:00,65.17,65.45,65.06,65.44,522.0
2025-06-03 14:00:00,65.45,65.67,65.39,65.67,385.0
2025-06-03 15:00:00,65.68,66.02,65.65,65.76,732.0
2025-06-03 16:00:00,65.78,65.84,65.51,65.73,1177.0
2025-06-03 17:00:00,65.75,66.31,65.75,66.29,1012.0
2025-06-03 18:00:00,66.3,66.45,66.22,66.31,816.0
2025-06-03 19:00:00,66.28,66.38,66.18,66.36,478.0
2025-06-03 20:00:00,66.37,66.51,66.05,66.28,491.0
2025-06-03 21:00:00,66.27,66.38,66.13,66.28,612.0
2025-06-03 22:00:00,66.28,66.37,66.12,66.13,244.0
2025-06-04 03:00:00,66.05,66.12,65.99,66.03,216.0
2025-06-04 04:00:00,66.02,66.15,66.01,66.12,383.0
2025-06-04 05:00:00,66.13,66.13,65.96,65.97,258.0
2025-06-04 06:00:00,65.96,65.97,65.91,65.94,138.0
2025-06-04 07:00:00,65.95,65.98,65.89,65.9,115.0
2025-06-04 08:00:00,65.89,65.94,65.85,65.93,190.0
2025-06-04 09:00:00,65.94,66.09,65.92,65.97,462.0
2025-06-04 10:00:00,65.98,66.21,65.9,66.17,347.0
2025-06-04 11:00:00,66.18,66.33,66.01,66.03,493.0
2025-06-04 12:00:00,66.02,66.47,65.85,66.46,490.0
2025-06-04 13:00:00,66.45,66.48,66.15,66.27,376.0
2025-06-04 14:00:00,66.26,66.26,66.08,66.2,313.0
2025-06-04 15:00:00,66.19,66.24,65.66,65.79,636.0
2025-06-04 16:00:00,65.81,66.39,65.73,66.28,1300.0
2025-06-04 17:00:00,66.26,66.49,65.8,65.83,1379.0
2025-06-04 18:00:00,65.82,66.02,64.8,65.22,1873.0
2025-06-04 19:00:00,65.2,65.42,65.1,65.24,966.0
2025-06-04 20:00:00,65.23,65.38,65.22,65.31,610.0
2025-06-04 21:00:00,65.3,65.61,65.26,65.49,538.0
2025-06-04 22:00:00,65.48,65.51,65.4,65.43,231.0
2025-06-05 03:00:00,65.27,65.32,65.14,65.25,137.0
2025-06-05 04:00:00,65.23,65.43,65.17,65.38,330.0
2025-06-05 05:00:00,65.4,65.4,65.25,65.28,129.0
2025-06-05 06:00:00,65.27,65.29,65.21,65.21,103.0
2025-06-05 07:00:00,65.22,65.23,65.14,65.23,87.0
2025-06-05 08:00:00,65.22,65.36,65.18,65.3,198.0
2025-06-05 09:00:00,65.29,65.51,65.26,65.49,266.0
2025-06-05 10:00:00,65.47,65.76,65.47,65.62,335.0
2025-06-05 11:00:00,65.61,65.7,65.4,65.65,480.0
2025-06-05 12:00:00,65.64,65.67,65.41,65.58,423.0
2025-06-05 13:00:00,65.59,65.8,65.54,65.75,327.0
2025-06-05 14:00:00,65.74,65.74,65.48,65.64,330.0
2025-06-05 15:00:00,65.63,66.13,65.61,66.1,621.0
2025-06-05 16:00:00,66.12,66.36,66.09,66.21,1077.0
2025-06-05 17:00:00,66.23,66.36,66.03,66.2,960.0
2025-06-05 18:00:00,66.21,66.29,65.9,66.01,876.0
2025-06-05 19:00:00,66.02,66.02,65.73,65.77,619.0
2025-06-05 20:00:00,65.77,65.9,65.72,65.9,481.0
2025-06-05 21:00:00,65.89,65.93,65.76,65.89,405.0
2025-06-05 22:00:00,65.88,65.91,65.76,65.81,308.0
2025-06-06 03:00:00,65.73,65.78,65.66,65.77,166.0
2025-06-06 04:00:00,65.76,65.79,65.67,65.68,329.0
2025-06-06 05:00:00,65.7,65.71,65.61,65.62,183.0
2025-06-06 06:00:00,65.61,65.7,65.59,65.68,126.0
2025-06-06 07:00:00,65.67,65.7,65.63,65.65,78.0
2025-06-06 08:00:00,65.64,65.66,65.51,65.55,168.0
2025-06-06 09:00:00,65.54,65.79,65.48,65.68,226.0
2025-06-06 10:00:00,65.67,65.67,65.31,65.46,436.0
2025-06-06 11:00:00,65.48,65.7,65.42,65.64,591.0
2025-06-06 12:00:00,65.63,65.72,65.47,65.72,389.0
2025-06-06 13:00:00,65.73,65.96,65.67,65.9,322.0
2025-06-06 14:00:00,65.91,65.92,65.76,65.79,279.0
2025-06-06 15:00:00,65.78,66.15,65.7,66.11,547.0
2025-06-06 16:00:00,66.12,67.04,66.0,66.88,1213.0
2025-06-06 17:00:00,66.87,66.98,66.43,66.8,1084.0
2025-06-06 18:00:00,66.79,67.06,66.58,67.04,845.0
2025-06-06 19:00:00,67.03,67.17,66.96,66.98,522.0
2025-06-06 20:00:00,66.98,66.99,66.84,66.86,412.0
2025-06-06 21:00:00,66.85,67.12,66.77,67.09,467.0
2025-06-06 22:00:00,67.08,67.11,66.99,66.99,154.0
2025-06-09 03:00:00,66.91,66.95,66.84,66.87,162.0
2025-06-09 04:00:00,66.86,66.93,66.82,66.9,444.0
2025-06-09 05:00:00,66.91,66.93,66.84,66.86,237.0
2025-06-09 06:00:00,66.87,66.92,66.79,66.87,181.0
2025-06-09 07:00:00,66.88,66.9,66.81,66.84,116.0
2025-06-09 08:00:00,66.85,66.89,66.79,66.84,193.0
2025-06-09 09:00:00,66.85,66.85,66.69,66.69,313.0
2025-06-09 10:00:00,66.71,66.77,66.51,66.75,307.0
2025-06-09 11:00:00,66.78,67.03,66.65,66.96,582.0
2025-06-09 12:00:00,66.97,67.12,66.93,67.06,323.0
2025-06-09 13:00:00,67.03,67.23,67.03,67.11,294.0
2025-06-09 14:00:00,67.1,67.36,67.07,67.3,264.0
2025-06-09 15:00:00,67.29,67.45,67.25,67.3,401.0
2025-06-09 16:00:00,67.31,67.31,66.75,66.86,921.0
2025-06-09 17:00:00,66.87,67.31,66.83,67.31,721.0
2025-06-09 18:00:00,67.32,67.51,67.26,67.34,682.0
2025-06-09 19:00:00,67.35,67.35,67.03,67.2,493.0
2025-06-09 20:00:00,67.2,67.27,67.09,67.19,341.0
2025-06-09 21:00:00,67.17,67.56,67.17,67.53,433.0
2025-06-09 22:00:00,67.54,67.57,67.4,67.47,185.0
2025-06-10 03:00:00,67.53,67.61,67.5,67.57,150.0
2025-06-10 04:00:00,67.58,67.78,67.51,67.76,474.0
2025-06-10 05:00:00,67.75,67.81,67.73,67.79,230.0
2025-06-10 06:00:00,67.78,67.81,67.57,67.63,189.0
2025-06-10 07:00:00,67.62,67.66,67.62,67.64,83.0
2025-06-10 08:00:00,67.63,67.7,67.52,67.59,347.0
2025-06-10 09:00:00,67.58,67.72,67.53,67.53,384.0
2025-06-10 10:00:00,67.55,67.7,67.37,67.47,556.0
2025-06-10 11:00:00,67.49,67.69,67.42,67.67,581.0
2025-06-10 12:00:00,67.68,67.84,67.53,67.6,417.0
2025-06-10 13:00:00,67.59,67.85,67.58,67.82,320.0
2025-06-10 14:00:00,67.83,67.9,67.69,67.89,367.0
2025-06-10 15:00:00,67.9,67.98,67.67,67.67,378.0
2025-06-10 16:00:00,67.7,68.03,67.6,68.02,816.0
2025-06-10 17:00:00,68.03,68.19,67.89,68.15,741.0
2025-06-10 18:00:00,68.17,68.41,67.89,67.99,910.0
2025-06-10 19:00:00,67.98,68.12,67.68,67.69,646.0
2025-06-10 20:00:00,67.68,67.7,67.42,67.52,574.0
2025-06-10 21:00:00,67.53,67.56,66.9,67.01,768.0
2025-06-10 22:00:00,67.0,67.2,66.95,67.16,312.0
2025-06-11 03:00:00,67.01,67.02,66.87,66.95,218.0
2025-06-11 04:00:00,66.97,67.16,66.95,67.12,503.0
2025-06-11 05:00:00,67.13,67.13,67.02,67.06,229.0
2025-06-11 06:00:00,67.05,67.19,67.05,67.17,228.0
2025-06-11 07:00:00,67.16,67.19,67.12,67.17,73.0
2025-06-11 08:00:00,67.19,67.29,67.17,67.27,211.0
2025-06-11 09:00:00,67.28,67.33,67.08,67.13,326.0
2025-06-11 10:00:00,67.14,67.46,67.12,67.39,466.0
2025-06-11 11:00:00,67.4,67.48,67.24,67.32,590.0
2025-06-11 12:00:00,67.31,67.89,66.9,67.87,1021.0
2025-06-11 13:00:00,67.84,68.16,67.83,68.13,671.0
2025-06-11 14:00:00,68.12,68.28,68.01,68.27,405.0
2025-06-11 15:00:00,68.26,68.57,68.01,68.45,974.0
2025-06-11 16:00:00,68.44,68.55,68.15,68.54,1014.0
2025-06-11 17:00:00,68.55,68.7,68.28,68.4,1081.0
2025-06-11 18:00:00,68.39,68.85,68.19,68.82,1109.0
2025-06-11 19:00:00,68.81,68.82,68.64,68.76,618.0
2025-06-11 20:00:00,68.75,69.39,68.68,69.33,713.0
2025-06-11 21:00:00,69.32,70.38,69.26,70.11,1803.0
2025-06-11 22:00:00,70.12,70.17,69.78,69.93,854.0
2025-06-12 03:00:00,70.6,70.64,70.1,70.16,925.0
2025-06-12 04:00:00,70.15,70.28,69.7,69.81,1239.0
2025-06-12 05:00:00,69.8,69.92,69.73,69.75,387.0
2025-06-12 06:00:00,69.77,69.91,69.61,69.86,466.0
2025-06-12 07:00:00,69.87,69.92,69.83,69.87,260.0
2025-06-12 08:00:00,69.86,69.91,69.61,69.63,358.0
2025-06-12 09:00:00,69.62,69.73,69.59,69.7,554.0
2025-06-12 10:00:00,69.72,69.73,69.22,69.33,773.0
2025-06-12 11:00:00,69.34,69.58,69.27,69.5,1090.0
2025-06-12 12:00:00,69.49,69.53,69.04,69.15,746.0
2025-06-12 13:00:00,69.16,69.22,69.01,69.09,566.0
2025-06-12 14:00:00,69.1,69.16,68.75,68.86,647.0
2025-06-12 15:00:00,68.85,69.22,68.81,69.19,771.0
2025-06-12 16:00:00,69.18,69.51,68.96,69.45,1443.0
2025-06-12 17:00:00,69.45,69.77,69.45,69.59,1238.0
2025-06-12 18:00:00,69.58,70.23,69.45,70.16,1628.0
2025-06-12 19:00:00,70.17,70.22,69.63,69.95,1426.0
2025-06-12 20:00:00,69.96,70.1,69.85,70.04,866.0
2025-06-12 21:00:00,70.05,70.14,69.63,69.87,763.0
2025-06-12 22:00:00,69.91,70.01,69.86,70.0,269.0
2025-06-13 03:00:00,71.24,75.69,71.13,74.85,3177.0
2025-06-13 04:00:00,74.83,75.65,74.25,75.1,2643.0
2025-06-13 05:00:00,75.11,78.91,74.99,77.19,2979.0
2025-06-13 06:00:00,77.2,77.4,75.54,75.92,2223.0
2025-06-13 07:00:00,75.91,76.69,75.07,75.12,1374.0
2025-06-13 08:00:00,75.13,75.83,74.75,74.77,1499.0
2025-06-13 09:00:00,74.76,75.16,73.45,73.5,2388.0
2025-06-13 10:00:00,73.48,74.13,72.58,73.55,2169.0
2025-06-13 11:00:00,73.56,74.94,73.56,74.59,1846.0
2025-06-13 12:00:00,74.57,75.42,74.05,75.42,1707.0
2025-06-13 13:00:00,75.43,76.06,75.14,75.31,1967.0
2025-06-13 14:00:00,75.29,75.36,74.25,74.66,1504.0
2025-06-13 15:00:00,74.67,75.4,74.56,75.26,1620.0
2025-06-13 16:00:00,75.25,75.39,74.17,74.27,2279.0
2025-06-13 17:00:00,74.31,74.89,73.32,73.56,2404.0
2025-06-13 18:00:00,73.57,74.2,73.47,73.84,2106.0
2025-06-13 19:00:00,73.85,73.95,73.42,73.89,1523.0
2025-06-13 20:00:00,73.91,74.99,73.85,74.89,1712.0
2025-06-13 21:00:00,74.9,75.52,74.36,75.47,2193.0
2025-06-13 22:00:00,75.5,75.6,74.49,74.62,1404.0
2025-06-16 03:00:00,75.74,75.82,75.16,75.34,773.0
2025-06-16 04:00:00,75.33,75.47,74.53,75.47,1577.0
2025-06-16 05:00:00,75.49,75.57,75.06,75.31,765.0
2025-06-16 06:00:00,75.3,75.36,74.95,75.22,491.0
2025-06-16 07:00:00,75.21,75.42,75.17,75.23,324.0
2025-06-16 08:00:00,75.22,75.32,74.71,74.97,646.0
2025-06-16 09:00:00,74.99,75.32,74.53,75.17,1012.0
2025-06-16 10:00:00,75.19,75.31,74.22,74.32,1217.0
2025-06-16 11:00:00,74.35,74.49,73.91,73.96,1508.0
2025-06-16 12:00:00,73.97,74.17,73.76,74.0,902.0
2025-06-16 13:00:00,74.01,74.35,73.57,73.57,910.0
2025-06-16 14:00:00,73.58,74.12,73.57,73.61,1005.0
2025-06-16 15:00:00,73.62,73.89,72.95,73.22,1399.0
2025-06-16 16:00:00,73.21,74.01,71.56,71.67,2273.0
2025-06-16 17:00:00,71.63,72.38,71.02,71.75,2797.0
2025-06-16 18:00:00,71.76,72.92,71.71,72.88,2071.0
2025-06-16 19:00:00,72.87,73.49,72.56,73.46,1519.0
2025-06-16 20:00:00,73.48,73.61,72.89,73.24,1220.0
2025-06-16 21:00:00,73.23,73.65,73.01,73.07,1301.0
2025-06-16 22:00:00,73.07,73.27,73.04,73.2,499.0
2025-06-17 03:00:00,75.12,75.13,73.85,73.96,1486.0
2025-06-17 04:00:00,73.97,74.2,73.44,74.2,1223.0
2025-06-17 05:00:00,74.19,75.04,73.91,74.24,1647.0
2025-06-17 06:00:00,74.23,74.31,73.7,73.81,958.0
2025-06-17 07:00:00,73.82,74.15,73.82,74.11,377.0
2025-06-17 08:00:00,74.12,74.29,73.84,73.92,667.0
2025-06-17 09:00:00,73.89,73.93,72.95,73.14,1076.0
2025-06-17 10:00:00,73.15,74.78,73.15,74.41,1359.0
2025-06-17 11:00:00,74.46,74.68,74.0,74.54,1339.0
2025-06-17 12:00:00,74.55,74.86,74.21,74.67,1117.0
2025-06-17 13:00:00,74.66,75.03,74.53,74.86,856.0
2025-06-17 14:00:00,74.84,75.29,74.7,75.12,1022.0
2025-06-17 15:00:00,75.14,75.3,74.56,74.84,1186.0
2025-06-17 16:00:00,74.81,75.76,74.36,75.57,1981.0
2025-06-17 17:00:00,75.58,75.97,75.22,75.41,1915.0
2025-06-17 18:00:00,75.42,75.85,74.94,75.41,2106.0
2025-06-17 19:00:00,75.4,76.14,75.17,75.69,1721.0
2025-06-17 20:00:00,75.68,76.42,75.58,76.31,1198.0
2025-06-17 21:00:00,76.31,77.21,76.22,77.03,1283.0
2025-06-17 22:00:00,77.07,77.19,76.52,76.78,888.0
2025-06-18 03:00:00,77.17,77.17,76.72,76.98,704.0
2025-06-18 04:00:00,76.96,76.98,76.55,76.63,900.0
2025-06-18 05:00:00,76.62,77.1,76.54,77.07,538.0
2025-06-18 06:00:00,77.04,77.18,76.83,77.04,599.0
2025-06-18 07:00:00,77.06,77.16,76.78,76.79,309.0
2025-06-18 08:00:00,76.8,76.81,76.18,76.7,814.0
2025-06-18 09:00:00,76.71,76.86,76.07,76.65,1276.0
2025-06-18 10:00:00,76.64,76.78,76.12,76.34,1343.0
2025-06-18 11:00:00,76.36,76.66,75.77,75.84,1377.0
2025-06-18 12:00:00,75.85,76.1,75.59,76.09,1269.0
2025-06-18 13:00:00,76.08,77.04,76.05,76.87,1488.0
2025-06-18 14:00:00,76.86,77.12,76.58,76.84,1034.0
2025-06-18 15:00:00,76.86,77.22,76.75,76.96,1103.0
2025-06-18 16:00:00,76.97,77.74,76.88,77.62,1906.0
2025-06-18 17:00:00,77.63,77.67,74.73,75.43,3463.0
2025-06-18 18:00:00,75.42,76.06,75.1,75.78,1959.0
2025-06-18 19:00:00,75.77,76.28,75.37,76.27,1627.0
2025-06-18 20:00:00,76.26,76.85,76.22,76.6,1263.0
2025-06-18 21:00:00,76.59,77.18,76.48,77.04,1278.0
2025-06-18 22:00:00,77.03,77.36,75.68,76.61,1405.0
2025-06-19 03:00:00,76.64,76.8,76.15,76.2,434.0
2025-06-19 04:00:00,76.19,77.04,75.94,76.55,982.0
2025-06-19 05:00:00,76.54,76.89,76.46,76.76,506.0
2025-06-19 06:00:00,76.77,76.83,76.66,76.75,321.0
2025-06-19 07:00:00,76.74,76.85,76.63,76.83,252.0
2025-06-19 08:00:00,76.82,77.42,76.8,77.06,619.0
2025-06-19 09:00:00,77.07,77.77,76.97,77.77,925.0
2025-06-19 10:00:00,77.76,77.92,77.11,77.35,1272.0
2025-06-19 11:00:00,77.34,77.52,77.08,77.21,1332.0
2025-06-19 12:00:00,77.21,77.5,76.85,77.1,1052.0
2025-06-19 13:00:00,77.09,77.68,76.96,77.62,919.0
2025-06-19 14:00:00,77.64,78.05,77.56,78.02,720.0
2025-06-19 15:00:00,78.03,78.08,77.8,77.86,848.0
2025-06-19 16:00:00,77.84,78.56,77.74,78.22,1632.0
2025-06-19 17:00:00,78.2,78.87,78.03,78.74,1423.0
2025-06-19 18:00:00,78.74,79.3,78.1,78.62,1995.0
2025-06-19 19:00:00,78.62,79.17,78.38,79.13,1322.0
2025-06-19 20:00:00,79.14,79.14,78.64,79.02,580.0
2025-06-20 03:00:00,77.61,77.64,77.19,77.62,848.0
2025-06-20 04:00:00,77.65,77.75,76.97,77.05,1080.0
2025-06-20 05:00:00,77.05,77.34,76.96,77.21,706.0
2025-06-20 06:00:00,77.19,77.28,77.09,77.18,425.0
2025-06-20 07:00:00,77.19,77.52,77.18,77.43,412.0
2025-06-20 08:00:00,77.42,77.63,76.51,76.65,723.0
2025-06-20 09:00:00,76.64,77.23,76.64,77.12,1043.0
2025-06-20 10:00:00,77.11,77.4,76.77,77.34,1163.0
2025-06-20 11:00:00,77.37,77.74,77.32,77.38,1337.0
2025-06-20 12:00:00,77.36,77.7,77.22,77.28,962.0
2025-06-20 13:00:00,77.26,77.43,76.94,77.36,756.0
2025-06-20 14:00:00,77.34,77.52,75.8,76.58,1309.0
2025-06-20 15:00:00,76.57,76.88,76.24,76.65,1470.0
2025-06-20 16:00:00,76.72,76.93,76.24,76.51,1843.0
2025-06-20 17:00:00,76.52,77.17,76.49,77.05,1705.0
2025-06-20 18:00:00,77.04,77.13,76.56,77.03,1653.0
2025-06-20 19:00:00,77.04,77.13,76.51,76.93,1131.0
2025-06-20 20:00:00,76.93,77.43,76.57,77.42,1503.0
2025-06-20 21:00:00,77.4,77.4,76.83,77.3,1133.0
2025-06-20 22:00:00,77.3,77.57,77.27,77.47,361.0
2025-06-23 03:00:00,79.09,79.51,78.98,79.28,878.0
2025-06-23 04:00:00,79.27,79.43,78.35,78.65,1561.0
2025-06-23 05:00:00,78.66,78.88,78.42,78.6,872.0
2025-06-23 06:00:00,78.58,78.72,78.27,78.63,628.0
2025-06-23 07:00:00,78.64,78.73,78.24,78.24,330.0
2025-06-23 08:00:00,78.23,78.52,77.88,78.47,792.0
2025-06-23 09:00:00,78.46,78.54,78.12,78.28,962.0
2025-06-23 10:00:00,78.3,78.37,77.29,77.5,1340.0
2025-06-23 11:00:00,77.51,77.56,76.52,77.11,1723.0
2025-06-23 12:00:00,77.12,77.7,77.12,77.69,1087.0
2025-06-23 13:00:00,77.67,78.17,77.47,77.96,1094.0
2025-06-23 14:00:00,77.93,78.28,77.61,77.67,880.0
2025-06-23 15:00:00,77.66,77.7,76.74,77.13,1153.0
2025-06-23 16:00:00,77.15,77.83,76.82,77.13,2225.0
2025-06-23 17:00:00,77.14,77.16,76.13,76.54,2126.0
2025-06-23 18:00:00,76.55,77.61,76.44,77.25,1818.0
2025-06-23 19:00:00,77.25,77.8,75.12,75.7,2418.0
2025-06-23 20:00:00,75.71,75.74,72.5,72.75,3369.0
2025-06-23 21:00:00,72.78,73.01,71.78,72.09,2508.0
2025-06-23 22:00:00,72.08,72.39,71.44,71.48,1010.0
2025-06-24 03:00:00,68.87,69.99,68.84,69.52,1543.0
2025-06-24 04:00:00,69.49,70.16,69.49,69.98,1453.0
2025-06-24 05:00:00,69.99,70.84,69.96,70.5,1645.0
2025-06-24 06:00:00,70.51,70.6,69.9,70.54,878.0
2025-06-24 07:00:00,70.54,70.61,70.08,70.22,505.0
2025-06-24 08:00:00,70.24,70.31,69.3,69.45,783.0
2025-06-24 09:00:00,69.46,69.48,68.15,68.93,1769.0
2025-06-24 10:00:00,68.95,70.32,68.95,69.81,2054.0
2025-06-24 11:00:00,69.84,70.31,69.27,69.6,1830.0
2025-06-24 12:00:00,69.59,69.84,69.34,69.66,1100.0
2025-06-24 13:00:00,69.69,70.18,69.53,69.93,1101.0
2025-06-24 14:00:00,69.89,70.07,69.2,69.4,1261.0
2025-06-24 15:00:00,69.39,69.46,68.75,69.18,1341.0
2025-06-24 16:00:00,69.17,69.73,68.23,68.84,2553.0
2025-06-24 17:00:00,68.83,68.86,68.05,68.54,1894.0
2025-06-24 18:00:00,68.54,68.72,67.78,67.83,1603.0
2025-06-24 19:00:00,67.83,67.98,67.33,67.51,1181.0
2025-06-24 20:00:00,67.5,68.16,67.5,68.08,844.0
2025-06-24 21:00:00,68.09,68.12,67.52,67.91,1080.0
2025-06-24 22:00:00,67.9,68.3,67.71,68.14,545.0
2025-06-25 03:00:00,68.28,68.36,68.18,68.22,238.0
2025-06-25 04:00:00,68.27,68.53,68.24,68.43,611.0
2025-06-25 05:00:00,68.37,68.53,68.28,68.33,426.0
2025-06-25 06:00:00,68.32,68.53,68.3,68.36,338.0
2025-06-25 07:00:00,68.38,68.47,68.25,68.31,129.0
2025-06-25 08:00:00,68.32,68.64,68.24,68.62,448.0
2025-06-25 09:00:00,68.61,68.74,68.41,68.65,608.0
2025-06-25 10:00:00,68.64,68.8,68.58,68.64,773.0
2025-06-25 11:00:00,68.63,68.66,68.19,68.4,995.0
2025-06-25 12:00:00,68.39,68.44,68.0,68.25,746.0
2025-06-25 13:00:00,68.24,68.24,67.9,68.07,517.0
2025-06-25 14:00:00,68.08,68.11,67.63,67.84,664.0
2025-06-25 15:00:00,67.85,68.1,67.57,68.08,728.0
2025-06-25 16:00:00,68.04,68.32,67.77,67.95,1215.0
2025-06-25 17:00:00,67.96,68.54,67.81,68.26,1751.0
2025-06-25 18:00:00,68.25,68.58,68.25,68.47,1442.0
2025-06-25 19:00:00,68.49,68.87,68.39,68.54,919.0
2025-06-25 20:00:00,68.55,68.67,68.17,68.19,828.0
2025-06-25 21:00:00,68.21,68.27,67.74,68.12,1006.0
2025-06-25 22:00:00,68.11,68.15,67.94,68.04,327.0
2025-06-26 03:00:00,67.86,67.98,67.72,67.93,172.0
2025-06-26 04:00:00,67.94,68.13,67.89,68.09,517.0
2025-06-26 05:00:00,68.1,68.25,68.05,68.12,291.0
2025-06-26 06:00:00,68.13,68.14,67.96,68.06,235.0
2025-06-26 07:00:00,68.05,68.13,68.02,68.08,94.0
2025-06-26 08:00:00,68.07,68.14,68.02,68.07,262.0
2025-06-26 09:00:00,68.06,68.41,68.0,68.34,495.0
2025-06-26 10:00:00,68.35,68.35,67.81,67.96,601.0
2025-06-26 11:00:00,67.98,68.04,67.67,67.72,796.0
2025-06-26 12:00:00,67.71,68.02,67.55,67.93,683.0
2025-06-26 13:00:00,67.94,68.26,67.92,68.18,683.0
2025-06-26 14:00:00,68.17,68.23,68.01,68.2,511.0
2025-06-26 15:00:00,68.23,68.29,67.81,67.9,719.0
2025-06-26 16:00:00,67.89,68.45,67.84,68.21,1471.0
2025-06-26 17:00:00,68.19,68.85,68.15,68.83,1325.0
2025-06-26 18:00:00,68.84,69.12,68.59,68.63,1291.0
2025-06-26 19:00:00,68.64,68.88,68.53,68.8,739.0
2025-06-26 20:00:00,68.79,68.81,68.19,68.21,1103.0
2025-06-26 21:00:00,68.22,68.26,67.8,68.03,800.0
2025-06-26 22:00:00,68.02,68.27,68.01,68.21,332.0
2025-06-27 03:00:00,68.14,68.21,68.08,68.19,141.0
2025-06-27 04:00:00,68.2,68.42,68.2,68.39,411.0
2025-06-27 05:00:00,68.4,68.48,68.34,68.39,262.0
2025-06-27 06:00:00,68.4,68.43,68.28,68.28,235.0
2025-06-27 07:00:00,68.29,68.45,68.28,68.38,123.0
2025-06-27 08:00:00,68.39,68.49,68.35,68.44,264.0
2025-06-27 09:00:00,68.43,68.53,68.3,68.35,466.0
2025-06-27 10:00:00,68.36,68.6,68.29,68.36,592.0
2025-06-27 11:00:00,68.38,68.61,68.31,68.53,732.0
2025-06-27 12:00:00,68.55,68.59,68.34,68.37,484.0
2025-06-27 13:00:00,68.36,68.51,68.0,68.02,416.0
2025-06-27 14:00:00,68.08,68.47,68.02,68.4,480.0
2025-06-27 15:00:00,68.42,68.47,68.11,68.2,594.0
2025-06-27 16:00:00,68.24,68.53,68.21,68.42,1056.0
2025-06-27 17:00:00,68.42,68.47,68.18,68.36,854.0
2025-06-27 18:00:00,68.36,68.59,67.41,67.82,1623.0
2025-06-27 19:00:00,67.82,67.93,67.65,67.86,947.0
2025-06-27 20:00:00,67.85,68.19,67.74,68.16,824.0
2025-06-27 21:00:00,68.17,68.25,67.88,67.92,743.0
2025-06-27 22:00:00,67.91,67.92,67.69,67.74,174.0
2025-06-30 03:00:00,67.32,67.36,67.09,67.24,223.0
2025-06-30 04:00:00,67.23,67.44,67.22,67.42,532.0
2025-06-30 05:00:00,67.41,67.86,67.41,67.78,491.0
2025-06-30 06:00:00,67.79,67.83,67.7,67.75,175.0
2025-06-30 07:00:00,67.76,67.83,67.73,67.8,90.0
2025-06-30 08:00:00,67.79,68.05,67.79,68.03,201.0
2025-06-30 09:00:00,68.02,68.04,67.68,67.69,403.0
2025-06-30 10:00:00,67.68,67.99,67.59,67.77,520.0
2025-06-30 11:00:00,67.79,68.38,67.75,68.05,721.0
2025-06-30 12:00:00,68.04,68.22,67.69,67.89,644.0
2025-06-30 13:00:00,67.88,68.02,67.77,67.83,509.0
2025-06-30 14:00:00,67.84,67.96,67.75,67.93,508.0
2025-06-30 15:00:00,67.95,68.06,67.88,67.97,479.0
2025-06-30 16:00:00,67.98,68.09,67.66,67.98,1196.0
2025-06-30 17:00:00,67.97,68.07,67.55,67.6,1005.0
2025-06-30 18:00:00,67.6,67.76,67.43,67.64,963.0
2025-06-30 19:00:00,67.63,67.94,67.59,67.94,678.0
2025-06-30 20:00:00,67.93,68.01,67.72,67.76,584.0
2025-06-30 21:00:00,67.75,67.97,67.67,67.81,557.0
2025-06-30 22:00:00,67.82,67.84,67.68,67.82,216.0
2025-07-01 03:00:00,67.73,67.77,67.64,67.71,130.0
2025-07-01 04:00:00,67.73,67.75,67.56,67.58,269.0
2025-07-01 05:00:00,67.59,67.61,67.48,67.58,193.0
2025-07-01 06:00:00,67.6,67.61,67.5,67.55,139.0
2025-07-01 07:00:00,67.56,67.62,67.53,67.58,60.0
2025-07-01 08:00:00,67.57,67.7,67.53,67.69,201.0
2025-07-01 09:00:00,67.7,68.07,67.69,68.04,459.0
2025-07-01 10:00:00,68.03,68.07,67.52,67.92,576.0
2025-07-01 11:00:00,67.95,68.11,67.86,67.88,621.0
2025-07-01 12:00:00,67.87,67.96,67.66,67.71,488.0
2025-07-01 13:00:00,67.71,68.65,67.71,68.53,544.0
2025-07-01 14:00:00,68.54,68.56,68.28,68.41,538.0
2025-07-01 15:00:00,68.42,68.56,68.19,68.52,575.0
2025-07-01 16:00:00,68.51,68.56,68.03,68.1,1031.0
2025-07-01 17:00:00,68.08,68.22,67.81,67.95,959.0
2025-07-01 18:00:00,67.96,68.37,67.92,68.37,1230.0
2025-07-01 19:00:00,68.38,68.45,68.2,68.37,735.0
2025-07-01 20:00:00,68.37,68.4,68.19,68.28,443.0
2025-07-01 21:00:00,68.27,68.41,68.17,68.39,470.0
2025-07-01 22:00:00,68.37,68.54,68.33,68.52,275.0
2025-07-02 03:00:00,68.28,68.39,68.2,68.2,156.0
2025-07-02 04:00:00,68.22,68.31,68.17,68.28,298.0
2025-07-02 05:00:00,68.29,68.36,68.26,68.28,184.0
2025-07-02 06:00:00,68.27,68.27,68.2,68.26,116.0
2025-07-02 07:00:00,68.25,68.31,68.24,68.31,45.0
2025-07-02 08:00:00,68.3,68.4,68.22,68.36,250.0
2025-07-02 09:00:00,68.35,68.39,68.08,68.14,335.0
2025-07-02 10:00:00,68.16,68.6,68.05,68.55,475.0
2025-07-02 11:00:00,68.53,68.6,68.24,68.55,728.0
2025-07-02 12:00:00,68.54,68.86,68.49,68.74,584.0
2025-07-02 13:00:00,68.73,69.09,68.68,69.02,386.0
2025-07-02 14:00:00,69.06,69.22,69.03,69.1,327.0
2025-07-02 15:00:00,69.09,69.09,68.79,68.88,495.0
2025-07-02 16:00:00,68.85,68.96,68.52,68.57,816.0
2025-07-02 17:00:00,68.56,68.69,68.28,68.62,1326.0
2025-07-02 18:00:00,68.63,69.53,68.58,69.35,1134.0
2025-07-02 19:00:00,69.37,69.63,69.15,69.63,665.0
2025-07-02 20:00:00,69.65,70.35,69.61,70.29,823.0
2025-07-02 21:00:00,70.28,70.35,70.0,70.11,859.0
2025-07-02 22:00:00,70.11,70.26,70.02,70.05,258.0
2025-07-03 03:00:00,70.07,70.1,69.93,69.93,147.0
2025-07-03 04:00:00,69.95,69.95,69.59,69.62,481.0
2025-07-03 05:00:00,69.63,69.67,69.51,69.64,240.0
2025-07-03 06:00:00,69.65,69.74,69.59,69.72,172.0
2025-07-03 07:00:00,69.73,69.76,69.68,69.72,87.0
2025-07-03 08:00:00,69.71,69.75,69.62,69.66,202.0
2025-07-03 09:00:00,69.68,69.83,69.57,69.66,450.0
2025-07-03 10:00:00,69.68,69.72,69.41,69.6,507.0
2025-07-03 11:00:00,69.64,69.81,69.43,69.72,783.0
2025-07-03 12:00:00,69.73,69.78,69.46,69.63,483.0
2025-07-03 13:00:00,69.64,70.09,69.64,70.06,445.0
2025-07-03 14:00:00,70.04,70.25,69.91,70.14,345.0
2025-07-03 15:00:00,70.13,70.19,69.86,70.1,600.0
2025-07-03 16:00:00,70.09,70.09,69.77,69.95,903.0
2025-07-03 17:00:00,69.96,70.25,69.45,69.82,1148.0
2025-07-03 18:00:00,69.8,69.88,69.45,69.83,1230.0
2025-07-03 19:00:00,69.83,69.84,69.63,69.73,668.0
2025-07-03 20:00:00,69.72,69.96,69.71,69.84,492.0
2025-07-03 21:00:00,69.83,69.98,69.75,69.96,647.0
2025-07-03 22:00:00,69.96,70.08,69.96,70.03,177.0
2025-07-04 03:00:00,69.92,69.95,69.8,69.9,119.0
2025-07-04 04:00:00,69.89,69.94,69.64,69.64,274.0
2025-07-04 05:00:00,69.63,69.68,69.55,69.55,171.0
2025-07-04 06:00:00,69.55,69.6,69.47,69.59,151.0
2025-07-04 07:00:00,69.6,69.72,69.58,69.71,108.0
2025-07-04 08:00:00,69.7,69.79,69.64,69.73,196.0
2025-07-04 09:00:00,69.72,69.74,69.43,69.48,371.0
2025-07-04 10:00:00,69.49,69.84,69.48,69.74,419.0
2025-07-04 11:00:00,69.75,69.76,69.27,69.32,687.0
2025-07-04 12:00:00,69.33,69.37,68.8,69.07,672.0
2025-07-04 13:00:00,69.06,69.33,69.03,69.3,369.0
2025-07-04 14:00:00,69.29,69.37,69.19,69.33,295.0
2025-07-04 15:00:00,69.32,69.45,69.24,69.26,378.0
2025-07-04 16:00:00,69.27,69.31,69.05,69.21,672.0
2025-07-04 17:00:00,69.22,69.4,69.14,69.38,518.0
2025-07-04 18:00:00,69.38,69.53,69.14,69.27,714.0
2025-07-04 19:00:00,69.28,69.38,69.17,69.38,365.0
2025-07-04 20:00:00,69.36,69.63,69.36,69.55,173.0
2025-07-07 03:00:00,68.58,68.64,68.26,68.64,351.0
2025-07-07 04:00:00,68.63,68.72,68.27,68.59,645.0
2025-07-07 05:00:00,68.6,68.74,68.52,68.66,282.0
2025-07-07 06:00:00,68.67,68.82,68.62,68.72,184.0
2025-07-07 07:00:00,68.71,68.98,68.7,68.91,180.0
2025-07-07 08:00:00,68.91,69.03,68.89,68.94,242.0
2025-07-07 09:00:00,68.95,69.1,68.92,69.1,361.0
2025-07-07 10:00:00,69.09,69.26,68.95,69.23,502.0
2025-07-07 11:00:00,69.24,69.66,68.83,69.56,1077.0
2025-07-07 12:00:00,69.55,69.78,69.38,69.76,621.0
2025-07-07 13:00:00,69.77,69.79,69.58,69.62,458.0
2025-07-07 14:00:00,69.63,69.73,69.53,69.64,343.0
2025-07-07 15:00:00,69.65,69.92,69.54,69.77,480.0
2025-07-07 16:00:00,69.75,70.18,69.64,69.88,1059.0
2025-07-07 17:00:00,69.89,70.36,69.68,70.13,1071.0
2025-07-07 18:00:00,70.13,70.2,69.9,70.17,835.0
2025-07-07 19:00:00,70.16,70.54,69.82,70.34,897.0
2025-07-07 20:00:00,70.35,70.36,70.08,70.16,707.0
2025-07-07 21:00:00,70.15,70.9,69.97,70.65,1062.0
2025-07-07 22:00:00,70.66,70.72,70.56,70.58,314.0
2025-07-08 03:00:00,70.39,70.4,70.15,70.2,199.0
2025-07-08 04:00:00,70.19,70.23,69.97,70.19,403.0
2025-07-08 05:00:00,70.18,70.26,70.04,70.24,259.0
2025-07-08 06:00:00,70.25,70.32,70.2,70.22,175.0
2025-07-08 07:00:00,70.23,70.23,70.16,70.17,141.0
2025-07-08 08:00:00,70.18,70.4,70.09,70.31,274.0
2025-07-08 09:00:00,70.3,70.37,70.11,70.12,388.0
2025-07-08 10:00:00,70.13,70.52,70.13,70.16,549.0
2025-07-08 11:00:00,70.14,70.3,70.02,70.09,715.0
2025-07-08 12:00:00,70.1,70.34,70.02,70.07,497.0
2025-07-08 13:00:00,70.06,70.49,70.06,70.46,349.0
2025-07-08 14:00:00,70.45,70.56,70.37,70.48,378.0
2025-07-08 15:00:00,70.47,70.63,70.37,70.56,426.0
2025-07-08 16:00:00,70.6,70.6,70.25,70.48,944.0
2025-07-08 17:00:00,70.5,70.88,70.23,70.81,985.0
2025-07-08 18:00:00,70.8,71.18,70.72,71.12,933.0
2025-07-08 19:00:00,71.12,71.41,71.02,71.4,730.0
2025-07-08 20:00:00,71.39,71.61,71.23,71.3,700.0
2025-07-08 21:00:00,71.29,71.3,71.02,71.11,539.0
2025-07-08 22:00:00,71.11,71.22,71.02,71.04,247.0
2025-07-09 03:00:00,70.81,70.91,70.72,70.88,142.0
2025-07-09 04:00:00,70.89,70.91,70.77,70.88,377.0
2025-07-09 05:00:00,70.87,70.92,70.82,70.85,259.0
2025-07-09 06:00:00,70.84,70.97,70.84,70.95,186.0
2025-07-09 07:00:00,70.95,70.97,70.85,70.85,109.0
2025-07-09 08:00:00,70.84,70.87,70.78,70.85,202.0
2025-07-09 09:00:00,70.84,70.98,70.77,70.95,346.0
2025-07-09 10:00:00,70.95,71.38,70.95,71.35,445.0
2025-07-09 11:00:00,71.38,71.59,71.33,71.57,535.0
2025-07-09 12:00:00,71.58,71.58,71.23,71.29,544.0
2025-07-09 13:00:00,71.3,71.34,71.09,71.19,431.0
2025-07-09 14:00:00,71.2,71.26,71.08,71.21,366.0
2025-07-09 15:00:00,71.2,71.31,70.9,71.06,541.0
2025-07-09 16:00:00,71.07,71.07,70.5,70.68,1121.0
2025-07-09 17:00:00,70.68,71.1,70.52,71.04,1245.0
2025-07-09 18:00:00,71.04,71.36,70.98,71.34,975.0
2025-07-09 19:00:00,71.33,71.44,71.06,71.38,584.0
2025-07-09 20:00:00,71.39,71.49,71.23,71.32,457.0
2025-07-09 21:00:00,71.32,71.32,70.97,71.0,479.0
2025-07-09 22:00:00,71.0,71.05,70.94,70.99,240.0
2025-07-10 03:00:00,70.86,70.86,70.75,70.81,145.0
2025-07-10 04:00:00,70.82,71.06,70.82,70.94,248.0
2025-07-10 05:00:00,70.95,71.06,70.92,71.03,172.0
2025-07-10 06:00:00,71.02,71.05,70.96,71.01,97.0
2025-07-10 07:00:00,71.0,71.18,70.98,71.16,127.0
2025-07-10 08:00:00,71.15,71.18,71.06,71.09,150.0
2025-07-10 09:00:00,71.1,71.26,70.99,71.09,427.0
2025-07-10 10:00:00,71.08,71.19,70.9,70.99,503.0
2025-07-10 11:00:00,71.0,71.13,70.66,70.79,699.0
2025-07-10 12:00:00,70.8,70.92,70.74,70.79,508.0
2025-07-10 13:00:00,70.8,70.92,70.71,70.85,314.0
2025-07-10 14:00:00,70.84,71.3,70.2,70.35,952.0
2025-07-10 15:00:00,70.34,70.65,70.34,70.53,623.0
2025-07-10 16:00:00,70.54,70.59,69.52,69.74,1705.0
2025-07-10 17:00:00,69.76,70.17,69.74,69.9,1000.0
2025-07-10 18:00:00,69.91,69.98,69.41,69.5,920.0
2025-07-10 19:00:00,69.5,69.84,69.48,69.63,542.0
2025-07-10 20:00:00,69.62,69.72,69.46,69.56,480.0
2025-07-10 21:00:00,69.55,69.82,69.37,69.7,634.0
2025-07-10 22:00:00,69.7,69.75,69.68,69.74,235.0
2025-07-11 03:00:00,69.65,69.72,69.45,69.46,351.0
2025-07-11 04:00:00,69.45,69.94,69.44,69.89,434.0
2025-07-11 05:00:00,69.88,69.91,69.64,69.65,218.0
2025-07-11 06:00:00,69.64,69.74,69.56,69.67,207.0
2025-07-11 07:00:00,69.69,69.69,69.48,69.5,110.0
2025-07-11 08:00:00,69.49,69.75,69.49,69.65,250.0
2025-07-11 09:00:00,69.64,69.99,69.63,69.87,406.0
2025-07-11 10:00:00,69.82,69.91,69.59,69.63,492.0
2025-07-11 11:00:00,69.66,69.8,69.34,69.4,754.0
2025-07-11 12:00:00,69.41,69.69,69.37,69.58,579.0
2025-07-11 13:00:00,69.56,69.86,69.54,69.76,507.0
2025-07-11 14:00:00,69.75,70.29,69.72,70.26,484.0
2025-07-11 15:00:00,70.24,70.26,70.01,70.09,576.0
2025-07-11 16:00:00,70.08,70.72,70.03,70.48,980.0
2025-07-11 17:00:00,70.45,71.04,70.42,70.95,1033.0
2025-07-11 18:00:00,70.96,71.31,70.95,71.29,848.0
2025-07-11 19:00:00,71.29,71.29,71.0,71.06,600.0
2025-07-11 20:00:00,71.06,71.3,71.02,71.27,429.0
2025-07-11 21:00:00,71.28,71.34,71.06,71.33,628.0
2025-07-11 22:00:00,71.33,71.39,71.28,71.39,219.0
2025-07-14 03:00:00,71.25,71.25,71.09,71.21,215.0
2025-07-14 04:00:00,71.2,71.27,71.04,71.1,401.0
2025-07-14 05:00:00,71.09,71.16,71.06,71.16,228.0
2025-07-14 06:00:00,71.17,71.22,71.12,71.2,181.0
2025-07-14 07:00:00,71.19,71.27,71.16,71.24,96.0
2025-07-14 08:00:00,71.2,71.25,71.15,71.15,205.0
2025-07-14 09:00:00,71.16,71.32,71.11,71.24,381.0
2025-07-14 10:00:00,71.23,71.97,71.03,71.81,729.0
2025-07-14 11:00:00,71.82,71.88,71.53,71.64,757.0
2025-07-14 12:00:00,71.63,71.97,71.45,71.96,455.0
2025-07-14 13:00:00,71.98,72.22,71.96,72.04,478.0
2025-07-14 14:00:00,72.02,72.13,71.82,72.08,403.0
2025-07-14 15:00:00,72.07,72.21,71.69,71.7,601.0
2025-07-14 16:00:00,71.72,71.72,70.92,70.96,1388.0
2025-07-14 17:00:00,70.97,71.04,70.65,70.74,921.0
2025-07-14 18:00:00,70.75,70.93,70.02,70.15,1606.0
2025-07-14 19:00:00,70.13,70.32,70.1,70.21,677.0
2025-07-14 20:00:00,70.21,70.28,69.82,69.85,618.0
2025-07-14 21:00:00,69.86,70.05,69.78,69.95,624.0
2025-07-14 22:00:00,69.94,70.08,69.8,69.86,278.0
2025-07-15 03:00:00,69.8,69.8,69.62,69.65,143.0
2025-07-15 04:00:00,69.66,69.77,69.56,69.72,399.0
2025-07-15 05:00:00,69.73,69.73,69.55,69.59,287.0
2025-07-15 06:00:00,69.59,69.59,69.48,69.53,205.0
2025-07-15 07:00:00,69.54,69.55,69.44,69.53,98.0
2025-07-15 08:00:00,69.55,69.76,69.53,69.68,339.0
2025-07-15 09:00:00,69.66,69.78,69.34,69.45,496.0
2025-07-15 10:00:00,69.43,69.45,69.23,69.36,544.0
2025-07-15 11:00:00,69.37,69.58,69.28,69.54,665.0
2025-07-15 12:00:00,69.56,70.0,69.48,69.56,624.0
2025-07-15 13:00:00,69.57,69.7,69.43,69.68,445.0
2025-07-15 14:00:00,69.66,69.93,69.59,69.88,516.0
2025-07-15 15:00:00,69.89,70.05,69.74,69.76,795.0
2025-07-15 16:00:00,69.77,69.99,69.55,69.64,1089.0
2025-07-15 17:00:00,69.65,69.82,69.4,69.65,1077.0
2025-07-15 18:00:00,69.65,70.02,69.34,69.49,1237.0
2025-07-15 19:00:00,69.49,69.62,69.23,69.23,736.0
2025-07-15 20:00:00,69.24,69.45,69.23,69.34,550.0
2025-07-15 21:00:00,69.34,69.47,69.28,69.42,497.0
2025-07-15 22:00:00,69.41,69.49,69.41,69.45,188.0
2025-07-16 03:00:00,69.58,69.6,69.49,69.57,125.0
2025-07-16 04:00:00,69.56,69.68,69.55,69.66,241.0
2025-07-16 05:00:00,69.67,69.67,69.45,69.48,204.0
2025-07-16 06:00:00,69.49,69.53,69.41,69.45,115.0
2025-07-16 07:00:00,69.45,69.48,69.4,69.45,68.0
2025-07-16 08:00:00,69.47,69.6,69.45,69.45,257.0
2025-07-16 09:00:00,69.44,69.67,69.4,69.54,385.0
2025-07-16 10:00:00,69.53,69.53,69.24,69.25,320.0
2025-07-16 11:00:00,69.24,69.25,69.05,69.14,447.0
2025-07-16 12:00:00,69.13,69.2,68.89,69.03,441.0
2025-07-16 13:00:00,69.04,69.21,68.92,68.94,411.0
2025-07-16 14:00:00,68.94,68.98,68.55,68.56,415.0
2025-07-16 15:00:00,68.57,68.79,68.51,68.73,560.0
2025-07-16 16:00:00,68.74,68.93,68.48,68.56,1042.0
2025-07-16 17:00:00,68.57,68.74,68.3,68.57,1227.0
2025-07-16 18:00:00,68.56,68.85,68.44,68.72,1409.0
2025-07-16 19:00:00,68.7,69.11,68.62,69.04,886.0
2025-07-16 20:00:00,69.03,69.4,68.96,69.36,758.0
2025-07-16 21:00:00,69.36,69.47,69.02,69.38,716.0
2025-07-16 22:00:00,69.38,69.44,69.2,69.36,255.0
2025-07-17 03:00:00,69.31,69.55,69.31,69.48,130.0
2025-07-17 04:00:00,69.46,69.57,69.34,69.4,300.0
2025-07-17 05:00:00,69.39,69.43,69.28,69.39,159.0
2025-07-17 06:00:00,69.38,69.53,69.36,69.43,136.0
2025-07-17 07:00:00,69.4,69.42,69.29,69.32,117.0
2025-07-17 08:00:00,69.31,69.34,69.28,69.34,213.0
2025-07-17 09:00:00,69.34,69.34,69.07,69.09,277.0
2025-07-17 10:00:00,69.1,69.13,68.89,68.94,359.0
2025-07-17 11:00:00,68.96,69.28,68.86,69.04,603.0
2025-07-17 12:00:00,69.05,69.17,68.83,69.07,397.0
2025-07-17 13:00:00,69.06,69.36,69.06,69.21,474.0
2025-07-17 14:00:00,69.19,69.31,69.06,69.28,469.0
2025-07-17 15:00:00,69.29,69.53,69.15,69.17,707.0
2025-07-17 16:00:00,69.19,69.34,68.93,69.17,1051.0
2025-07-17 17:00:00,69.18,69.44,68.93,69.43,907.0
2025-07-17 18:00:00,69.44,69.67,69.39,69.57,958.0
2025-07-17 19:00:00,69.58,69.96,69.54,69.91,658.0
2025-07-17 20:00:00,69.92,69.97,69.72,69.76,488.0
2025-07-17 21:00:00,69.77,70.17,69.75,70.14,576.0
2025-07-17 22:00:00,70.15,70.18,70.08,70.13,173.0
2025-07-18 03:00:00,70.06,70.18,70.0,70.14,138.0
2025-07-18 04:00:00,70.15,70.21,69.97,70.02,382.0
2025-07-18 05:00:00,70.03,70.06,69.94,70.02,237.0
2025-07-18 06:00:00,70.03,70.03,69.93,69.99,146.0
2025-07-18 07:00:00,69.98,70.43,69.97,70.35,200.0
2025-07-18 08:00:00,70.34,70.4,70.21,70.24,293.0
2025-07-18 09:00:00,70.25,70.83,70.18,70.63,681.0
2025-07-18 10:00:00,70.62,70.62,70.2,70.25,627.0
2025-07-18 11:00:00,70.29,70.53,70.12,70.51,677.0
2025-07-18 12:00:00,70.52,70.93,70.42,70.8,716.0
2025-07-18 13:00:00,70.82,70.86,70.48,70.51,522.0
2025-07-18 14:00:00,70.5,70.93,70.39,70.93,441.0
2025-07-18 15:00:00,70.94,71.3,70.8,70.87,780.0
2025-07-18 16:00:00,70.84,70.96,70.56,70.7,1073.0
2025-07-18 17:00:00,70.72,71.06,70.72,70.94,1068.0
2025-07-18 18:00:00,70.92,70.97,69.79,70.16,1741.0
2025-07-18 19:00:00,70.15,70.16,69.75,69.8,632.0
2025-07-18 20:00:00,69.82,69.94,69.68,69.72,447.0
2025-07-18 21:00:00,69.71,69.91,69.66,69.88,526.0
2025-07-18 22:00:00,69.89,69.92,69.71,69.73,224.0
2025-07-21 03:00:00,69.74,69.84,69.65,69.78,139.0
2025-07-21 04:00:00,69.77,69.91,69.7,69.77,503.0
2025-07-21 05:00:00,69.76,69.78,69.64,69.7,251.0
2025-07-21 06:00:00,69.71,69.82,69.7,69.79,169.0
2025-07-21 07:00:00,69.77,69.81,69.73,69.73,59.0
2025-07-21 08:00:00,69.75,70.02,69.75,69.9,281.0
2025-07-21 09:00:00,69.89,69.97,69.51,69.58,448.0
2025-07-21 10:00:00,69.57,69.78,69.48,69.56,519.0
2025-07-21 11:00:00,69.57,69.8,69.25,69.3,705.0
2025-07-21 12:00:00,69.33,69.45,69.13,69.44,560.0
2025-07-21 13:00:00,69.43,69.56,69.3,69.47,406.0
2025-07-21 14:00:00,69.48,69.68,69.45,69.53,471.0
2025-07-21 15:00:00,69.52,69.62,69.32,69.34,521.0
2025-07-21 16:00:00,69.37,69.5,69.06,69.11,1056.0
2025-07-21 17:00:00,69.09,69.31,68.83,69.24,923.0
2025-07-21 18:00:00,69.24,69.53,69.07,69.09,870.0
2025-07-21 19:00:00,69.08,69.4,69.08,69.15,430.0
2025-07-21 20:00:00,69.14,69.58,69.12,69.56,487.0
2025-07-21 21:00:00,69.55,69.64,69.4,69.42,518.0
2025-07-21 22:00:00,69.43,69.47,69.37,69.37,212.0
2025-07-22 03:00:00,69.46,69.47,69.29,69.33,131.0
2025-07-22 04:00:00,69.34,69.34,69.02,69.04,398.0
2025-07-22 05:00:00,69.03,69.08,68.93,69.07,288.0
2025-07-22 06:00:00,69.06,69.08,68.97,69.0,154.0
2025-07-22 07:00:00,68.99,69.0,68.83,68.93,119.0
2025-07-22 08:00:00,68.94,69.18,68.88,69.08,299.0
2025-07-22 09:00:00,69.07,69.34,69.05,69.28,418.0
2025-07-22 10:00:00,69.25,69.28,68.82,68.84,512.0
2025-07-22 11:00:00,68.81,69.07,68.66,68.88,881.0
2025-07-22 12:00:00,68.87,69.09,68.83,68.92,611.0
2025-07-22 13:00:00,68.91,69.1,68.83,68.99,525.0
2025-07-22 14:00:00,68.96,69.14,68.84,68.89,533.0
2025-07-22 15:00:00,68.87,69.39,68.85,68.97,642.0
2025-07-22 16:00:00,68.96,69.08,68.58,68.67,1314.0
2025-07-22 17:00:00,68.71,68.96,68.52,68.61,1114.0
2025-07-22 18:00:00,68.6,69.01,68.53,68.65,1105.0
2025-07-22 19:00:00,68.63,68.81,68.5,68.78,564.0
2025-07-22 20:00:00,68.77,69.0,68.65,68.76,542.0
2025-07-22 21:00:00,68.75,69.17,68.63,69.16,635.0
2025-07-22 22:00:00,69.15,69.27,69.13,69.15,210.0
2025-07-23 03:00:00,69.22,69.3,69.14,69.27,222.0
2025-07-23 04:00:00,69.26,69.38,69.05,69.12,618.0
2025-07-23 05:00:00,69.13,69.25,69.01,69.09,357.0
2025-07-23 06:00:00,69.08,69.16,69.04,69.12,241.0
2025-07-23 07:00:00,69.11,69.19,69.09,69.13,108.0
2025-07-23 08:00:00,69.14,69.27,69.09,69.14,311.0
2025-07-23 09:00:00,69.13,69.13,68.81,68.95,336.0
2025-07-23 10:00:00,68.95,69.14,68.84,68.85,505.0
2025-07-23 11:00:00,68.87,68.94,68.68,68.72,728.0
2025-07-23 12:00:00,68.73,68.94,68.52,68.56,617.0
2025-07-23 13:00:00,68.55,68.6,68.34,68.43,494.0
2025-07-23 14:00:00,68.44,68.51,68.33,68.41,448.0
2025-07-23 15:00:00,68.42,68.66,68.36,68.6,577.0
2025-07-23 16:00:00,68.62,68.84,68.4,68.47,1074.0
2025-07-23 17:00:00,68.47,68.72,68.36,68.51,1173.0
2025-07-23 18:00:00,68.5,68.7,68.32,68.68,974.0
2025-07-23 19:00:00,68.69,68.86,68.59,68.67,791.0
2025-07-23 20:00:00,68.67,68.89,68.61,68.76,579.0
2025-07-23 21:00:00,68.78,69.03,68.72,68.95,522.0
2025-07-23 22:00:00,68.96,69.07,68.95,69.02,203.0
2025-07-24 03:00:00,69.0,69.1,68.96,68.99,162.0
2025-07-24 04:00:00,68.98,69.11,68.91,68.96,354.0
2025-07-24 05:00:00,68.97,68.99,68.89,68.99,234.0
2025-07-24 06:00:00,68.98,69.08,68.97,69.07,187.0
2025-07-24 07:00:00,69.08,69.12,69.03,69.11,86.0
2025-07-24 08:00:00,69.1,69.11,68.91,68.93,243.0
2025-07-24 09:00:00,68.94,69.73,68.92,69.39,677.0
2025-07-24 10:00:00,69.37,69.41,69.18,69.24,611.0
2025-07-24 11:00:00,69.26,69.55,69.2,69.35,768.0
2025-07-24 12:00:00,69.36,69.81,69.33,69.64,561.0
2025-07-24 13:00:00,69.63,69.64,69.24,69.4,416.0
2025-07-24 14:00:00,69.38,69.42,69.11,69.26,403.0
2025-07-24 15:00:00,69.23,69.51,69.09,69.48,552.0
2025-07-24 16:00:00,69.5,69.58,69.12,69.39,1179.0
2025-07-24 17:00:00,69.4,69.75,69.29,69.66,1129.0
2025-07-24 18:00:00,69.65,69.79,69.36,69.69,1121.0
2025-07-24 19:00:00,69.69,69.73,68.82,68.83,998.0
2025-07-24 20:00:00,68.85,68.95,68.75,68.82,687.0
2025-07-24 21:00:00,68.82,69.5,68.81,69.49,590.0
2025-07-24 22:00:00,69.49,69.63,69.48,69.55,234.0
2025-07-25 03:00:00,69.57,69.59,69.48,69.48,94.0
2025-07-25 04:00:00,69.49,69.75,69.41,69.71,558.0
2025-07-25 05:00:00,69.73,69.82,69.67,69.69,274.0
2025-07-25 06:00:00,69.7,69.75,69.46,69.49,269.0
2025-07-25 07:00:00,69.48,69.59,69.48,69.5,101.0
2025-07-25 08:00:00,69.49,69.9,69.48,69.85,287.0
2025-07-25 09:00:00,69.87,69.99,69.75,69.9,375.0
2025-07-25 10:00:00,69.88,69.94,69.61,69.67,464.0
2025-07-25 11:00:00,69.65,69.86,69.55,69.6,644.0
2025-07-25 12:00:00,69.61,69.74,69.44,69.59,534.0
2025-07-25 13:00:00,69.58,69.67,69.44,69.66,411.0
2025-07-25 14:00:00,69.67,69.67,69.53,69.63,318.0
2025-07-25 15:00:00,69.66,69.87,69.56,69.83,541.0
2025-07-25 16:00:00,69.87,69.87,69.22,69.25,1100.0
2025-07-25 17:00:00,69.26,69.31,68.95,69.02,993.0
2025-07-25 18:00:00,69.03,69.1,68.73,68.77,814.0
2025-07-25 19:00:00,68.77,68.94,68.75,68.85,526.0
2025-07-25 20:00:00,68.86,68.99,68.58,68.63,531.0
2025-07-25 21:00:00,68.61,68.73,68.58,68.63,440.0
2025-07-25 22:00:00,68.63,68.69,68.56,68.57,160.0
2025-07-28 03:00:00,68.7,68.81,68.7,68.81,118.0
2025-07-28 04:00:00,68.8,68.97,68.73,68.79,403.0
2025-07-28 05:00:00,68.8,68.91,68.75,68.9,191.0
2025-07-28 06:00:00,68.89,68.89,68.7,68.79,201.0
2025-07-28 07:00:00,68.8,68.94,68.77,68.93,79.0
2025-07-28 08:00:00,68.94,69.05,68.85,68.93,198.0
2025-07-28 09:00:00,68.94,69.2,68.9,69.11,371.0
2025-07-28 10:00:00,69.1,69.16,68.71,68.79,488.0
2025-07-28 11:00:00,68.8,69.19,68.74,69.17,574.0
2025-07-28 12:00:00,69.16,69.23,69.03,69.22,427.0
2025-07-28 13:00:00,69.21,69.37,69.17,69.29,342.0
2025-07-28 14:00:00,69.28,69.63,69.27,69.61,361.0
2025-07-28 15:00:00,69.62,69.94,69.62,69.89,586.0
2025-07-28 16:00:00,69.86,70.49,69.76,70.27,1488.0
2025-07-28 17:00:00,70.26,70.38,69.92,69.98,945.0
2025-07-28 18:00:00,69.97,70.09,69.79,69.97,802.0
2025-07-28 19:00:00,69.98,70.12,69.96,70.08,402.0
2025-07-28 20:00:00,70.09,70.16,69.92,70.09,377.0
2025-07-28 21:00:00,70.09,70.46,69.98,70.44,573.0
2025-07-28 22:00:00,70.43,70.65,70.36,70.62,179.0
2025-07-29 03:00:00,70.42,70.45,70.36,70.4,113.0
2025-07-29 04:00:00,70.39,70.39,70.2,70.2,267.0
2025-07-29 05:00:00,70.19,70.36,70.17,70.34,181.0
2025-07-29 06:00:00,70.33,70.33,70.14,70.14,131.0
2025-07-29 07:00:00,70.15,70.19,70.12,70.17,91.0
2025-07-29 08:00:00,70.16,70.28,70.09,70.28,173.0
2025-07-29 09:00:00,70.27,70.36,70.19,70.23,297.0
2025-07-29 10:00:00,70.2,70.41,70.12,70.15,492.0
2025-07-29 11:00:00,70.17,70.74,70.14,70.73,623.0
2025-07-29 12:00:00,70.71,70.74,70.56,70.59,356.0
2025-07-29 13:00:00,70.58,70.71,70.29,70.3,364.0
2025-07-29 14:00:00,70.31,70.44,70.22,70.4,329.0
2025-07-29 15:00:00,70.37,70.75,70.35,70.73,439.0
2025-07-29 16:00:00,70.72,71.03,70.62,71.0,819.0
2025-07-29 17:00:00,71.01,71.14,70.93,70.96,767.0
2025-07-29 18:00:00,70.93,71.24,70.89,71.18,808.0
2025-07-29 19:00:00,71.19,71.33,71.11,71.2,454.0
2025-07-29 20:00:00,71.19,72.51,71.11,72.35,1137.0
2025-07-29 21:00:00,72.36,73.16,72.16,72.89,1176.0
2025-07-29 22:00:00,72.88,72.93,72.71,72.79,372.0
2025-07-30 03:00:00,72.57,72.73,72.57,72.68,283.0
2025-07-30 04:00:00,72.62,72.69,72.47,72.69,463.0
2025-07-30 05:00:00,72.68,72.7,72.57,72.57,226.0
2025-07-30 06:00:00,72.58,72.7,72.45,72.69,253.0
2025-07-30 07:00:00,72.7,72.77,72.68,72.7,121.0
2025-07-30 08:00:00,72.69,72.7,72.53,72.55,159.0
2025-07-30 09:00:00,72.52,72.73,72.44,72.68,391.0
2025-07-30 10:00:00,72.69,73.15,72.62,73.09,572.0
2025-07-30 11:00:00,73.1,73.13,72.19,72.3,854.0
2025-07-30 12:00:00,72.28,72.31,72.08,72.16,523.0
2025-07-30 13:00:00,72.15,72.18,71.83,71.93,469.0
2025-07-30 14:00:00,71.94,72.34,71.86,72.29,494.0
2025-07-30 15:00:00,72.32,73.0,72.3,72.97,1011.0
2025-07-30 16:00:00,72.96,73.1,72.72,72.91,1066.0
2025-07-30 17:00:00,72.92,73.04,72.64,73.01,1053.0
2025-07-30 18:00:00,73.03,73.49,72.93,73.43,897.0
2025-07-30 19:00:00,73.41,73.58,73.31,73.49,691.0
2025-07-30 20:00:00,73.46,73.76,73.42,73.69,507.0
2025-07-30 21:00:00,73.68,73.69,73.25,73.5,872.0
2025-07-30 22:00:00,73.48,73.75,73.41,73.69,446.0
2025-07-31 03:00:00,73.69,73.7,73.49,73.5,266.0
2025-07-31 04:00:00,73.51,73.51,73.28,73.3,329.0
2025-07-31 05:00:00,73.3,73.32,73.19,73.29,250.0
2025-07-31 06:00:00,73.3,73.3,73.18,73.19,159.0
2025-07-31 07:00:00,73.17,73.24,73.09,73.11,164.0
2025-07-31 08:00:00,73.12,73.26,73.06,73.24,272.0
2025-07-31 09:00:00,73.25,73.4,73.06,73.17,437.0
2025-07-31 10:00:00,73.16,73.52,73.1,73.42,496.0
2025-07-31 11:00:00,73.41,73.45,73.04,73.19,637.0
2025-07-31 12:00:00,73.18,73.2,72.68,72.68,396.0
2025-07-31 13:00:00,72.67,72.98,72.65,72.96,387.0
2025-07-31 14:00:00,72.95,73.06,72.71,72.93,527.0
2025-07-31 15:00:00,72.94,72.96,72.76,72.83,488.0
2025-07-31 16:00:00,72.84,72.92,72.49,72.75,1028.0
2025-07-31 17:00:00,72.74,73.13,72.41,72.42,835.0
2025-07-31 18:00:00,72.43,72.48,71.89,71.99,1185.0
2025-07-31 19:00:00,72.0,72.74,71.97,72.58,748.0
2025-07-31 20:00:00,72.57,72.65,72.23,72.39,600.0
2025-07-31 21:00:00,72.38,72.76,72.2,72.53,619.0
2025-07-31 22:00:00,72.52,72.53,72.37,72.49,254.0
2025-08-01 03:00:00,72.58,72.71,72.54,72.54,235.0
2025-08-01 04:00:00,72.55,72.65,72.49,72.63,322.0
2025-08-01 05:00:00,72.62,72.69,72.42,72.54,309.0
2025-08-01 06:00:00,72.55,72.72,72.51,72.71,194.0
2025-08-01 07:00:00,72.7,72.83,72.69,72.74,127.0
2025-08-01 08:00:00,72.75,72.77,72.55,72.62,261.0
2025-08-01 09:00:00,72.63,72.79,72.39,72.51,407.0
2025-08-01 10:00:00,72.53,72.65,72.29,72.53,660.0
2025-08-01 11:00:00,72.54,72.8,72.07,72.2,866.0
2025-08-01 12:00:00,72.21,72.41,72.03,72.39,636.0
2025-08-01 13:00:00,72.4,72.48,71.85,71.89,553.0
2025-08-01 14:00:00,71.9,72.07,71.77,71.98,514.0
2025-08-01 15:00:00,71.97,72.66,71.94,72.39,1191.0
2025-08-01 16:00:00,72.38,72.7,71.65,71.65,1648.0
2025-08-01 17:00:00,71.62,71.62,70.46,70.48,1972.0
2025-08-01 18:00:00,70.54,70.77,70.43,70.55,1294.0
2025-08-01 19:00:00,70.55,70.87,70.25,70.66,1014.0
2025-08-01 20:00:00,70.67,70.83,70.43,70.49,975.0
2025-08-01 21:00:00,70.5,70.55,70.28,70.42,725.0
2025-08-01 22:00:00,70.44,70.46,70.25,70.36,317.0
2025-08-04 03:00:00,69.96,70.17,69.91,70.17,258.0
2025-08-04 04:00:00,70.16,70.26,69.89,70.21,547.0
2025-08-04 05:00:00,70.22,70.31,70.14,70.24,292.0
2025-08-04 06:00:00,70.25,70.3,70.17,70.22,208.0
2025-08-04 07:00:00,70.21,70.31,70.12,70.19,102.0
2025-08-04 08:00:00,70.2,70.39,70.17,70.38,212.0
2025-08-04 09:00:00,70.39,70.61,70.39,70.55,310.0
2025-08-04 10:00:00,70.53,70.72,70.38,70.49,482.0
2025-08-04 11:00:00,70.46,70.51,69.45,69.53,839.0
2025-08-04 12:00:00,69.52,69.75,69.51,69.51,685.0
2025-08-04 13:00:00,69.48,69.62,69.25,69.32,508.0
2025-08-04 14:00:00,69.31,69.33,69.14,69.17,477.0
2025-08-04 15:00:00,69.18,69.22,68.74,68.75,753.0
2025-08-04 16:00:00,68.79,69.02,68.72,68.87,1083.0
2025-08-04 17:00:00,68.86,70.08,68.82,70.01,1291.0
2025-08-04 18:00:00,69.97,70.11,69.74,69.9,1186.0
2025-08-04 19:00:00,69.9,69.96,69.45,69.5,643.0
2025-08-04 20:00:00,69.52,69.63,69.42,69.48,453.0
2025-08-04 21:00:00,69.47,69.64,69.27,69.38,441.0
2025-08-04 22:00:00,69.37,69.44,69.2,69.32,230.0
2025-08-05 03:00:00,69.47,69.55,69.38,69.4,115.0
2025-08-05 04:00:00,69.39,69.57,69.38,69.43,383.0
2025-08-05 05:00:00,69.44,69.45,69.27,69.31,180.0
2025-08-05 06:00:00,69.29,69.36,69.2,69.35,138.0
2025-08-05 07:00:00,69.36,69.39,69.31,69.37,71.0
2025-08-05 08:00:00,69.36,69.51,69.2,69.47,226.0
2025-08-05 09:00:00,69.46,69.55,69.27,69.29,311.0
2025-08-05 10:00:00,69.3,69.47,68.99,69.21,575.0
2025-08-05 11:00:00,69.2,69.52,69.03,69.1,740.0
2025-08-05 12:00:00,69.11,69.17,68.64,68.64,593.0
2025-08-05 13:00:00,68.65,68.87,68.63,68.73,458.0
2025-08-05 14:00:00,68.74,68.97,68.71,68.9,458.0
2025-08-05 15:00:00,68.91,68.97,68.39,68.53,1001.0
2025-08-05 16:00:00,68.54,68.87,68.49,68.72,1029.0
2025-08-05 17:00:00,68.7,68.88,68.39,68.64,1172.0
2025-08-05 18:00:00,68.63,68.77,68.45,68.59,911.0
2025-08-05 19:00:00,68.6,68.92,68.21,68.45,901.0
2025-08-05 20:00:00,68.47,68.73,68.28,68.49,732.0
2025-08-05 21:00:00,68.53,68.56,68.25,68.29,475.0
2025-08-05 22:00:00,68.28,68.37,68.26,68.33,131.0
2025-08-06 03:00:00,68.43,68.49,68.4,68.48,99.0
2025-08-06 04:00:00,68.47,68.7,68.47,68.67,231.0
2025-08-06 05:00:00,68.66,68.73,68.61,68.65,177.0
2025-08-06 06:00:00,68.66,68.76,68.65,68.74,118.0
2025-08-06 07:00:00,68.76,68.79,68.7,68.75,80.0
2025-08-06 08:00:00,68.74,68.76,68.62,68.68,160.0
2025-08-06 09:00:00,68.69,68.83,68.67,68.82,326.0
2025-08-06 10:00:00,68.81,69.07,68.79,68.87,434.0
2025-08-06 11:00:00,68.85,69.31,68.82,69.23,590.0
2025-08-06 12:00:00,69.24,69.42,69.11,69.36,455.0
2025-08-06 13:00:00,69.34,69.47,69.27,69.42,363.0
2025-08-06 14:00:00,69.41,69.44,69.2,69.31,311.0
2025-08-06 15:00:00,69.32,69.37,68.93,69.28,679.0
2025-08-06 16:00:00,69.3,69.84,69.22,69.52,928.0
2025-08-06 17:00:00,69.52,69.67,68.63,69.09,1698.0
2025-08-06 18:00:00,69.1,69.25,68.06,68.08,1329.0
2025-08-06 19:00:00,68.09,68.82,67.87,68.51,1442.0
2025-08-06 20:00:00,68.53,68.55,68.03,68.04,799.0
2025-08-06 21:00:00,68.03,68.13,67.3,67.33,1228.0
2025-08-06 22:00:00,67.32,67.35,66.86,67.28,640.0
2025-08-07 03:00:00,67.49,67.87,67.49,67.86,224.0
2025-08-07 04:00:00,67.85,68.13,67.84,68.06,411.0
2025-08-07 05:00:00,68.06,68.21,68.01,68.11,260.0
2025-08-07 06:00:00,68.12,68.18,68.06,68.17,167.0
2025-08-07 07:00:00,68.14,68.14,67.95,67.97,144.0
2025-08-07 08:00:00,67.96,68.01,67.83,67.89,274.0
2025-08-07 09:00:00,67.9,68.02,67.85,67.93,352.0
2025-08-07 10:00:00,67.92,68.1,67.86,67.88,573.0
2025-08-07 11:00:00,67.89,67.92,67.32,67.74,1123.0
2025-08-07 12:00:00,67.76,68.04,67.71,68.03,542.0
2025-08-07 13:00:00,68.04,68.29,67.9,68.04,550.0
2025-08-07 14:00:00,68.03,68.13,67.73,67.8,541.0
2025-08-07 15:00:00,67.81,68.01,67.79,67.85,562.0
2025-08-07 16:00:00,67.86,67.89,67.39,67.61,1032.0
2025-08-07 17:00:00,67.62,67.72,67.24,67.25,987.0
2025-08-07 18:00:00,67.24,67.45,67.06,67.22,883.0
2025-08-07 19:00:00,67.2,67.62,67.2,67.38,601.0
2025-08-07 20:00:00,67.38,67.42,67.04,67.26,589.0
2025-08-07 21:00:00,67.26,67.33,66.95,66.99,410.0
2025-08-07 22:00:00,66.98,67.0,66.89,66.91,115.0
2025-08-08 03:00:00,66.97,67.03,66.94,67.02,140.0
2025-08-08 04:00:00,67.01,67.1,66.99,67.02,277.0
2025-08-08 05:00:00,67.03,67.12,66.92,66.99,214.0
2025-08-08 06:00:00,67.0,67.03,66.88,67.0,154.0
2025-08-08 07:00:00,66.99,67.0,66.92,66.92,50.0
2025-08-08 08:00:00,66.93,66.94,66.76,66.76,222.0
2025-08-08 09:00:00,66.75,66.78,66.39,66.5,410.0
2025-08-08 10:00:00,66.51,67.15,66.46,67.08,625.0
2025-08-08 11:00:00,67.1,67.3,66.79,67.29,824.0
2025-08-08 12:00:00,67.28,67.44,67.08,67.41,476.0
2025-08-08 13:00:00,67.4,67.66,67.3,67.54,554.0
2025-08-08 14:00:00,67.53,67.58,67.25,67.33,426.0
2025-08-08 15:00:00,67.32,67.53,67.27,67.36,445.0
2025-08-08 16:00:00,67.38,67.79,67.11,67.64,1009.0
2025-08-08 17:00:00,67.64,67.66,66.12,66.81,1988.0
2025-08-08 18:00:00,66.8,67.6,66.75,67.5,1189.0
2025-08-08 19:00:00,67.52,67.59,67.26,67.37,695.0
2025-08-08 20:00:00,67.35,67.68,67.09,67.25,708.0
2025-08-08 21:00:00,67.23,67.32,67.01,67.02,608.0
2025-08-08 22:00:00,67.01,67.13,66.94,67.02,236.0
2025-08-11 03:00:00,66.69,66.73,66.3,66.37,248.0
2025-08-11 04:00:00,66.38,66.78,66.38,66.76,492.0
2025-08-11 05:00:00,66.77,66.83,66.66,66.78,275.0
2025-08-11 06:00:00,66.79,66.83,66.74,66.79,187.0
2025-08-11 07:00:00,66.81,66.82,66.67,66.7,110.0
2025-08-11 08:00:00,66.7,66.8,66.66,66.79,188.0
2025-08-11 09:00:00,66.78,66.95,66.4,66.56,496.0
2025-08-11 10:00:00,66.53,66.7,66.38,66.4,560.0
2025-08-11 11:00:00,66.41,66.95,66.41,66.73,771.0
2025-08-11 12:00:00,66.74,67.16,66.7,67.12,453.0
2025-08-11 13:00:00,67.11,67.26,67.11,67.23,297.0
2025-08-11 14:00:00,67.24,67.52,67.2,67.5,433.0
2025-08-11 15:00:00,67.49,67.53,67.35,67.45,449.0
2025-08-11 16:00:00,67.42,67.62,67.29,67.35,878.0
2025-08-11 17:00:00,67.37,67.61,66.87,66.88,968.0
2025-08-11 18:00:00,66.88,67.38,66.87,66.98,1095.0
2025-08-11 19:00:00,66.97,67.31,66.95,67.24,564.0
2025-08-11 20:00:00,67.23,67.35,67.04,67.14,478.0
2025-08-11 21:00:00,67.13,67.33,67.09,67.19,502.0
2025-08-11 22:00:00,67.2,67.33,67.19,67.24,219.0
2025-08-12 03:00:00,67.27,67.4,67.25,67.25,135.0
2025-08-12 04:00:00,67.26,67.26,67.08,67.18,308.0
2025-08-12 05:00:00,67.19,67.28,67.12,67.25,234.0
2025-08-12 06:00:00,67.26,67.38,67.23,67.32,160.0
2025-08-12 07:00:00,67.31,67.48,67.29,67.46,112.0
2025-08-12 08:00:00,67.45,67.47,67.35,67.39,210.0
2025-08-12 09:00:00,67.4,67.49,67.18,67.33,314.0
2025-08-12 10:00:00,67.32,67.44,67.28,67.36,470.0
2025-08-12 11:00:00,67.33,67.42,66.99,67.06,669.0
2025-08-12 12:00:00,67.07,67.27,67.0,67.24,477.0
2025-08-12 13:00:00,67.23,67.53,67.02,67.18,466.0
2025-08-12 14:00:00,67.19,67.19,66.74,66.76,407.0
2025-08-12 15:00:00,66.77,66.88,66.59,66.68,594.0
2025-08-12 16:00:00,66.72,66.93,66.54,66.78,1031.0
2025-08-12 17:00:00,66.79,66.95,66.75,66.88,768.0
2025-08-12 18:00:00,66.88,67.09,66.55,66.64,858.0
2025-08-12 19:00:00,66.63,66.73,66.46,66.58,527.0
2025-08-12 20:00:00,66.57,66.78,66.55,66.62,484.0
2025-08-12 21:00:00,66.63,66.67,66.5,66.62,495.0
2025-08-12 22:00:00,66.63,66.66,66.58,66.59,198.0
2025-08-13 03:00:00,66.6,66.62,66.57,66.61,89.0
2025-08-13 04:00:00,66.59,66.65,66.46,66.6,370.0
2025-08-13 05:00:00,66.61,66.61,66.42,66.44,187.0
2025-08-13 06:00:00,66.43,66.63,66.43,66.63,135.0
2025-08-13 07:00:00,66.64,66.69,66.61,66.64,73.0
2025-08-13 08:00:00,66.65,66.71,66.5,66.51,136.0
2025-08-13 09:00:00,66.52,66.77,66.31,66.61,370.0
2025-08-13 10:00:00,66.55,66.59,66.33,66.4,467.0
2025-08-13 11:00:00,66.41,66.45,66.01,66.3,619.0
2025-08-13 12:00:00,66.31,66.49,66.19,66.22,429.0
2025-08-13 13:00:00,66.23,66.27,66.09,66.11,334.0
2025-08-13 14:00:00,66.09,66.37,66.09,66.33,367.0
2025-08-13 15:00:00,66.32,66.76,66.28,66.62,586.0
2025-08-13 16:00:00,66.64,66.64,66.34,66.38,771.0
2025-08-13 17:00:00,66.39,66.47,65.68,65.8,1127.0
2025-08-13 18:00:00,65.79,66.03,65.46,65.49,911.0
2025-08-13 19:00:00,65.5,65.84,65.45,65.7,606.0
2025-08-13 20:00:00,65.7,66.15,65.67,66.0,550.0
2025-08-13 21:00:00,66.01,66.14,65.92,65.94,590.0
2025-08-13 22:00:00,65.96,66.26,65.95,66.17,155.0
2025-08-14 03:00:00,66.21,66.33,66.19,66.31,145.0
2025-08-14 04:00:00,66.3,66.32,66.16,66.3,332.0
2025-08-14 05:00:00,66.31,66.4,66.25,66.33,198.0
2025-08-14 06:00:00,66.32,66.36,66.26,66.27,149.0
2025-08-14 07:00:00,66.28,66.33,66.26,66.31,80.0
2025-08-14 08:00:00,66.3,66.46,66.21,66.35,268.0
2025-08-14 09:00:00,66.34,66.49,66.18,66.39,462.0
2025-08-14 10:00:00,66.37,66.49,66.18,66.23,489.0
2025-08-14 11:00:00,66.25,66.43,66.14,66.23,601.0
2025-08-14 12:00:00,66.24,66.44,66.23,66.4,406.0
2025-08-14 13:00:00,66.43,66.44,65.99,66.05,382.0
2025-08-14 14:00:00,66.04,66.38,66.03,66.32,365.0
2025-08-14 15:00:00,66.31,66.61,66.22,66.49,556.0
2025-08-14 16:00:00,66.47,67.11,66.44,66.88,1024.0
2025-08-14 17:00:00,66.91,66.99,66.61,66.84,698.0
2025-08-14 18:00:00,66.87,67.27,66.84,67.15,793.0
2025-08-14 19:00:00,67.15,67.29,67.09,67.12,521.0
2025-08-14 20:00:00,67.11,67.24,66.9,67.19,492.0
2025-08-14 21:00:00,67.19,67.39,67.09,67.37,536.0
2025-08-14 22:00:00,67.37,67.41,67.34,67.37,159.0
2025-08-15 03:00:00,67.27,67.45,67.14,67.17,195.0
2025-08-15 04:00:00,67.18,67.27,67.11,67.26,294.0
2025-08-15 05:00:00,67.25,67.29,67.14,67.19,197.0
2025-08-15 06:00:00,67.18,67.22,67.1,67.14,151.0
2025-08-15 07:00:00,67.13,67.18,67.02,67.06,92.0
2025-08-15 08:00:00,67.04,67.22,67.01,67.13,191.0
2025-08-15 09:00:00,67.14,67.14,66.91,66.97,342.0
2025-08-15 10:00:00,66.92,66.98,66.75,66.82,453.0
2025-08-15 11:00:00,66.85,66.89,66.54,66.55,533.0
2025-08-15 12:00:00,66.56,66.92,66.56,66.89,414.0
2025-08-15 13:00:00,66.88,66.97,66.76,66.93,336.0
2025-08-15 14:00:00,66.91,67.03,66.67,67.0,348.0
2025-08-15 15:00:00,67.01,67.01,66.7,66.72,511.0
2025-08-15 16:00:00,66.7,66.7,66.27,66.66,1010.0
2025-08-15 17:00:00,66.65,66.92,66.42,66.79,900.0
2025-08-15 18:00:00,66.8,66.91,66.55,66.56,838.0
2025-08-15 19:00:00,66.56,66.64,66.42,66.62,589.0
2025-08-15 20:00:00,66.63,66.68,66.43,66.45,437.0
2025-08-15 21:00:00,66.44,66.48,66.12,66.47,559.0
2025-08-15 22:00:00,66.45,66.54,66.2,66.51,275.0
2025-08-18 03:00:00,65.87,66.09,65.81,66.08,170.0
2025-08-18 04:00:00,66.09,66.1,65.79,66.08,540.0
2025-08-18 05:00:00,66.09,66.13,66.01,66.06,280.0
2025-08-18 06:00:00,66.07,66.18,65.99,66.16,249.0
2025-08-18 07:00:00,66.17,66.22,66.13,66.15,93.0
2025-08-18 08:00:00,66.17,66.22,66.1,66.17,251.0
2025-08-18 09:00:00,66.18,66.54,66.16,66.41,422.0
2025-08-18 10:00:00,66.39,66.39,65.98,65.99,508.0
2025-08-18 11:00:00,66.0,66.33,65.94,66.19,599.0
2025-08-18 12:00:00,66.2,66.63,66.14,66.53,406.0
2025-08-18 13:00:00,66.52,66.56,66.23,66.48,345.0
2025-08-18 14:00:00,66.49,66.51,66.26,66.37,331.0
2025-08-18 15:00:00,66.35,66.45,66.16,66.25,466.0
2025-08-18 16:00:00,66.23,66.26,65.61,65.88,977.0
2025-08-18 17:00:00,65.86,66.33,65.73,66.23,816.0
2025-08-18 18:00:00,66.24,66.48,66.16,66.44,797.0
2025-08-18 19:00:00,66.48,66.52,66.36,66.5,462.0
2025-08-18 20:00:00,66.5,67.12,66.46,66.83,783.0
2025-08-18 21:00:00,66.81,67.02,66.78,66.89,611.0
2025-08-18 22:00:00,66.88,66.89,66.72,66.84,299.0
2025-08-19 03:00:00,66.76,66.82,66.72,66.75,121.0
2025-08-19 04:00:00,66.74,66.75,66.57,66.6,313.0
2025-08-19 05:00:00,66.59,66.62,66.49,66.52,172.0
2025-08-19 06:00:00,66.51,66.63,66.5,66.53,142.0
2025-08-19 07:00:00,66.52,66.52,66.41,66.43,82.0
2025-08-19 08:00:00,66.39,66.48,66.31,66.44,204.0
2025-08-19 09:00:00,66.45,66.65,66.44,66.47,383.0
2025-08-19 10:00:00,66.48,66.48,66.22,66.33,523.0
2025-08-19 11:00:00,66.33,66.45,66.13,66.14,643.0
2025-08-19 12:00:00,66.13,66.3,66.03,66.24,525.0
2025-08-19 13:00:00,66.25,66.31,66.0,66.06,393.0
2025-08-19 14:00:00,66.05,66.39,66.01,66.34,476.0
2025-08-19 15:00:00,66.35,66.42,66.1,66.16,615.0
2025-08-19 16:00:00,66.16,66.46,65.93,66.24,740.0
2025-08-19 17:00:00,66.23,66.49,66.16,66.33,677.0
2025-08-19 18:00:00,66.33,66.47,66.03,66.04,761.0
2025-08-19 19:00:00,66.03,66.25,66.01,66.04,425.0
2025-08-19 20:00:00,66.04,66.1,65.89,65.96,403.0
2025-08-19 21:00:00,65.95,66.25,65.92,66.19,411.0
2025-08-19 22:00:00,66.21,66.28,66.11,66.18,259.0
2025-08-20 03:00:00,66.3,66.36,66.28,66.35,76.0
2025-08-20 04:00:00,66.34,66.43,66.12,66.14,363.0
2025-08-20 05:00:00,66.13,66.2,66.1,66.15,245.0
2025-08-20 06:00:00,66.14,66.22,66.08,66.13,187.0
2025-08-20 07:00:00,66.14,66.27,66.12,66.25,71.0
2025-08-20 08:00:00,66.24,66.46,66.23,66.46,210.0
2025-08-20 09:00:00,66.47,66.62,66.43,66.57,375.0
2025-08-20 10:00:00,66.56,66.81,66.45,66.71,395.0
2025-08-20 11:00:00,66.72,66.96,66.53,66.88,567.0
2025-08-20 12:00:00,66.86,66.86,66.46,66.48,369.0
2025-08-20 13:00:00,66.47,66.79,66.38,66.73,321.0
2025-08-20 14:00:00,66.75,66.89,66.73,66.82,259.0
2025-08-20 15:00:00,66.83,66.86,66.62,66.8,441.0
2025-08-20 16:00:00,66.78,66.94,66.64,66.76,839.0
2025-08-20 17:00:00,66.76,67.01,66.56,66.6,971.0
2025-08-20 18:00:00,66.61,67.2,66.45,67.16,911.0
2025-08-20 19:00:00,67.17,67.3,66.98,67.16,520.0
2025-08-20 20:00:00,67.16,67.2,66.98,67.0,428.0
2025-08-20 21:00:00,66.99,67.26,66.97,67.24,591.0
2025-08-20 22:00:00,67.25,67.31,67.24,67.25,141.0
2025-08-21 03:00:00,67.19,67.27,67.16,67.17,130.0
2025-08-21 04:00:00,67.15,67.51,67.11,67.31,363.0
2025-08-21 05:00:00,67.32,67.37,67.27,67.27,222.0
2025-08-21 06:00:00,67.28,67.35,67.23,67.33,112.0
2025-08-21 07:00:00,67.32,67.4,67.29,67.37,77.0
2025-08-21 08:00:00,67.36,67.46,67.3,67.42,170.0
2025-08-21 09:00:00,67.43,67.58,67.37,67.54,316.0
2025-08-21 10:00:00,67.53,67.71,67.49,67.5,386.0
2025-08-21 11:00:00,67.51,67.67,67.46,67.65,443.0
2025-08-21 12:00:00,67.66,67.72,67.51,67.7,357.0
2025-08-21 13:00:00,67.69,67.82,67.58,67.61,268.0
2025-08-21 14:00:00,67.62,67.66,67.36,67.43,431.0
2025-08-21 15:00:00,67.45,67.6,67.22,67.26,506.0
2025-08-21 16:00:00,67.22,67.33,66.97,67.02,908.0
2025-08-21 17:00:00,67.01,67.51,66.98,67.37,963.0
2025-08-21 18:00:00,67.38,67.72,67.28,67.62,946.0
2025-08-21 19:00:00,67.63,67.89,67.51,67.83,548.0
2025-08-21 20:00:00,67.83,67.96,67.73,67.88,450.0
2025-08-21 21:00:00,67.88,68.02,67.81,67.86,419.0
2025-08-21 22:00:00,67.87,67.87,67.72,67.78,193.0
2025-08-22 03:00:00,67.82,67.86,67.79,67.83,126.0
2025-08-22 04:00:00,67.84,67.84,67.65,67.67,378.0
2025-08-22 05:00:00,67.66,67.77,67.64,67.73,160.0
2025-08-22 06:00:00,67.74,67.81,67.66,67.74,129.0
2025-08-22 07:00:00,67.75,67.88,67.72,67.85,94.0
2025-08-22 08:00:00,67.84,67.97,67.78,67.94,268.0
2025-08-22 09:00:00,67.95,68.03,67.9,67.99,309.0
2025-08-22 10:00:00,68.0,68.13,67.73,67.92,483.0
2025-08-22 11:00:00,67.95,68.03,67.67,67.75,574.0
2025-08-22 12:00:00,67.74,67.89,67.65,67.7,327.0
2025-08-22 13:00:00,67.69,67.87,67.61,67.84,228.0
2025-08-22 14:00:00,67.83,68.12,67.82,67.94,388.0
2025-08-22 15:00:00,67.95,68.0,67.84,67.93,406.0
2025-08-22 16:00:00,67.92,68.04,67.78,67.92,788.0
2025-08-22 17:00:00,67.91,68.18,67.84,68.01,1060.0
2025-08-22 18:00:00,68.01,68.12,67.72,67.94,913.0
2025-08-22 19:00:00,67.93,67.98,67.74,67.89,571.0
2025-08-22 20:00:00,67.92,68.09,67.84,67.93,533.0
2025-08-22 21:00:00,67.94,68.08,67.9,68.04,442.0
2025-08-22 22:00:00,68.04,68.09,68.03,68.05,191.0
2025-08-25 03:00:00,67.93,67.99,67.91,67.99,91.0
2025-08-25 04:00:00,67.98,67.99,67.71,67.81,400.0
2025-08-25 05:00:00,67.82,68.05,67.81,67.92,209.0
2025-08-25 06:00:00,67.92,67.97,67.88,67.96,162.0
2025-08-25 07:00:00,67.97,68.01,67.91,67.92,75.0
2025-08-25 08:00:00,67.94,68.04,67.83,68.03,168.0
2025-08-25 09:00:00,68.05,68.1,67.87,67.99,289.0
2025-08-25 10:00:00,67.98,68.07,67.82,67.97,278.0
2025-08-25 11:00:00,67.98,68.17,67.96,68.13,435.0
2025-08-25 12:00:00,68.12,68.16,67.99,68.13,246.0
2025-08-25 13:00:00,68.15,68.36,68.12,68.26,292.0
2025-08-25 14:00:00,68.24,68.38,68.24,68.28,228.0
2025-08-25 15:00:00,68.27,68.31,68.19,68.23,213.0
2025-08-25 16:00:00,68.22,68.83,68.16,68.63,822.0
2025-08-25 17:00:00,68.64,68.82,68.61,68.77,488.0
2025-08-25 18:00:00,68.77,69.08,68.76,69.04,479.0
2025-08-25 19:00:00,69.04,69.17,68.98,69.13,401.0
2025-08-25 20:00:00,69.13,69.14,68.98,69.04,321.0
2025-08-25 21:00:00,69.04,69.06,68.82,68.86,421.0
2025-08-25 22:00:00,68.86,68.91,68.76,68.89,181.0
2025-08-26 03:00:00,68.78,68.78,68.48,68.52,319.0
2025-08-26 04:00:00,68.53,68.59,68.5,68.55,274.0
2025-08-26 05:00:00,68.56,68.66,68.52,68.62,198.0
2025-08-26 06:00:00,68.63,68.63,68.55,68.6,140.0
2025-08-26 07:00:00,68.59,68.61,68.55,68.56,74.0
2025-08-26 08:00:00,68.55,68.61,68.52,68.54,171.0
2025-08-26 09:00:00,68.55,68.63,68.42,68.53,315.0
2025-08-26 10:00:00,68.52,68.58,68.27,68.28,403.0
2025-08-26 11:00:00,68.3,68.44,68.14,68.17,579.0
2025-08-26 12:00:00,68.16,68.22,67.81,67.84,444.0
2025-08-26 13:00:00,67.84,67.91,67.74,67.76,354.0
2025-08-26 14:00:00,67.77,67.93,67.73,67.77,350.0
2025-08-26 15:00:00,67.76,67.88,67.73,67.83,361.0
2025-08-26 16:00:00,67.86,68.04,67.84,67.99,736.0
2025-08-26 17:00:00,67.99,68.32,67.93,67.98,673.0
2025-08-26 18:00:00,67.97,67.97,67.42,67.52,1046.0
2025-08-26 19:00:00,67.53,67.59,67.35,67.4,575.0
2025-08-26 20:00:00,67.39,67.47,67.34,67.43,370.0
2025-08-26 21:00:00,67.42,67.49,67.25,67.38,414.0
2025-08-26 22:00:00,67.37,67.45,67.34,67.4,166.0
2025-08-27 03:00:00,67.52,67.52,67.41,67.42,110.0
2025-08-27 04:00:00,67.43,67.43,67.21,67.26,402.0
2025-08-27 05:00:00,67.27,67.42,67.23,67.39,237.0
2025-08-27 06:00:00,67.4,67.41,67.32,67.32,91.0
2025-08-27 07:00:00,67.31,67.37,67.29,67.31,37.0
2025-08-27 08:00:00,67.32,67.35,67.19,67.22,183.0
2025-08-27 09:00:00,67.23,67.37,67.09,67.26,423.0
2025-08-27 10:00:00,67.29,67.33,67.05,67.26,415.0
2025-08-27 11:00:00,67.24,67.35,67.01,67.05,529.0
2025-08-27 12:00:00,67.04,67.28,67.0,67.25,379.0
2025-08-27 13:00:00,67.22,67.28,67.05,67.19,362.0
2025-08-27 14:00:00,67.17,67.52,67.14,67.48,346.0
2025-08-27 15:00:00,67.46,67.62,67.38,67.62,391.0
2025-08-27 16:00:00,67.66,67.78,67.36,67.67,741.0
2025-08-27 17:00:00,67.66,67.98,67.61,67.75,690.0
2025-08-27 18:00:00,67.76,67.81,67.47,67.77,765.0
2025-08-27 19:00:00,67.77,67.89,67.68,67.82,476.0
2025-08-27 20:00:00,67.81,67.92,67.74,67.84,366.0
2025-08-27 21:00:00,67.85,68.13,67.85,67.92,445.0
2025-08-27 22:00:00,67.91,67.92,67.82,67.83,224.0
2025-08-28 03:00:00,67.73,67.79,67.68,67.74,106.0
2025-08-28 04:00:00,67.73,67.77,67.66,67.71,264.0
2025-08-28 05:00:00,67.72,67.72,67.56,67.59,150.0
2025-08-28 06:00:00,67.59,67.66,67.55,67.57,126.0
2025-08-28 07:00:00,67.58,67.59,67.49,67.49,95.0
2025-08-28 08:00:00,67.43,67.54,67.43,67.5,205.0
2025-08-28 09:00:00,67.51,67.65,67.45,67.62,297.0
2025-08-28 10:00:00,67.61,67.9,67.46,67.68,458.0
2025-08-28 11:00:00,67.7,67.88,67.47,67.56,560.0
2025-08-28 12:00:00,67.56,67.79,67.56,67.7,327.0
2025-08-28 13:00:00,67.71,67.9,67.68,67.79,282.0
2025-08-28 14:00:00,67.76,68.05,67.73,67.96,288.0
2025-08-28 15:00:00,67.97,68.01,67.81,68.0,327.0
2025-08-28 16:00:00,68.01,68.01,67.67,67.72,786.0
2025-08-28 17:00:00,67.71,67.77,67.42,67.66,844.0
2025-08-28 18:00:00,67.66,67.84,67.47,67.68,708.0
2025-08-28 19:00:00,67.66,67.73,67.53,67.58,549.0
2025-08-28 20:00:00,67.59,68.32,67.54,68.29,657.0
2025-08-28 21:00:00,68.29,68.68,68.2,68.24,760.0
2025-08-28 22:00:00,68.26,68.41,68.22,68.3,240.0
2025-08-29 03:00:00,68.19,68.24,68.12,68.18,118.0
2025-08-29 04:00:00,68.17,68.21,68.07,68.11,177.0
2025-08-29 05:00:00,68.1,68.15,68.05,68.11,128.0
2025-08-29 06:00:00,68.1,68.22,68.1,68.2,125.0
2025-08-29 07:00:00,68.19,68.24,68.18,68.19,75.0
2025-08-29 08:00:00,68.2,68.32,68.15,68.27,188.0
2025-08-29 09:00:00,68.26,68.37,68.11,68.21,256.0
2025-08-29 10:00:00,68.2,68.32,68.03,68.22,335.0
2025-08-29 11:00:00,68.24,68.36,68.11,68.15,627.0
2025-08-29 12:00:00,68.16,68.29,67.97,68.2,408.0
2025-08-29 13:00:00,68.18,68.36,68.07,68.31,302.0
2025-08-29 14:00:00,68.29,68.4,68.23,68.39,250.0
2025-08-29 15:00:00,68.38,68.53,68.29,68.46,377.0
2025-08-29 16:00:00,68.46,68.49,68.27,68.36,685.0
2025-08-29 17:00:00,68.35,68.47,67.93,68.1,808.0
2025-08-29 18:00:00,68.12,68.33,67.93,68.18,610.0
2025-08-29 19:00:00,68.19,68.2,67.89,68.01,402.0
2025-08-29 20:00:00,68.01,68.13,67.95,68.06,342.0
2025-08-29 21:00:00,68.06,68.16,67.99,68.05,348.0
2025-08-29 22:00:00,68.06,68.08,67.98,68.02,117.0
2025-09-01 03:00:00,67.96,67.96,67.87,67.92,91.0
2025-09-01 04:00:00,67.91,67.91,67.66,67.7,239.0
2025-09-01 05:00:00,67.7,67.8,67.65,67.75,177.0
2025-09-01 06:00:00,67.76,67.79,67.72,67.73,111.0
2025-09-01 07:00:00,67.74,67.74,67.7,67.73,52.0
2025-09-01 08:00:00,67.72,67.81,67.68,67.79,125.0
2025-09-01 09:00:00,67.78,68.17,67.78,68.12,303.0
2025-09-01 10:00:00,68.11,68.4,68.06,68.3,307.0
2025-09-01 11:00:00,68.32,68.48,68.17,68.47,341.0
2025-09-01 12:00:00,68.48,68.78,68.47,68.7,323.0
2025-09-01 13:00:00,68.69,68.69,68.54,68.61,171.0
2025-09-01 14:00:00,68.62,68.72,68.62,68.72,164.0
2025-09-01 15:00:00,68.75,68.89,68.74,68.85,243.0
2025-09-01 16:00:00,68.82,68.9,68.71,68.86,419.0
2025-09-01 17:00:00,68.85,68.88,68.69,68.71,294.0
2025-09-01 18:00:00,68.7,68.9,68.64,68.74,505.0
2025-09-01 19:00:00,68.73,68.75,68.63,68.68,223.0
2025-09-01 20:00:00,68.68,68.73,68.64,68.71,73.0
2025-09-02 03:00:00,68.69,68.9,68.67,68.88,123.0
2025-09-02 04:00:00,68.87,69.11,68.87,69.02,269.0
2025-09-02 05:00:00,69.01,69.03,68.92,68.99,172.0
2025-09-02 06:00:00,68.98,69.03,68.93,68.98,145.0
2025-09-02 07:00:00,68.99,69.0,68.92,68.92,64.0
2025-09-02 08:00:00,68.91,69.03,68.89,69.0,152.0
2025-09-02 09:00:00,69.01,69.12,68.9,69.11,307.0
2025-09-02 10:00:00,69.1,69.31,69.1,69.21,439.0
2025-09-02 11:00:00,69.22,69.84,69.21,69.8,639.0
2025-09-02 12:00:00,69.79,70.04,69.68,70.0,419.0
2025-09-02 13:00:00,69.99,70.06,69.88,69.95,356.0
2025-09-02 14:00:00,69.95,69.98,69.73,69.77,401.0
2025-09-02 15:00:00,69.78,69.84,68.59,68.62,816.0
2025-09-02 16:00:00,68.6,69.17,68.59,68.99,1263.0
2025-09-02 17:00:00,68.99,69.37,68.8,69.29,912.0
2025-09-02 18:00:00,69.28,69.63,69.23,69.5,860.0
2025-09-02 19:00:00,69.49,69.82,69.47,69.74,527.0
2025-09-02 20:00:00,69.75,69.81,69.59,69.66,462.0
2025-09-02 21:00:00,69.67,69.77,69.57,69.61,477.0
2025-09-02 22:00:00,69.62,69.74,69.6,69.67,189.0
2025-09-03 03:00:00,69.62,69.68,69.57,69.65,88.0
2025-09-03 04:00:00,69.66,69.74,69.59,69.6,218.0
2025-09-03 05:00:00,69.59,69.64,69.53,69.55,160.0
2025-09-03 06:00:00,69.56,69.56,69.38,69.41,126.0
2025-09-03 07:00:00,69.43,69.47,69.41,69.45,71.0
2025-09-03 08:00:00,69.44,69.5,69.37,69.4,142.0
2025-09-03 09:00:00,69.39,69.51,69.37,69.44,304.0
2025-09-03 10:00:00,69.45,69.51,69.28,69.37,449.0
2025-09-03 11:00:00,69.36,69.61,69.25,69.47,536.0
2025-09-03 12:00:00,69.46,69.46,68.4,68.52,962.0
2025-09-03 13:00:00,68.53,68.59,68.21,68.31,681.0
2025-09-03 14:00:00,68.34,68.59,68.31,68.41,562.0
2025-09-03 15:00:00,68.4,68.58,68.24,68.57,553.0
2025-09-03 16:00:00,68.59,68.81,68.3,68.36,1179.0
2025-09-03 17:00:00,68.35,68.35,68.02,68.13,1099.0
2025-09-03 18:00:00,68.12,68.92,67.97,68.82,1029.0
2025-09-03 19:00:00,68.83,68.89,68.14,68.16,897.0
2025-09-03 20:00:00,68.17,68.22,67.9,67.98,580.0
2025-09-03 21:00:00,67.99,68.14,67.96,67.98,429.0
2025-09-03 22:00:00,67.98,68.07,67.91,68.04,205.0
2025-09-04 03:00:00,67.87,67.89,67.79,67.86,139.0
2025-09-04 04:00:00,67.84,67.84,67.68,67.74,249.0
2025-09-04 05:00:00,67.76,67.81,67.66,67.78,218.0
2025-09-04 06:00:00,67.79,67.79,67.6,67.68,176.0
2025-09-04 07:00:00,67.67,67.67,67.59,67.65,51.0
2025-09-04 08:00:00,67.66,67.69,67.53,67.61,195.0
2025-09-04 09:00:00,67.6,67.65,67.33,67.35,404.0
2025-09-04 10:00:00,67.34,67.47,67.15,67.25,452.0
2025-09-04 11:00:00,67.27,67.84,67.22,67.47,890.0
2025-09-04 12:00:00,67.46,67.52,67.25,67.33,379.0
2025-09-04 13:00:00,67.34,67.43,67.0,67.06,401.0
2025-09-04 14:00:00,67.05,67.53,67.02,67.45,393.0
2025-09-04 15:00:00,67.46,67.5,67.22,67.26,483.0
2025-09-04 16:00:00,67.27,67.36,66.83,67.15,1006.0
2025-09-04 17:00:00,67.16,67.58,67.02,67.53,1070.0
2025-09-04 18:00:00,67.53,67.67,67.4,67.48,720.0
2025-09-04 19:00:00,67.45,67.66,67.32,67.6,614.0
2025-09-04 20:00:00,67.6,67.66,67.42,67.55,437.0
2025-09-04 21:00:00,67.54,67.61,67.35,67.39,432.0
2025-09-04 22:00:00,67.39,67.39,67.24,67.32,171.0
2025-09-05 03:00:00,67.23,67.29,67.19,67.25,91.0
2025-09-05 04:00:00,67.27,67.29,67.08,67.2,270.0
2025-09-05 05:00:00,67.19,67.34,67.16,67.32,169.0
2025-09-05 06:00:00,67.31,67.35,67.29,67.31,87.0
2025-09-05 07:00:00,67.34,67.39,67.3,67.33,58.0
2025-09-05 08:00:00,67.3,67.41,67.29,67.34,155.0
2025-09-05 09:00:00,67.33,67.43,67.08,67.21,363.0
2025-09-05 10:00:00,67.2,67.29,67.06,67.17,403.0
2025-09-05 11:00:00,67.16,67.4,67.07,67.39,551.0
2025-09-05 12:00:00,67.4,67.49,67.19,67.41,433.0
2025-09-05 13:00:00,67.39,67.41,66.83,66.9,412.0
2025-09-05 14:00:00,66.91,67.17,66.87,66.89,357.0
2025-09-05 15:00:00,66.91,66.96,65.8,66.17,1057.0
2025-09-05 16:00:00,66.2,66.41,65.95,66.12,1413.0
2025-09-05 17:00:00,66.09,66.11,65.73,65.84,998.0
2025-09-05 18:00:00,65.85,65.97,65.52,65.56,943.0
2025-09-05 19:00:00,65.55,65.95,65.54,65.94,544.0
2025-09-05 20:00:00,65.92,65.95,65.71,65.85,457.0
2025-09-05 21:00:00,65.86,66.16,65.84,66.15,458.0
2025-09-05 22:00:00,66.14,66.17,66.03,66.16,192.0
2025-09-08 03:00:00,66.34,66.36,66.2,66.27,164.0
2025-09-08 04:00:00,66.23,66.75,66.19,66.67,501.0
2025-09-08 05:00:00,66.66,66.71,66.6,66.69,196.0
2025-09-08 06:00:00,66.7,66.72,66.66,66.71,146.0
2025-09-08 07:00:00,66.7,66.74,66.65,66.67,98.0
2025-09-08 08:00:00,66.68,66.92,66.65,66.89,229.0
2025-09-08 09:00:00,66.88,67.17,66.82,67.06,449.0
2025-09-08 10:00:00,67.05,67.09,66.84,66.87,489.0
2025-09-08 11:00:00,66.86,67.09,66.8,67.01,527.0
2025-09-08 12:00:00,67.02,67.23,67.02,67.2,292.0
2025-09-08 13:00:00,67.19,67.33,67.09,67.24,438.0
2025-09-08 14:00:00,67.22,67.44,67.04,67.33,353.0
2025-09-08 15:00:00,67.34,67.36,67.09,67.14,438.0
2025-09-08 16:00:00,67.15,67.2,66.22,66.24,1048.0
2025-09-08 17:00:00,66.25,66.58,66.13,66.39,922.0
2025-09-08 18:00:00,66.39,66.79,66.39,66.56,722.0
2025-09-08 19:00:00,66.55,66.64,66.3,66.34,485.0
2025-09-08 20:00:00,66.33,66.55,66.33,66.37,430.0
2025-09-08 21:00:00,66.36,66.53,66.31,66.48,370.0
2025-09-08 22:00:00,66.49,66.56,66.46,66.51,134.0
2025-09-09 03:00:00,66.63,66.65,66.52,66.57,108.0
2025-09-09 04:00:00,66.58,66.7,66.5,66.66,292.0
2025-09-09 05:00:00,66.67,66.77,66.66,66.74,189.0
2025-09-09 06:00:00,66.75,66.8,66.69,66.75,107.0
2025-09-09 07:00:00,66.74,66.9,66.74,66.89,78.0
2025-09-09 08:00:00,66.9,66.9,66.78,66.8,144.0
2025-09-09 09:00:00,66.81,67.03,66.75,66.93,350.0
2025-09-09 10:00:00,66.92,67.17,66.87,67.03,400.0
2025-09-09 11:00:00,67.05,67.32,67.03,67.15,528.0
2025-09-09 12:00:00,67.13,67.14,66.78,66.84,520.0
2025-09-09 13:00:00,66.83,66.93,66.74,66.86,382.0
2025-09-09 14:00:00,66.87,67.01,66.8,66.96,307.0
2025-09-09 15:00:00,66.98,67.16,66.94,66.99,495.0
2025-09-09 16:00:00,67.01,67.62,66.95,67.48,1458.0
2025-09-09 17:00:00,67.5,67.63,67.22,67.51,997.0
2025-09-09 18:00:00,67.51,67.75,67.04,67.07,1003.0
2025-09-09 19:00:00,67.08,67.09,66.84,66.92,507.0
2025-09-09 20:00:00,66.93,67.05,66.82,66.83,394.0
2025-09-09 21:00:00,66.82,66.88,66.71,66.86,427.0
2025-09-09 22:00:00,66.85,66.91,66.81,66.81,182.0
2025-09-10 03:00:00,67.15,67.19,67.03,67.19,225.0
2025-09-10 04:00:00,67.17,67.27,67.12,67.23,289.0
2025-09-10 05:00:00,67.24,67.34,67.22,67.26,119.0
2025-09-10 06:00:00,67.27,67.35,67.24,67.34,136.0
2025-09-10 07:00:00,67.33,67.42,67.31,67.42,63.0
2025-09-10 08:00:00,67.43,67.51,67.37,67.41,141.0
2025-09-10 09:00:00,67.42,67.56,67.27,67.37,460.0
2025-09-10 10:00:00,67.38,67.47,67.19,67.25,411.0
2025-09-10 11:00:00,67.28,67.45,67.17,67.37,549.0
2025-09-10 12:00:00,67.38,67.41,67.09,67.15,343.0
2025-09-10 13:00:00,67.14,67.4,67.06,67.4,303.0
2025-09-10 14:00:00,67.38,67.46,67.33,67.36,208.0
2025-09-10 15:00:00,67.37,67.55,67.32,67.41,401.0
2025-09-10 16:00:00,67.4,67.59,67.21,67.4,649.0
2025-09-10 17:00:00,67.41,67.56,67.1,67.38,908.0
2025-09-10 18:00:00,67.37,68.08,67.32,68.05,1113.0
2025-09-10 19:00:00,68.06,68.15,68.02,68.09,529.0
2025-09-10 20:00:00,68.08,68.08,67.91,67.95,313.0
2025-09-10 21:00:00,67.92,67.99,67.82,67.97,287.0
2025-09-10 22:00:00,67.98,68.05,67.95,67.98,144.0
2025-09-11 03:00:00,67.95,67.96,67.89,67.9,89.0
2025-09-11 04:00:00,67.89,67.89,67.79,67.85,187.0
2025-09-11 05:00:00,67.86,67.88,67.78,67.81,108.0
2025-09-11 06:00:00,67.82,67.83,67.73,67.73,72.0
2025-09-11 07:00:00,67.72,67.76,67.68,67.69,63.0
2025-09-11 08:00:00,67.7,67.7,67.58,67.65,229.0
2025-09-11 09:00:00,67.66,67.82,67.66,67.76,250.0
2025-09-11 10:00:00,67.77,67.81,67.68,67.77,326.0
2025-09-11 11:00:00,67.78,67.85,67.39,67.59,572.0
2025-09-11 12:00:00,67.57,67.79,67.5,67.59,374.0
2025-09-11 13:00:00,67.58,67.58,67.32,67.36,375.0
2025-09-11 14:00:00,67.38,67.41,67.1,67.21,333.0
2025-09-11 15:00:00,67.18,67.22,66.89,66.96,640.0
2025-09-11 16:00:00,66.93,66.95,66.5,66.91,1111.0
2025-09-11 17:00:00,66.9,66.93,66.6,66.73,835.0
2025-09-11 18:00:00,66.72,66.88,66.57,66.74,805.0
2025-09-11 19:00:00,66.75,66.79,66.61,66.77,429.0
2025-09-11 20:00:00,66.77,66.88,66.68,66.76,344.0
2025-09-11 21:00:00,66.75,66.79,66.56,66.62,466.0
2025-09-11 22:00:00,66.63,66.66,66.57,66.59,182.0
2025-09-12 03:00:00,66.51,66.56,66.38,66.41,159.0
2025-09-12 04:00:00,66.43,66.44,66.2,66.22,280.0
2025-09-12 05:00:00,66.23,66.27,66.14,66.14,234.0
2025-09-12 06:00:00,66.13,66.2,66.09,66.17,183.0
2025-09-12 07:00:00,66.19,66.22,66.16,66.17,90.0
2025-09-12 08:00:00,66.17,66.29,66.16,66.23,153.0
2025-09-12 09:00:00,66.22,66.25,66.04,66.09,321.0
2025-09-12 10:00:00,66.07,66.49,66.02,66.45,445.0
2025-09-12 11:00:00,66.44,66.85,66.43,66.75,574.0
2025-09-12 12:00:00,66.74,67.24,66.73,66.98,544.0
2025-09-12 13:00:00,66.99,67.51,66.99,67.48,414.0
2025-09-12 14:00:00,67.45,67.99,67.44,67.99,504.0
2025-09-12 15:00:00,67.98,68.5,67.91,68.05,1163.0
2025-09-12 16:00:00,68.06,68.06,67.65,67.84,1094.0
2025-09-12 17:00:00,67.84,67.95,67.65,67.79,655.0
2025-09-12 18:00:00,67.77,67.99,67.73,67.8,633.0
2025-09-12 19:00:00,67.8,67.84,67.16,67.16,537.0
2025-09-12 20:00:00,67.15,67.25,67.03,67.11,390.0
2025-09-12 21:00:00,67.12,67.35,67.09,67.19,423.0
2025-09-12 22:00:00,67.21,67.24,67.12,67.15,215.0
2025-09-15 03:00:00,67.2,67.42,67.19,67.42,125.0
2025-09-15 04:00:00,67.42,67.58,67.41,67.55,255.0
2025-09-15 05:00:00,67.56,67.58,67.5,67.56,171.0
2025-09-15 06:00:00,67.55,67.7,67.54,67.64,152.0
2025-09-15 07:00:00,67.65,67.65,67.59,67.6,52.0
2025-09-15 08:00:00,67.59,67.67,67.58,67.66,190.0
2025-09-15 09:00:00,67.65,67.79,67.46,67.47,360.0
2025-09-15 10:00:00,67.45,67.63,67.39,67.57,353.0
2025-09-15 11:00:00,67.59,67.64,67.47,67.55,508.0
2025-09-15 12:00:00,67.54,67.61,67.33,67.52,400.0
2025-09-15 13:00:00,67.51,67.55,67.27,67.29,328.0
2025-09-15 14:00:00,67.27,67.55,67.27,67.44,283.0
2025-09-15 15:00:00,67.45,67.54,67.37,67.39,363.0
2025-09-15 16:00:00,67.4,67.85,67.37,67.82,711.0
2025-09-15 17:00:00,67.83,68.1,67.81,67.89,737.0
2025-09-15 18:00:00,67.89,67.89,67.5,67.53,694.0
2025-09-15 19:00:00,67.52,67.7,67.47,67.62,358.0
2025-09-15 20:00:00,67.62,67.89,67.62,67.73,306.0
2025-09-15 21:00:00,67.73,67.79,67.61,67.75,286.0
2025-09-15 22:00:00,67.74,67.78,67.67,67.74,157.0
2025-09-16 03:00:00,67.75,67.81,67.73,67.77,106.0
2025-09-16 04:00:00,67.76,67.94,67.76,67.86,255.0
2025-09-16 05:00:00,67.85,67.92,67.8,67.82,157.0
2025-09-16 06:00:00,67.83,67.86,67.79,67.84,99.0
2025-09-16 07:00:00,67.83,67.89,67.83,67.85,53.0
2025-09-16 08:00:00,67.84,67.86,67.71,67.81,146.0
2025-09-16 09:00:00,67.84,67.9,67.59,67.67,318.0
2025-09-16 10:00:00,67.65,67.66,67.33,67.44,484.0
2025-09-16 11:00:00,67.45,67.67,67.27,67.34,606.0
2025-09-16 12:00:00,67.33,67.55,67.26,67.5,377.0
2025-09-16 13:00:00,67.52,67.7,67.49,67.66,328.0
2025-09-16 14:00:00,67.65,68.08,67.63,67.91,464.0
2025-09-16 15:00:00,67.92,68.42,67.9,68.37,754.0
2025-09-16 16:00:00,68.35,68.53,68.18,68.3,868.0
2025-09-16 17:00:00,68.31,68.49,68.04,68.49,768.0
2025-09-16 18:00:00,68.49,68.74,68.46,68.71,729.0
2025-09-16 19:00:00,68.72,68.77,68.62,68.7,409.0
2025-09-16 20:00:00,68.7,68.94,68.7,68.89,385.0
2025-09-16 21:00:00,68.88,68.89,68.67,68.67,436.0
2025-09-16 22:00:00,68.64,68.79,68.61,68.75,216.0
2025-09-17 03:00:00,68.78,68.78,68.69,68.7,116.0
2025-09-17 04:00:00,68.7,68.73,68.61,68.65,301.0
2025-09-17 05:00:00,68.66,68.68,68.58,68.61,146.0
2025-09-17 06:00:00,68.6,68.61,68.56,68.57,98.0
2025-09-17 07:00:00,68.58,68.64,68.56,68.6,92.0
2025-09-17 08:00:00,68.59,68.63,68.5,68.59,155.0
2025-09-17 09:00:00,68.58,68.73,68.5,68.65,336.0
2025-09-17 10:00:00,68.64,68.65,68.34,68.35,399.0
2025-09-17 11:00:00,68.36,68.42,68.16,68.26,467.0
2025-09-17 12:00:00,68.25,68.42,68.19,68.25,293.0
2025-09-17 13:00:00,68.24,68.3,68.03,68.17,290.0
2025-09-17 14:00:00,68.16,68.42,68.09,68.41,310.0
2025-09-17 15:00:00,68.42,68.53,68.38,68.43,362.0
2025-09-17 16:00:00,68.42,68.66,68.41,68.6,624.0
2025-09-17 17:00:00,68.61,68.8,68.33,68.56,851.0
2025-09-17 18:00:00,68.56,68.61,68.17,68.48,756.0
2025-09-17 19:00:00,68.49,68.62,68.39,68.44,507.0
2025-09-17 20:00:00,68.45,68.51,68.37,68.47,388.0
2025-09-17 21:00:00,68.48,68.48,67.86,67.95,1045.0
2025-09-17 22:00:00,67.94,68.15,67.94,68.11,373.0
2025-09-18 03:00:00,68.16,68.2,67.96,67.97,157.0
2025-09-18 04:00:00,67.96,67.96,67.72,67.84,381.0
2025-09-18 05:00:00,67.83,68.0,67.81,67.99,167.0
2025-09-18 06:00:00,67.98,68.12,67.98,68.06,130.0
2025-09-18 07:00:00,68.05,68.09,67.95,67.96,89.0
2025-09-18 08:00:00,67.95,67.98,67.84,67.9,234.0
2025-09-18 09:00:00,67.89,68.01,67.81,67.92,460.0
2025-09-18 10:00:00,67.93,68.06,67.72,67.82,464.0
2025-09-18 11:00:00,67.84,68.37,67.78,68.3,611.0
2025-09-18 12:00:00,68.31,68.32,67.57,67.6,533.0
2025-09-18 13:00:00,67.59,68.18,67.56,68.03,512.0
2025-09-18 14:00:00,68.06,68.54,68.06,68.46,468.0
2025-09-18 15:00:00,68.47,68.58,68.29,68.29,500.0
2025-09-18 16:00:00,68.3,68.37,68.06,68.19,1003.0
2025-09-18 17:00:00,68.19,68.64,68.18,68.26,857.0
2025-09-18 18:00:00,68.26,68.42,67.64,67.86,1184.0
2025-09-18 19:00:00,67.87,67.88,67.63,67.65,456.0
2025-09-18 20:00:00,67.64,67.68,67.41,67.48,426.0
2025-09-18 21:00:00,67.49,67.82,67.48,67.81,477.0
2025-09-18 22:00:00,67.81,67.83,67.75,67.78,234.0
2025-09-19 03:00:00,67.64,67.73,67.61,67.67,119.0
2025-09-19 04:00:00,67.65,67.77,67.6,67.71,272.0
2025-09-19 05:00:00,67.72,67.72,67.55,67.59,224.0
2025-09-19 06:00:00,67.58,67.61,67.52,67.58,132.0
2025-09-19 07:00:00,67.59,67.59,67.47,67.52,104.0
2025-09-19 08:00:00,67.53,67.59,67.31,67.38,305.0
2025-09-19 09:00:00,67.39,67.55,67.38,67.52,415.0
2025-09-19 10:00:00,67.54,67.72,67.38,67.39,423.0
2025-09-19 11:00:00,67.38,67.48,67.21,67.24,538.0
2025-09-19 12:00:00,67.23,67.32,67.1,67.2,429.0
2025-09-19 13:00:00,67.19,67.61,67.05,67.43,423.0
2025-09-19 14:00:00,67.42,67.69,67.35,67.41,459.0
2025-09-19 15:00:00,67.41,67.5,67.28,67.48,492.0
2025-09-19 16:00:00,67.49,67.51,67.09,67.23,878.0
2025-09-19 17:00:00,67.22,67.6,67.05,67.17,762.0
2025-09-19 18:00:00,67.19,67.2,66.64,66.9,961.0
2025-09-19 19:00:00,66.9,66.98,66.8,66.85,454.0
2025-09-19 20:00:00,66.86,66.97,66.8,66.95,341.0
2025-09-19 21:00:00,66.94,66.99,66.81,66.89,361.0
2025-09-19 22:00:00,66.9,66.91,66.81,66.84,162.0
2025-09-22 03:00:00,66.97,67.06,66.95,67.04,97.0
2025-09-22 04:00:00,67.03,67.22,67.01,67.15,224.0
2025-09-22 05:00:00,67.16,67.24,67.15,67.15,149.0
2025-09-22 06:00:00,67.14,67.27,67.14,67.24,113.0
2025-09-22 07:00:00,67.25,67.26,67.22,67.25,44.0
2025-09-22 08:00:00,67.26,67.36,67.21,67.24,170.0
2025-09-22 09:00:00,67.25,67.44,67.18,67.29,281.0
2025-09-22 10:00:00,67.28,67.36,67.09,67.16,360.0
2025-09-22 11:00:00,67.18,67.19,66.87,66.89,522.0
2025-09-22 12:00:00,66.9,66.94,66.67,66.7,387.0
2025-09-22 13:00:00,66.69,66.7,66.32,66.35,395.0
2025-09-22 14:00:00,66.35,66.44,66.24,66.25,327.0
2025-09-22 15:00:00,66.24,66.41,66.16,66.2,396.0
2025-09-22 16:00:00,66.18,66.42,66.08,66.36,777.0
2025-09-22 17:00:00,66.35,66.62,66.27,66.6,600.0
2025-09-22 18:00:00,66.62,66.69,66.46,66.61,577.0
2025-09-22 19:00:00,66.6,66.66,66.5,66.57,361.0
2025-09-22 20:00:00,66.58,66.81,66.57,66.71,404.0
2025-09-22 21:00:00,66.7,66.78,66.52,66.72,458.0
2025-09-22 22:00:00,66.72,66.73,66.69,66.69,148.0
2025-09-23 03:00:00,66.75,66.78,66.64,66.65,78.0
2025-09-23 04:00:00,66.64,66.64,66.41,66.41,360.0
2025-09-23 05:00:00,66.42,66.43,66.3,66.33,200.0
2025-09-23 06:00:00,66.32,66.33,66.25,66.27,117.0
2025-09-23 07:00:00,66.26,66.37,66.25,66.32,117.0
2025-09-23 08:00:00,66.33,66.43,66.22,66.28,195.0
2025-09-23 09:00:00,66.27,66.49,66.23,66.35,268.0
2025-09-23 10:00:00,66.33,66.6,66.23,66.6,341.0
2025-09-23 11:00:00,66.61,66.7,66.3,66.55,549.0
2025-09-23 12:00:00,66.54,67.02,66.49,66.97,401.0
2025-09-23 13:00:00,66.98,67.39,66.95,67.31,493.0
2025-09-23 14:00:00,67.3,67.39,67.18,67.33,389.0
2025-09-23 15:00:00,67.34,67.48,67.26,67.4,418.0
2025-09-23 16:00:00,67.38,67.65,67.27,67.65,764.0
2025-09-23 17:00:00,67.66,67.95,67.62,67.84,1051.0
2025-09-23 18:00:00,67.84,68.15,67.82,67.9,780.0
2025-09-23 19:00:00,67.91,67.96,67.61,67.65,389.0
2025-09-23 20:00:00,67.66,67.79,67.51,67.59,444.0
2025-09-23 21:00:00,67.61,67.84,67.54,67.84,557.0
2025-09-23 22:00:00,67.84,68.08,67.84,67.99,330.0
2025-09-24 03:00:00,67.91,67.99,67.88,67.97,134.0
2025-09-24 04:00:00,67.96,67.97,67.83,67.85,241.0
2025-09-24 05:00:00,67.84,67.84,67.75,67.79,136.0
2025-09-24 06:00:00,67.8,67.85,67.8,67.84,104.0
2025-09-24 07:00:00,67.84,67.84,67.74,67.74,67.0
2025-09-24 08:00:00,67.73,67.86,67.66,67.74,171.0
2025-09-24 09:00:00,67.75,67.81,67.64,67.77,374.0
2025-09-24 10:00:00,67.76,68.07,67.67,68.0,402.0
2025-09-24 11:00:00,68.04,68.05,67.51,67.69,511.0
2025-09-24 12:00:00,67.68,68.04,67.64,68.02,394.0
2025-09-24 13:00:00,68.01,68.39,68.01,68.27,462.0
2025-09-24 14:00:00,68.26,68.39,68.2,68.36,296.0
2025-09-24 15:00:00,68.37,68.62,68.35,68.41,437.0
2025-09-24 16:00:00,68.42,68.59,68.36,68.51,646.0
2025-09-24 17:00:00,68.53,68.67,68.26,68.67,774.0
2025-09-24 18:00:00,68.68,68.97,68.68,68.88,764.0
2025-09-24 19:00:00,68.87,68.95,68.76,68.92,478.0
2025-09-24 20:00:00,68.94,69.17,68.92,69.08,402.0
2025-09-24 21:00:00,69.09,69.24,69.0,69.06,440.0
2025-09-24 22:00:00,69.07,69.08,69.02,69.04,185.0
2025-09-25 03:00:00,68.95,69.19,68.92,69.15,173.0
2025-09-25 04:00:00,69.16,69.17,68.91,68.94,246.0
2025-09-25 05:00:00,68.93,69.03,68.89,69.01,201.0
2025-09-25 06:00:00,69.0,69.01,68.87,68.93,154.0
2025-09-25 07:00:00,68.94,68.95,68.89,68.9,56.0
2025-09-25 08:00:00,68.88,68.98,68.81,68.97,141.0
2025-09-25 09:00:00,68.99,69.11,68.9,69.05,270.0
2025-09-25 10:00:00,69.04,69.06,68.68,68.9,445.0
2025-09-25 11:00:00,68.91,68.94,68.49,68.54,624.0
2025-09-25 12:00:00,68.53,68.93,68.51,68.85,458.0
2025-09-25 13:00:00,68.84,69.07,68.71,69.05,453.0
2025-09-25 14:00:00,69.07,69.1,68.83,68.96,574.0
2025-09-25 15:00:00,68.94,68.99,68.7,68.86,605.0
2025-09-25 16:00:00,68.85,68.85,68.44,68.54,907.0
2025-09-25 17:00:00,68.54,68.63,68.38,68.5,712.0
2025-09-25 18:00:00,68.51,69.2,68.49,69.1,722.0
2025-09-25 19:00:00,69.11,69.12,68.92,68.95,487.0
2025-09-25 20:00:00,68.96,69.3,68.88,69.11,686.0
2025-09-25 21:00:00,69.11,69.53,69.06,69.48,476.0
2025-09-25 22:00:00,69.49,69.55,69.35,69.52,251.0
2025-09-26 03:00:00,69.5,69.51,69.44,69.48,121.0
2025-09-26 04:00:00,69.45,69.61,69.39,69.54,237.0
2025-09-26 05:00:00,69.53,69.55,69.44,69.45,110.0
2025-09-26 06:00:00,69.46,69.48,69.37,69.4,118.0
2025-09-26 07:00:00,69.39,69.45,69.36,69.37,51.0
2025-09-26 08:00:00,69.38,69.47,69.36,69.4,144.0
2025-09-26 09:00:00,69.41,69.58,69.33,69.36,312.0
2025-09-26 10:00:00,69.37,69.51,69.25,69.36,529.0
2025-09-26 11:00:00,69.37,69.44,69.25,69.39,489.0
2025-09-26 12:00:00,69.38,69.43,69.0,69.01,392.0
2025-09-26 13:00:00,69.0,69.24,68.96,69.17,342.0
2025-09-26 14:00:00,69.17,69.43,69.14,69.17,297.0
2025-09-26 15:00:00,69.17,69.56,69.12,69.44,362.0
2025-09-26 16:00:00,69.47,69.78,69.47,69.75,730.0
2025-09-26 17:00:00,69.77,70.53,69.77,70.51,988.0
2025-09-26 18:00:00,70.5,70.57,70.33,70.36,837.0
2025-09-26 19:00:00,70.37,70.41,69.92,69.98,599.0
2025-09-26 20:00:00,69.97,70.02,69.52,69.77,641.0
2025-09-26 21:00:00,69.76,69.98,69.6,69.71,613.0
2025-09-26 22:00:00,69.7,69.71,69.48,69.48,218.0
2025-09-29 03:00:00,69.26,69.35,69.21,69.35,150.0
2025-09-29 04:00:00,69.34,69.46,69.24,69.29,386.0
2025-09-29 05:00:00,69.28,69.53,69.23,69.48,243.0
2025-09-29 06:00:00,69.49,69.53,69.39,69.43,140.0
2025-09-29 07:00:00,69.42,69.55,69.41,69.5,77.0
2025-09-29 08:00:00,69.51,69.54,69.44,69.48,184.0
2025-09-29 09:00:00,69.49,69.58,69.27,69.48,337.0
2025-09-29 10:00:00,69.46,69.46,69.06,69.16,447.0
2025-09-29 11:00:00,69.15,69.23,68.93,69.2,671.0
2025-09-29 12:00:00,69.19,69.19,68.74,68.77,550.0
2025-09-29 13:00:00,68.78,68.86,68.62,68.66,410.0
2025-09-29 14:00:00,68.65,68.75,68.54,68.65,461.0
2025-09-29 15:00:00,68.64,68.78,68.37,68.7,648.0
2025-09-29 16:00:00,68.69,68.69,67.87,67.92,1180.0
2025-09-29 17:00:00,67.93,68.09,67.84,67.87,787.0
2025-09-29 18:00:00,67.87,67.93,67.39,67.59,890.0
2025-09-29 19:00:00,67.58,67.73,67.57,67.59,420.0
2025-09-29 20:00:00,67.59,67.59,67.32,67.35,383.0
2025-09-29 21:00:00,67.34,67.75,67.31,67.47,511.0
2025-09-29 22:00:00,67.48,67.5,67.35,67.42,248.0
2025-09-30 03:00:00,67.29,67.3,67.23,67.27,113.0
2025-09-30 04:00:00,67.26,67.42,67.21,67.39,339.0
2025-09-30 05:00:00,67.38,67.39,67.24,67.27,165.0
2025-09-30 06:00:00,67.25,67.29,67.12,67.29,180.0
2025-09-30 07:00:00,67.3,67.33,67.23,67.28,86.0
2025-09-30 08:00:00,67.27,67.42,67.21,67.37,244.0
2025-09-30 09:00:00,67.35,67.43,67.27,67.38,303.0
2025-09-30 10:00:00,67.37,67.37,66.86,66.98,561.0
2025-09-30 11:00:00,66.97,67.22,66.69,67.17,694.0
2025-09-30 12:00:00,67.15,67.23,66.9,66.92,541.0
2025-09-30 13:00:00,66.91,67.36,66.87,67.16,515.0
2025-09-30 14:00:00,67.17,67.26,66.45,66.47,483.0
2025-09-30 15:00:00,66.48,66.67,66.22,66.52,1255.0
2025-09-30 16:00:00,66.52,66.94,66.49,66.85,1024.0
2025-09-30 17:00:00,66.86,66.9,66.42,66.43,796.0
2025-09-30 18:00:00,66.42,67.2,66.42,66.96,1206.0
2025-09-30 19:00:00,66.96,67.2,66.93,66.96,682.0
2025-09-30 20:00:00,66.97,67.0,66.63,66.67,459.0
2025-09-30 21:00:00,66.69,66.82,66.59,66.81,472.0
2025-09-30 22:00:00,66.82,66.85,66.73,66.76,200.0
2025-10-01 03:00:00,66.74,66.81,66.44,66.45,158.0
2025-10-01 04:00:00,66.46,66.79,66.46,66.74,234.0
2025-10-01 05:00:00,66.73,66.81,66.66,66.7,134.0
2025-10-01 06:00:00,66.71,66.79,66.65,66.77,82.0
2025-10-01 07:00:00,66.76,66.87,66.75,66.87,74.0
2025-10-01 08:00:00,66.86,66.91,66.69,66.69,147.0
2025-10-01 09:00:00,66.68,66.91,66.68,66.84,303.0
2025-10-01 10:00:00,66.83,67.09,66.8,67.02,486.0
2025-10-01 11:00:00,67.03,67.14,66.25,66.41,973.0
2025-10-01 12:00:00,66.4,66.46,65.89,66.1,697.0
2025-10-01 13:00:00,66.11,66.63,66.1,66.44,540.0
2025-10-01 14:00:00,66.43,66.44,66.21,66.34,432.0
2025-10-01 15:00:00,66.36,66.37,65.98,66.09,767.0
2025-10-01 16:00:00,66.06,66.3,65.62,65.79,1046.0
2025-10-01 17:00:00,65.77,66.18,65.68,66.05,1196.0
2025-10-01 18:00:00,66.04,66.24,65.65,65.98,1167.0
2025-10-01 19:00:00,65.96,66.44,65.93,65.98,795.0
2025-10-01 20:00:00,65.99,66.13,65.9,65.97,547.0
2025-10-01 21:00:00,65.98,66.1,65.85,66.06,527.0
2025-10-01 22:00:00,66.07,66.22,66.05,66.09,286.0
2025-10-02 03:00:00,66.0,66.68,66.0,66.07,485.0
2025-10-02 04:00:00,66.08,66.26,66.01,66.23,326.0
2025-10-02 05:00:00,66.24,66.43,66.21,66.33,211.0
2025-10-02 06:00:00,66.34,66.34,66.14,66.27,110.0
2025-10-02 07:00:00,66.26,66.29,66.18,66.19,95.0
2025-10-02 08:00:00,66.2,66.38,66.2,66.21,192.0
2025-10-02 09:00:00,66.2,66.22,65.93,66.01,368.0
2025-10-02 10:00:00,66.0,66.15,65.84,66.03,453.0
2025-10-02 11:00:00,66.01,66.18,65.84,65.98,863.0
2025-10-02 12:00:00,65.96,66.0,65.34,65.5,657.0
2025-10-02 13:00:00,65.49,65.83,65.44,65.62,590.0
2025-10-02 14:00:00,65.58,65.7,65.4,65.59,515.0
2025-10-02 15:00:00,65.58,65.64,65.44,65.53,542.0
2025-10-02 16:00:00,65.49,65.73,65.18,65.57,1084.0
2025-10-02 17:00:00,65.56,65.92,65.04,65.09,1212.0
2025-10-02 18:00:00,65.08,65.18,64.78,64.9,874.0
2025-10-02 19:00:00,64.91,64.95,64.54,64.71,596.0
2025-10-02 20:00:00,64.7,64.78,64.57,64.58,431.0
2025-10-02 21:00:00,64.6,64.76,64.56,64.68,472.0
2025-10-02 22:00:00,64.68,64.81,64.67,64.79,195.0
2025-10-03 03:00:00,64.8,64.83,64.73,64.78,171.0
2025-10-03 04:00:00,64.77,64.96,64.77,64.87,203.0
2025-10-03 05:00:00,64.86,64.89,64.81,64.85,112.0
2025-10-03 06:00:00,64.86,65.02,64.86,64.98,117.0
2025-10-03 07:00:00,64.97,65.05,64.95,65.04,69.0
2025-10-03 08:00:00,65.02,65.18,65.02,65.16,152.0
2025-10-03 09:00:00,65.15,65.33,65.11,65.25,364.0
2025-10-03 10:00:00,65.24,65.37,65.06,65.08,501.0
2025-10-03 11:00:00,65.11,65.52,65.02,65.51,698.0
2025-10-03 12:00:00,65.52,65.53,64.89,64.97,570.0
2025-10-03 13:00:00,64.97,65.11,64.85,64.9,496.0
2025-10-03 14:00:00,64.88,65.11,64.82,64.86,462.0
2025-10-03 15:00:00,64.87,65.04,64.73,65.03,518.0
2025-10-03 16:00:00,65.02,65.16,64.85,65.03,966.0
2025-10-03 17:00:00,65.0,65.34,64.87,65.15,974.0
2025-10-03 18:00:00,65.16,65.4,65.03,65.18,970.0
2025-10-03 19:00:00,65.2,65.33,65.15,65.28,489.0
2025-10-03 20:00:00,65.29,65.35,65.15,65.3,448.0
2025-10-03 21:00:00,65.29,65.33,64.91,64.99,427.0
2025-10-03 22:00:00,64.99,65.09,64.97,64.99,220.0
2025-10-06 03:00:00,65.79,65.96,65.69,65.93,321.0
2025-10-06 04:00:00,65.92,65.94,65.83,65.93,131.0
2025-10-06 05:00:00,65.94,65.95,65.88,65.89,101.0
2025-10-06 06:00:00,65.9,65.95,65.88,65.94,65.0
2025-10-06 07:00:00,65.95,66.04,65.93,65.99,129.0
2025-10-06 08:00:00,66.0,66.0,65.72,65.88,213.0
2025-10-06 09:00:00,65.87,65.87,65.59,65.87,398.0
2025-10-06 10:00:00,65.85,66.17,65.69,65.74,686.0
2025-10-06 11:00:00,65.73,66.15,65.67,66.07,768.0
2025-10-06 12:00:00,66.06,66.21,65.96,66.15,476.0
2025-10-06 13:00:00,66.16,66.24,65.87,65.89,391.0
2025-10-06 14:00:00,65.88,65.92,65.23,65.44,582.0
2025-10-06 15:00:00,65.43,65.8,65.43,65.58,498.0
2025-10-06 16:00:00,65.56,66.15,65.47,66.12,936.0
2025-10-06 17:00:00,66.13,66.13,65.54,65.57,932.0
2025-10-06 18:00:00,65.58,66.11,65.48,66.02,896.0
2025-10-06 19:00:00,66.01,66.23,65.87,65.88,476.0
2025-10-06 20:00:00,65.88,66.03,65.75,65.98,407.0
2025-10-06 21:00:00,65.97,66.09,65.82,65.95,336.0
2025-10-06 22:00:00,65.95,66.06,65.93,66.01,126.0
2025-10-07 03:00:00,65.97,65.98,65.9,65.95,102.0
2025-10-07 04:00:00,65.94,66.07,65.94,66.01,95.0
2025-10-07 05:00:00,66.0,66.16,66.0,66.13,111.0
2025-10-07 06:00:00,66.14,66.18,66.1,66.14,62.0
2025-10-07 07:00:00,66.12,66.12,65.93,65.95,84.0
2025-10-07 08:00:00,65.96,66.19,65.94,66.16,99.0
2025-10-07 09:00:00,66.15,66.29,66.04,66.09,263.0
2025-10-07 10:00:00,66.1,66.14,65.75,65.91,444.0
2025-10-07 11:00:00,65.9,66.14,65.73,65.74,595.0
2025-10-07 12:00:00,65.73,65.82,65.52,65.79,520.0
2025-10-07 13:00:00,65.76,65.95,65.71,65.85,325.0
2025-10-07 14:00:00,65.82,66.08,65.82,65.95,366.0
2025-10-07 15:00:00,65.97,66.03,65.57,65.59,536.0
2025-10-07 16:00:00,65.59,66.0,64.98,65.83,1255.0
2025-10-07 17:00:00,65.82,65.86,65.35,65.78,1137.0
2025-10-07 18:00:00,65.77,65.95,65.6,65.71,949.0
2025-10-07 19:00:00,65.72,65.76,65.51,65.6,642.0
2025-10-07 20:00:00,65.61,65.84,65.56,65.68,376.0
2025-10-07 21:00:00,65.67,66.17,65.67,66.15,460.0
2025-10-07 22:00:00,66.16,66.25,66.11,66.23,161.0
2025-10-08 03:00:00,66.24,66.33,66.2,66.3,128.0
2025-10-08 04:00:00,66.28,66.38,66.28,66.34,94.0
2025-10-08 05:00:00,66.35,66.47,66.34,66.41,78.0
2025-10-08 06:00:00,66.4,66.47,66.36,66.37,111.0
2025-10-08 07:00:00,66.38,66.41,66.32,66.36,67.0
2025-10-08 08:00:00,66.35,66.43,66.34,66.4,90.0
2025-10-08 09:00:00,66.41,66.54,66.37,66.52,329.0
2025-10-08 10:00:00,66.54,66.58,66.36,66.47,407.0
2025-10-08 11:00:00,66.49,66.52,66.25,66.41,640.0
2025-10-08 12:00:00,66.43,66.76,66.37,66.66,519.0
2025-10-08 13:00:00,66.65,66.72,66.42,66.57,363.0
2025-10-08 14:00:00,66.55,66.82,66.55,66.79,257.0
2025-10-08 15:00:00,66.77,66.9,66.67,66.71,397.0
2025-10-08 16:00:00,66.68,66.74,66.24,66.34,892.0
2025-10-08 17:00:00,66.33,66.69,66.27,66.67,897.0
2025-10-08 18:00:00,66.67,66.97,66.67,66.9,747.0
2025-10-08 19:00:00,66.89,66.97,66.53,66.73,545.0
2025-10-08 20:00:00,66.72,66.87,66.7,66.83,368.0
2025-10-08 21:00:00,66.83,66.85,66.56,66.58,439.0
2025-10-08 22:00:00,66.57,66.62,66.55,66.58,175.0
2025-10-09 03:00:00,66.21,66.22,66.03,66.11,172.0
2025-10-09 04:00:00,66.09,66.34,65.96,66.27,668.0
2025-10-09 05:00:00,66.28,66.34,66.15,66.23,312.0
2025-10-09 06:00:00,66.24,66.35,66.22,66.28,172.0
2025-10-09 07:00:00,66.29,66.36,66.29,66.34,75.0
2025-10-09 08:00:00,66.35,66.81,66.34,66.78,371.0
2025-10-09 09:00:00,66.8,66.81,66.6,66.75,400.0
2025-10-09 10:00:00,66.74,66.91,66.69,66.84,371.0
2025-10-09 11:00:00,66.86,66.93,66.65,66.84,612.0
2025-10-09 12:00:00,66.83,66.99,66.47,66.52,583.0
2025-10-09 13:00:00,66.51,66.53,66.22,66.27,482.0
2025-10-09 14:00:00,66.28,66.58,66.28,66.39,360.0
2025-10-09 15:00:00,66.35,66.71,66.31,66.66,432.0
2025-10-09 16:00:00,66.67,66.89,66.37,66.4,905.0
2025-10-09 17:00:00,66.39,66.65,66.2,66.36,986.0
2025-10-09 18:00:00,66.35,66.51,66.0,66.02,902.0
2025-10-09 19:00:00,66.01,66.17,65.51,65.55,650.0
2025-10-09 20:00:00,65.57,65.66,65.37,65.54,577.0
2025-10-09 21:00:00,65.55,65.69,65.45,65.47,540.0
2025-10-09 22:00:00,65.48,65.61,65.38,65.55,238.0
2025-10-10 03:00:00,65.65,65.74,65.6,65.73,115.0
2025-10-10 04:00:00,65.74,65.74,65.52,65.68,232.0
2025-10-10 05:00:00,65.67,65.69,65.53,65.59,163.0
2025-10-10 06:00:00,65.58,65.59,65.43,65.43,161.0
2025-10-10 07:00:00,65.42,65.43,65.27,65.29,87.0
2025-10-10 08:00:00,65.28,65.46,65.28,65.41,161.0
2025-10-10 09:00:00,65.43,65.48,65.21,65.22,437.0
2025-10-10 10:00:00,65.2,65.37,65.08,65.25,486.0
2025-10-10 11:00:00,65.27,65.52,65.15,65.29,637.0
2025-10-10 12:00:00,65.28,65.35,65.03,65.19,509.0
2025-10-10 13:00:00,65.2,65.23,64.74,64.75,447.0
2025-10-10 14:00:00,64.76,64.96,64.68,64.76,411.0
2025-10-10 15:00:00,64.77,64.77,64.19,64.31,667.0
2025-10-10 16:00:00,64.3,64.47,63.65,64.31,1539.0
2025-10-10 17:00:00,64.32,64.61,63.93,64.24,1274.0
2025-10-10 18:00:00,64.22,64.26,63.11,63.12,2016.0
2025-10-10 19:00:00,63.14,63.32,62.9,63.1,1318.0
2025-10-10 20:00:00,63.11,63.3,63.09,63.14,774.0
2025-10-10 21:00:00,63.16,63.17,62.93,63.03,723.0
2025-10-10 22:00:00,63.04,63.2,63.03,63.09,351.0
2025-10-13 03:00:00,63.8,63.97,63.52,63.9,391.0
2025-10-13 04:00:00,63.84,64.14,63.78,64.06,699.0
2025-10-13 05:00:00,64.07,64.15,63.99,64.01,304.0
2025-10-13 06:00:00,64.0,64.1,63.89,63.92,239.0
2025-10-13 07:00:00,63.93,63.98,63.85,63.86,102.0
2025-10-13 08:00:00,63.85,64.03,63.83,63.98,288.0
2025-10-13 09:00:00,63.96,64.06,63.88,64.04,554.0
2025-10-13 10:00:00,64.03,64.12,63.82,63.97,558.0
2025-10-13 11:00:00,63.96,64.21,63.82,64.18,847.0
2025-10-13 12:00:00,64.16,64.28,64.04,64.2,467.0
2025-10-13 13:00:00,64.18,64.27,63.98,64.08,434.0
2025-10-13 14:00:00,64.06,64.21,63.79,63.89,599.0
2025-10-13 15:00:00,63.88,63.95,63.47,63.53,729.0
2025-10-13 16:00:00,63.54,63.94,63.39,63.92,1203.0
2025-10-13 17:00:00,63.91,64.15,63.82,64.04,1031.0
2025-10-13 18:00:00,64.05,64.11,63.53,63.61,874.0
2025-10-13 19:00:00,63.6,63.83,63.58,63.78,542.0
2025-10-13 20:00:00,63.79,63.92,63.76,63.86,445.0
2025-10-13 21:00:00,63.87,63.87,63.59,63.62,526.0
2025-10-13 22:00:00,63.61,63.89,63.61,63.82,214.0
2025-10-14 03:00:00,63.81,63.93,63.78,63.91,120.0
2025-10-14 04:00:00,63.92,63.93,63.81,63.81,306.0
2025-10-14 05:00:00,63.82,63.87,63.74,63.75,194.0
2025-10-14 06:00:00,63.76,63.87,63.72,63.85,165.0
2025-10-14 07:00:00,63.86,63.86,63.59,63.64,228.0
2025-10-14 08:00:00,63.63,63.64,63.21,63.23,501.0
2025-10-14 09:00:00,63.25,63.49,63.12,63.16,580.0
2025-10-14 10:00:00,63.17,63.17,62.46,62.72,873.0
2025-10-14 11:00:00,62.73,62.76,62.11,62.36,1088.0
2025-10-14 12:00:00,62.35,62.52,62.07,62.47,780.0
2025-10-14 13:00:00,62.46,62.55,61.8,61.92,745.0
2025-10-14 14:00:00,61.93,62.47,61.93,62.41,759.0
2025-10-14 15:00:00,62.42,62.48,62.1,62.2,725.0
2025-10-14 16:00:00,62.22,62.76,62.16,62.4,1527.0
2025-10-14 17:00:00,62.41,62.56,62.15,62.28,1158.0
2025-10-14 18:00:00,62.29,62.59,62.0,62.47,1214.0
2025-10-14 19:00:00,62.47,62.83,62.45,62.66,765.0
2025-10-14 20:00:00,62.67,62.93,62.67,62.78,564.0
2025-10-14 21:00:00,62.76,62.87,62.58,62.84,550.0
2025-10-14 22:00:00,62.82,62.84,62.36,62.42,397.0
2025-10-15 03:00:00,62.57,62.61,62.51,62.57,153.0
2025-10-15 04:00:00,62.56,62.63,62.48,62.58,284.0
2025-10-15 05:00:00,62.59,62.67,62.41,62.41,229.0
2025-10-15 06:00:00,62.42,62.57,62.3,62.44,269.0
2025-10-15 07:00:00,62.43,62.48,62.37,62.44,90.0
2025-10-15 08:00:00,62.45,62.56,62.43,62.51,277.0
2025-10-15 09:00:00,62.5,62.74,62.48,62.67,448.0
2025-10-15 10:00:00,62.66,62.66,62.38,62.61,488.0
2025-10-15 11:00:00,62.6,62.81,62.45,62.56,626.0
2025-10-15 12:00:00,62.57,62.75,62.47,62.62,489.0
2025-10-15 13:00:00,62.63,62.74,62.5,62.62,364.0
2025-10-15 14:00:00,62.61,62.8,62.51,62.73,449.0
2025-10-15 15:00:00,62.76,63.31,62.68,63.23,640.0
2025-10-15 16:00:00,63.21,63.22,62.75,62.83,1042.0
2025-10-15 17:00:00,62.84,62.89,62.57,62.58,859.0
2025-10-15 18:00:00,62.56,62.63,62.19,62.27,913.0
2025-10-15 19:00:00,62.25,62.41,62.06,62.4,620.0
2025-10-15 20:00:00,62.41,62.46,62.13,62.26,720.0
2025-10-15 21:00:00,62.25,62.5,62.12,62.49,550.0
2025-10-15 22:00:00,62.48,62.58,62.38,62.41,190.0
2025-10-16 03:00:00,62.76,62.94,62.69,62.75,197.0
2025-10-16 04:00:00,62.74,62.78,62.58,62.62,300.0
2025-10-16 05:00:00,62.63,62.7,62.58,62.63,188.0
2025-10-16 06:00:00,62.62,62.74,62.59,62.74,196.0
2025-10-16 07:00:00,62.73,62.76,62.7,62.73,73.0
2025-10-16 08:00:00,62.74,62.76,62.54,62.66,268.0
2025-10-16 09:00:00,62.67,62.83,62.62,62.73,330.0
2025-10-16 10:00:00,62.71,63.01,62.59,62.94,645.0
2025-10-16 11:00:00,62.93,62.97,62.49,62.57,771.0
2025-10-16 12:00:00,62.58,62.68,62.34,62.37,553.0
2025-10-16 13:00:00,62.36,62.56,62.32,62.53,427.0
2025-10-16 14:00:00,62.52,62.8,62.52,62.53,393.0
2025-10-16 15:00:00,62.52,62.59,62.42,62.43,533.0
2025-10-16 16:00:00,62.39,62.55,62.17,62.31,991.0
2025-10-16 17:00:00,62.32,62.33,62.1,62.26,813.0
2025-10-16 18:00:00,62.25,62.5,61.59,62.02,1293.0
2025-10-16 19:00:00,62.01,62.3,61.33,61.61,1491.0
2025-10-16 20:00:00,61.62,61.74,61.22,61.26,1262.0
2025-10-16 21:00:00,61.25,61.54,61.11,61.46,908.0
2025-10-16 22:00:00,61.45,61.48,61.26,61.36,332.0
2025-10-17 03:00:00,61.21,61.3,61.15,61.29,226.0
2025-10-17 04:00:00,61.3,61.3,60.93,60.95,453.0
2025-10-17 05:00:00,60.93,61.19,60.82,61.14,328.0
2025-10-17 06:00:00,61.15,61.22,61.03,61.14,324.0
2025-10-17 07:00:00,61.12,61.34,61.11,61.11,299.0
2025-10-17 08:00:00,61.1,61.2,61.07,61.1,273.0
2025-10-17 09:00:00,61.11,61.27,60.85,60.88,496.0
2025-10-17 10:00:00,60.86,61.1,60.74,60.98,848.0
2025-10-17 11:00:00,61.0,61.05,60.54,60.58,764.0
2025-10-17 12:00:00,60.59,60.79,60.38,60.61,750.0
2025-10-17 13:00:00,60.65,61.04,60.51,60.88,648.0
2025-10-17 14:00:00,60.86,61.3,60.85,61.26,979.0
2025-10-17 15:00:00,61.28,61.51,61.19,61.4,849.0
2025-10-17 16:00:00,61.39,61.45,61.02,61.23,1638.0
2025-10-17 17:00:00,61.22,61.43,61.15,61.34,1457.0
2025-10-17 18:00:00,61.33,61.57,61.08,61.39,1166.0
2025-10-17 19:00:00,61.4,61.5,61.07,61.16,680.0
2025-10-17 20:00:00,61.15,61.53,61.07,61.39,729.0
2025-10-17 21:00:00,61.38,61.71,61.37,61.56,665.0
2025-10-17 22:00:00,61.57,61.62,61.47,61.53,201.0
2025-10-20 03:00:00,61.26,61.34,61.2,61.3,176.0
2025-10-20 04:00:00,61.29,61.37,61.07,61.2,384.0
2025-10-20 05:00:00,61.19,61.35,61.19,61.26,175.0
2025-10-20 06:00:00,61.27,61.33,61.21,61.28,166.0
2025-10-20 07:00:00,61.29,61.31,61.21,61.29,103.0
2025-10-20 08:00:00,61.3,61.3,61.11,61.12,132.0
2025-10-20 09:00:00,61.13,61.15,60.87,60.94,405.0
2025-10-20 10:00:00,60.93,61.21,60.9,60.96,422.0
2025-10-20 11:00:00,60.99,61.32,60.96,61.28,562.0
2025-10-20 12:00:00,61.29,61.4,61.14,61.18,420.0
2025-10-20 13:00:00,61.19,61.38,61.02,61.08,405.0
2025-10-20 14:00:00,61.07,61.09,60.86,61.03,355.0
2025-10-20 15:00:00,61.02,61.12,60.8,60.85,510.0
2025-10-20 16:00:00,60.87,61.03,60.25,60.82,1258.0
2025-10-20 17:00:00,60.82,61.02,60.63,60.82,814.0
2025-10-20 18:00:00,60.82,61.1,60.56,60.68,980.0
2025-10-20 19:00:00,60.69,60.87,60.69,60.8,564.0
2025-10-20 20:00:00,60.8,61.16,60.73,61.09,571.0
2025-10-20 21:00:00,61.06,61.24,61.02,61.07,485.0
2025-10-20 22:00:00,61.06,61.18,60.97,61.16,212.0
2025-10-21 03:00:00,61.11,61.18,61.0,61.13,147.0
2025-10-21 04:00:00,61.12,61.14,60.75,60.97,323.0
2025-10-21 05:00:00,60.98,61.08,60.93,60.99,196.0
2025-10-21 06:00:00,60.98,61.02,60.95,61.01,93.0
2025-10-21 07:00:00,61.0,61.06,60.97,61.04,101.0
2025-10-21 08:00:00,61.03,61.3,61.02,61.2,232.0
2025-10-21 09:00:00,61.17,61.36,61.03,61.04,386.0
2025-10-21 10:00:00,61.01,61.01,60.85,60.89,445.0
2025-10-21 11:00:00,60.9,61.42,60.88,61.32,652.0
2025-10-21 12:00:00,61.33,61.53,61.11,61.53,520.0
2025-10-21 13:00:00,61.52,61.76,61.49,61.66,469.0
2025-10-21 14:00:00,61.64,61.81,61.46,61.52,363.0
2025-10-21 15:00:00,61.51,61.9,61.49,61.61,481.0
2025-10-21 16:00:00,61.57,61.57,60.57,60.58,1313.0
2025-10-21 17:00:00,60.54,61.18,60.52,61.0,1159.0
2025-10-21 18:00:00,61.0,61.6,60.92,61.51,1093.0
2025-10-21 19:00:00,61.51,62.23,61.39,61.39,947.0
2025-10-21 20:00:00,61.4,61.73,61.18,61.44,703.0
2025-10-21 21:00:00,61.43,61.6,61.37,61.56,571.0
2025-10-21 22:00:00,61.55,61.65,61.51,61.63,225.0
2025-10-22 03:00:00,61.74,61.75,61.6,61.64,171.0
2025-10-22 04:00:00,61.63,61.68,61.52,61.62,348.0
2025-10-22 05:00:00,61.61,61.98,61.61,61.91,239.0
2025-10-22 06:00:00,61.92,62.61,61.91,62.41,685.0
2025-10-22 07:00:00,62.4,62.51,62.37,62.46,162.0
2025-10-22 08:00:00,62.44,62.6,62.44,62.5,381.0
2025-10-22 09:00:00,62.49,62.75,62.46,62.57,445.0
2025-10-22 10:00:00,62.55,62.61,62.28,62.4,612.0
2025-10-22 11:00:00,62.42,62.67,62.32,62.49,723.0
2025-10-22 12:00:00,62.5,62.57,62.29,62.38,475.0
2025-10-22 13:00:00,62.36,62.65,62.15,62.55,464.0
2025-10-22 14:00:00,62.54,62.74,62.42,62.55,481.0
2025-10-22 15:00:00,62.56,62.82,62.38,62.39,511.0
2025-10-22 16:00:00,62.37,62.98,62.35,62.9,937.0
2025-10-22 17:00:00,62.89,62.96,62.61,62.75,982.0
2025-10-22 18:00:00,62.74,63.12,62.5,62.96,1001.0
2025-10-22 19:00:00,62.92,63.04,62.45,62.89,1013.0
2025-10-22 20:00:00,62.88,62.94,62.6,62.65,679.0
2025-10-22 21:00:00,62.66,62.86,62.61,62.81,579.0
2025-10-22 22:00:00,62.82,64.07,62.81,63.65,1275.0
2025-10-23 03:00:00,64.47,64.57,64.21,64.26,328.0
2025-10-23 04:00:00,64.25,64.29,64.0,64.1,585.0
2025-10-23 05:00:00,64.07,64.39,64.04,64.33,430.0
2025-10-23 06:00:00,64.32,64.56,64.23,64.51,525.0
2025-10-23 07:00:00,64.5,64.85,64.49,64.74,341.0
2025-10-23 08:00:00,64.75,65.17,64.73,65.16,689.0
2025-10-23 09:00:00,65.12,65.12,64.65,64.72,934.0
2025-10-23 10:00:00,64.73,64.96,64.66,64.73,968.0
2025-10-23 11:00:00,64.75,65.72,64.7,65.72,1070.0
2025-10-23 12:00:00,65.71,66.14,65.68,66.1,800.0
2025-10-23 13:00:00,66.08,66.18,65.78,65.85,840.0
2025-10-23 14:00:00,65.81,66.23,65.52,65.78,983.0
2025-10-23 15:00:00,65.77,65.93,65.3,65.93,1081.0
2025-10-23 16:00:00,65.92,66.32,65.4,65.91,1955.0
2025-10-23 17:00:00,65.89,65.92,65.55,65.72,1069.0
2025-10-23 18:00:00,65.73,66.34,65.55,66.32,1259.0
2025-10-23 19:00:00,66.28,66.48,66.01,66.33,842.0
2025-10-23 20:00:00,66.32,66.38,65.74,65.95,868.0
2025-10-23 21:00:00,65.95,66.2,65.84,66.02,736.0
2025-10-23 22:00:00,66.01,66.13,65.89,65.95,300.0
2025-10-24 03:00:00,65.9,66.03,65.78,65.93,232.0
2025-10-24 04:00:00,65.91,65.91,65.58,65.58,353.0
2025-10-24 05:00:00,65.59,65.76,65.54,65.73,274.0
2025-10-24 06:00:00,65.72,65.88,65.64,65.74,239.0
2025-10-24 07:00:00,65.73,65.92,65.72,65.85,150.0
2025-10-24 08:00:00,65.86,65.92,65.79,65.81,204.0
2025-10-24 09:00:00,65.82,66.0,65.66,65.71,390.0
2025-10-24 10:00:00,65.74,66.28,65.63,66.26,592.0
2025-10-24 11:00:00,66.27,66.41,65.95,65.98,739.0
2025-10-24 12:00:00,65.95,66.13,65.93,65.99,522.0
2025-10-24 13:00:00,65.97,66.27,65.97,66.25,413.0
2025-10-24 14:00:00,66.26,66.77,66.24,66.76,501.0
2025-10-24 15:00:00,66.77,66.9,66.16,66.22,731.0
2025-10-24 16:00:00,66.21,66.54,66.18,66.46,1064.0
2025-10-24 17:00:00,66.47,66.75,66.34,66.58,1025.0
2025-10-24 18:00:00,66.59,66.78,66.51,66.75,787.0
2025-10-24 19:00:00,66.73,66.76,66.47,66.47,555.0
2025-10-24 20:00:00,66.46,66.49,66.05,66.13,658.0
2025-10-24 21:00:00,66.13,66.24,65.98,66.13,606.0
2025-10-24 22:00:00,66.13,66.15,65.98,66.06,270.0
2025-10-27 03:00:00,66.22,66.24,66.0,66.02,462.0
2025-10-27 04:00:00,66.01,66.23,66.01,66.22,234.0
2025-10-27 05:00:00,66.21,66.21,65.97,65.99,213.0
2025-10-27 06:00:00,65.98,66.23,65.95,66.21,123.0
2025-10-27 07:00:00,66.22,66.35,66.17,66.33,228.0
2025-10-27 08:00:00,66.32,66.42,66.2,66.22,339.0
2025-10-27 09:00:00,66.23,66.28,65.8,66.06,529.0
2025-10-27 10:00:00,66.07,66.07,65.14,65.14,1031.0
2025-10-27 11:00:00,65.16,65.46,65.09,65.26,785.0
2025-10-27 12:00:00,65.27,65.65,65.22,65.38,665.0
2025-10-27 13:00:00,65.36,65.93,65.36,65.88,546.0
2025-10-27 14:00:00,65.86,65.95,65.67,65.93,556.0
2025-10-27 15:00:00,65.94,66.2,65.76,66.15,1008.0
2025-10-27 16:00:00,66.16,66.3,65.82,66.22,918.0
2025-10-27 17:00:00,66.24,66.33,65.93,66.03,869.0
2025-10-27 18:00:00,66.03,66.11,65.83,65.95,928.0
2025-10-27 19:00:00,65.95,66.06,65.72,65.82,639.0
2025-10-27 20:00:00,65.81,65.88,65.49,65.78,679.0
2025-10-27 21:00:00,65.77,65.84,65.68,65.79,264.0
2025-10-27 22:00:00,65.79,65.97,65.73,65.91,205.0
2025-10-28 03:00:00,65.44,65.74,65.44,65.72,417.0
2025-10-28 04:00:00,65.73,65.76,65.54,65.63,278.0
2025-10-28 05:00:00,65.64,65.68,65.59,65.59,180.0
2025-10-28 06:00:00,65.6,65.61,65.47,65.5,112.0
2025-10-28 07:00:00,65.49,65.59,65.4,65.52,242.0
2025-10-28 08:00:00,65.55,65.59,65.36,65.39,421.0
2025-10-28 09:00:00,65.4,65.62,64.8,64.84,678.0
2025-10-28 10:00:00,64.85,64.89,64.23,64.56,1269.0
2025-10-28 11:00:00,64.58,64.7,64.4,64.69,808.0
2025-10-28 12:00:00,64.71,64.96,64.62,64.74,679.0
2025-10-28 13:00:00,64.73,64.98,64.63,64.81,556.0
2025-10-28 14:00:00,64.84,64.96,64.45,64.64,691.0
2025-10-28 15:00:00,64.63,65.06,64.63,64.9,1157.0
2025-10-28 16:00:00,64.89,65.02,64.35,64.38,1063.0
2025-10-28 17:00:00,64.36,64.54,64.15,64.29,990.0
2025-10-28 18:00:00,64.29,64.66,64.25,64.47,1156.0
2025-10-28 19:00:00,64.47,64.68,64.45,64.62,642.0
2025-10-28 20:00:00,64.63,64.65,64.33,64.41,753.0
2025-10-28 21:00:00,64.4,64.47,64.29,64.37,329.0
2025-10-28 22:00:00,64.37,64.65,64.29,64.58,286.0
2025-10-29 03:00:00,64.57,64.81,64.56,64.72,333.0
2025-10-29 04:00:00,64.71,64.73,64.34,64.43,332.0
2025-10-29 05:00:00,64.42,64.54,64.41,64.53,187.0
2025-10-29 06:00:00,64.52,64.53,64.37,64.37,86.0
2025-10-29 07:00:00,64.38,64.57,64.37,64.5,217.0
2025-10-29 08:00:00,64.49,64.74,64.49,64.74,327.0
2025-10-29 09:00:00,64.75,64.88,64.6,64.65,452.0
2025-10-29 10:00:00,64.66,64.67,64.09,64.16,958.0
2025-10-29 11:00:00,64.18,64.78,64.17,64.59,636.0
2025-10-29 12:00:00,64.62,64.8,64.51,64.78,491.0
2025-10-29 13:00:00,64.75,64.89,64.7,64.77,423.0
2025-10-29 14:00:00,64.73,64.76,64.47,64.6,519.0
2025-10-29 15:00:00,64.61,64.94,64.5,64.81,839.0
2025-10-29 16:00:00,64.82,65.31,64.82,65.28,1034.0
2025-10-29 17:00:00,65.29,65.36,65.2,65.28,726.0
2025-10-29 18:00:00,65.27,65.41,65.04,65.08,815.0
2025-10-29 19:00:00,65.07,65.17,64.96,65.15,549.0
2025-10-29 20:00:00,65.13,65.22,64.85,65.01,1132.0
2025-10-29 21:00:00,65.03,65.14,64.86,64.92,591.0
2025-10-29 22:00:00,64.91,65.0,64.89,64.94,224.0
2025-10-30 03:00:00,64.95,64.97,64.74,64.82,464.0
2025-10-30 04:00:00,64.81,64.83,64.64,64.66,341.0
2025-10-30 05:00:00,64.67,64.96,64.66,64.94,272.0
2025-10-30 06:00:00,64.95,64.98,64.58,64.73,513.0
2025-10-30 07:00:00,64.72,64.79,64.62,64.71,353.0
2025-10-30 08:00:00,64.7,64.84,64.57,64.63,466.0
2025-10-30 09:00:00,64.62,64.77,64.38,64.42,529.0
2025-10-30 10:00:00,64.45,64.7,64.41,64.61,654.0
2025-10-30 11:00:00,64.59,64.72,64.46,64.58,532.0
2025-10-30 12:00:00,64.57,64.76,64.48,64.58,530.0
2025-10-30 13:00:00,64.57,64.71,64.48,64.62,343.0
2025-10-30 14:00:00,64.6,64.64,64.31,64.45,658.0
2025-10-30 15:00:00,64.44,64.59,64.17,64.35,1030.0
2025-10-30 16:00:00,64.34,64.92,64.32,64.86,1164.0
2025-10-30 17:00:00,64.85,65.09,64.84,64.94,828.0
2025-10-30 18:00:00,64.93,65.16,64.93,65.11,599.0
2025-10-30 19:00:00,65.12,65.23,65.01,65.09,388.0
2025-10-30 20:00:00,65.08,65.16,64.89,64.94,533.0
2025-10-30 21:00:00,64.93,64.96,64.65,64.69,254.0
2025-10-30 22:00:00,64.68,64.77,64.66,64.73,187.0
2025-10-31 03:00:00,64.66,64.86,64.66,64.76,308.0
2025-10-31 04:00:00,64.75,64.8,64.6,64.7,176.0
2025-10-31 05:00:00,64.7,64.7,64.56,64.58,133.0
2025-10-31 06:00:00,64.57,64.64,64.57,64.6,86.0
2025-10-31 07:00:00,64.61,64.64,64.5,64.54,161.0
2025-10-31 08:00:00,64.53,64.7,64.5,64.69,320.0
2025-10-31 09:00:00,64.68,64.92,64.68,64.9,444.0
2025-10-31 10:00:00,64.92,64.99,64.62,64.63,641.0
2025-10-31 11:00:00,64.62,64.82,64.49,64.56,534.0
2025-10-31 12:00:00,64.59,64.88,64.48,64.84,506.0
2025-10-31 13:00:00,64.83,64.9,64.74,64.79,437.0
2025-10-31 14:00:00,64.78,65.31,64.76,65.26,936.0
2025-10-31 15:00:00,65.24,65.82,65.24,65.61,1198.0
2025-10-31 16:00:00,65.59,65.62,64.97,65.42,987.0
2025-10-31 17:00:00,65.41,65.53,64.91,65.07,1060.0
2025-10-31 18:00:00,65.06,65.29,64.91,65.25,979.0
2025-10-31 19:00:00,65.24,65.45,65.23,65.33,612.0
2025-10-31 20:00:00,65.31,65.49,65.28,65.3,368.0
2025-10-31 21:00:00,65.31,65.39,65.27,65.32,196.0
2025-10-31 22:00:00,65.32,65.38,65.24,65.32,179.0
2025-11-03 03:00:00,65.65,65.84,65.54,65.57,424.0
2025-11-03 04:00:00,65.58,65.75,65.57,65.66,181.0
2025-11-03 05:00:00,65.63,65.68,65.54,65.68,129.0
2025-11-03 06:00:00,65.67,65.68,65.51,65.54,70.0
2025-11-03 07:00:00,65.56,65.86,65.56,65.84,180.0
2025-11-03 08:00:00,65.83,65.92,65.76,65.85,322.0
2025-11-03 09:00:00,65.86,65.88,65.62,65.68,340.0
2025-11-03 10:00:00,65.67,65.73,65.25,65.25,580.0
2025-11-03 11:00:00,65.27,65.41,65.12,65.38,494.0
2025-11-03 12:00:00,65.37,65.62,65.19,65.59,455.0
2025-11-03 13:00:00,65.58,65.59,64.98,65.22,438.0
2025-11-03 14:00:00,65.23,65.38,65.2,65.27,346.0
2025-11-03 15:00:00,65.28,65.42,65.18,65.23,553.0
2025-11-03 16:00:00,65.24,65.56,65.04,65.3,1035.0
2025-11-03 17:00:00,65.27,65.44,64.93,65.4,942.0
2025-11-03 18:00:00,65.39,65.88,65.39,65.73,894.0
2025-11-03 19:00:00,65.72,65.8,65.58,65.67,495.0
2025-11-03 20:00:00,65.66,65.7,65.38,65.4,408.0
2025-11-03 21:00:00,65.41,65.54,65.17,65.42,509.0
2025-11-03 22:00:00,65.42,65.5,65.37,65.5,174.0
2025-11-03 23:00:00,65.51,65.51,65.38,65.44,116.0
2025-11-04 03:00:00,65.31,65.38,65.26,65.33,233.0
2025-11-04 04:00:00,65.32,65.33,65.18,65.18,146.0
2025-11-04 05:00:00,65.19,65.34,65.19,65.33,138.0
2025-11-04 06:00:00,65.32,65.32,65.24,65.25,72.0
2025-11-04 07:00:00,65.24,65.29,65.2,65.26,181.0
2025-11-04 08:00:00,65.25,65.28,65.17,65.18,213.0
2025-11-04 09:00:00,65.19,65.25,64.95,64.99,319.0
2025-11-04 10:00:00,64.98,65.0,64.46,64.63,704.0
2025-11-04 11:00:00,64.64,64.74,64.52,64.57,452.0
2025-11-04 12:00:00,64.56,64.69,64.4,64.57,458.0
2025-11-04 13:00:00,64.55,64.66,64.48,64.64,288.0
2025-11-04 14:00:00,64.65,64.79,64.58,64.73,358.0
2025-11-04 15:00:00,64.72,64.75,64.45,64.45,624.0
2025-11-04 16:00:00,64.46,65.05,64.46,64.95,961.0
2025-11-04 17:00:00,64.96,65.19,64.87,65.19,770.0
2025-11-04 18:00:00,65.2,65.26,65.0,65.14,709.0
2025-11-04 19:00:00,65.15,65.29,64.99,65.19,535.0
2025-11-04 20:00:00,65.17,65.28,64.95,65.09,530.0
2025-11-04 21:00:00,65.09,65.15,64.93,64.99,599.0
2025-11-04 22:00:00,64.99,65.02,64.82,64.85,200.0
2025-11-04 23:00:00,64.85,64.89,64.78,64.87,145.0
2025-11-05 03:00:00,64.74,64.78,64.45,64.57,373.0
2025-11-05 04:00:00,64.58,64.72,64.55,64.67,209.0
2025-11-05 05:00:00,64.68,64.96,64.67,64.95,206.0
2025-11-05 06:00:00,64.96,65.02,64.9,64.95,119.0
2025-11-05 07:00:00,64.94,65.11,64.93,65.1,232.0
2025-11-05 08:00:00,65.09,65.14,64.95,65.0,271.0
2025-11-05 09:00:00,65.04,65.04,64.82,65.01,432.0
2025-11-05 10:00:00,65.04,65.16,64.82,65.08,646.0
2025-11-05 11:00:00,65.09,65.41,65.03,65.29,572.0
2025-11-05 12:00:00,65.3,65.49,65.27,65.31,502.0
2025-11-05 13:00:00,65.3,65.45,64.95,64.96,367.0
2025-11-05 14:00:00,64.95,64.95,64.61,64.79,550.0
2025-11-05 15:00:00,64.8,64.83,64.59,64.7,575.0
2025-11-05 16:00:00,64.7,64.76,64.52,64.64,797.0
2025-11-05 17:00:00,64.63,65.18,64.6,65.16,1119.0
2025-11-05 18:00:00,65.16,65.26,64.26,64.26,1336.0
2025-11-05 19:00:00,64.27,64.34,64.09,64.2,714.0
2025-11-05 20:00:00,64.19,64.27,64.09,64.23,417.0
2025-11-05 21:00:00,64.2,64.25,63.97,64.02,503.0
2025-11-05 22:00:00,64.03,64.1,64.02,64.05,165.0
2025-11-05 23:00:00,64.05,64.07,64.0,64.05,124.0
2025-11-06 03:00:00,64.07,64.17,63.99,64.06,319.0
2025-11-06 04:00:00,64.05,64.19,64.01,64.18,255.0
2025-11-06 05:00:00,64.17,64.22,64.13,64.21,126.0
2025-11-06 06:00:00,64.2,64.29,64.19,64.21,100.0
2025-11-06 07:00:00,64.22,64.3,64.2,64.3,134.0
2025-11-06 08:00:00,64.28,64.35,64.18,64.34,257.0
2025-11-06 09:00:00,64.35,64.4,64.18,64.19,395.0
2025-11-06 10:00:00,64.2,64.7,63.88,64.68,808.0
2025-11-06 11:00:00,64.69,64.84,64.43,64.51,675.0
2025-11-06 12:00:00,64.5,64.56,64.31,64.52,551.0
2025-11-06 13:00:00,64.53,64.56,64.27,64.3,415.0
2025-11-06 14:00:00,64.31,64.54,64.31,64.49,450.0
2025-11-06 15:00:00,64.5,64.55,64.12,64.18,732.0
2025-11-06 16:00:00,64.17,64.26,63.58,63.6,1285.0
2025-11-06 17:00:00,63.59,63.71,63.35,63.63,1245.0
2025-11-06 18:00:00,63.62,63.93,63.45,63.48,1102.0
2025-11-06 19:00:00,63.49,63.77,63.42,63.74,645.0
2025-11-06 20:00:00,63.75,63.9,63.52,63.79,565.0
2025-11-06 21:00:00,63.76,63.95,63.75,63.93,572.0
2025-11-06 22:00:00,63.93,64.14,63.93,63.96,288.0
2025-11-06 23:00:00,63.93,64.0,63.91,63.96,129.0
2025-11-07 03:00:00,64.09,64.2,64.02,64.11,380.0
2025-11-07 04:00:00,64.12,64.23,64.05,64.18,259.0
2025-11-07 05:00:00,64.17,64.19,64.04,64.1,130.0
2025-11-07 06:00:00,64.09,64.26,64.02,64.17,151.0
2025-11-07 07:00:00,64.16,64.29,64.12,64.29,204.0
2025-11-07 08:00:00,64.28,64.63,64.26,64.62,338.0
2025-11-07 09:00:00,64.61,64.63,64.44,64.51,448.0
2025-11-07 10:00:00,64.52,64.64,64.29,64.57,577.0
2025-11-07 11:00:00,64.58,64.76,64.45,64.74,473.0
2025-11-07 12:00:00,64.75,64.89,64.52,64.58,505.0
2025-11-07 13:00:00,64.54,64.56,64.32,64.42,582.0
2025-11-07 14:00:00,64.42,64.52,64.32,64.39,475.0
2025-11-07 15:00:00,64.34,64.42,64.21,64.28,595.0
2025-11-07 16:00:00,64.24,64.49,64.01,64.36,1385.0
2025-11-07 17:00:00,64.37,64.37,63.96,64.0,1324.0
2025-11-07 18:00:00,63.98,64.2,63.96,64.16,884.0
2025-11-07 19:00:00,64.16,64.31,63.71,63.89,827.0
2025-11-07 20:00:00,63.9,64.22,63.89,64.12,609.0
2025-11-07 21:00:00,64.11,64.24,64.06,64.22,642.0
2025-11-07 22:00:00,64.22,64.23,64.05,64.17,243.0
2025-11-10 03:00:00,64.24,64.53,64.24,64.34,416.0
2025-11-10 04:00:00,64.33,64.46,64.29,64.46,257.0
2025-11-10 05:00:00,64.47,64.54,64.44,64.46,192.0
2025-11-10 06:00:00,64.47,64.54,64.47,64.49,101.0
2025-11-10 07:00:00,64.5,64.63,64.5,64.6,165.0
2025-11-10 08:00:00,64.61,64.64,64.54,64.58,208.0
2025-11-10 09:00:00,64.59,64.66,64.41,64.51,351.0
2025-11-10 10:00:00,64.55,64.74,64.26,64.35,702.0
2025-11-10 11:00:00,64.34,64.74,64.3,64.64,495.0
2025-11-10 12:00:00,64.65,64.67,64.1,64.12,499.0
2025-11-10 13:00:00,64.13,64.29,64.09,64.17,396.0
2025-11-10 14:00:00,64.21,64.39,64.21,64.35,326.0
2025-11-10 15:00:00,64.33,64.4,64.25,64.28,422.0
2025-11-10 16:00:00,64.26,64.53,63.91,63.95,850.0
2025-11-10 17:00:00,63.94,64.2,63.86,63.87,812.0
2025-11-10 18:00:00,63.87,63.97,63.75,63.89,777.0
2025-11-10 19:00:00,63.9,64.32,63.9,64.31,490.0
2025-11-10 20:00:00,64.33,64.39,64.25,64.32,439.0
2025-11-10 21:00:00,64.32,64.54,64.32,64.44,473.0
2025-11-10 22:00:00,64.45,64.52,64.44,64.49,173.0
2025-11-10 23:00:00,64.45,64.48,64.32,64.35,106.0
2025-11-11 03:00:00,64.34,64.35,64.2,64.23,223.0
2025-11-11 04:00:00,64.22,64.33,64.19,64.3,144.0
2025-11-11 05:00:00,64.31,64.46,64.29,64.32,125.0
2025-11-11 06:00:00,64.31,64.36,64.27,64.32,89.0
2025-11-11 07:00:00,64.31,64.33,64.12,64.14,172.0
2025-11-11 08:00:00,64.13,64.25,64.08,64.19,233.0
2025-11-11 09:00:00,64.2,64.22,64.01,64.09,357.0
2025-11-11 10:00:00,64.08,64.39,64.05,64.36,544.0
2025-11-11 11:00:00,64.41,64.82,64.36,64.76,564.0
2025-11-11 12:00:00,64.77,64.88,64.57,64.73,336.0
2025-11-11 13:00:00,64.72,64.97,64.64,64.96,249.0
2025-11-11 14:00:00,64.95,64.95,64.82,64.84,297.0
2025-11-11 15:00:00,64.81,65.15,64.78,65.12,550.0
2025-11-11 16:00:00,65.13,65.36,64.94,65.34,731.0
2025-11-11 17:00:00,65.33,65.39,65.2,65.37,686.0
2025-11-11 18:00:00,65.36,65.7,65.32,65.56,783.0
2025-11-11 19:00:00,65.57,65.67,65.4,65.49,465.0
2025-11-11 20:00:00,65.48,65.59,65.42,65.5,340.0
2025-11-11 21:00:00,65.49,65.66,65.45,65.55,441.0
2025-11-11 22:00:00,65.54,65.57,65.42,65.44,215.0
2025-11-11 23:00:00,65.41,65.55,65.4,65.52,114.0
2025-11-12 03:00:00,65.48,65.49,65.36,65.44,264.0
2025-11-12 04:00:00,65.45,65.47,65.37,65.38,188.0
2025-11-12 05:00:00,65.39,65.41,65.29,65.3,140.0
2025-11-12 06:00:00,65.31,65.4,65.3,65.34,87.0
2025-11-12 07:00:00,65.35,65.36,65.26,65.3,126.0
2025-11-12 08:00:00,65.31,65.37,65.28,65.29,161.0
2025-11-12 09:00:00,65.28,65.36,65.2,65.2,281.0
2025-11-12 10:00:00,65.19,65.29,65.1,65.11,434.0
2025-11-12 11:00:00,65.1,65.18,64.93,64.97,407.0
2025-11-12 12:00:00,64.95,65.12,64.88,65.12,427.0
2025-11-12 13:00:00,65.11,65.18,64.8,64.82,292.0
2025-11-12 14:00:00,64.83,64.93,64.81,64.88,335.0
2025-11-12 15:00:00,64.9,64.9,64.48,64.52,726.0
2025-11-12 16:00:00,64.53,64.54,63.63,63.65,1127.0
2025-11-12 17:00:00,63.68,63.91,63.47,63.48,892.0
2025-11-12 18:00:00,63.49,63.58,62.99,63.11,1034.0
2025-11-12 19:00:00,63.12,63.28,63.07,63.17,686.0
2025-11-12 20:00:00,63.18,63.2,62.94,62.96,405.0
2025-11-12 21:00:00,62.95,63.12,62.95,62.98,452.0
2025-11-12 22:00:00,62.97,63.09,62.94,63.05,221.0
2025-11-12 23:00:00,63.05,63.08,62.94,63.06,175.0
2025-11-13 03:00:00,62.89,62.93,62.68,62.88,566.0
2025-11-13 04:00:00,62.87,63.07,62.86,62.97,258.0
2025-11-13 05:00:00,62.95,63.1,62.94,63.09,174.0
2025-11-13 06:00:00,63.08,63.11,62.97,63.01,106.0
2025-11-13 07:00:00,63.0,63.05,62.91,62.99,146.0
2025-11-13 08:00:00,62.98,63.11,62.95,63.05,261.0
2025-11-13 09:00:00,63.04,63.14,62.94,62.97,363.0
2025-11-13 10:00:00,62.95,63.02,62.78,62.88,563.0
2025-11-13 11:00:00,62.86,62.97,62.73,62.95,506.0
2025-11-13 12:00:00,62.97,63.44,62.97,63.37,480.0
2025-11-13 13:00:00,63.36,63.49,63.33,63.46,263.0
2025-11-13 14:00:00,63.47,63.58,63.41,63.51,288.0
2025-11-13 15:00:00,63.48,63.79,63.44,63.68,601.0
2025-11-13 16:00:00,63.69,63.73,63.53,63.6,731.0
2025-11-13 17:00:00,63.57,63.74,63.35,63.4,736.0
2025-11-13 18:00:00,63.39,63.67,62.84,63.65,984.0
2025-11-13 19:00:00,63.6,63.63,63.4,63.49,708.0
2025-11-13 20:00:00,63.48,63.52,63.16,63.3,650.0
2025-11-13 21:00:00,63.29,63.5,63.21,63.42,627.0
2025-11-13 22:00:00,63.42,63.43,63.23,63.27,273.0
2025-11-13 23:00:00,63.26,63.33,63.2,63.21,127.0
2025-11-14 03:00:00,63.74,65.19,63.74,64.78,1128.0
2025-11-14 04:00:00,64.79,64.88,64.32,64.58,697.0
2025-11-14 05:00:00,64.58,64.64,64.16,64.25,455.0
2025-11-14 06:00:00,64.26,64.3,64.18,64.2,240.0
2025-11-14 07:00:00,64.21,64.4,64.2,64.27,338.0
2025-11-14 08:00:00,64.26,64.38,64.03,64.14,438.0
2025-11-14 09:00:00,64.13,64.3,64.03,64.26,524.0
2025-11-14 10:00:00,64.27,64.32,63.88,63.96,818.0
2025-11-14 11:00:00,64.0,64.6,63.96,64.45,735.0
2025-11-14 12:00:00,64.44,64.95,64.41,64.95,721.0
2025-11-14 13:00:00,64.94,64.94,63.93,64.15,928.0
2025-11-14 14:00:00,64.14,64.36,64.05,64.06,736.0
2025-11-14 15:00:00,64.1,64.4,63.99,64.3,839.0
2025-11-14 16:00:00,64.29,64.58,64.22,64.55,1195.0
2025-11-14 17:00:00,64.55,64.86,64.45,64.81,1111.0
2025-11-14 18:00:00,64.82,64.98,64.67,64.75,906.0
2025-11-14 19:00:00,64.74,64.87,64.65,64.77,642.0
2025-11-14 20:00:00,64.76,64.84,64.64,64.68,571.0
2025-11-14 21:00:00,64.67,64.79,64.56,64.72,641.0
2025-11-14 22:00:00,64.71,64.72,64.54,64.58,258.0
2025-11-17 03:00:00,64.13,64.15,63.96,64.02,446.0
2025-11-17 04:00:00,64.03,64.1,63.94,64.06,218.0
2025-11-17 05:00:00,64.05,64.12,64.03,64.08,150.0
2025-11-17 06:00:00,64.09,64.14,63.98,63.99,52.0
2025-11-17 07:00:00,64.0,64.08,63.97,64.03,176.0
2025-11-17 08:00:00,64.04,64.09,63.92,64.01,215.0
2025-11-17 09:00:00,64.0,64.26,63.95,64.21,356.0
2025-11-17 10:00:00,64.2,64.35,64.07,64.13,548.0
2025-11-17 11:00:00,64.14,64.34,64.09,64.29,586.0
2025-11-17 12:00:00,64.28,64.74,64.27,64.64,460.0
2025-11-17 13:00:00,64.65,64.69,64.52,64.66,396.0
2025-11-17 14:00:00,64.68,64.71,64.48,64.68,338.0
2025-11-17 15:00:00,64.67,64.97,64.64,64.85,501.0
2025-11-17 16:00:00,64.84,64.85,64.55,64.61,819.0
2025-11-17 17:00:00,64.6,64.72,64.43,64.47,793.0
2025-11-17 18:00:00,64.48,64.71,64.42,64.61,761.0
2025-11-17 19:00:00,64.62,64.72,64.48,64.54,536.0
2025-11-17 20:00:00,64.53,64.64,64.47,64.49,434.0
2025-11-17 21:00:00,64.5,64.55,64.29,64.29,491.0
2025-11-17 22:00:00,64.3,64.38,64.29,64.3,269.0
2025-11-17 23:00:00,64.27,64.29,64.2,64.23,134.0
2025-11-18 03:00:00,64.22,64.24,64.02,64.05,409.0
2025-11-18 04:00:00,64.06,64.17,64.05,64.14,167.0
2025-11-18 05:00:00,64.13,64.15,64.05,64.06,138.0
2025-11-18 06:00:00,64.05,64.06,63.94,64.0,129.0
2025-11-18 07:00:00,63.99,64.05,63.97,64.01,169.0
2025-11-18 08:00:00,64.02,64.02,63.86,63.92,242.0
2025-11-18 09:00:00,63.89,64.06,63.84,63.9,455.0
2025-11-18 10:00:00,63.89,64.28,63.84,64.17,715.0
2025-11-18 11:00:00,64.18,64.3,63.94,64.13,564.0
2025-11-18 12:00:00,64.14,64.48,64.14,64.42,418.0
2025-11-18 13:00:00,64.4,64.52,64.32,64.51,383.0
2025-11-18 14:00:00,64.5,64.51,64.3,64.43,506.0
2025-11-18 15:00:00,64.44,64.65,64.3,64.31,602.0
2025-11-18 16:00:00,64.3,64.31,63.92,64.01,1222.0
2025-11-18 17:00:00,64.01,64.31,63.87,64.3,1372.0
2025-11-18 18:00:00,64.29,64.51,64.22,64.39,1089.0
2025-11-18 19:00:00,64.37,64.75,64.21,64.74,829.0
2025-11-18 20:00:00,64.75,65.28,64.74,65.08,1089.0
2025-11-18 21:00:00,65.07,65.25,65.02,65.21,642.0
2025-11-18 22:00:00,65.2,65.3,65.13,65.16,460.0
2025-11-18 23:00:00,65.15,65.15,64.89,65.0,311.0
2025-11-19 03:00:00,64.92,64.94,64.72,64.81,437.0
2025-11-19 04:00:00,64.82,64.99,64.81,64.94,231.0
2025-11-19 05:00:00,64.93,65.02,64.83,64.84,263.0
2025-11-19 06:00:00,64.86,64.93,64.83,64.9,131.0
2025-11-19 07:00:00,64.91,65.05,64.91,64.95,193.0
2025-11-19 08:00:00,64.94,64.99,64.79,64.83,295.0
2025-11-19 09:00:00,64.84,64.93,64.69,64.71,411.0
2025-11-19 10:00:00,64.7,64.74,64.4,64.55,754.0
2025-11-19 11:00:00,64.56,64.88,64.5,64.72,601.0
2025-11-19 12:00:00,64.73,64.74,64.5,64.56,481.0
2025-11-19 13:00:00,64.52,64.56,63.86,63.92,769.0
2025-11-19 14:00:00,63.91,63.98,63.46,63.47,774.0
2025-11-19 15:00:00,63.5,63.52,63.07,63.51,1102.0
2025-11-19 16:00:00,63.54,63.55,63.09,63.31,1086.0
2025-11-19 17:00:00,63.3,63.73,63.28,63.53,1148.0
2025-11-19 18:00:00,63.52,63.83,63.47,63.5,1182.0
2025-11-19 19:00:00,63.49,63.68,63.33,63.58,800.0
2025-11-19 20:00:00,63.59,63.8,63.53,63.69,582.0
2025-11-19 21:00:00,63.7,63.81,63.65,63.75,626.0
2025-11-19 22:00:00,63.76,63.79,63.67,63.77,286.0
2025-11-19 23:00:00,63.74,63.85,63.73,63.84,153.0
2025-11-20 03:00:00,63.91,63.93,63.84,63.9,358.0
2025-11-20 04:00:00,63.91,64.0,63.79,63.79,242.0
2025-11-20 05:00:00,63.8,63.92,63.79,63.86,206.0
2025-11-20 06:00:00,63.85,63.93,63.8,63.89,104.0
2025-11-20 07:00:00,63.9,63.97,63.83,63.84,138.0
2025-11-20 08:00:00,63.85,63.89,63.79,63.84,272.0
2025-11-20 09:00:00,63.83,64.09,63.7,63.82,428.0
2025-11-20 10:00:00,63.84,64.17,63.84,64.11,634.0
2025-11-20 11:00:00,64.14,64.24,64.02,64.16,669.0
2025-11-20 12:00:00,64.17,64.44,64.13,64.28,527.0
2025-11-20 13:00:00,64.26,64.33,64.14,64.23,355.0
2025-11-20 14:00:00,64.27,64.42,64.24,64.36,326.0
2025-11-20 15:00:00,64.34,64.43,64.06,64.13,727.0
2025-11-20 16:00:00,64.12,64.34,64.06,64.22,1076.0
2025-11-20 17:00:00,64.24,64.58,64.13,64.41,925.0
2025-11-20 18:00:00,64.41,64.41,63.45,63.49,1820.0
2025-11-20 19:00:00,63.48,63.59,63.13,63.58,1630.0
2025-11-20 20:00:00,63.57,63.75,63.38,63.45,1051.0
2025-11-20 21:00:00,63.46,63.63,63.32,63.57,907.0
2025-11-20 22:00:00,63.53,63.57,63.2,63.27,463.0
2025-11-20 23:00:00,63.24,63.31,63.22,63.27,169.0
2025-11-21 03:00:00,63.14,63.17,62.86,62.88,448.0
2025-11-21 04:00:00,62.87,62.89,62.76,62.81,276.0
2025-11-21 05:00:00,62.82,62.83,62.69,62.71,243.0
2025-11-21 06:00:00,62.7,62.73,62.59,62.63,144.0
2025-11-21 07:00:00,62.64,62.93,62.63,62.87,261.0
2025-11-21 08:00:00,62.88,62.99,62.8,62.8,306.0
2025-11-21 09:00:00,62.81,62.81,62.42,62.42,550.0
2025-11-21 10:00:00,62.42,62.84,62.36,62.76,936.0
2025-11-21 11:00:00,62.75,62.91,62.36,62.37,739.0
2025-11-21 12:00:00,62.36,62.36,62.06,62.13,719.0
2025-11-21 13:00:00,62.14,62.63,62.13,62.51,575.0
2025-11-21 14:00:00,62.5,63.25,62.36,63.11,1106.0
2025-11-21 15:00:00,63.1,63.22,62.89,62.93,678.0
2025-11-21 16:00:00,62.91,62.91,62.05,62.15,1360.0
2025-11-21 17:00:00,62.16,62.6,62.1,62.26,1883.0
2025-11-21 18:00:00,62.25,62.51,62.11,62.45,1433.0
2025-11-21 19:00:00,62.47,62.63,62.4,62.51,777.0
2025-11-21 20:00:00,62.52,62.63,62.39,62.51,766.0
2025-11-21 21:00:00,62.5,62.84,62.5,62.55,646.0
2025-11-21 22:00:00,62.56,62.73,62.53,62.64,413.0
2025-11-24 03:00:00,62.42,62.67,62.42,62.58,468.0
2025-11-24 04:00:00,62.57,62.64,62.52,62.55,283.0
2025-11-24 05:00:00,62.56,62.69,62.54,62.68,148.0
2025-11-24 06:00:00,62.69,62.75,62.65,62.67,118.0
2025-11-24 07:00:00,62.68,62.74,62.64,62.71,181.0
2025-11-24 08:00:00,62.72,62.88,62.72,62.85,228.0
2025-11-24 09:00:00,62.84,62.89,62.43,62.45,401.0
2025-11-24 10:00:00,62.46,62.46,62.3,62.36,615.0
2025-11-24 11:00:00,62.35,62.42,62.06,62.11,622.0
2025-11-24 12:00:00,62.13,62.39,62.1,62.3,559.0
2025-11-24 13:00:00,62.31,62.61,62.29,62.55,388.0
2025-11-24 14:00:00,62.54,62.82,62.47,62.77,464.0
2025-11-24 15:00:00,62.78,62.82,62.63,62.76,467.0
2025-11-24 16:00:00,62.75,62.76,62.2,62.64,1379.0
2025-11-24 17:00:00,62.65,62.77,62.48,62.73,1032.0
2025-11-24 18:00:00,62.74,63.09,62.72,63.08,822.0
2025-11-24 19:00:00,63.07,63.19,62.99,63.16,493.0
2025-11-24 20:00:00,63.15,63.49,63.15,63.45,323.0
2025-11-24 21:00:00,63.45,63.54,63.35,63.43,507.0
2025-11-24 22:00:00,63.44,63.66,63.43,63.56,240.0
2025-11-24 23:00:00,63.56,63.56,63.43,63.43,133.0
2025-11-25 03:00:00,63.43,63.43,63.23,63.29,399.0
2025-11-25 04:00:00,63.28,63.36,63.24,63.29,155.0
2025-11-25 05:00:00,63.28,63.3,63.13,63.14,123.0
2025-11-25 06:00:00,63.13,63.16,63.09,63.16,65.0
2025-11-25 07:00:00,63.15,63.23,63.09,63.14,149.0
2025-11-25 08:00:00,63.13,63.16,62.99,63.09,239.0
2025-11-25 09:00:00,63.07,63.14,63.0,63.14,298.0
2025-11-25 10:00:00,63.15,63.21,62.84,62.87,501.0
2025-11-25 11:00:00,62.86,63.23,62.84,63.21,586.0
2025-11-25 12:00:00,63.19,63.3,63.14,63.2,496.0
2025-11-25 13:00:00,63.17,63.33,63.0,63.15,384.0
2025-11-25 14:00:00,63.16,63.22,61.87,62.26,1127.0
2025-11-25 15:00:00,62.28,62.73,62.16,62.27,1195.0
2025-11-25 16:00:00,62.26,62.33,61.81,61.91,1258.0
2025-11-25 17:00:00,61.94,62.05,61.66,61.79,1244.0
2025-11-25 18:00:00,61.79,62.2,61.77,62.16,1170.0
2025-11-25 19:00:00,62.17,62.48,62.15,62.27,717.0
2025-11-25 20:00:00,62.26,62.53,62.25,62.36,524.0
2025-11-25 21:00:00,62.35,62.58,62.24,62.37,657.0
2025-11-25 22:00:00,62.37,62.7,62.37,62.51,295.0
2025-11-25 23:00:00,62.51,62.65,62.43,62.65,146.0
2025-11-26 03:00:00,62.63,62.69,62.53,62.62,322.0
2025-11-26 04:00:00,62.63,62.8,62.55,62.72,203.0
2025-11-26 05:00:00,62.71,62.75,62.68,62.72,97.0
2025-11-26 06:00:00,62.74,62.76,62.71,62.71,42.0
2025-11-26 07:00:00,62.72,62.76,62.67,62.71,138.0
2025-11-26 08:00:00,62.7,62.78,62.63,62.65,229.0
2025-11-26 09:00:00,62.66,62.85,62.37,62.39,345.0
2025-11-26 10:00:00,62.4,62.59,62.21,62.52,601.0
2025-11-26 11:00:00,62.53,62.63,62.41,62.51,611.0
2025-11-26 12:00:00,62.5,62.53,62.23,62.49,538.0
2025-11-26 13:00:00,62.48,62.78,62.43,62.49,398.0
2025-11-26 14:00:00,62.5,62.57,62.3,62.36,485.0
2025-11-26 15:00:00,62.35,62.57,62.35,62.51,497.0
2025-11-26 16:00:00,62.5,62.54,62.25,62.39,747.0
2025-11-26 17:00:00,62.38,62.6,62.36,62.5,788.0
2025-11-26 18:00:00,62.51,62.89,62.42,62.88,754.0
2025-11-26 19:00:00,62.89,62.96,62.59,62.62,636.0
2025-11-26 20:00:00,62.62,62.91,62.53,62.9,496.0
2025-11-26 21:00:00,62.89,63.27,62.89,63.17,565.0
2025-11-26 22:00:00,63.17,63.29,63.12,63.13,241.0
2025-11-26 23:00:00,63.14,63.18,63.08,63.09,104.0
2025-11-27 03:00:00,63.09,63.1,62.82,62.85,252.0
2025-11-27 04:00:00,62.87,62.98,62.86,62.9,134.0
2025-11-27 05:00:00,62.89,62.93,62.81,62.86,109.0
2025-11-27 06:00:00,62.85,62.88,62.81,62.82,44.0
2025-11-27 07:00:00,62.83,62.9,62.83,62.88,81.0
2025-11-27 08:00:00,62.86,62.96,62.85,62.94,125.0
2025-11-27 09:00:00,62.95,63.16,62.95,63.14,316.0
2025-11-27 10:00:00,63.13,63.3,63.08,63.25,465.0
2025-11-27 11:00:00,63.23,63.27,63.14,63.27,364.0
2025-11-27 12:00:00,63.26,63.35,63.15,63.34,289.0
2025-11-27 13:00:00,63.33,63.43,63.27,63.31,170.0
2025-11-27 14:00:00,63.3,63.44,63.29,63.35,164.0
2025-11-27 15:00:00,63.34,63.42,63.01,63.16,533.0
2025-11-27 16:00:00,63.17,63.44,63.15,63.25,413.0
2025-11-27 17:00:00,63.27,63.38,63.25,63.36,235.0
2025-11-27 18:00:00,63.35,63.49,63.28,63.35,419.0
2025-11-27 19:00:00,63.34,63.56,63.28,63.55,244.0
2025-11-27 20:00:00,63.54,63.63,63.53,63.59,99.0
2025-11-28 03:00:00,63.47,63.58,63.37,63.45,246.0
2025-11-28 04:00:00,63.46,63.61,63.44,63.58,138.0
2025-11-28 05:00:00,63.57,63.77,63.57,63.67,170.0
2025-11-28 06:00:00,63.66,63.78,63.65,63.77,37.0
2025-11-28 07:00:00,63.76,63.89,63.71,63.83,103.0
2025-11-28 08:00:00,63.84,63.85,63.7,63.75,185.0
2025-11-28 09:00:00,63.76,63.81,63.63,63.66,194.0
2025-11-28 10:00:00,63.67,63.91,63.62,63.66,404.0
2025-11-28 11:00:00,63.67,63.82,63.61,63.7,285.0
2025-11-28 12:00:00,63.69,63.72,63.43,63.48,461.0
2025-11-28 13:00:00,63.47,63.51,63.41,63.46,179.0
2025-11-28 14:00:00,63.48,63.54,63.32,63.37,170.0
2025-11-28 15:00:00,63.38,63.41,63.21,63.26,379.0
2025-11-28 16:00:00,63.27,63.63,63.2,63.6,486.0
2025-11-28 17:00:00,63.6,63.68,63.46,63.53,407.0
2025-11-28 18:00:00,63.54,64.04,63.47,63.92,567.0
2025-11-28 19:00:00,63.93,63.98,63.61,63.85,459.0
2025-11-28 20:00:00,63.86,63.96,63.46,63.48,351.0
2025-11-28 21:00:00,63.49,63.51,62.77,62.98,683.0
2025-12-01 03:00:00,63.58,63.79,63.5,63.78,466.0
2025-12-01 04:00:00,63.79,63.93,63.73,63.91,260.0
2025-12-01 05:00:00,63.92,64.02,63.89,63.95,159.0
2025-12-01 06:00:00,63.98,64.07,63.95,64.04,76.0
2025-12-01 07:00:00,64.03,64.24,64.03,64.23,131.0
2025-12-01 08:00:00,64.22,64.42,64.07,64.07,261.0
2025-12-01 09:00:00,64.08,64.23,64.01,64.06,276.0
2025-12-01 10:00:00,64.08,64.33,63.99,64.16,587.0
2025-12-01 11:00:00,64.18,64.28,64.02,64.17,521.0
2025-12-01 12:00:00,64.15,64.2,63.84,63.88,415.0
2025-12-01 13:00:00,63.87,63.88,63.54,63.74,418.0
2025-12-01 14:00:00,63.75,63.77,63.5,63.56,352.0
2025-12-01 15:00:00,63.52,63.61,63.32,63.41,485.0
2025-12-01 16:00:00,63.39,64.01,63.37,63.89,936.0
2025-12-01 17:00:00,63.9,64.04,63.78,63.88,732.0
2025-12-01 18:00:00,63.86,63.87,63.55,63.59,893.0
2025-12-01 19:00:00,63.6,63.84,63.58,63.66,515.0
2025-12-01 20:00:00,63.67,63.91,63.63,63.81,320.0
2025-12-01 21:00:00,63.84,63.87,63.72,63.84,441.0
2025-12-01 22:00:00,63.83,63.96,63.81,63.83,168.0
2025-12-01 23:00:00,63.82,63.93,63.8,63.88,103.0
2025-12-02 03:00:00,63.88,63.93,63.73,63.74,233.0
2025-12-02 04:00:00,63.73,63.81,63.7,63.78,143.0
2025-12-02 05:00:00,63.77,63.78,63.7,63.77,89.0
2025-12-02 06:00:00,63.78,63.81,63.74,63.76,67.0
2025-12-02 07:00:00,63.77,63.81,63.73,63.76,105.0
2025-12-02 08:00:00,63.77,63.86,63.74,63.81,221.0
2025-12-02 09:00:00,63.82,63.9,63.62,63.64,361.0
2025-12-02 10:00:00,63.65,63.86,63.5,63.52,663.0
2025-12-02 11:00:00,63.53,63.75,63.44,63.58,428.0
2025-12-02 12:00:00,63.59,63.79,63.52,63.7,387.0
2025-12-02 13:00:00,63.66,63.74,63.42,63.44,356.0
2025-12-02 14:00:00,63.43,63.6,63.43,63.57,314.0
2025-12-02 15:00:00,63.55,63.63,63.26,63.34,484.0
2025-12-02 16:00:00,63.33,63.49,62.74,62.92,1061.0
2025-12-02 17:00:00,62.91,63.8,62.89,63.64,1460.0
2025-12-02 18:00:00,63.65,63.73,63.2,63.24,991.0
2025-12-02 19:00:00,63.23,63.43,63.23,63.3,532.0
2025-12-02 20:00:00,63.3,63.52,63.22,63.36,527.0
2025-12-02 21:00:00,63.37,63.39,62.87,62.98,685.0
2025-12-02 22:00:00,62.99,63.04,62.93,63.01,276.0
2025-12-02 23:00:00,62.98,63.09,62.84,62.92,216.0
2025-12-03 03:00:00,62.99,63.1,62.88,62.88,238.0
2025-12-03 04:00:00,62.89,62.92,62.72,62.91,199.0
2025-12-03 05:00:00,62.9,63.04,62.9,63.02,123.0
2025-12-03 06:00:00,63.01,63.06,62.99,63.05,43.0
2025-12-03 07:00:00,63.04,63.1,63.0,63.01,153.0
2025-12-03 08:00:00,63.0,63.18,62.97,63.15,281.0
2025-12-03 09:00:00,63.16,63.31,63.16,63.25,293.0
2025-12-03 10:00:00,63.24,63.44,63.21,63.39,497.0
2025-12-03 11:00:00,63.39,63.78,63.36,63.78,536.0
2025-12-03 12:00:00,63.79,63.92,63.69,63.81,489.0
2025-12-03 13:00:00,63.8,63.81,63.69,63.73,268.0
2025-12-03 14:00:00,63.71,63.74,63.61,63.7,334.0
2025-12-03 15:00:00,63.69,63.77,63.37,63.67,645.0
2025-12-03 16:00:00,63.65,63.66,63.31,63.52,923.0
2025-12-03 17:00:00,63.51,63.81,63.42,63.8,819.0
2025-12-03 18:00:00,63.79,63.89,63.16,63.22,956.0
2025-12-03 19:00:00,63.2,63.7,63.2,63.48,582.0
2025-12-03 20:00:00,63.47,63.58,63.36,63.38,432.0
2025-12-03 21:00:00,63.39,63.4,63.1,63.24,477.0
2025-12-03 22:00:00,63.23,63.37,63.21,63.35,170.0
2025-12-03 23:00:00,63.34,63.35,63.3,63.31,94.0
2025-12-04 03:00:00,63.25,63.4,63.25,63.32,186.0
2025-12-04 04:00:00,63.31,63.49,63.25,63.46,124.0
2025-12-04 05:00:00,63.47,63.5,63.41,63.47,87.0
2025-12-04 06:00:00,63.48,63.49,63.42,63.49,53.0
2025-12-04 07:00:00,63.48,63.56,63.38,63.4,179.0
2025-12-04 08:00:00,63.41,63.62,63.4,63.6,213.0
2025-12-04 09:00:00,63.59,63.6,63.5,63.53,209.0
2025-12-04 10:00:00,63.54,63.58,63.27,63.55,569.0
2025-12-04 11:00:00,63.56,63.57,63.27,63.38,405.0
2025-12-04 12:00:00,63.39,63.53,63.29,63.51,310.0
2025-12-04 13:00:00,63.52,63.61,63.38,63.43,376.0
2025-12-04 14:00:00,63.44,63.57,63.4,63.52,338.0
2025-12-04 15:00:00,63.5,63.67,63.5,63.58,443.0
2025-12-04 16:00:00,63.57,63.57,63.06,63.13,958.0
2025-12-04 17:00:00,63.14,63.79,63.11,63.61,914.0
2025-12-04 18:00:00,63.62,64.15,63.58,63.99,850.0
2025-12-04 19:00:00,63.99,64.06,63.85,63.93,515.0
2025-12-04 20:00:00,63.92,64.05,63.92,63.97,330.0
2025-12-04 21:00:00,63.98,63.99,63.74,63.83,513.0
2025-12-04 22:00:00,63.83,63.88,63.77,63.83,229.0
2025-12-04 23:00:00,63.82,63.9,63.79,63.83,94.0
2025-12-05 03:00:00,63.75,63.83,63.72,63.75,223.0
2025-12-05 04:00:00,63.76,63.77,63.61,63.63,153.0
2025-12-05 05:00:00,63.64,63.67,63.58,63.64,104.0
2025-12-05 06:00:00,63.63,63.66,63.6,63.6,44.0
2025-12-05 07:00:00,63.61,63.74,63.61,63.73,133.0
2025-12-05 08:00:00,63.72,63.76,63.65,63.74,176.0
2025-12-05 09:00:00,63.72,63.8,63.64,63.71,273.0
2025-12-05 10:00:00,63.72,63.86,63.61,63.78,429.0
2025-12-05 11:00:00,63.76,63.94,63.66,63.85,379.0
2025-12-05 12:00:00,63.84,63.85,63.62,63.73,310.0
2025-12-05 13:00:00,63.72,63.77,63.62,63.69,277.0
2025-12-05 14:00:00,63.7,63.71,63.58,63.69,309.0
2025-12-05 15:00:00,63.7,63.88,63.63,63.75,421.0
2025-12-05 16:00:00,63.76,64.24,63.64,64.12,819.0
2025-12-05 17:00:00,64.13,64.6,64.12,64.43,872.0
2025-12-05 18:00:00,64.42,64.49,64.07,64.1,879.0
2025-12-05 19:00:00,64.09,64.52,64.08,64.45,494.0
2025-12-05 20:00:00,64.44,64.46,64.25,64.25,345.0
2025-12-05 21:00:00,64.24,64.29,64.18,64.28,456.0
2025-12-05 22:00:00,64.27,64.31,64.21,64.26,217.0
2025-12-08 03:00:00,64.12,64.26,64.08,64.19,233.0
2025-12-08 04:00:00,64.18,64.3,64.13,64.29,118.0
2025-12-08 05:00:00,64.28,64.34,64.25,64.3,107.0
2025-12-08 06:00:00,64.29,64.33,64.28,64.31,34.0
2025-12-08 07:00:00,64.32,64.39,64.2,64.32,165.0
2025-12-08 08:00:00,64.31,64.38,64.28,64.33,189.0
2025-12-08 09:00:00,64.32,64.38,64.25,64.31,170.0
2025-12-08 10:00:00,64.3,64.41,64.02,64.02,424.0
2025-12-08 11:00:00,64.06,64.07,63.63,63.75,417.0
2025-12-08 12:00:00,63.76,63.76,63.57,63.64,286.0
2025-12-08 13:00:00,63.63,63.73,63.49,63.57,285.0
2025-12-08 14:00:00,63.58,63.58,63.31,63.35,260.0
2025-12-08 15:00:00,63.36,63.73,63.32,63.59,525.0
2025-12-08 16:00:00,63.57,63.63,63.23,63.42,968.0
2025-12-08 17:00:00,63.41,63.53,63.25,63.41,688.0
2025-12-08 18:00:00,63.41,63.41,63.15,63.37,811.0
2025-12-08 19:00:00,63.36,63.37,63.09,63.15,444.0
2025-12-08 20:00:00,63.14,63.17,62.78,62.87,442.0
2025-12-08 21:00:00,62.88,62.97,62.81,62.87,458.0
2025-12-08 22:00:00,62.88,62.93,62.85,62.93,145.0
2025-12-08 23:00:00,62.92,62.93,62.85,62.9,162.0
2025-12-09 03:00:00,62.95,62.96,62.8,62.83,202.0
2025-12-09 04:00:00,62.84,62.89,62.78,62.8,145.0
2025-12-09 05:00:00,62.79,62.82,62.75,62.81,100.0
2025-12-09 06:00:00,62.82,62.83,62.72,62.76,51.0
2025-12-09 07:00:00,62.75,62.76,62.66,62.75,96.0
2025-12-09 08:00:00,62.74,62.8,62.66,62.79,207.0
2025-12-09 09:00:00,62.8,62.94,62.74,62.85,270.0
2025-12-09 10:00:00,62.86,62.95,62.73,62.74,413.0
2025-12-09 11:00:00,62.75,62.84,62.69,62.84,356.0
2025-12-09 12:00:00,62.87,63.17,62.86,63.06,418.0
2025-12-09 13:00:00,63.05,63.18,62.99,63.16,271.0
2025-12-09 14:00:00,63.17,63.2,63.0,63.04,253.0
2025-12-09 15:00:00,63.03,63.05,62.73,62.86,438.0
2025-12-09 16:00:00,62.88,62.93,62.59,62.6,684.0
2025-12-09 17:00:00,62.6,62.72,62.27,62.37,882.0
2025-12-09 18:00:00,62.36,62.49,62.25,62.34,744.0
2025-12-09 19:00:00,62.34,62.38,62.28,62.29,442.0
2025-12-09 20:00:00,62.28,62.41,62.26,62.3,357.0
2025-12-09 21:00:00,62.31,62.51,62.29,62.47,434.0
2025-12-09 22:00:00,62.48,62.5,62.41,62.43,174.0
2025-12-09 23:00:00,62.44,62.5,62.4,62.49,123.0
2025-12-10 03:00:00,62.46,62.52,62.4,62.48,221.0
2025-12-10 04:00:00,62.51,62.53,62.41,62.43,102.0
2025-12-10 05:00:00,62.42,62.45,62.36,62.43,112.0
2025-12-10 06:00:00,62.44,62.46,62.38,62.4,34.0
2025-12-10 07:00:00,62.41,62.5,62.37,62.46,105.0
2025-12-10 08:00:00,62.47,62.56,62.44,62.51,209.0
2025-12-10 09:00:00,62.5,62.52,62.33,62.39,273.0
2025-12-10 10:00:00,62.38,62.5,62.24,62.32,536.0
2025-12-10 11:00:00,62.31,62.54,62.16,62.31,477.0
2025-12-10 12:00:00,62.32,62.67,62.3,62.63,481.0
2025-12-10 13:00:00,62.62,62.71,62.57,62.59,301.0
2025-12-10 14:00:00,62.58,62.71,62.55,62.56,327.0
2025-12-10 15:00:00,62.55,62.56,62.33,62.39,473.0
2025-12-10 16:00:00,62.38,62.39,61.85,61.96,958.0
2025-12-10 17:00:00,61.95,62.04,61.8,61.83,794.0
2025-12-10 18:00:00,61.83,62.19,61.75,62.18,658.0
2025-12-10 19:00:00,62.16,62.24,62.11,62.19,469.0
2025-12-10 20:00:00,62.2,62.64,62.17,62.47,607.0
2025-12-10 21:00:00,62.48,62.9,62.44,62.88,919.0
2025-12-10 22:00:00,62.89,63.13,62.87,63.03,409.0
2025-12-10 23:00:00,63.03,63.09,63.0,63.04,143.0
2025-12-11 03:00:00,62.79,63.01,62.79,62.91,384.0
2025-12-11 04:00:00,62.92,62.94,62.77,62.77,171.0
2025-12-11 05:00:00,62.78,62.79,62.5,62.55,261.0
2025-12-11 06:00:00,62.54,62.58,62.49,62.51,110.0
2025-12-11 07:00:00,62.5,62.54,62.35,62.37,155.0
2025-12-11 08:00:00,62.36,62.37,62.19,62.21,319.0
2025-12-11 09:00:00,62.19,62.26,62.08,62.16,319.0
2025-12-11 10:00:00,62.15,62.18,61.77,61.84,657.0
2025-12-11 11:00:00,61.85,61.89,61.74,61.78,477.0
2025-12-11 12:00:00,61.8,61.8,61.57,61.63,460.0
2025-12-11 13:00:00,61.64,61.88,61.6,61.82,383.0
2025-12-11 14:00:00,61.83,61.97,61.83,61.88,409.0
2025-12-11 15:00:00,61.89,61.94,61.64,61.68,491.0
2025-12-11 16:00:00,61.67,61.7,61.31,61.44,967.0
2025-12-11 17:00:00,61.45,61.61,61.39,61.54,783.0
2025-12-11 18:00:00,61.55,61.58,61.14,61.31,1153.0
2025-12-11 19:00:00,61.29,61.48,61.29,61.39,478.0
2025-12-11 20:00:00,61.38,61.57,61.33,61.48,491.0
2025-12-11 21:00:00,61.49,61.88,61.47,61.82,517.0
2025-12-11 22:00:00,61.81,61.87,61.73,61.86,215.0
2025-12-11 23:00:00,61.86,61.98,61.83,61.94,135.0
2025-12-12 03:00:00,61.93,62.03,61.89,62.0,276.0
2025-12-12 04:00:00,61.99,62.08,61.99,62.03,161.0
2025-12-12 05:00:00,62.04,62.21,62.0,62.04,181.0
2025-12-12 06:00:00,62.03,62.07,62.0,62.04,35.0
2025-12-12 07:00:00,62.05,62.16,62.03,62.11,120.0
2025-12-12 08:00:00,62.12,62.13,61.91,61.93,217.0
2025-12-12 09:00:00,61.91,62.02,61.85,61.96,257.0
2025-12-12 10:00:00,61.97,62.14,61.86,62.12,494.0
2025-12-12 11:00:00,62.13,62.15,61.58,61.6,505.0
2025-12-12 12:00:00,61.62,61.63,61.39,61.57,408.0
2025-12-12 13:00:00,61.58,61.58,61.35,61.48,305.0
2025-12-12 14:00:00,61.46,61.65,61.44,61.56,342.0
2025-12-12 15:00:00,61.55,61.66,61.42,61.59,531.0
2025-12-12 16:00:00,61.6,61.6,61.29,61.56,906.0
2025-12-12 17:00:00,61.55,61.55,61.17,61.21,964.0
2025-12-12 18:00:00,61.19,61.68,61.18,61.63,1033.0
2025-12-12 19:00:00,61.64,61.71,61.57,61.67,502.0
2025-12-12 20:00:00,61.67,61.69,61.5,61.52,474.0
2025-12-12 21:00:00,61.52,61.65,61.43,61.43,461.0
2025-12-12 22:00:00,61.43,61.56,61.38,61.51,285.0
2025-12-15 03:00:00,61.61,61.7,61.6,61.66,230.0
2025-12-15 04:00:00,61.65,61.79,61.65,61.69,146.0
2025-12-15 05:00:00,61.7,61.76,61.69,61.72,78.0
2025-12-15 06:00:00,61.73,61.76,61.72,61.73,57.0
2025-12-15 07:00:00,61.74,61.75,61.67,61.67,100.0
2025-12-15 08:00:00,61.68,61.79,61.64,61.7,190.0
2025-12-15 09:00:00,61.72,61.77,61.62,61.64,197.0
2025-12-15 10:00:00,61.63,61.69,61.45,61.55,474.0
2025-12-15 11:00:00,61.57,61.73,61.43,61.53,423.0
2025-12-15 12:00:00,61.54,61.58,61.25,61.28,383.0
2025-12-15 13:00:00,61.29,61.38,61.04,61.11,345.0
2025-12-15 14:00:00,61.1,61.18,61.07,61.17,265.0
2025-12-15 15:00:00,61.18,61.41,60.99,61.09,561.0
2025-12-15 16:00:00,61.11,61.21,60.87,60.96,763.0
2025-12-15 17:00:00,60.96,61.07,60.72,60.81,831.0
2025-12-15 18:00:00,60.82,60.83,60.42,60.61,955.0
2025-12-15 19:00:00,60.6,60.75,60.52,60.67,557.0
2025-12-15 20:00:00,60.66,60.66,60.43,60.56,377.0
2025-12-15 21:00:00,60.54,60.9,60.54,60.76,610.0
2025-12-15 22:00:00,60.77,60.77,60.63,60.67,202.0
2025-12-15 23:00:00,60.67,60.69,60.57,60.66,136.0
2025-12-16 03:00:00,60.64,60.65,60.46,60.46,408.0
2025-12-16 04:00:00,60.47,60.57,60.42,60.45,202.0
2025-12-16 05:00:00,60.46,60.51,60.44,60.48,121.0
2025-12-16 06:00:00,60.47,60.53,60.46,60.5,67.0
2025-12-16 07:00:00,60.49,60.53,60.34,60.37,165.0
2025-12-16 08:00:00,60.36,60.56,60.36,60.56,211.0
2025-12-16 09:00:00,60.55,60.55,60.39,60.39,255.0
2025-12-16 10:00:00,60.4,60.46,59.94,60.16,637.0
2025-12-16 11:00:00,60.15,60.19,59.86,59.88,502.0
2025-12-16 12:00:00,59.89,59.93,59.69,59.86,441.0
2025-12-16 13:00:00,59.85,59.98,59.8,59.92,351.0
2025-12-16 14:00:00,59.91,60.03,59.88,59.93,333.0
2025-12-16 15:00:00,59.92,59.99,59.63,59.74,705.0
2025-12-16 16:00:00,59.73,59.73,59.3,59.3,920.0
2025-12-16 17:00:00,59.3,59.36,58.97,59.22,968.0
2025-12-16 18:00:00,59.21,59.47,59.12,59.44,990.0
2025-12-16 19:00:00,59.45,59.58,59.28,59.29,582.0
2025-12-16 20:00:00,59.3,59.5,59.25,59.34,469.0
2025-12-16 21:00:00,59.33,59.34,59.16,59.18,489.0
2025-12-16 22:00:00,59.18,59.22,59.08,59.12,235.0
2025-12-16 23:00:00,59.12,59.12,59.01,59.1,165.0
2025-12-17 03:00:00,59.58,59.73,59.5,59.62,598.0
2025-12-17 04:00:00,59.63,59.92,59.62,59.78,309.0
2025-12-17 05:00:00,59.79,59.89,59.75,59.87,215.0
2025-12-17 06:00:00,59.86,59.96,59.83,59.96,138.0
2025-12-17 07:00:00,59.95,60.12,59.94,60.03,318.0
2025-12-17 08:00:00,60.02,60.12,59.86,59.98,262.0
2025-12-17 09:00:00,59.97,60.14,59.92,59.94,369.0
2025-12-17 10:00:00,59.95,60.22,59.78,60.2,585.0
2025-12-17 11:00:00,60.22,60.56,60.07,60.42,1096.0
2025-12-17 12:00:00,60.41,60.63,60.41,60.5,566.0
2025-12-17 13:00:00,60.51,60.54,60.3,60.32,339.0
2025-12-17 14:00:00,60.31,60.43,60.11,60.14,354.0
2025-12-17 15:00:00,60.16,60.29,60.1,60.25,579.0
2025-12-17 16:00:00,60.24,60.24,59.72,59.96,1068.0
2025-12-17 17:00:00,59.95,60.29,59.84,59.97,1151.0
2025-12-17 18:00:00,59.98,60.27,59.93,60.14,1057.0
2025-12-17 19:00:00,60.15,60.18,59.99,60.08,544.0
2025-12-17 20:00:00,60.07,60.2,59.98,60.01,440.0
2025-12-17 21:00:00,59.99,60.09,59.88,60.09,475.0
2025-12-17 22:00:00,60.08,60.74,60.07,60.65,407.0
2025-12-17 23:00:00,60.66,60.9,60.64,60.83,378.0
2025-12-18 03:00:00,60.83,60.9,60.75,60.78,355.0
2025-12-18 04:00:00,60.79,60.85,59.98,60.31,636.0
2025-12-18 05:00:00,60.3,60.38,60.26,60.31,157.0
2025-12-18 06:00:00,60.3,60.32,60.19,60.27,125.0
2025-12-18 07:00:00,60.26,60.39,60.23,60.38,151.0
2025-12-18 08:00:00,60.39,60.48,60.38,60.47,187.0
2025-12-18 09:00:00,60.44,60.52,60.35,60.35,258.0
2025-12-18 10:00:00,60.38,60.43,60.17,60.19,562.0
2025-12-18 11:00:00,60.2,60.3,59.95,60.06,464.0
2025-12-18 12:00:00,60.1,60.13,59.85,59.87,395.0
2025-12-18 13:00:00,59.88,60.05,59.78,59.81,344.0
2025-12-18 14:00:00,59.82,60.05,59.78,59.96,337.0
2025-12-18 15:00:00,59.97,60.26,59.97,60.09,568.0
2025-12-18 16:00:00,60.08,60.41,59.96,60.39,952.0
2025-12-18 17:00:00,60.4,60.45,60.16,60.26,806.0
2025-12-18 18:00:00,60.26,60.53,60.16,60.29,733.0
2025-12-18 19:00:00,60.31,60.47,60.22,60.24,596.0
2025-12-18 20:00:00,60.25,60.33,60.11,60.17,439.0
2025-12-18 21:00:00,60.18,60.21,59.86,59.88,458.0
2025-12-18 22:00:00,59.89,59.97,59.88,59.91,207.0
2025-12-18 23:00:00,59.92,60.01,59.88,59.94,114.0
2025-12-19 03:00:00,59.92,59.98,59.78,59.86,302.0
2025-12-19 04:00:00,59.85,59.94,59.82,59.88,173.0
2025-12-19 05:00:00,59.87,59.94,59.81,59.88,150.0
2025-12-19 06:00:00,59.87,60.02,59.87,59.94,110.0
2025-12-19 07:00:00,59.93,59.94,59.82,59.84,114.0
2025-12-19 08:00:00,59.83,59.95,59.82,59.92,207.0
2025-12-19 09:00:00,59.91,60.0,59.68,59.7,253.0
2025-12-19 10:00:00,59.69,60.01,59.69,59.89,631.0
2025-12-19 11:00:00,59.9,59.98,59.67,59.83,521.0
2025-12-19 12:00:00,59.84,60.1,59.61,60.0,555.0
2025-12-19 13:00:00,60.01,60.25,60.0,60.22,495.0
2025-12-19 14:00:00,60.23,60.37,60.09,60.31,296.0
2025-12-19 15:00:00,60.27,60.57,60.27,60.52,433.0
2025-12-19 16:00:00,60.5,60.53,60.21,60.44,801.0
2025-12-19 17:00:00,60.45,60.49,60.11,60.19,758.0
2025-12-19 18:00:00,60.19,60.55,60.19,60.45,657.0
2025-12-19 19:00:00,60.44,60.57,60.4,60.54,375.0
2025-12-19 20:00:00,60.53,60.85,60.51,60.79,459.0
2025-12-19 21:00:00,60.76,60.77,60.59,60.66,521.0
2025-12-19 22:00:00,60.67,60.82,60.62,60.76,150.0
2025-12-22 03:00:00,61.02,61.12,60.99,61.03,273.0
2025-12-22 04:00:00,61.04,61.21,61.03,61.1,206.0
2025-12-22 05:00:00,61.14,61.14,61.02,61.08,94.0
2025-12-22 06:00:00,61.07,61.18,61.06,61.14,40.0
2025-12-22 07:00:00,61.15,61.39,61.08,61.27,228.0
2025-12-22 08:00:00,61.26,61.35,61.17,61.31,255.0
2025-12-22 09:00:00,61.29,61.37,61.16,61.2,256.0
2025-12-22 10:00:00,61.17,61.23,61.06,61.19,475.0
2025-12-22 11:00:00,61.2,61.26,61.03,61.18,408.0
2025-12-22 12:00:00,61.19,61.62,61.14,61.56,335.0
2025-12-22 13:00:00,61.57,61.92,61.57,61.91,301.0
2025-12-22 14:00:00,61.92,61.92,61.78,61.87,289.0
2025-12-22 15:00:00,61.86,62.31,61.85,62.16,466.0
2025-12-22 16:00:00,62.15,62.22,61.85,61.97,818.0
2025-12-22 17:00:00,61.96,62.15,61.77,61.77,627.0
2025-12-22 18:00:00,61.78,62.08,61.74,62.01,525.0
2025-12-22 19:00:00,62.02,62.15,61.97,62.0,349.0
2025-12-22 20:00:00,61.99,62.19,61.99,62.14,280.0
2025-12-22 21:00:00,62.14,62.28,62.08,62.27,389.0
2025-12-22 22:00:00,62.28,62.32,62.22,62.23,117.0
2025-12-22 23:00:00,62.23,62.23,62.1,62.15,108.0
2025-12-23 03:00:00,62.06,62.2,62.06,62.1,234.0
2025-12-23 04:00:00,62.11,62.21,62.09,62.15,132.0
2025-12-23 05:00:00,62.16,62.22,62.14,62.16,93.0
2025-12-23 06:00:00,62.17,62.18,62.11,62.11,27.0
2025-12-23 07:00:00,62.1,62.1,61.97,62.0,156.0
2025-12-23 08:00:00,62.01,62.09,61.96,62.06,190.0
2025-12-23 09:00:00,62.07,62.14,62.03,62.1,195.0
2025-12-23 10:00:00,62.11,62.29,62.09,62.18,377.0
2025-12-23 11:00:00,62.19,62.32,62.17,62.25,268.0
2025-12-23 12:00:00,62.24,62.38,62.16,62.3,276.0
2025-12-23 13:00:00,62.31,62.38,62.2,62.31,255.0
2025-12-23 14:00:00,62.33,62.39,62.24,62.36,241.0
2025-12-23 15:00:00,62.35,62.42,62.26,62.34,386.0
2025-12-23 16:00:00,62.33,62.37,61.91,61.97,752.0
2025-12-23 17:00:00,61.98,62.11,61.93,61.94,625.0
2025-12-23 18:00:00,61.93,62.33,61.9,62.23,588.0
2025-12-23 19:00:00,62.24,62.41,62.21,62.37,350.0
2025-12-23 20:00:00,62.38,62.52,62.36,62.46,324.0
2025-12-23 21:00:00,62.45,62.61,62.43,62.58,359.0
2025-12-23 22:00:00,62.57,62.62,62.53,62.57,143.0
2025-12-23 23:00:00,62.57,62.64,62.54,62.54,101.0
2025-12-24 03:00:00,62.53,62.59,62.36,62.46,306.0
2025-12-24 04:00:00,62.47,62.53,62.45,62.47,121.0
2025-12-24 05:00:00,62.46,62.53,62.44,62.53,143.0
2025-12-24 06:00:00,62.54,62.6,62.29,62.56,241.0
2025-12-24 07:00:00,62.55,62.59,62.51,62.53,102.0
2025-12-24 08:00:00,62.52,62.7,62.49,62.65,122.0
2025-12-24 09:00:00,62.63,62.71,62.62,62.66,161.0
2025-12-24 10:00:00,62.68,62.83,62.65,62.68,249.0
2025-12-24 11:00:00,62.67,62.7,62.45,62.56,304.0
2025-12-24 12:00:00,62.57,62.68,62.5,62.64,158.0
2025-12-24 13:00:00,62.63,62.75,62.51,62.65,221.0
2025-12-24 14:00:00,62.66,62.76,62.48,62.52,392.0
2025-12-24 15:00:00,62.54,62.6,62.45,62.56,338.0
2025-12-24 16:00:00,62.54,62.71,62.45,62.6,454.0
2025-12-24 17:00:00,62.58,62.65,62.18,62.24,466.0
2025-12-24 18:00:00,62.21,62.45,62.2,62.42,377.0
2025-12-24 19:00:00,62.42,62.58,62.36,62.4,399.0
2025-12-26 03:00:00,62.48,62.62,62.45,62.48,357.0
2025-12-26 04:00:00,62.47,62.55,62.44,62.49,148.0
2025-12-26 05:00:00,62.5,62.52,62.43,62.44,109.0
2025-12-26 06:00:00,62.4,62.45,62.34,62.42,68.0
2025-12-26 07:00:00,62.41,62.43,62.3,62.43,191.0
2025-12-26 08:00:00,62.44,62.54,62.4,62.48,236.0
2025-12-26 09:00:00,62.49,62.55,62.37,62.37,161.0
2025-12-26 10:00:00,62.38,62.57,62.29,62.55,478.0
2025-12-26 11:00:00,62.54,62.63,62.34,62.42,281.0
2025-12-26 12:00:00,62.41,62.84,62.4,62.52,290.0
2025-12-26 13:00:00,62.5,62.62,62.2,62.37,400.0
2025-12-26 14:00:00,62.38,62.48,62.28,62.3,310.0
2025-12-26 15:00:00,62.31,62.39,61.98,61.98,572.0
2025-12-26 16:00:00,61.94,61.95,61.67,61.78,868.0
2025-12-26 17:00:00,61.78,61.79,61.42,61.46,602.0
2025-12-26 18:00:00,61.45,61.51,61.25,61.3,545.0
2025-12-26 19:00:00,61.3,61.39,61.18,61.26,378.0
2025-12-26 20:00:00,61.25,61.34,61.07,61.08,369.0
2025-12-26 21:00:00,61.09,61.15,60.72,60.82,514.0
2025-12-26 22:00:00,60.83,61.0,60.8,60.98,191.0
2025-12-29 03:00:00,61.17,61.34,61.11,61.18,369.0
2025-12-29 04:00:00,61.16,61.33,61.13,61.31,185.0
2025-12-29 05:00:00,61.3,61.38,61.26,61.37,127.0
2025-12-29 06:00:00,61.36,61.39,61.33,61.35,43.0
2025-12-29 07:00:00,61.34,61.55,61.32,61.43,144.0
2025-12-29 08:00:00,61.42,61.48,61.34,61.37,235.0
2025-12-29 09:00:00,61.36,61.46,61.31,61.38,318.0
2025-12-29 10:00:00,61.39,61.6,61.31,61.6,513.0
2025-12-29 11:00:00,61.63,62.07,61.61,61.98,440.0
2025-12-29 12:00:00,61.99,62.01,61.74,61.96,351.0
2025-12-29 13:00:00,61.95,62.05,61.86,62.0,291.0
2025-12-29 14:00:00,62.01,62.16,61.87,62.11,261.0
2025-12-29 15:00:00,62.1,62.22,62.04,62.07,449.0
2025-12-29 16:00:00,62.06,62.24,61.85,62.05,899.0
2025-12-29 17:00:00,62.04,62.18,61.98,62.14,692.0
2025-12-29 18:00:00,62.15,62.2,61.93,61.94,734.0
2025-12-29 19:00:00,61.95,62.06,61.87,61.91,369.0
2025-12-29 20:00:00,61.91,61.96,61.72,61.84,452.0
2025-12-29 21:00:00,61.85,62.11,61.82,61.95,388.0
2025-12-29 22:00:00,61.96,61.96,61.76,61.78,178.0
2025-12-29 23:00:00,61.79,61.79,61.7,61.73,99.0
2025-12-30 03:00:00,61.67,61.85,61.49,61.82,334.0
2025-12-30 04:00:00,61.83,61.93,61.74,61.87,225.0
2025-12-30 05:00:00,61.88,62.05,61.88,61.96,167.0
2025-12-30 06:00:00,61.97,62.0,61.94,61.97,39.0
2025-12-30 07:00:00,61.96,62.12,61.9,62.02,259.0
2025-12-30 08:00:00,62.03,62.08,61.84,61.85,257.0
2025-12-30 09:00:00,61.86,62.0,61.82,61.96,228.0
2025-12-30 10:00:00,61.94,62.17,61.89,62.12,425.0
2025-12-30 11:00:00,62.09,62.34,62.07,62.27,436.0
2025-12-30 12:00:00,62.26,62.34,62.07,62.22,333.0
2025-12-30 13:00:00,62.21,62.31,62.16,62.3,262.0
2025-12-30 14:00:00,62.31,62.38,62.17,62.25,292.0
2025-12-30 15:00:00,62.24,62.3,62.18,62.26,406.0
2025-12-30 16:00:00,62.24,62.32,62.17,62.24,578.0
2025-12-30 17:00:00,62.25,62.29,62.1,62.14,432.0
2025-12-30 18:00:00,62.15,62.2,61.87,61.93,578.0
2025-12-30 19:00:00,61.9,61.98,61.78,61.87,284.0
2025-12-30 20:00:00,61.87,61.93,61.81,61.89,243.0
2025-12-30 21:00:00,61.9,61.92,61.77,61.84,294.0
2025-12-30 22:00:00,61.85,61.86,61.77,61.83,147.0
2025-12-30 23:00:00,61.82,61.85,61.74,61.83,75.0
2025-12-31 03:00:00,61.8,61.81,61.69,61.69,265.0
2025-12-31 04:00:00,61.68,61.79,61.66,61.73,182.0
2025-12-31 05:00:00,61.72,61.82,61.68,61.76,173.0
2025-12-31 06:00:00,61.75,62.11,61.75,61.92,308.0
2025-12-31 07:00:00,61.9,61.93,61.69,61.73,189.0
2025-12-31 08:00:00,61.72,61.8,61.7,61.71,200.0
2025-12-31 09:00:00,61.72,61.83,61.66,61.71,108.0
2025-12-31 10:00:00,61.68,61.72,61.56,61.58,230.0
2025-12-31 11:00:00,61.6,62.03,61.59,61.92,312.0
2025-12-31 12:00:00,61.89,62.02,61.79,61.96,288.0
2025-12-31 13:00:00,61.95,62.19,61.92,62.08,286.0
2025-12-31 14:00:00,62.07,62.22,61.92,62.0,450.0
2025-12-31 15:00:00,62.01,62.42,61.97,62.32,488.0
2025-12-31 16:00:00,62.31,62.34,62.0,62.13,649.0
2025-12-31 17:00:00,62.14,62.25,61.72,61.72,696.0
2025-12-31 18:00:00,61.71,61.94,61.63,61.73,508.0
2025-12-31 19:00:00,61.75,61.78,61.62,61.65,270.0
2025-12-31 20:00:00,61.64,61.68,61.37,61.47,377.0
2025-12-31 21:00:00,61.48,61.52,61.12,61.39,495.0
2025-12-31 22:00:00,61.4,61.4,61.4,61.4,1.0
2026-01-02 03:00:00,61.35,61.45,61.29,61.42,151.0
2026-01-02 04:00:00,61.43,61.53,61.41,61.5,114.0
2026-01-02 05:00:00,61.49,61.61,61.49,61.61,74.0
2026-01-02 06:00:00,61.6,61.66,61.52,61.55,58.0
2026-01-02 07:00:00,61.56,61.64,61.56,61.63,59.0
2026-01-02 08:00:00,61.64,61.78,61.63,61.74,117.0
2026-01-02 09:00:00,61.75,61.81,61.6,61.68,187.0
2026-01-02 10:00:00,61.7,61.8,61.19,61.19,573.0
2026-01-02 11:00:00,61.18,61.23,60.86,61.08,457.0
2026-01-02 12:00:00,61.09,61.44,61.08,61.25,465.0
2026-01-02 13:00:00,61.24,61.34,61.0,61.13,349.0
2026-01-02 14:00:00,61.11,61.17,60.74,60.76,354.0
2026-01-02 15:00:00,60.75,60.9,60.7,60.73,418.0
2026-01-02 16:00:00,60.71,60.84,60.48,60.55,693.0
2026-01-02 17:00:00,60.56,60.79,60.47,60.58,740.0
2026-01-02 18:00:00,60.57,60.76,60.47,60.6,817.0
2026-01-02 19:00:00,60.61,61.03,60.57,60.84,682.0
2026-01-02 20:00:00,60.85,61.09,60.78,61.05,492.0
2026-01-02 21:00:00,61.06,61.3,61.06,61.16,614.0
2026-01-02 22:00:00,61.15,61.23,61.14,61.19,168.0
2026-01-05 03:00:00,61.28,61.64,61.14,61.17,763.0
2026-01-05 04:00:00,61.16,61.29,61.13,61.17,356.0
2026-01-05 05:00:00,61.16,61.17,60.9,60.95,208.0
2026-01-05 06:00:00,60.96,61.02,60.88,60.9,112.0
2026-01-05 07:00:00,60.89,60.97,60.7,60.77,293.0
2026-01-05 08:00:00,60.76,60.88,60.69,60.74,384.0
2026-01-05 09:00:00,60.73,60.84,60.57,60.61,366.0
2026-01-05 10:00:00,60.6,60.75,60.15,60.45,733.0
2026-01-05 11:00:00,60.42,61.27,60.42,61.22,626.0
2026-01-05 12:00:00,61.24,61.25,61.0,61.14,557.0
2026-01-05 13:00:00,61.13,61.53,61.09,61.42,463.0
2026-01-05 14:00:00,61.4,61.63,61.25,61.62,355.0
2026-01-05 15:00:00,61.63,61.76,61.54,61.63,514.0
2026-01-05 16:00:00,61.63,61.92,61.54,61.79,988.0
2026-01-05 17:00:00,61.78,62.28,61.37,62.21,1179.0
2026-01-05 18:00:00,62.17,62.21,61.72,61.94,848.0
2026-01-05 19:00:00,61.93,62.18,61.93,62.16,439.0
2026-01-05 20:00:00,62.15,62.29,62.08,62.16,291.0
2026-01-05 21:00:00,62.16,62.23,62.05,62.14,357.0
2026-01-05 22:00:00,62.15,62.26,62.15,62.22,215.0
2026-01-05 23:00:00,62.22,62.26,62.17,62.19,111.0
2026-01-06 03:00:00,62.08,62.14,61.86,61.89,423.0
2026-01-06 04:00:00,61.9,61.94,61.76,61.86,222.0
2026-01-06 05:00:00,61.87,62.03,61.83,61.99,153.0
2026-01-06 06:00:00,62.0,62.03,61.95,61.99,92.0
2026-01-06 07:00:00,61.98,62.03,61.94,61.94,178.0
2026-01-06 08:00:00,61.93,62.06,61.9,61.99,285.0
2026-01-06 09:00:00,61.98,61.98,61.74,61.81,343.0
2026-01-06 10:00:00,61.82,62.36,61.7,62.35,589.0
2026-01-06 11:00:00,62.34,62.54,62.17,62.29,625.0
2026-01-06 12:00:00,62.3,62.49,62.25,62.47,384.0
2026-01-06 13:00:00,62.48,62.51,62.32,62.47,340.0
2026-01-06 14:00:00,62.48,62.51,62.25,62.42,360.0
2026-01-06 15:00:00,62.43,62.71,62.38,62.61,635.0
2026-01-06 16:00:00,62.59,62.66,61.98,62.01,966.0
2026-01-06 17:00:00,62.0,62.29,61.64,62.04,1353.0
2026-01-06 18:00:00,62.03,62.16,61.86,61.87,763.0
2026-01-06 19:00:00,61.88,61.89,61.49,61.55,541.0
2026-01-06 20:00:00,61.54,61.62,61.29,61.3,341.0
2026-01-06 21:00:00,61.31,61.31,60.9,60.9,670.0
2026-01-06 22:00:00,60.89,61.0,60.79,60.87,298.0
2026-01-06 23:00:00,60.88,60.98,60.82,60.9,171.0
2026-01-07 03:00:00,60.45,60.75,60.38,60.48,929.0
2026-01-07 04:00:00,60.49,60.55,60.38,60.53,441.0
2026-01-07 05:00:00,60.54,60.57,60.39,60.44,220.0
2026-01-07 06:00:00,60.45,60.51,60.35,60.38,152.0
2026-01-07 07:00:00,60.37,60.39,60.25,60.39,203.0
2026-01-07 08:00:00,60.4,60.55,60.31,60.33,322.0
2026-01-07 09:00:00,60.31,60.51,60.25,60.44,427.0
2026-01-07 10:00:00,60.43,60.69,60.37,60.64,686.0
2026-01-07 11:00:00,60.62,60.77,60.39,60.44,592.0
2026-01-07 12:00:00,60.45,60.98,60.39,60.96,577.0
2026-01-07 13:00:00,60.95,61.08,60.82,60.91,457.0
2026-01-07 14:00:00,60.92,61.2,60.82,61.16,477.0
2026-01-07 15:00:00,61.15,61.28,60.77,61.11,1000.0
2026-01-07 16:00:00,61.12,61.2,60.55,60.73,1174.0
2026-01-07 17:00:00,60.73,60.86,60.48,60.64,1048.0
2026-01-07 18:00:00,60.63,60.8,60.42,60.42,809.0
2026-01-07 19:00:00,60.43,60.46,60.19,60.2,599.0
2026-01-07 20:00:00,60.21,60.33,60.18,60.31,440.0
2026-01-07 21:00:00,60.3,60.63,60.27,60.55,550.0
2026-01-07 22:00:00,60.56,60.66,60.48,60.65,243.0
2026-01-07 23:00:00,60.66,60.72,60.6,60.72,188.0
2026-01-08 03:00:00,60.62,60.79,60.61,60.77,285.0
2026-01-08 04:00:00,60.76,60.77,60.49,60.55,236.0
2026-01-08 05:00:00,60.56,60.61,60.47,60.6,206.0
2026-01-08 06:00:00,60.59,60.67,60.56,60.62,65.0
2026-01-08 07:00:00,60.61,60.68,60.56,60.6,196.0
2026-01-08 08:00:00,60.61,60.61,60.43,60.61,252.0
2026-01-08 09:00:00,60.57,60.63,60.47,60.51,289.0
2026-01-08 10:00:00,60.5,60.52,60.31,60.51,522.0
2026-01-08 11:00:00,60.5,60.83,60.38,60.74,472.0
2026-01-08 12:00:00,60.73,61.03,60.71,60.99,423.0
2026-01-08 13:00:00,60.97,61.2,60.9,61.15,360.0
2026-01-08 14:00:00,61.16,61.31,61.11,61.31,394.0
2026-01-08 15:00:00,61.3,61.59,61.2,61.49,630.0
2026-01-08 16:00:00,61.49,61.63,61.34,61.39,975.0
2026-01-08 17:00:00,61.37,61.48,61.22,61.33,736.0
2026-01-08 18:00:00,61.34,61.64,61.32,61.56,583.0
2026-01-08 19:00:00,61.54,61.88,61.54,61.81,514.0
2026-01-08 20:00:00,61.82,62.23,61.79,62.22,552.0
2026-01-08 21:00:00,62.19,62.87,62.08,62.8,736.0
2026-01-08 22:00:00,62.81,63.36,62.81,63.28,573.0
2026-01-08 23:00:00,63.27,63.36,63.0,63.07,367.0
2026-01-09 03:00:00,62.93,62.93,62.61,62.73,593.0
2026-01-09 04:00:00,62.74,62.82,62.72,62.77,259.0
2026-01-09 05:00:00,62.78,62.78,62.63,62.73,187.0
2026-01-09 06:00:00,62.72,62.81,62.67,62.78,94.0
2026-01-09 07:00:00,62.77,62.84,62.7,62.77,154.0
2026-01-09 08:00:00,62.78,63.0,62.76,62.98,269.0
2026-01-09 09:00:00,63.0,63.18,62.88,62.95,369.0
2026-01-09 10:00:00,62.96,62.96,62.78,62.79,559.0
2026-01-09 11:00:00,62.81,62.9,62.17,62.49,782.0
2026-01-09 12:00:00,62.52,62.7,62.46,62.68,426.0
2026-01-09 13:00:00,62.69,62.93,62.69,62.89,296.0
2026-01-09 14:00:00,62.88,62.93,62.73,62.73,329.0
2026-01-09 15:00:00,62.72,62.89,62.58,62.83,647.0
2026-01-09 16:00:00,62.84,63.81,62.76,63.69,1455.0
2026-01-09 17:00:00,63.69,64.0,63.43,63.94,1123.0
2026-01-09 18:00:00,63.93,64.28,63.79,64.25,907.0
2026-01-09 19:00:00,64.26,64.26,63.85,63.93,728.0
2026-01-09 20:00:00,63.93,64.01,63.65,64.0,611.0
2026-01-09 21:00:00,63.99,64.0,63.52,63.53,679.0
2026-01-09 22:00:00,63.52,63.59,63.35,63.35,312.0
2026-01-12 03:00:00,63.96,63.99,63.19,63.3,881.0
2026-01-12 04:00:00,63.31,63.73,63.31,63.69,457.0
2026-01-12 05:00:00,63.7,63.81,63.67,63.71,220.0
2026-01-12 06:00:00,63.7,63.8,63.68,63.73,110.0
2026-01-12 07:00:00,63.72,63.83,63.7,63.82,214.0
2026-01-12 08:00:00,63.81,63.84,63.68,63.76,305.0
2026-01-12 09:00:00,63.75,63.77,63.42,63.47,503.0
2026-01-12 10:00:00,63.48,63.67,63.19,63.47,769.0
2026-01-12 11:00:00,63.45,63.53,63.27,63.41,553.0
2026-01-12 12:00:00,63.42,63.55,63.25,63.38,464.0
2026-01-12 13:00:00,63.37,63.37,63.05,63.18,565.0
2026-01-12 14:00:00,63.19,63.61,63.11,63.59,413.0
2026-01-12 15:00:00,63.58,63.66,63.24,63.35,673.0
2026-01-12 16:00:00,63.33,63.56,63.12,63.33,1146.0
2026-01-12 17:00:00,63.35,63.85,63.35,63.78,824.0
2026-01-12 18:00:00,63.8,64.16,63.59,63.67,1066.0
2026-01-12 19:00:00,63.66,63.98,63.59,63.93,585.0
2026-01-12 20:00:00,63.94,63.94,63.66,63.76,539.0
2026-01-12 21:00:00,63.75,64.46,63.73,64.29,739.0
2026-01-12 22:00:00,64.3,64.3,64.05,64.19,281.0
2026-01-12 23:00:00,64.15,64.57,64.09,64.5,333.0
2026-01-13 03:00:00,64.35,64.66,64.29,64.33,625.0
2026-01-13 04:00:00,64.34,64.39,64.12,64.32,365.0
2026-01-13 05:00:00,64.33,64.41,64.31,64.38,190.0
2026-01-13 06:00:00,64.37,64.43,64.32,64.42,62.0
2026-01-13 07:00:00,64.41,64.49,64.3,64.43,227.0
2026-01-13 08:00:00,64.42,64.74,64.37,64.73,350.0
2026-01-13 09:00:00,64.72,64.72,64.5,64.5,433.0
2026-01-13 10:00:00,64.49,64.89,64.41,64.81,666.0
2026-01-13 11:00:00,64.82,65.48,64.81,65.12,839.0
2026-01-13 12:00:00,65.1,65.25,64.8,65.0,691.0
2026-01-13 13:00:00,64.98,65.42,64.9,65.39,462.0
2026-01-13 14:00:00,65.38,65.43,65.15,65.39,512.0
2026-01-13 15:00:00,65.38,65.46,65.05,65.15,898.0
2026-01-13 16:00:00,65.17,66.09,64.92,65.72,1541.0
2026-01-13 17:00:00,65.68,66.2,65.68,66.1,1269.0
2026-01-13 18:00:00,66.09,66.2,65.92,66.04,1070.0
2026-01-13 19:00:00,66.01,66.01,65.36,65.41,950.0
2026-01-13 20:00:00,65.4,66.04,65.39,65.91,1179.0
2026-01-13 21:00:00,65.92,65.92,65.02,65.7,1055.0
2026-01-13 22:00:00,65.69,65.79,65.59,65.68,299.0
2026-01-13 23:00:00,65.69,65.79,65.58,65.68,334.0
2026-01-14 03:00:00,65.65,65.65,65.42,65.62,497.0
2026-01-14 04:00:00,65.63,65.69,65.54,65.56,298.0
2026-01-14 05:00:00,65.55,65.66,65.42,65.6,279.0
2026-01-14 06:00:00,65.59,65.66,65.54,65.58,128.0
2026-01-14 07:00:00,65.58,65.61,65.45,65.5,319.0
2026-01-14 08:00:00,65.51,65.63,65.24,65.27,406.0
2026-01-14 09:00:00,65.29,65.42,65.2,65.26,461.0
2026-01-14 10:00:00,65.28,65.37,65.02,65.2,786.0
2026-01-14 11:00:00,65.22,65.59,64.93,65.58,803.0
2026-01-14 12:00:00,65.56,66.64,65.55,66.63,1246.0
2026-01-14 13:00:00,66.64,66.72,66.34,66.45,801.0
2026-01-14 14:00:00,66.46,66.56,66.12,66.53,876.0
2026-01-14 15:00:00,66.54,66.73,66.25,66.34,1236.0
2026-01-14 16:00:00,66.33,66.52,66.27,66.38,1087.0
2026-01-14 17:00:00,66.37,66.52,65.9,66.33,1357.0
2026-01-14 18:00:00,66.34,66.55,66.09,66.46,1263.0
2026-01-14 19:00:00,66.45,66.77,66.33,66.51,907.0
2026-01-14 20:00:00,66.5,66.58,66.32,66.55,726.0
2026-01-14 21:00:00,66.54,67.09,66.51,67.06,678.0
2026-01-14 22:00:00,67.06,67.09,63.75,64.87,2833.0
2026-01-14 23:00:00,64.88,66.5,64.63,65.8,1058.0
2026-01-15 03:00:00,65.57,65.57,64.73,64.99,1441.0
2026-01-15 04:00:00,64.98,65.03,64.73,64.82,486.0
2026-01-15 05:00:00,64.81,64.94,64.55,64.74,444.0
2026-01-15 06:00:00,64.73,64.74,64.61,64.67,172.0
2026-01-15 07:00:00,64.66,64.67,64.48,64.61,434.0
2026-01-15 08:00:00,64.62,64.92,64.55,64.8,449.0
2026-01-15 09:00:00,64.79,64.8,64.4,64.6,733.0
2026-01-15 10:00:00,64.59,64.84,64.41,64.82,1133.0
2026-01-15 11:00:00,64.84,64.9,63.9,63.93,1219.0
2026-01-15 12:00:00,63.94,64.3,63.7,64.18,998.0
2026-01-15 13:00:00,64.19,64.65,64.18,64.6,689.0
2026-01-15 14:00:00,64.61,64.65,64.0,64.1,729.0
2026-01-15 15:00:00,64.09,64.1,63.76,63.93,1076.0
2026-01-15 16:00:00,63.96,64.2,63.53,63.98,1458.0
2026-01-15 17:00:00,63.99,64.11,63.65,64.06,1229.0
2026-01-15 18:00:00,64.04,64.15,63.65,63.68,1046.0
2026-01-15 19:00:00,63.67,63.88,63.61,63.88,610.0
2026-01-15 20:00:00,63.88,64.29,63.83,63.99,884.0
2026-01-15 21:00:00,63.98,64.06,63.81,63.83,576.0
2026-01-15 22:00:00,63.84,63.9,63.69,63.76,396.0
2026-01-15 23:00:00,63.74,64.06,63.71,64.03,307.0
2026-01-16 03:00:00,63.96,64.16,63.96,63.99,448.0
2026-01-16 04:00:00,64.0,64.02,63.77,63.88,393.0
2026-01-16 05:00:00,63.87,63.95,63.76,63.82,268.0
2026-01-16 06:00:00,63.81,63.89,63.77,63.85,135.0
2026-01-16 07:00:00,63.84,63.88,63.75,63.76,207.0
2026-01-16 08:00:00,63.75,63.92,63.67,63.91,303.0
2026-01-16 09:00:00,63.92,64.27,63.91,64.07,541.0
2026-01-16 10:00:00,64.08,64.4,63.86,64.34,788.0
2026-01-16 11:00:00,64.36,64.75,64.23,64.5,747.0
2026-01-16 12:00:00,64.51,64.86,64.47,64.83,595.0
2026-01-16 13:00:00,64.82,64.88,64.66,64.8,358.0
2026-01-16 14:00:00,64.81,65.0,64.68,64.68,557.0
2026-01-16 15:00:00,64.69,64.95,64.59,64.9,672.0
2026-01-16 16:00:00,64.88,65.0,64.43,64.47,1080.0
2026-01-16 17:00:00,64.48,64.75,64.38,64.59,942.0
2026-01-16 18:00:00,64.57,64.82,64.51,64.74,721.0
2026-01-16 19:00:00,64.74,64.87,64.41,64.67,831.0
2026-01-16 20:00:00,64.67,64.82,64.53,64.75,522.0
2026-01-16 21:00:00,64.75,64.76,64.24,64.4,588.0
2026-01-16 22:00:00,64.39,64.49,64.35,64.44,164.0
2026-01-19 03:00:00,64.22,64.39,64.06,64.35,489.0
2026-01-19 04:00:00,64.36,64.41,64.28,64.37,223.0
2026-01-19 05:00:00,64.36,64.44,64.36,64.44,152.0
2026-01-19 06:00:00,64.45,64.55,64.25,64.25,139.0
2026-01-19 07:00:00,64.26,64.37,64.16,64.23,211.0
2026-01-19 08:00:00,64.22,64.24,63.78,63.85,410.0
2026-01-19 09:00:00,63.86,64.09,63.74,63.88,495.0
2026-01-19 10:00:00,63.91,64.02,63.49,63.79,924.0
2026-01-19 11:00:00,63.8,63.82,63.46,63.49,622.0
2026-01-19 12:00:00,63.52,63.96,63.48,63.88,495.0
2026-01-19 13:00:00,63.89,64.0,63.71,63.91,562.0
2026-01-19 14:00:00,63.9,63.97,63.77,63.95,393.0
2026-01-19 15:00:00,63.94,64.01,63.83,63.96,466.0
2026-01-19 16:00:00,63.94,64.27,63.88,64.26,598.0
2026-01-19 17:00:00,64.26,64.37,64.14,64.29,515.0
2026-01-19 18:00:00,64.29,64.42,64.17,64.36,621.0
2026-01-19 19:00:00,64.37,64.42,64.08,64.11,389.0
2026-01-19 20:00:00,64.1,64.36,64.1,64.29,178.0
2026-01-19 21:00:00,64.3,64.37,64.28,64.29,111.0
2026-01-19 22:00:00,64.3,64.38,64.3,64.36,63.0
2026-01-19 23:00:00,64.34,64.34,64.28,64.33,38.0
2026-01-20 03:00:00,64.31,64.34,64.14,64.14,316.0
2026-01-20 04:00:00,64.13,64.24,64.08,64.19,233.0
2026-01-20 05:00:00,64.19,64.27,64.09,64.26,136.0
2026-01-20 06:00:00,64.27,64.34,64.17,64.18,114.0
2026-01-20 07:00:00,64.19,64.22,64.09,64.16,233.0
2026-01-20 08:00:00,64.15,64.28,64.02,64.19,356.0
2026-01-20 09:00:00,64.2,64.44,63.77,63.83,631.0
2026-01-20 10:00:00,63.82,63.87,63.54,63.83,844.0
2026-01-20 11:00:00,63.84,64.31,63.8,64.28,819.0
2026-01-20 12:00:00,64.29,64.47,64.13,64.42,780.0
2026-01-20 13:00:00,64.4,64.48,64.17,64.47,443.0
2026-01-20 14:00:00,64.48,64.71,64.46,64.65,622.0
2026-01-20 15:00:00,64.66,64.66,64.28,64.36,791.0
2026-01-20 16:00:00,64.35,65.28,64.3,65.16,1383.0
2026-01-20 17:00:00,65.15,65.29,64.74,64.79,1174.0
2026-01-20 18:00:00,64.79,65.07,64.76,65.05,960.0
2026-01-20 19:00:00,65.03,65.17,64.97,65.12,573.0
2026-01-20 20:00:00,65.13,65.2,64.91,65.01,573.0
2026-01-20 21:00:00,65.0,65.12,64.59,64.61,982.0
2026-01-20 22:00:00,64.61,64.67,63.91,64.06,805.0
2026-01-20 23:00:00,64.06,64.16,63.91,64.03,355.0
2026-01-21 03:00:00,64.27,64.33,64.03,64.31,406.0
2026-01-21 04:00:00,64.3,64.44,64.23,64.33,262.0
2026-01-21 05:00:00,64.35,64.43,64.29,64.29,224.0
2026-01-21 06:00:00,64.3,64.37,64.24,64.28,153.0
2026-01-21 07:00:00,64.27,64.47,64.27,64.37,278.0
2026-01-21 08:00:00,64.38,64.48,64.22,64.41,360.0
2026-01-21 09:00:00,64.39,64.4,64.01,64.12,678.0
2026-01-21 10:00:00,64.1,64.31,63.86,63.87,1009.0
2026-01-21 11:00:00,63.88,64.48,63.76,64.47,1051.0
2026-01-21 12:00:00,64.48,64.71,64.35,64.56,817.0
2026-01-21 13:00:00,64.59,65.29,64.59,65.08,936.0
2026-01-21 14:00:00,65.09,65.31,65.02,65.17,686.0
2026-01-21 15:00:00,65.16,65.55,64.99,65.01,1005.0
2026-01-21 16:00:00,65.02,65.16,64.83,65.06,1351.0
2026-01-21 17:00:00,65.05,65.2,64.8,65.16,1125.0
2026-01-21 18:00:00,65.15,65.32,64.94,65.14,951.0
2026-01-21 19:00:00,65.14,65.24,64.98,65.14,651.0
2026-01-21 20:00:00,65.14,65.55,65.13,65.44,694.0
2026-01-21 21:00:00,65.43,65.47,65.16,65.41,817.0
2026-01-21 22:00:00,65.41,65.46,65.31,65.43,369.0
2026-01-21 23:00:00,65.4,65.46,65.33,65.41,186.0
2026-01-22 03:00:00,65.28,65.49,65.21,65.41,382.0
2026-01-22 04:00:00,65.43,65.47,65.29,65.45,231.0
2026-01-22 05:00:00,65.46,65.5,65.42,65.46,184.0
2026-01-22 06:00:00,65.45,65.5,65.43,65.47,96.0
2026-01-22 07:00:00,65.46,65.49,65.37,65.4,167.0
2026-01-22 08:00:00,65.38,65.39,65.21,65.32,307.0
2026-01-22 09:00:00,65.33,65.34,65.03,65.08,473.0
2026-01-22 10:00:00,65.09,65.26,65.0,65.07,760.0
2026-01-22 11:00:00,65.06,65.09,64.7,64.77,701.0
2026-01-22 12:00:00,64.75,64.85,64.5,64.55,726.0
2026-01-22 13:00:00,64.56,64.61,64.2,64.47,625.0
2026-01-22 14:00:00,64.48,64.51,64.19,64.19,610.0
2026-01-22 15:00:00,64.18,64.49,64.06,64.42,796.0
2026-01-22 16:00:00,64.41,64.7,64.09,64.44,1372.0
2026-01-22 17:00:00,64.45,64.5,64.11,64.43,993.0
2026-01-22 18:00:00,64.45,64.6,64.09,64.2,922.0
2026-01-22 19:00:00,64.21,64.21,63.69,63.91,969.0
2026-01-22 20:00:00,63.9,64.11,63.82,64.05,572.0
2026-01-22 21:00:00,64.06,64.22,63.97,64.17,497.0
2026-01-22 22:00:00,64.18,64.24,64.15,64.24,178.0
2026-01-22 23:00:00,64.22,64.47,64.21,64.47,172.0
2026-01-23 03:00:00,64.49,64.63,64.4,64.59,327.0
2026-01-23 04:00:00,64.61,64.72,64.49,64.68,204.0
2026-01-23 05:00:00,64.69,64.76,64.63,64.65,155.0
2026-01-23 06:00:00,64.64,64.74,64.62,64.71,56.0
2026-01-23 07:00:00,64.72,64.75,64.56,64.64,154.0
2026-01-23 08:00:00,64.63,64.82,64.58,64.8,329.0
2026-01-23 09:00:00,64.79,64.79,64.4,64.48,430.0
2026-01-23 10:00:00,64.47,64.91,64.46,64.74,728.0
2026-01-23 11:00:00,64.75,64.9,64.68,64.81,584.0
2026-01-23 12:00:00,64.82,65.17,64.8,65.07,531.0
2026-01-23 13:00:00,65.06,65.29,65.01,65.23,388.0
2026-01-23 14:00:00,65.24,65.41,65.2,65.31,346.0
2026-01-23 15:00:00,65.32,65.91,65.25,65.86,768.0
2026-01-23 16:00:00,65.87,66.08,65.7,65.99,1240.0
2026-01-23 17:00:00,66.0,66.03,65.68,65.69,948.0
2026-01-23 18:00:00,65.69,66.07,65.61,65.99,858.0
2026-01-23 19:00:00,65.96,66.13,65.7,66.07,697.0
2026-01-23 20:00:00,66.06,66.13,65.85,65.96,496.0
2026-01-23 21:00:00,65.97,66.12,65.83,65.97,675.0
2026-01-23 22:00:00,65.97,66.11,65.95,65.99,307.0
2026-01-26 03:00:00,65.84,66.1,65.8,65.92,652.0
2026-01-26 04:00:00,65.91,65.94,65.8,65.8,331.0
2026-01-26 05:00:00,65.8,65.92,65.75,65.92,188.0
2026-01-26 06:00:00,65.91,66.0,65.9,66.0,88.0
2026-01-26 07:00:00,65.98,66.13,65.85,66.06,303.0
2026-01-26 08:00:00,66.05,66.54,66.01,66.39,989.0
2026-01-26 09:00:00,66.4,66.4,65.75,65.77,717.0
2026-01-26 10:00:00,65.76,66.03,65.59,66.03,1100.0
2026-01-26 11:00:00,66.06,66.16,65.65,65.95,817.0
2026-01-26 12:00:00,65.94,66.08,65.8,66.07,585.0
2026-01-26 13:00:00,66.08,66.27,65.91,66.01,530.0
2026-01-26 14:00:00,66.02,66.04,65.75,65.77,513.0
2026-01-26 15:00:00,65.76,65.88,65.43,65.6,903.0
2026-01-26 16:00:00,65.59,65.76,65.38,65.4,1207.0
2026-01-26 17:00:00,65.41,65.86,65.38,65.51,992.0
2026-01-26 18:00:00,65.5,65.78,65.33,65.71,909.0
2026-01-26 19:00:00,65.7,65.92,65.63,65.86,636.0
2026-01-26 20:00:00,65.86,65.87,65.47,65.56,618.0
2026-01-26 21:00:00,65.56,65.64,65.43,65.54,511.0
2026-01-26 22:00:00,65.53,65.77,65.29,65.71,496.0
2026-01-26 23:00:00,65.72,65.76,65.53,65.68,201.0
2026-01-27 03:00:00,65.71,65.71,65.07,65.11,620.0
2026-01-27 04:00:00,65.1,65.24,65.08,65.18,295.0
2026-01-27 05:00:00,65.17,65.17,65.07,65.1,171.0
2026-01-27 06:00:00,65.09,65.16,65.06,65.07,98.0
2026-01-27 07:00:00,65.06,65.3,65.03,65.27,203.0
2026-01-27 08:00:00,65.28,65.39,65.19,65.37,389.0
2026-01-27 09:00:00,65.36,65.38,65.13,65.22,466.0
2026-01-27 10:00:00,65.23,65.34,64.99,65.27,706.0
2026-01-27 11:00:00,65.28,65.51,65.14,65.5,642.0
2026-01-27 12:00:00,65.48,65.88,65.48,65.8,592.0
2026-01-27 13:00:00,65.77,65.84,65.44,65.49,532.0
2026-01-27 14:00:00,65.48,65.57,65.3,65.52,481.0
2026-01-27 15:00:00,65.51,66.67,65.48,66.65,1218.0
2026-01-27 16:00:00,66.64,66.68,65.84,66.15,1561.0
2026-01-27 17:00:00,66.14,66.58,65.99,66.58,1010.0
2026-01-27 18:00:00,66.57,66.83,66.51,66.77,981.0
2026-01-27 19:00:00,66.76,67.12,66.74,67.03,705.0
2026-01-27 20:00:00,67.04,67.2,66.92,66.95,612.0
2026-01-27 21:00:00,66.96,67.59,66.95,67.13,877.0
2026-01-27 22:00:00,67.13,67.57,67.12,67.52,476.0
2026-01-27 23:00:00,67.51,67.51,67.3,67.48,358.0
2026-01-28 03:00:00,67.4,67.55,67.23,67.35,564.0
2026-01-28 04:00:00,67.34,67.61,67.31,67.56,293.0
2026-01-28 05:00:00,67.55,67.76,67.55,67.61,284.0
2026-01-28 06:00:00,67.62,67.72,67.59,67.71,143.0
2026-01-28 07:00:00,67.7,67.77,67.68,67.76,198.0
2026-01-28 08:00:00,67.77,67.91,67.62,67.65,378.0
2026-01-28 09:00:00,67.67,67.67,67.23,67.33,507.0
2026-01-28 10:00:00,67.35,67.66,67.24,67.56,747.0
2026-01-28 11:00:00,67.54,67.55,66.91,67.03,777.0
2026-01-28 12:00:00,67.01,67.13,66.94,66.99,460.0
2026-01-28 13:00:00,66.98,67.48,66.96,67.45,434.0
2026-01-28 14:00:00,67.46,67.94,67.28,67.73,1019.0
2026-01-28 15:00:00,67.69,68.2,67.66,68.17,1022.0
2026-01-28 16:00:00,68.2,68.29,67.65,67.98,1439.0
2026-01-28 17:00:00,67.98,68.08,67.47,67.81,1212.0
2026-01-28 18:00:00,67.82,67.96,67.61,67.66,952.0
2026-01-28 19:00:00,67.67,67.84,67.48,67.64,703.0
2026-01-28 20:00:00,67.63,68.11,67.62,68.05,514.0
2026-01-28 21:00:00,68.04,68.22,67.97,68.14,667.0
2026-01-28 22:00:00,68.13,68.38,68.13,68.28,374.0
2026-01-28 23:00:00,68.29,68.41,68.22,68.38,238.0
2026-01-29 03:00:00,68.39,68.67,68.3,68.66,662.0
2026-01-29 04:00:00,68.65,68.89,68.48,68.86,376.0
2026-01-29 05:00:00,68.88,68.94,68.76,68.92,424.0
2026-01-29 06:00:00,68.91,69.21,68.9,69.14,232.0
2026-01-29 07:00:00,69.15,69.15,68.85,68.96,392.0
2026-01-29 08:00:00,68.94,69.36,68.85,69.09,616.0
2026-01-29 09:00:00,69.1,69.31,68.91,68.94,640.0
2026-01-29 10:00:00,68.91,69.55,68.91,69.53,841.0
2026-01-29 11:00:00,69.54,70.03,69.24,69.8,885.0
2026-01-29 12:00:00,69.76,69.82,69.23,69.63,897.0
2026-01-29 13:00:00,69.61,69.84,69.28,69.62,653.0
2026-01-29 14:00:00,69.59,69.76,69.5,69.59,681.0
2026-01-29 15:00:00,69.57,70.49,69.52,70.32,1331.0
2026-01-29 16:00:00,70.33,71.37,70.3,70.97,2310.0
2026-01-29 17:00:00,70.98,71.02,69.51,70.29,2946.0
2026-01-29 18:00:00,70.29,70.62,69.69,70.08,2071.0
2026-01-29 19:00:00,70.08,70.58,69.95,70.34,1574.0
2026-01-29 20:00:00,70.32,70.41,69.74,70.03,1210.0
2026-01-29 21:00:00,70.04,70.53,70.01,70.34,1075.0
2026-01-29 22:00:00,70.33,70.84,70.31,70.42,734.0
2026-01-29 23:00:00,70.41,70.45,70.13,70.44,401.0
2026-01-30 03:00:00,70.41,70.48,69.62,69.73,1575.0
2026-01-30 04:00:00,69.74,69.79,68.53,69.37,1858.0
2026-01-30 05:00:00,69.38,69.4,69.02,69.15,883.0
2026-01-30 06:00:00,69.16,69.35,69.15,69.22,289.0
2026-01-30 07:00:00,69.2,69.63,69.12,69.38,762.0
2026-01-30 08:00:00,69.37,69.39,68.84,68.88,928.0
2026-01-30 09:00:00,68.9,69.27,68.88,69.04,762.0
2026-01-30 10:00:00,69.03,69.57,68.97,69.37,1246.0
2026-01-30 11:00:00,69.41,70.01,69.36,69.52,1211.0
2026-01-30 12:00:00,69.51,69.75,69.07,69.51,1003.0
2026-01-30 13:00:00,69.52,69.87,69.17,69.83,1418.0
2026-01-30 14:00:00,69.84,70.18,69.7,70.08,847.0
2026-01-30 15:00:00,70.04,70.31,69.81,70.25,1384.0
2026-01-30 16:00:00,70.22,70.87,70.21,70.66,1808.0
2026-01-30 17:00:00,70.67,70.76,70.24,70.58,1505.0
2026-01-30 18:00:00,70.59,70.98,70.44,70.61,1441.0
2026-01-30 19:00:00,70.6,70.74,69.2,69.41,2266.0
2026-01-30 20:00:00,69.41,69.7,69.03,69.63,1578.0
2026-01-30 21:00:00,69.61,70.52,69.58,70.42,1260.0
2026-01-30 22:00:00,70.4,70.81,70.39,70.69,742.0
2026-02-02 03:00:00,68.47,68.47,67.31,67.76,2136.0
2026-02-02 04:00:00,67.74,67.84,66.99,67.11,1319.0
2026-02-02 05:00:00,67.1,67.31,66.95,66.97,1092.0
2026-02-02 06:00:00,66.98,67.0,66.79,66.85,502.0
2026-02-02 07:00:00,66.86,66.86,66.09,66.26,1022.0
2026-02-02 08:00:00,66.25,66.54,66.1,66.31,1076.0
2026-02-02 09:00:00,66.32,66.94,66.31,66.61,1194.0
2026-02-02 10:00:00,66.62,67.13,66.37,66.37,1551.0
2026-02-02 11:00:00,66.38,66.94,66.16,66.9,1425.0
2026-02-02 12:00:00,66.87,67.07,66.53,66.7,1013.0
2026-02-02 13:00:00,66.71,66.78,66.36,66.61,693.0
2026-02-02 14:00:00,66.62,67.02,66.62,66.86,892.0
2026-02-02 15:00:00,66.85,66.85,66.27,66.81,1660.0
2026-02-02 16:00:00,66.82,67.2,66.62,66.7,2027.0
2026-02-02 17:00:00,66.69,67.24,66.51,66.67,2112.0
2026-02-02 18:00:00,66.66,67.03,66.5,66.78,1617.0
2026-02-02 19:00:00,66.77,66.81,66.52,66.62,864.0
2026-02-02 20:00:00,66.66,66.97,66.42,66.61,699.0
2026-02-02 21:00:00,66.59,67.02,66.43,66.86,825.0
2026-02-02 22:00:00,66.87,67.07,66.82,67.04,378.0
2026-02-02 23:00:00,67.03,67.11,66.92,67.09,225.0
2026-02-03 03:00:00,66.74,67.2,66.74,67.06,751.0
2026-02-03 04:00:00,67.07,67.1,66.27,66.44,824.0
2026-02-03 05:00:00,66.42,66.7,66.31,66.65,489.0
2026-02-03 06:00:00,66.64,66.74,66.54,66.63,202.0
2026-02-03 07:00:00,66.64,66.68,66.5,66.58,366.0
2026-02-03 08:00:00,66.59,66.65,66.45,66.55,595.0
2026-02-03 09:00:00,66.54,66.74,66.42,66.6,719.0
2026-02-03 10:00:00,66.62,66.84,66.05,66.3,1148.0
2026-02-03 11:00:00,66.32,66.57,65.8,66.43,1115.0
2026-02-03 12:00:00,66.47,67.05,66.45,66.92,742.0
2026-02-03 13:00:00,66.91,67.11,66.81,67.08,731.0
2026-02-03 14:00:00,67.09,67.27,66.94,67.23,687.0
2026-02-03 15:00:00,67.24,67.38,67.05,67.29,990.0
2026-02-03 16:00:00,67.28,67.76,67.09,67.39,1635.0
2026-02-03 17:00:00,67.4,67.63,67.24,67.41,1509.0
2026-02-03 18:00:00,67.42,67.71,67.22,67.36,1480.0
2026-02-03 19:00:00,67.35,68.43,67.2,67.87,2127.0
2026-02-03 20:00:00,67.86,68.1,67.38,67.83,1251.0
2026-02-03 21:00:00,67.83,68.28,67.43,68.2,1214.0
2026-02-03 22:00:00,68.18,68.91,68.18,68.81,770.0
2026-02-03 23:00:00,68.79,68.84,68.26,68.6,559.0
2026-02-04 03:00:00,68.48,68.87,68.16,68.75,986.0
2026-02-04 04:00:00,68.76,68.84,68.25,68.32,724.0
2026-02-04 05:00:00,68.34,68.54,68.25,68.5,453.0
2026-02-04 06:00:00,68.49,68.54,68.43,68.47,120.0
2026-02-04 07:00:00,68.48,68.51,68.39,68.41,273.0
2026-02-04 08:00:00,68.4,68.49,68.28,68.39,429.0
2026-02-04 09:00:00,68.4,68.45,67.89,67.94,567.0
2026-02-04 10:00:00,67.95,68.32,67.58,67.82,836.0
2026-02-04 11:00:00,67.81,68.41,67.73,68.37,848.0
2026-02-04 12:00:00,68.34,68.45,68.09,68.18,587.0
2026-02-04 13:00:00,68.17,68.17,67.9,67.94,546.0
2026-02-04 14:00:00,67.93,68.25,67.87,68.08,687.0
2026-02-04 15:00:00,68.07,68.17,67.63,67.66,975.0
2026-02-04 16:00:00,67.69,68.31,67.63,68.1,1705.0
2026-02-04 17:00:00,68.09,68.42,67.82,68.15,1955.0
2026-02-04 18:00:00,68.16,68.41,67.81,68.38,1452.0
2026-02-04 19:00:00,68.37,70.37,68.35,69.97,2404.0
2026-02-04 20:00:00,69.98,70.24,69.55,69.91,1766.0
2026-02-04 21:00:00,69.9,70.36,68.59,69.07,2026.0
2026-02-04 22:00:00,69.1,69.46,69.03,69.17,794.0
2026-02-04 23:00:00,69.17,69.4,69.09,69.33,309.0
2026-02-05 03:00:00,69.25,69.34,68.89,68.9,1071.0
2026-02-05 04:00:00,68.89,68.92,68.39,68.5,1357.0
2026-02-05 05:00:00,68.49,68.8,68.3,68.65,964.0
2026-02-05 06:00:00,68.66,68.7,68.48,68.61,258.0
2026-02-05 07:00:00,68.6,68.7,68.42,68.53,589.0
2026-02-05 08:00:00,68.52,68.78,68.5,68.68,585.0
2026-02-05 09:00:00,68.7,68.96,68.62,68.86,576.0
2026-02-05 10:00:00,68.87,69.1,68.79,68.97,857.0
2026-02-05 11:00:00,68.96,69.26,68.79,69.05,960.0
2026-02-05 12:00:00,69.04,69.28,68.97,69.0,813.0
2026-02-05 13:00:00,68.99,69.42,68.92,69.41,799.0
2026-02-05 14:00:00,69.44,69.52,68.46,68.68,1131.0
2026-02-05 15:00:00,68.67,68.87,68.09,68.2,1523.0
2026-02-05 16:00:00,68.22,68.48,67.81,68.38,2135.0
2026-02-05 17:00:00,68.35,68.41,67.51,67.86,2095.0
2026-02-05 18:00:00,67.88,68.4,67.58,68.37,1811.0
2026-02-05 19:00:00,68.39,68.65,68.16,68.41,1242.0
2026-02-05 20:00:00,68.4,68.5,68.13,68.2,898.0
2026-02-05 21:00:00,68.2,68.3,67.78,68.03,906.0
2026-02-05 22:00:00,68.05,68.29,68.0,68.12,518.0
2026-02-05 23:00:00,68.11,68.12,67.83,67.94,270.0
2026-02-06 03:00:00,67.73,67.94,67.42,67.86,1073.0
2026-02-06 04:00:00,67.87,68.66,67.81,68.15,1291.0
2026-02-06 05:00:00,68.14,68.43,68.12,68.42,618.0
2026-02-06 06:00:00,68.42,68.52,68.38,68.45,232.0
2026-02-06 07:00:00,68.45,69.08,68.41,68.89,881.0
2026-02-06 08:00:00,68.9,69.13,68.77,68.87,940.0
2026-02-06 09:00:00,68.89,69.06,68.81,68.98,625.0
2026-02-06 10:00:00,68.97,68.98,68.45,68.89,1189.0
2026-02-06 11:00:00,68.85,69.37,68.73,69.0,1481.0
2026-02-06 12:00:00,68.97,69.0,68.09,68.22,1000.0
2026-02-06 13:00:00,68.23,68.47,67.67,68.09,1078.0
2026-02-06 14:00:00,68.08,68.08,67.57,67.88,892.0
2026-02-06 15:00:00,67.84,68.49,67.13,67.29,1827.0
2026-02-06 16:00:00,67.25,68.49,67.15,68.37,1925.0
2026-02-06 17:00:00,68.37,69.08,68.36,68.92,1864.0
2026-02-06 18:00:00,68.92,69.15,68.7,69.06,1232.0
2026-02-06 19:00:00,69.03,69.37,69.0,69.3,788.0
2026-02-06 20:00:00,69.31,69.39,68.87,69.05,896.0
2026-02-06 21:00:00,69.04,69.04,68.43,68.43,909.0
2026-02-06 22:00:00,68.43,68.48,68.28,68.44,412.0
2026-02-09 03:00:00,68.03,68.2,67.96,68.12,614.0
2026-02-09 04:00:00,68.13,68.2,67.75,67.87,449.0
2026-02-09 05:00:00,67.86,67.97,67.79,67.88,293.0
2026-02-09 06:00:00,67.89,67.92,67.78,67.85,133.0
2026-02-09 07:00:00,67.84,67.92,67.67,67.8,315.0
2026-02-09 08:00:00,67.79,67.89,67.7,67.8,506.0
2026-02-09 09:00:00,67.79,67.82,67.62,67.67,453.0
2026-02-09 10:00:00,67.68,68.09,67.68,67.86,953.0
2026-02-09 11:00:00,67.87,68.17,67.71,67.86,711.0
2026-02-09 12:00:00,67.87,68.83,67.82,68.82,850.0
2026-02-09 13:00:00,68.81,68.81,68.47,68.78,582.0
2026-02-09 14:00:00,68.79,68.9,68.66,68.71,543.0
2026-02-09 15:00:00,68.68,68.68,68.19,68.21,1019.0
2026-02-09 16:00:00,68.19,69.29,68.07,69.08,1738.0
2026-02-09 17:00:00,69.06,69.29,68.94,69.24,1189.0
2026-02-09 18:00:00,69.21,69.91,69.13,69.9,1108.0
2026-02-09 19:00:00,69.91,69.93,69.62,69.83,715.0
2026-02-09 20:00:00,69.82,69.82,69.54,69.64,611.0
2026-02-09 21:00:00,69.62,69.65,69.38,69.42,601.0
2026-02-09 22:00:00,69.42,69.5,69.37,69.45,253.0
2026-02-09 23:00:00,69.46,69.62,69.43,69.57,196.0
2026-02-10 03:00:00,69.46,69.49,69.01,69.45,645.0
2026-02-10 04:00:00,69.46,69.51,69.34,69.45,465.0
2026-02-10 05:00:00,69.46,69.48,69.26,69.35,301.0
2026-02-10 06:00:00,69.34,69.42,69.31,69.36,184.0
2026-02-10 07:00:00,69.37,69.42,69.26,69.28,328.0
2026-02-10 08:00:00,69.27,69.64,69.26,69.57,547.0
2026-02-10 09:00:00,69.58,69.64,69.39,69.5,540.0
2026-02-10 10:00:00,69.49,69.84,69.29,69.83,811.0
2026-02-10 11:00:00,69.84,69.88,69.31,69.34,897.0
2026-02-10 12:00:00,69.31,69.68,69.21,69.57,675.0
2026-02-10 13:00:00,69.58,69.9,69.53,69.84,455.0
2026-02-10 14:00:00,69.83,69.84,69.51,69.7,582.0
2026-02-10 15:00:00,69.68,69.93,69.62,69.81,733.0
2026-02-10 16:00:00,69.82,69.93,69.44,69.81,1200.0
2026-02-10 17:00:00,69.82,69.93,69.42,69.49,1194.0
2026-02-10 18:00:00,69.47,69.48,69.06,69.24,1358.0
2026-02-10 19:00:00,69.23,69.57,69.14,69.34,763.0
2026-02-10 20:00:00,69.34,69.36,68.94,69.13,1021.0
2026-02-10 21:00:00,69.12,69.48,69.08,69.4,614.0
2026-02-10 22:00:00,69.4,69.7,69.29,69.58,505.0
2026-02-10 23:00:00,69.57,69.57,69.38,69.44,264.0
2026-02-11 03:00:00,69.49,69.65,69.43,69.61,352.0
2026-02-11 04:00:00,69.6,69.89,69.58,69.79,393.0
2026-02-11 05:00:00,69.8,69.82,69.71,69.77,188.0
2026-02-11 06:00:00,69.75,69.77,69.66,69.67,103.0
2026-02-11 07:00:00,69.68,69.7,69.54,69.59,307.0
2026-02-11 08:00:00,69.59,69.71,69.59,69.7,293.0
2026-02-11 09:00:00,69.69,69.95,69.64,69.8,341.0
2026-02-11 10:00:00,69.81,70.22,69.81,70.04,712.0
2026-02-11 11:00:00,70.06,70.25,69.99,70.09,490.0
2026-02-11 12:00:00,70.08,70.21,69.99,70.17,471.0
2026-02-11 13:00:00,70.16,70.71,70.14,70.69,491.0
2026-02-11 14:00:00,70.7,70.81,70.3,70.74,664.0
2026-02-11 15:00:00,70.73,70.83,70.53,70.77,1125.0
2026-02-11 16:00:00,70.78,71.14,70.74,70.89,1370.0
2026-02-11 17:00:00,70.9,70.92,70.09,70.26,1807.0
2026-02-11 18:00:00,70.24,70.56,70.12,70.36,1347.0
2026-02-11 19:00:00,70.35,70.4,70.03,70.11,1020.0
2026-02-11 20:00:00,70.11,70.39,69.73,69.92,823.0
2026-02-11 21:00:00,69.91,70.31,69.7,70.04,1059.0
2026-02-11 22:00:00,70.05,70.23,70.01,70.19,354.0
2026-02-11 23:00:00,70.19,70.2,70.06,70.06,177.0
2026-02-12 03:00:00,70.11,70.18,69.95,70.04,448.0
2026-02-12 04:00:00,70.05,70.1,69.96,70.06,258.0
2026-02-12 05:00:00,70.05,70.16,70.01,70.15,230.0
2026-02-12 06:00:00,70.13,70.25,70.09,70.11,175.0
2026-02-12 07:00:00,70.12,70.13,69.84,70.05,317.0
2026-02-12 08:00:00,70.06,70.06,69.76,69.96,435.0
2026-02-12 09:00:00,69.97,70.05,69.9,70.0,384.0
2026-02-12 10:00:00,69.99,70.2,69.84,70.12,741.0
2026-02-12 11:00:00,70.13,70.18,69.46,69.59,847.0
2026-02-12 12:00:00,69.57,69.64,69.26,69.53,652.0
2026-02-12 13:00:00,69.56,69.75,69.39,69.57,629.0
2026-02-12 14:00:00,69.58,69.69,69.42,69.5,650.0
2026-02-12 15:00:00,69.48,69.66,69.06,69.33,1087.0
2026-02-12 16:00:00,69.34,69.47,69.03,69.1,1325.0
2026-02-12 17:00:00,69.1,69.27,68.65,68.74,1346.0
2026-02-12 18:00:00,68.74,68.77,67.78,67.84,1909.0
2026-02-12 19:00:00,67.86,68.06,67.61,67.69,1471.0
2026-02-12 20:00:00,67.7,67.86,67.66,67.72,1022.0
2026-02-12 21:00:00,67.73,68.16,67.49,68.03,908.0
2026-02-12 22:00:00,68.02,68.05,67.92,68.0,343.0
2026-02-12 23:00:00,67.99,68.02,67.88,67.94,158.0
2026-02-13 03:00:00,67.93,68.06,67.8,67.9,771.0
2026-02-13 04:00:00,67.92,67.95,67.77,67.83,339.0
2026-02-13 05:00:00,67.82,67.88,67.74,67.78,226.0
2026-02-13 06:00:00,67.79,67.88,67.78,67.84,128.0
2026-02-13 07:00:00,67.85,67.86,67.67,67.7,326.0
2026-02-13 08:00:00,67.69,67.95,67.68,67.91,493.0
2026-02-13 09:00:00,67.92,67.92,67.73,67.76,498.0
2026-02-13 10:00:00,67.77,68.11,67.59,67.96,988.0
2026-02-13 11:00:00,67.99,68.26,67.8,68.18,816.0
2026-02-13 12:00:00,68.19,68.37,67.98,68.26,783.0
2026-02-13 13:00:00,68.25,68.25,67.25,67.53,1196.0
2026-02-13 14:00:00,67.52,67.73,67.41,67.67,859.0
2026-02-13 15:00:00,67.7,68.14,67.65,68.07,897.0
2026-02-13 16:00:00,68.01,68.01,67.47,67.87,1718.0
2026-02-13 17:00:00,67.85,68.17,67.74,67.91,1689.0
2026-02-13 18:00:00,67.88,68.15,67.65,67.86,1269.0
2026-02-13 19:00:00,67.86,68.42,67.85,68.32,943.0
2026-02-13 20:00:00,68.32,68.39,68.17,68.19,769.0
2026-02-13 21:00:00,68.18,68.23,67.9,67.91,845.0
2026-02-13 22:00:00,67.9,67.99,67.62,67.9,497.0
2026-02-16 03:00:00,68.03,68.08,67.98,68.0,122.0
2026-02-16 04:00:00,67.98,68.11,67.9,68.04,166.0
2026-02-16 05:00:00,68.01,68.12,67.97,68.07,225.0
2026-02-16 06:00:00,68.08,68.12,68.03,68.07,281.0
2026-02-16 07:00:00,68.08,68.12,67.97,68.0,114.0
2026-02-16 08:00:00,67.99,68.11,67.97,68.05,170.0
2026-02-16 09:00:00,68.03,68.08,67.9,67.92,331.0
2026-02-16 10:00:00,67.93,67.95,67.61,67.68,465.0
2026-02-16 11:00:00,67.69,68.0,67.64,67.68,495.0
2026-02-16 12:00:00,67.66,68.22,67.65,68.13,577.0
2026-02-16 13:00:00,68.14,68.23,68.02,68.06,373.0
2026-02-16 14:00:00,68.07,68.28,68.0,68.19,437.0
2026-02-16 15:00:00,68.2,68.31,68.11,68.2,311.0
2026-02-16 16:00:00,68.16,68.67,68.12,68.57,542.0
2026-02-16 17:00:00,68.57,68.73,68.34,68.69,489.0
2026-02-16 18:00:00,68.71,68.87,68.59,68.66,628.0
2026-02-16 19:00:00,68.65,69.01,68.61,69.0,525.0
2026-02-16 20:00:00,68.99,69.05,68.9,68.94,188.0
2026-02-16 21:00:00,68.95,68.97,68.83,68.91,165.0
2026-02-16 22:00:00,68.92,68.95,68.86,68.94,86.0
2026-02-16 23:00:00,68.91,68.93,68.85,68.85,47.0
2026-02-17 03:00:00,68.79,68.88,68.65,68.7,275.0
2026-02-17 04:00:00,68.69,68.77,68.63,68.63,179.0
2026-02-17 05:00:00,68.64,68.69,68.56,68.62,173.0
2026-02-17 06:00:00,68.63,68.65,68.55,68.62,92.0
2026-02-17 07:00:00,68.61,68.61,68.46,68.48,209.0
2026-02-17 08:00:00,68.49,68.51,68.43,68.46,221.0
2026-02-17 09:00:00,68.49,68.49,68.25,68.33,326.0
2026-02-17 10:00:00,68.31,68.41,68.11,68.22,596.0
2026-02-17 11:00:00,68.23,68.42,68.11,68.39,594.0
2026-02-17 12:00:00,68.4,68.76,68.31,68.75,632.0
2026-02-17 13:00:00,68.73,69.3,68.72,69.01,883.0
2026-02-17 14:00:00,69.02,69.12,68.73,68.79,756.0
2026-02-17 15:00:00,68.8,68.86,67.51,67.64,1330.0
2026-02-17 16:00:00,67.62,68.17,67.55,67.69,1962.0
2026-02-17 17:00:00,67.7,68.05,67.08,67.24,1743.0
2026-02-17 18:00:00,67.22,67.71,67.19,67.6,1380.0
2026-02-17 19:00:00,67.6,67.6,67.17,67.42,954.0
2026-02-17 20:00:00,67.43,67.78,67.39,67.7,806.0
2026-02-17 21:00:00,67.7,67.84,67.51,67.59,711.0
2026-02-17 22:00:00,67.59,67.76,67.56,67.62,396.0
2026-02-17 23:00:00,67.59,67.68,67.51,67.63,180.0
2026-02-18 03:00:00,67.62,67.73,67.59,67.68,232.0
2026-02-18 04:00:00,67.69,67.8,67.66,67.71,126.0
2026-02-18 05:00:00,67.7,67.87,67.7,67.84,99.0
2026-02-18 06:00:00,67.84,67.94,67.83,67.93,107.0
2026-02-18 07:00:00,67.94,67.94,67.78,67.78,105.0
2026-02-18 08:00:00,67.79,67.96,67.7,67.78,196.0
2026-02-18 09:00:00,67.79,67.9,67.75,67.85,380.0
2026-02-18 10:00:00,67.84,68.1,67.78,67.78,573.0
2026-02-18 11:00:00,67.81,68.0,67.76,67.86,545.0
2026-02-18 12:00:00,67.88,68.51,67.88,68.45,725.0
2026-02-18 13:00:00,68.46,69.09,68.41,69.09,738.0
2026-02-18 14:00:00,69.08,69.6,68.91,69.5,927.0
2026-02-18 15:00:00,69.51,69.58,69.21,69.27,845.0
2026-02-18 16:00:00,69.28,69.94,69.13,69.75,1180.0
2026-02-18 17:00:00,69.73,69.78,69.51,69.68,984.0
2026-02-18 18:00:00,69.69,70.12,69.59,70.03,913.0
2026-02-18 19:00:00,70.02,70.52,69.91,70.49,809.0
2026-02-18 20:00:00,70.48,70.62,70.04,70.57,1017.0
2026-02-18 21:00:00,70.58,70.82,70.32,70.54,1039.0
2026-02-18 22:00:00,70.55,70.93,70.53,70.75,594.0
2026-02-18 23:00:00,70.74,70.78,70.28,70.44,597.0
2026-02-19 03:00:00,70.5,70.64,70.39,70.63,253.0
2026-02-19 04:00:00,70.64,70.77,70.59,70.75,240.0
2026-02-19 05:00:00,70.74,70.87,70.72,70.81,210.0
2026-02-19 06:00:00,70.83,70.87,70.61,70.67,177.0
2026-02-19 07:00:00,70.66,70.78,70.66,70.69,157.0
2026-02-19 08:00:00,70.7,70.76,70.63,70.7,179.0
2026-02-19 09:00:00,70.72,71.32,70.69,71.29,611.0
2026-02-19 10:00:00,71.27,71.8,71.14,71.75,965.0
2026-02-19 11:00:00,71.74,71.81,71.18,71.28,1165.0
2026-02-19 12:00:00,71.26,71.58,71.19,71.46,889.0
2026-02-19 13:00:00,71.47,71.8,71.3,71.54,758.0
2026-02-19 14:00:00,71.55,71.67,71.45,71.57,675.0
2026-02-19 15:00:00,71.56,72.07,71.49,71.92,1054.0
2026-02-19 16:00:00,71.91,72.08,71.48,71.89,1539.0
2026-02-19 17:00:00,71.9,71.94,70.92,71.89,1941.0
2026-02-19 18:00:00,71.88,72.12,71.7,72.05,1280.0
2026-02-19 19:00:00,72.06,72.23,71.83,72.02,1033.0
2026-02-19 20:00:00,72.0,72.05,71.69,71.99,788.0
2026-02-19 21:00:00,72.0,72.07,71.83,72.06,791.0
2026-02-19 22:00:00,72.05,72.18,72.0,72.17,316.0
2026-02-19 23:00:00,72.16,72.25,71.35,72.13,765.0
2026-02-20 03:00:00,71.9,72.15,71.78,72.02,408.0
2026-02-20 04:00:00,72.03,72.31,71.95,72.03,361.0
2026-02-20 05:00:00,72.04,72.17,71.93,72.09,186.0
2026-02-20 06:00:00,72.08,72.18,72.08,72.17,122.0
2026-02-20 07:00:00,72.18,72.37,72.15,72.3,182.0
2026-02-20 08:00:00,72.31,72.53,72.2,72.21,355.0
2026-02-20 09:00:00,72.22,72.23,71.77,71.79,531.0
2026-02-20 10:00:00,71.81,71.91,71.55,71.62,871.0
2026-02-20 11:00:00,71.65,72.07,71.3,71.45,899.0
2026-02-20 12:00:00,71.46,71.59,71.3,71.42,881.0
2026-02-20 13:00:00,71.44,71.86,71.27,71.44,800.0
2026-02-20 14:00:00,71.43,71.67,71.39,71.62,798.0
2026-02-20 15:00:00,71.63,71.7,71.47,71.69,694.0
2026-02-20 16:00:00,71.7,71.9,71.31,71.66,1318.0
2026-02-20 17:00:00,71.66,72.04,71.26,71.34,1874.0
2026-02-20 18:00:00,71.35,71.73,71.22,71.58,1270.0
2026-02-20 19:00:00,71.59,71.89,71.53,71.82,930.0
2026-02-20 20:00:00,71.82,72.09,71.67,71.97,1161.0
2026-02-20 21:00:00,71.95,71.96,71.65,71.87,887.0
2026-02-20 22:00:00,71.86,71.9,71.65,71.71,333.0
2026-02-23 03:00:00,71.08,71.36,70.95,71.28,378.0
2026-02-23 04:00:00,71.31,71.41,71.24,71.26,261.0
2026-02-23 05:00:00,71.25,71.27,71.03,71.05,199.0
2026-02-23 06:00:00,71.04,71.09,70.84,70.93,181.0
2026-02-23 07:00:00,70.94,71.17,70.91,71.1,146.0
2026-02-23 08:00:00,71.09,71.18,70.99,71.02,215.0
2026-02-23 09:00:00,71.03,71.16,70.88,71.0,432.0
2026-02-23 10:00:00,71.03,71.28,70.92,71.24,757.0
2026-02-23 11:00:00,71.25,71.66,71.13,71.56,606.0
2026-02-23 12:00:00,71.53,71.56,71.33,71.4,525.0
2026-02-23 13:00:00,71.38,71.81,71.33,71.78,468.0
2026-02-23 14:00:00,71.79,72.06,71.76,72.04,512.0
2026-02-23 15:00:00,72.05,72.23,71.86,72.2,597.0
2026-02-23 16:00:00,72.2,72.5,72.02,72.29,1198.0
2026-02-23 17:00:00,72.3,72.56,72.11,72.13,1112.0
2026-02-23 18:00:00,72.12,72.45,71.61,71.71,1457.0
2026-02-23 19:00:00,71.71,71.77,71.43,71.54,768.0
2026-02-23 20:00:00,71.53,71.65,71.43,71.52,550.0
2026-02-23 21:00:00,71.53,71.71,71.44,71.66,722.0
2026-02-23 22:00:00,71.67,71.81,71.66,71.76,367.0
2026-02-23 23:00:00,71.74,71.77,71.56,71.58,234.0
2026-02-24 03:00:00,71.55,71.78,71.37,71.75,1152.0
2026-02-24 04:00:00,71.76,72.14,71.71,72.12,620.0
2026-02-24 05:00:00,72.11,72.28,72.09,72.2,357.0
2026-02-24 06:00:00,72.2,72.22,72.09,72.09,113.0
2026-02-24 07:00:00,72.08,72.28,71.9,72.15,396.0
2026-02-24 08:00:00,72.14,72.16,71.94,72.1,389.0
2026-02-24 09:00:00,72.09,72.1,71.77,71.85,355.0
2026-02-24 10:00:00,71.86,71.9,71.56,71.85,778.0
2026-02-24 11:00:00,71.86,71.87,71.59,71.81,646.0
2026-02-24 12:00:00,71.83,71.85,71.42,71.51,642.0
2026-02-24 13:00:00,71.5,71.64,71.4,71.61,472.0
2026-02-24 14:00:00,71.6,71.87,71.5,71.83,594.0
2026-02-24 15:00:00,71.84,72.4,71.84,72.17,958.0
2026-02-24 16:00:00,72.16,72.16,71.75,71.92,1253.0
2026-02-24 17:00:00,71.91,72.06,71.05,71.28,1977.0
2026-02-24 18:00:00,71.27,71.62,71.19,71.32,1273.0
2026-02-24 19:00:00,71.33,71.66,71.12,71.25,853.0
2026-02-24 20:00:00,71.24,71.46,71.2,71.41,589.0
2026-02-24 21:00:00,71.4,71.41,71.01,71.34,768.0
2026-02-24 22:00:00,71.34,71.92,71.26,71.77,730.0
2026-02-24 23:00:00,71.79,71.79,71.41,71.53,319.0
2026-02-25 03:00:00,71.55,71.75,71.42,71.54,590.0
2026-02-25 04:00:00,71.55,71.81,71.54,71.78,430.0
2026-02-25 05:00:00,71.79,72.05,71.46,71.48,501.0
2026-02-25 06:00:00,71.49,71.61,71.44,71.49,167.0
2026-02-25 07:00:00,71.48,71.58,71.44,71.5,257.0
2026-02-25 08:00:00,71.49,71.49,71.19,71.44,472.0
2026-02-25 09:00:00,71.45,71.62,71.25,71.32,414.0
2026-02-25 10:00:00,71.31,71.57,71.18,71.46,777.0
2026-02-25 11:00:00,71.45,71.51,70.93,71.12,742.0
2026-02-25 12:00:00,71.14,71.53,71.1,71.44,601.0
2026-02-25 13:00:00,71.45,71.53,71.33,71.4,469.0
2026-02-25 14:00:00,71.38,71.85,71.35,71.75,663.0
2026-02-25 15:00:00,71.76,71.83,71.41,71.44,886.0
2026-02-25 16:00:00,71.44,71.53,70.9,70.93,1219.0
2026-02-25 17:00:00,70.91,71.28,70.89,71.04,1311.0
2026-02-25 18:00:00,71.03,71.18,70.75,71.11,1199.0
2026-02-25 19:00:00,71.12,71.31,71.01,71.27,738.0
2026-02-25 20:00:00,71.26,71.53,71.22,71.33,612.0
2026-02-25 21:00:00,71.34,71.48,71.08,71.46,719.0
2026-02-25 22:00:00,71.45,71.49,71.2,71.25,288.0
2026-02-25 23:00:00,71.25,71.35,71.19,71.34,180.0
2026-02-26 03:00:00,71.49,71.52,71.31,71.4,436.0
2026-02-26 04:00:00,71.39,71.45,71.12,71.23,416.0
2026-02-26 05:00:00,71.24,71.4,71.22,71.29,223.0
2026-02-26 06:00:00,71.3,71.4,71.29,71.36,80.0
2026-02-26 07:00:00,71.35,71.44,71.25,71.32,269.0
2026-02-26 08:00:00,71.33,71.35,71.2,71.28,343.0
2026-02-26 09:00:00,71.29,71.4,71.14,71.24,398.0
2026-02-26 10:00:00,71.23,71.44,71.18,71.24,723.0
2026-02-26 11:00:00,71.24,71.25,70.63,70.91,940.0
2026-02-26 12:00:00,70.93,70.94,70.07,70.27,1008.0
2026-02-26 13:00:00,70.26,70.55,70.21,70.28,501.0
2026-02-26 14:00:00,70.27,70.41,69.9,70.14,781.0
2026-02-26 15:00:00,70.11,70.5,69.63,70.4,1352.0
2026-02-26 16:00:00,70.41,70.78,70.15,70.76,1476.0
2026-02-26 17:00:00,70.81,72.63,70.8,72.61,2294.0
2026-02-26 18:00:00,72.59,72.83,71.99,72.48,1876.0
2026-02-26 19:00:00,72.47,72.62,72.19,72.47,940.0
2026-02-26 20:00:00,72.46,72.54,70.93,71.71,1908.0
2026-02-26 21:00:00,71.72,71.8,71.01,71.39,1479.0
2026-02-26 22:00:00,71.4,71.61,71.3,71.52,465.0
2026-02-26 23:00:00,71.5,71.64,71.39,71.48,281.0
2026-02-27 03:00:00,71.18,71.18,70.89,71.1,654.0
2026-02-27 04:00:00,71.11,71.12,70.95,71.04,417.0
2026-02-27 05:00:00,71.06,71.32,71.04,71.31,281.0
2026-02-27 06:00:00,71.31,71.44,71.25,71.34,163.0
2026-02-27 07:00:00,71.36,71.7,71.35,71.6,408.0
2026-02-27 08:00:00,71.59,71.78,71.51,71.75,418.0
2026-02-27 09:00:00,71.76,71.83,71.67,71.79,424.0
2026-02-27 10:00:00,71.78,72.09,71.59,71.77,956.0
2026-02-27 11:00:00,71.75,72.55,71.7,72.53,901.0
2026-02-27 12:00:00,72.54,72.74,72.18,72.69,1001.0
2026-02-27 13:00:00,72.68,73.05,72.6,72.99,780.0
2026-02-27 14:00:00,72.98,73.23,72.89,73.22,737.0
2026-02-27 15:00:00,73.23,73.96,73.22,73.92,1731.0
2026-02-27 16:00:00,73.93,74.01,73.11,73.16,1907.0
2026-02-27 17:00:00,73.15,73.34,72.81,73.12,1553.0
2026-02-27 18:00:00,73.11,73.12,72.67,72.76,1304.0
2026-02-27 19:00:00,72.77,73.02,72.4,73.01,1438.0
2026-02-27 20:00:00,73.0,73.38,72.97,73.36,937.0
2026-02-27 21:00:00,73.35,73.53,73.19,73.38,989.0
2026-02-27 22:00:00,73.38,73.75,73.35,73.66,476.0
2026-03-02 03:00:00,78.65,78.72,76.1,76.52,2866.0
2026-03-02 04:00:00,76.5,76.98,76.23,76.64,1804.0
2026-03-02 05:00:00,76.63,77.76,76.59,77.39,1242.0
2026-03-02 06:00:00,77.38,78.07,77.17,77.92,1139.0
2026-03-02 07:00:00,77.9,78.42,77.62,78.41,1239.0
2026-03-02 08:00:00,78.42,79.3,78.4,78.92,1721.0
2026-03-02 09:00:00,78.95,80.49,78.94,80.42,2936.0
2026-03-02 10:00:00,80.37,80.59,79.17,79.59,2683.0
2026-03-02 11:00:00,79.46,79.56,78.84,79.4,2318.0
2026-03-02 12:00:00,79.39,79.42,78.17,78.78,2069.0
2026-03-02 13:00:00,78.8,79.07,77.83,78.74,1854.0
2026-03-02 14:00:00,78.73,79.89,78.72,79.75,1957.0
2026-03-02 15:00:00,79.74,79.84,78.92,79.63,2506.0
2026-03-02 16:00:00,79.62,79.76,78.41,78.6,2764.0
2026-03-02 17:00:00,78.64,79.22,78.48,78.56,2369.0
2026-03-02 18:00:00,78.57,78.63,77.04,77.79,2695.0
2026-03-02 19:00:00,77.81,77.82,77.07,77.45,2018.0
2026-03-02 20:00:00,77.43,78.1,77.13,78.07,1543.0
2026-03-02 21:00:00,78.04,78.18,77.63,77.79,1487.0
2026-03-02 22:00:00,77.8,79.92,77.79,78.81,2445.0
2026-03-02 23:00:00,78.79,78.97,77.97,78.01,1359.0
2026-03-03 03:00:00,79.04,79.35,78.74,78.92,1615.0
2026-03-03 04:00:00,78.93,79.72,78.7,79.67,1256.0
2026-03-03 05:00:00,79.69,80.01,79.63,79.77,962.0
2026-03-03 06:00:00,79.78,80.15,79.57,80.05,679.0
2026-03-03 07:00:00,80.04,80.77,79.9,80.33,1162.0
2026-03-03 08:00:00,80.34,80.61,79.7,80.57,1393.0
2026-03-03 09:00:00,80.55,81.59,80.37,81.25,2052.0
2026-03-03 10:00:00,81.23,81.66,80.66,81.49,2365.0
2026-03-03 11:00:00,81.46,82.67,81.37,82.33,2447.0
2026-03-03 12:00:00,82.31,84.67,81.94,83.97,2751.0
2026-03-03 13:00:00,83.96,85.44,83.39,84.88,3226.0
2026-03-03 14:00:00,84.9,85.21,82.95,83.3,3301.0
2026-03-03 15:00:00,83.29,84.23,82.65,83.89,3335.0
2026-03-03 16:00:00,83.91,85.22,83.67,83.78,3338.0
2026-03-03 17:00:00,83.8,84.51,83.59,84.05,2930.0
2026-03-03 18:00:00,84.04,84.4,81.66,83.22,3180.0
2026-03-03 19:00:00,83.23,83.7,82.36,82.71,2693.0
2026-03-03 20:00:00,82.7,82.73,80.71,81.71,2688.0
2026-03-03 21:00:00,81.66,82.02,78.72,80.73,3143.0
2026-03-03 22:00:00,80.73,81.51,80.32,81.43,1992.0
2026-03-03 23:00:00,81.39,82.59,81.36,82.2,1491.0
2026-03-04 03:00:00,82.23,83.08,81.6,82.26,3235.0
2026-03-04 04:00:00,82.23,82.96,82.05,82.43,2155.0
2026-03-04 05:00:00,82.42,82.78,82.09,82.68,1626.0
2026-03-04 06:00:00,82.69,83.09,82.55,83.01,773.0
2026-03-04 07:00:00,83.02,83.92,82.77,83.42,1686.0
2026-03-04 08:00:00,83.43,84.42,83.24,84.41,1628.0
2026-03-04 09:00:00,84.34,84.56,83.85,84.02,1893.0
2026-03-04 10:00:00,84.01,84.79,83.51,84.27,2276.0
2026-03-04 11:00:00,84.24,84.52,83.13,84.31,2286.0
2026-03-04 12:00:00,84.32,84.32,82.46,82.88,2972.0
2026-03-04 13:00:00,82.87,83.45,82.22,82.8,2129.0
2026-03-04 14:00:00,82.77,83.16,81.95,82.17,2404.0
2026-03-04 15:00:00,82.13,82.13,80.62,81.32,3207.0
2026-03-04 16:00:00,81.33,82.61,80.9,81.69,3188.0
2026-03-04 17:00:00,81.7,81.87,80.83,81.28,2929.0
2026-03-04 18:00:00,81.28,81.91,80.94,81.44,2436.0
2026-03-04 19:00:00,81.44,82.18,81.33,82.0,2193.0
2026-03-04 20:00:00,82.01,82.15,81.67,81.81,1766.0
2026-03-04 21:00:00,81.82,81.83,81.31,81.57,1487.0
2026-03-04 22:00:00,81.56,82.32,81.56,82.04,1053.0
2026-03-04 23:00:00,82.05,82.98,82.01,82.8,1016.0
2026-03-05 03:00:00,82.51,83.92,82.51,83.7,2181.0
2026-03-05 04:00:00,83.69,84.24,83.54,84.23,1537.0
2026-03-05 05:00:00,84.22,84.25,83.76,84.03,1349.0
2026-03-05 06:00:00,84.04,84.55,84.0,84.29,795.0
2026-03-05 07:00:00,84.37,85.05,84.25,84.67,1383.0
2026-03-05 08:00:00,84.68,84.71,82.58,83.43,2488.0
2026-03-05 09:00:00,83.45,84.38,83.41,84.09,1884.0
2026-03-05 10:00:00,84.06,84.65,83.75,83.88,2268.0
2026-03-05 11:00:00,83.87,83.95,81.82,83.25,3106.0
2026-03-05 12:00:00,83.26,83.47,82.85,83.34,1959.0
2026-03-05 13:00:00,83.35,84.02,83.17,83.9,1478.0
2026-03-05 14:00:00,83.89,84.05,83.44,83.87,1641.0
2026-03-05 15:00:00,83.91,84.07,83.21,83.88,2781.0
2026-03-05 16:00:00,83.9,84.69,83.67,84.21,2783.0
2026-03-05 17:00:00,84.19,85.02,83.97,84.42,2709.0
2026-03-05 18:00:00,84.45,85.34,84.12,84.7,2682.0
2026-03-05 19:00:00,84.71,85.14,84.12,85.07,2377.0
2026-03-05 20:00:00,85.07,86.02,84.48,85.51,2463.0
2026-03-05 21:00:00,85.51,86.26,85.37,86.24,2262.0
2026-03-05 22:00:00,86.25,86.59,84.48,84.88,2842.0
2026-03-05 23:00:00,84.86,84.98,83.81,84.31,1693.0
2026-03-06 03:00:00,83.87,84.76,83.46,84.74,2542.0
2026-03-06 04:00:00,84.71,84.77,84.2,84.67,1817.0
2026-03-06 05:00:00,84.62,84.96,84.47,84.84,1351.0
2026-03-06 06:00:00,84.82,84.92,84.61,84.86,533.0
2026-03-06 07:00:00,84.85,85.39,84.65,85.28,1456.0
2026-03-06 08:00:00,85.29,85.79,85.11,85.57,1886.0
2026-03-06 09:00:00,85.56,86.0,85.07,85.97,1354.0
2026-03-06 10:00:00,85.95,86.36,85.57,85.66,2054.0
2026-03-06 11:00:00,85.62,87.96,85.4,87.83,2682.0
2026-03-06 12:00:00,87.8,87.85,87.02,87.37,2594.0
2026-03-06 13:00:00,87.38,89.78,87.3,89.67,2631.0
2026-03-06 14:00:00,89.6,89.81,89.05,89.32,2518.0
2026-03-06 15:00:00,89.29,90.57,88.06,90.1,3749.0
2026-03-06 16:00:00,90.05,92.19,89.76,91.78,3894.0
2026-03-06 17:00:00,91.78,91.9,90.66,91.23,3510.0
2026-03-06 18:00:00,91.24,92.9,90.98,92.85,3171.0
2026-03-06 19:00:00,92.86,94.86,92.51,94.46,3390.0
2026-03-06 20:00:00,94.44,94.5,92.01,93.96,3668.0
2026-03-06 21:00:00,93.89,93.92,92.57,93.19,3203.0
2026-03-06 22:00:00,93.13,93.22,92.44,92.46,1848.0
2026-03-09 03:00:00,108.94,115.3,108.52,114.96,3237.0
2026-03-09 04:00:00,114.99,119.86,113.42,115.86,4280.0
2026-03-09 05:00:00,115.88,117.1,113.43,116.47,3427.0
2026-03-09 06:00:00,116.47,118.3,115.75,117.04,2580.0
2026-03-09 07:00:00,117.04,117.11,106.53,107.13,4416.0
2026-03-09 08:00:00,107.13,110.39,105.85,108.75,4395.0
2026-03-09 09:00:00,108.52,108.96,105.72,107.98,3684.0
2026-03-09 10:00:00,108.0,109.37,106.56,106.92,3877.0
2026-03-09 11:00:00,106.88,107.81,101.48,104.25,3940.0
2026-03-09 12:00:00,104.23,106.9,103.99,105.56,3819.0
2026-03-09 13:00:00,105.57,105.89,103.66,104.16,3014.0
2026-03-09 14:00:00,104.12,105.37,102.51,104.06,3340.0
2026-03-09 15:00:00,104.0,104.05,100.33,101.96,4677.0
2026-03-09 16:00:00,101.92,105.98,101.61,102.89,4526.0
2026-03-09 17:00:00,102.85,103.03,97.91,98.53,4295.0
2026-03-09 18:00:00,98.51,100.84,98.49,99.88,4168.0
2026-03-09 19:00:00,99.85,100.57,98.84,99.66,3355.0
2026-03-09 20:00:00,99.63,99.72,96.36,99.62,3813.0
2026-03-09 21:00:00,99.6,99.82,84.13,89.87,4641.0
2026-03-09 22:00:00,89.94,93.11,86.69,88.91,4276.0
2026-03-09 23:00:00,90.56,90.94,89.5,89.71,346.0
2026-03-10 03:00:00,90.68,90.79,88.3,88.84,3616.0
2026-03-10 04:00:00,88.84,92.64,88.54,92.57,2817.0
2026-03-10 05:00:00,92.56,95.28,92.33,94.24,2985.0
2026-03-10 06:00:00,94.22,95.15,93.97,94.89,1788.0
2026-03-10 07:00:00,94.88,94.88,92.08,93.71,2946.0
2026-03-10 08:00:00,93.69,94.32,92.43,94.02,3219.0
2026-03-10 09:00:00,93.97,94.24,89.87,90.05,3048.0
2026-03-10 10:00:00,90.01,93.21,89.66,93.13,3215.0
2026-03-10 11:00:00,93.11,93.27,89.51,90.87,3044.0
2026-03-10 12:00:00,90.94,93.55,90.71,92.15,3115.0
2026-03-10 13:00:00,92.06,93.22,89.9,92.49,3004.0
2026-03-10 14:00:00,92.43,94.32,91.85,92.75,3204.0
2026-03-10 15:00:00,92.78,92.9,90.84,91.22,3822.0
2026-03-10 16:00:00,91.21,92.01,87.33,88.66,4194.0
2026-03-10 17:00:00,88.64,89.11,87.04,88.42,3881.0
2026-03-10 18:00:00,88.45,89.81,86.16,86.31,3784.0
2026-03-10 19:00:00,86.3,86.67,81.21,84.52,5155.0
2026-03-10 20:00:00,84.51,91.86,83.99,88.54,4863.0
2026-03-10 21:00:00,88.56,91.53,88.44,91.12,3611.0
2026-03-10 22:00:00,91.1,91.4,90.21,90.9,2345.0
2026-03-10 23:00:00,90.89,91.61,90.89,91.54,99.0
2026-03-11 03:00:00,87.25,89.0,86.73,87.56,3008.0
2026-03-11 04:00:00,87.55,89.09,87.45,88.32,2519.0
2026-03-11 05:00:00,88.31,88.5,86.5,86.71,2093.0
2026-03-11 06:00:00,86.7,87.45,86.23,86.86,1375.0
2026-03-11 07:00:00,86.85,88.08,86.76,87.75,1895.0
2026-03-11 08:00:00,87.76,88.24,86.89,87.33,2059.0
2026-03-11 09:00:00,87.34,90.04,87.1,89.89,2631.0
2026-03-11 10:00:00,89.78,90.97,88.97,90.4,2859.0
2026-03-11 11:00:00,90.33,92.92,90.16,92.68,3205.0
2026-03-11 12:00:00,92.68,92.68,88.77,89.22,3359.0
2026-03-11 13:00:00,89.3,91.8,89.03,91.11,3246.0
2026-03-11 14:00:00,91.09,92.27,90.57,91.46,3083.0
2026-03-11 15:00:00,91.54,91.54,88.17,88.56,4177.0
2026-03-11 16:00:00,88.71,91.7,87.27,90.77,4129.0
2026-03-11 17:00:00,90.79,92.15,90.5,92.15,3244.0
2026-03-11 18:00:00,92.15,93.12,91.67,91.92,3296.0
2026-03-11 19:00:00,91.93,92.93,91.11,92.17,2929.0
2026-03-11 20:00:00,92.13,92.72,91.6,92.01,3033.0
2026-03-11 21:00:00,92.06,92.53,91.78,92.45,1495.0
2026-03-11 22:00:00,92.45,93.04,92.36,92.96,1302.0
2026-03-11 23:00:00,92.87,93.75,92.83,93.66,294.0
2026-03-12 03:00:00,98.59,98.99,96.92,98.16,3333.0
2026-03-12 04:00:00,98.17,101.47,98.15,100.01,2948.0
2026-03-12 05:00:00,100.02,101.35,99.88,100.46,2485.0
2026-03-12 06:00:00,100.44,100.89,99.94,100.43,1580.0
2026-03-12 07:00:00,100.41,100.45,97.85,98.55,3292.0
2026-03-12 08:00:00,98.56,99.2,96.9,97.94,3246.0
2026-03-12 09:00:00,97.89,97.89,95.17,95.71,3081.0
2026-03-12 10:00:00,95.67,98.12,95.46,97.56,3127.0
2026-03-12 11:00:00,97.39,98.24,96.15,96.44,2605.0
2026-03-12 12:00:00,96.37,97.0,95.88,96.42,2507.0
2026-03-12 13:00:00,96.44,98.15,96.33,97.9,2292.0
2026-03-12 14:00:00,97.71,98.65,97.65,98.08,2607.0
2026-03-12 15:00:00,98.09,100.3,97.81,99.67,3988.0
2026-03-12 16:00:00,99.6,100.87,98.98,100.47,3634.0
2026-03-12 17:00:00,100.45,101.53,98.61,98.92,4098.0
2026-03-12 18:00:00,98.92,100.19,97.67,99.36,3703.0
2026-03-12 19:00:00,99.35,99.9,98.84,98.97,2869.0
2026-03-12 20:00:00,98.94,101.46,98.56,101.33,3065.0
2026-03-12 21:00:00,101.32,101.76,100.51,101.28,2207.0
2026-03-12 22:00:00,101.26,101.56,100.56,101.17,1581.0
2026-03-12 23:00:00,101.23,101.73,101.08,101.68,127.0
2026-03-13 03:00:00,100.38,100.91,99.46,100.45,2680.0
2026-03-13 04:00:00,100.44,101.25,100.13,101.07,1939.0
2026-03-13 05:00:00,101.08,101.4,100.14,100.5,1800.0
2026-03-13 06:00:00,100.49,100.8,100.07,100.19,912.0
2026-03-13 07:00:00,100.18,100.56,99.85,100.09,1741.0
2026-03-13 08:00:00,100.15,101.28,99.5,101.24,2358.0
2026-03-13 09:00:00,101.26,102.5,100.95,102.2,2185.0
2026-03-13 10:00:00,102.18,102.64,100.55,100.74,2949.0
2026-03-13 11:00:00,100.68,101.4,99.98,100.97,2163.0
2026-03-13 12:00:00,100.96,101.11,98.61,98.97,2206.0
2026-03-13 13:00:00,98.92,100.49,98.4,98.93,2674.0
2026-03-13 14:00:00,98.94,99.77,97.65,98.79,2602.0
2026-03-13 15:00:00,98.78,99.93,98.23,99.8,3446.0
2026-03-13 16:00:00,99.78,100.84,99.44,100.68,3018.0
2026-03-13 17:00:00,100.66,101.93,100.46,101.37,2820.0
2026-03-13 18:00:00,101.39,102.21,101.11,101.52,2763.0
2026-03-13 19:00:00,101.52,102.89,100.83,102.7,2429.0
2026-03-13 20:00:00,102.63,103.76,101.67,102.14,3065.0
2026-03-13 21:00:00,102.15,103.02,101.86,102.93,1819.0
2026-03-13 22:00:00,102.92,103.65,102.71,103.65,1388.0
2026-03-16 03:00:00,102.75,104.43,102.21,104.23,2703.0
2026-03-16 04:00:00,104.21,104.97,103.8,104.59,2122.0
2026-03-16 05:00:00,104.59,104.82,104.22,104.61,1428.0
2026-03-16 06:00:00,104.61,105.02,104.57,104.95,688.0
2026-03-16 07:00:00,104.96,105.16,103.98,104.09,1438.0
2026-03-16 08:00:00,104.09,105.42,103.71,104.65,1656.0
2026-03-16 09:00:00,104.67,106.61,104.26,106.15,1835.0
2026-03-16 10:00:00,106.11,106.54,105.11,105.36,2215.0
2026-03-16 11:00:00,105.37,105.92,104.4,104.95,1782.0
2026-03-16 12:00:00,104.94,105.09,102.71,102.81,2191.0
2026-03-16 13:00:00,102.82,103.93,102.69,103.34,2059.0
2026-03-16 14:00:00,103.35,103.74,101.75,102.25,2624.0
2026-03-16 15:00:00,102.22,102.75,100.05,100.52,3528.0
2026-03-16 16:00:00,100.47,102.33,100.02,102.01,3333.0
2026-03-16 17:00:00,102.04,102.64,101.33,102.09,2552.0
2026-03-16 18:00:00,102.1,103.41,101.8,102.32,2548.0
2026-03-16 19:00:00,102.32,102.39,100.7,101.08,2533.0
2026-03-16 20:00:00,101.07,101.39,99.78,100.34,2448.0
2026-03-16 21:00:00,100.36,101.37,99.84,100.24,1795.0
2026-03-16 22:00:00,100.2,101.12,100.02,101.06,1328.0
2026-03-16 23:00:00,101.01,101.05,100.76,100.85,93.0
2026-03-17 03:00:00,102.74,103.19,102.45,103.08,1976.0
2026-03-17 04:00:00,103.1,103.37,102.8,103.22,1251.0
2026-03-17 05:00:00,103.21,103.38,102.86,103.14,1124.0
2026-03-17 06:00:00,103.15,103.37,102.76,103.19,744.0
2026-03-17 07:00:00,103.2,104.92,102.59,104.76,1345.0
2026-03-17 08:00:00,104.78,105.13,103.6,104.02,2256.0
2026-03-17 09:00:00,104.0,104.25,103.14,103.52,1724.0
2026-03-17 10:00:00,103.51,104.61,103.39,104.27,2282.0
2026-03-17 11:00:00,104.26,104.3,102.71,102.99,1882.0
2026-03-17 12:00:00,102.98,103.92,102.94,103.13,1371.0
2026-03-17 13:00:00,103.11,103.79,103.1,103.7,1334.0
2026-03-17 14:00:00,103.71,103.79,102.19,102.36,2038.0
2026-03-17 15:00:00,102.33,102.59,101.29,102.26,2787.0
2026-03-17 16:00:00,102.28,102.54,101.02,101.25,2421.0
2026-03-17 17:00:00,101.26,103.03,101.16,102.82,2210.0
2026-03-17 18:00:00,102.83,103.05,101.58,102.18,2358.0
2026-03-17 19:00:00,102.19,103.36,102.15,103.25,1989.0
2026-03-17 20:00:00,103.23,103.81,102.94,103.55,1690.0
2026-03-17 21:00:00,103.57,104.03,103.26,103.84,1020.0
2026-03-17 22:00:00,103.86,103.96,103.49,103.74,840.0
2026-03-17 23:00:00,103.74,103.85,103.57,103.58,80.0
2026-03-18 03:00:00,102.61,102.99,102.22,102.83,1736.0
2026-03-18 04:00:00,102.84,103.04,101.89,102.36,1313.0
2026-03-18 05:00:00,102.35,102.38,101.07,101.12,1272.0
2026-03-18 06:00:00,101.13,101.35,100.98,101.17,1124.0
2026-03-18 07:00:00,101.16,101.66,100.67,101.05,1341.0
2026-03-18 08:00:00,101.04,101.95,100.47,101.84,1923.0
2026-03-18 09:00:00,101.8,102.34,101.62,102.27,1226.0
2026-03-18 10:00:00,102.23,103.29,102.16,102.91,1742.0
2026-03-18 11:00:00,102.88,103.69,102.76,103.56,1410.0
2026-03-18 12:00:00,103.57,104.15,103.29,103.99,1287.0
2026-03-18 13:00:00,103.99,105.46,103.55,104.3,2203.0
2026-03-18 14:00:00,104.24,108.41,104.24,108.28,3322.0
2026-03-18 15:00:00,108.23,109.31,107.6,109.26,3593.0
2026-03-18 16:00:00,109.24,110.1,108.47,109.29,2914.0
2026-03-18 17:00:00,109.3,109.42,108.33,108.7,3022.0
2026-03-18 18:00:00,108.75,108.93,108.07,108.73,2721.0
2026-03-18 19:00:00,108.74,109.09,106.61,106.74,2487.0
2026-03-18 20:00:00,106.73,108.57,105.87,108.1,3191.0
2026-03-18 21:00:00,108.13,110.12,107.67,109.81,2008.0
2026-03-18 22:00:00,109.8,112.04,109.71,111.11,2198.0
2026-03-18 23:00:00,111.02,111.24,109.32,109.66,418.0
2026-03-19 03:00:00,111.63,112.68,110.78,112.63,2566.0
2026-03-19 04:00:00,112.56,112.99,110.94,112.21,2527.0
2026-03-19 05:00:00,112.22,112.4,111.26,112.15,1555.0
2026-03-19 06:00:00,112.19,112.62,112.03,112.32,973.0
2026-03-19 07:00:00,112.33,113.17,111.73,112.82,1610.0
2026-03-19 08:00:00,112.82,114.07,112.69,113.87,2068.0
2026-03-19 09:00:00,113.92,115.21,113.21,114.43,2672.0
2026-03-19 10:00:00,114.41,117.14,113.31,116.26,3217.0
2026-03-19 11:00:00,116.28,119.28,114.22,115.03,3924.0
2026-03-19 12:00:00,115.04,115.55,113.79,114.56,3006.0
2026-03-19 13:00:00,114.55,115.32,113.79,113.92,2315.0
2026-03-19 14:00:00,113.93,114.35,112.32,113.06,2775.0
2026-03-19 15:00:00,113.1,113.63,110.56,111.39,4022.0
2026-03-19 16:00:00,111.33,112.53,110.2,111.1,3259.0
2026-03-19 17:00:00,111.13,112.94,110.34,110.46,3826.0
2026-03-19 18:00:00,110.48,111.66,108.74,109.92,3357.0
2026-03-19 19:00:00,109.93,110.09,108.17,108.55,2769.0
2026-03-19 20:00:00,108.57,109.59,107.18,107.69,3082.0
2026-03-19 21:00:00,107.7,107.92,103.89,107.61,3409.0
2026-03-19 22:00:00,107.61,108.46,107.25,107.94,1643.0
2026-03-19 23:00:00,107.82,107.94,107.42,107.61,160.0
2026-03-20 03:00:00,107.66,107.81,105.15,105.51,2696.0
2026-03-20 04:00:00,105.53,106.79,105.51,106.75,1643.0
2026-03-20 05:00:00,106.74,107.67,106.47,107.34,1197.0
2026-03-20 06:00:00,107.33,107.61,106.76,107.6,782.0
2026-03-20 07:00:00,107.59,107.91,106.65,106.82,1396.0
2026-03-20 08:00:00,106.85,108.62,106.79,108.31,1639.0
2026-03-20 09:00:00,108.3,108.7,107.29,107.49,1636.0
2026-03-20 10:00:00,107.44,109.21,106.67,109.14,2658.0
2026-03-20 11:00:00,109.11,110.99,108.85,110.62,2319.0
2026-03-20 12:00:00,110.64,111.33,109.36,109.52,1954.0
2026-03-20 13:00:00,109.48,109.64,107.13,107.24,2042.0
2026-03-20 14:00:00,107.23,108.09,106.51,107.91,2345.0
2026-03-20 15:00:00,107.77,109.3,107.77,109.03,3072.0
2026-03-20 16:00:00,109.01,110.17,108.2,110.04,2743.0
2026-03-20 17:00:00,110.03,110.32,108.88,109.31,2515.0
2026-03-20 18:00:00,109.33,110.15,108.98,109.89,2311.0
2026-03-20 19:00:00,109.88,111.33,109.74,111.08,2669.0
2026-03-20 20:00:00,111.05,113.22,110.26,112.94,3303.0
2026-03-20 21:00:00,112.93,113.13,111.61,111.78,2230.0
2026-03-20 22:00:00,111.77,112.68,111.73,112.63,1469.0
2026-03-23 03:00:00,111.39,112.35,111.33,112.1,2385.0
2026-03-23 04:00:00,112.09,112.97,111.62,112.87,1889.0
2026-03-23 05:00:00,112.88,113.03,112.78,112.93,985.0
2026-03-23 06:00:00,112.91,113.06,112.6,112.74,606.0
2026-03-23 07:00:00,112.74,112.84,111.74,112.44,1488.0
2026-03-23 08:00:00,112.46,113.92,112.22,113.52,2674.0
2026-03-23 09:00:00,113.5,114.16,113.23,113.65,2113.0
2026-03-23 10:00:00,113.68,114.38,112.89,113.53,2934.0
2026-03-23 11:00:00,113.42,113.83,112.83,113.24,2222.0
2026-03-23 12:00:00,113.25,113.87,111.84,112.92,2125.0
2026-03-23 13:00:00,112.91,113.09,96.03,105.58,4730.0
2026-03-23 14:00:00,105.55,106.88,100.32,101.22,4338.0
2026-03-23 15:00:00,101.19,103.56,100.07,100.88,4526.0
2026-03-23 16:00:00,100.89,102.53,99.79,101.1,4013.0
2026-03-23 17:00:00,101.09,102.89,96.8,102.49,4572.0
2026-03-23 18:00:00,102.46,104.16,100.85,101.3,3949.0
2026-03-23 19:00:00,101.26,102.01,100.05,100.22,3168.0
2026-03-23 20:00:00,100.22,101.16,97.85,98.98,3269.0
2026-03-23 21:00:00,98.97,99.91,98.62,99.83,1958.0
2026-03-23 22:00:00,99.81,100.82,99.45,100.34,1287.0
2026-03-23 23:00:00,100.28,100.67,100.02,100.03,127.0
2026-03-24 03:00:00,101.78,103.92,101.78,103.4,2430.0
2026-03-24 04:00:00,103.42,104.29,103.24,103.71,2113.0
2026-03-24 05:00:00,103.72,104.15,103.68,103.98,1386.0
2026-03-24 06:00:00,103.93,104.36,103.74,103.75,902.0
2026-03-24 07:00:00,103.77,104.16,103.2,103.36,1538.0
2026-03-24 08:00:00,103.35,103.36,102.27,102.6,2581.0
2026-03-24 09:00:00,102.61,103.04,100.95,100.98,2393.0
2026-03-24 10:00:00,101.0,102.48,100.57,101.66,2950.0
2026-03-24 11:00:00,101.67,102.71,101.39,101.62,2063.0
2026-03-24 12:00:00,101.64,101.73,100.23,101.5,2095.0
2026-03-24 13:00:00,101.49,102.77,101.01,102.23,2059.0
2026-03-24 14:00:00,102.17,103.4,102.13,102.96,2172.0
2026-03-24 15:00:00,102.96,103.78,102.55,103.27,2780.0
2026-03-24 16:00:00,103.29,103.38,101.73,102.41,3025.0
2026-03-24 17:00:00,102.42,103.57,101.85,103.54,2507.0
2026-03-24 18:00:00,103.54,104.08,103.17,103.94,2140.0
2026-03-24 19:00:00,103.95,104.6,102.34,103.09,2225.0
2026-03-24 20:00:00,103.09,104.19,102.68,103.88,2616.0
2026-03-24 21:00:00,103.88,103.88,102.99,103.56,1353.0
2026-03-24 22:00:00,103.58,103.61,97.83,99.65,2767.0
2026-03-24 23:00:00,99.61,99.79,98.29,99.46,564.0
2026-03-25 03:00:00,98.26,98.48,96.91,97.81,2094.0
2026-03-25 04:00:00,97.82,99.62,97.49,99.48,1569.0
2026-03-25 05:00:00,99.49,99.9,98.82,99.62,1311.0
2026-03-25 06:00:00,99.63,99.81,98.87,98.89,1104.0
2026-03-25 07:00:00,98.89,100.37,98.89,100.18,1282.0
2026-03-25 08:00:00,100.19,100.59,99.72,99.97,1578.0
2026-03-25 09:00:00,100.02,100.05,98.78,99.1,1731.0
2026-03-25 10:00:00,99.07,99.33,97.34,98.59,2621.0
2026-03-25 11:00:00,98.46,99.95,98.09,98.7,1796.0
2026-03-25 12:00:00,98.63,98.89,97.57,97.8,1766.0
2026-03-25 13:00:00,97.8,98.66,97.14,97.86,1853.0
2026-03-25 14:00:00,97.86,100.26,97.65,99.28,2384.0
2026-03-25 15:00:00,99.27,99.66,98.28,99.56,2380.0
2026-03-25 16:00:00,99.53,100.12,99.29,99.9,2215.0
2026-03-25 17:00:00,99.89,101.07,99.7,100.98,2144.0
2026-03-25 18:00:00,100.97,101.19,99.85,100.4,2372.0
2026-03-25 19:00:00,100.38,100.96,99.84,100.62,2010.0
2026-03-25 20:00:00,100.64,102.08,100.45,101.84,1875.0
2026-03-25 21:00:00,101.88,101.94,101.22,101.49,1024.0
2026-03-25 22:00:00,101.48,101.9,101.48,101.7,739.0
2026-03-25 23:00:00,101.68,101.7,101.31,101.61,47.0
2026-03-26 03:00:00,101.59,102.05,101.36,101.63,1121.0
2026-03-26 04:00:00,101.64,102.37,101.35,102.29,1089.0
2026-03-26 05:00:00,102.28,102.49,101.86,102.06,629.0
2026-03-26 06:00:00,102.06,102.33,101.84,102.29,477.0
2026-03-26 07:00:00,102.29,102.7,102.07,102.69,932.0
2026-03-26 08:00:00,102.68,102.89,102.44,102.71,1077.0
2026-03-26 09:00:00,102.69,103.69,102.69,103.43,1373.0
2026-03-26 10:00:00,103.42,104.6,103.03,104.05,1966.0
2026-03-26 11:00:00,103.92,104.43,103.64,104.05,1508.0
2026-03-26 12:00:00,104.1,104.34,103.39,104.11,1521.0
2026-03-26 13:00:00,104.12,105.62,103.96,105.54,1353.0
2026-03-26 14:00:00,105.55,105.82,105.02,105.56,1517.0
2026-03-26 15:00:00,105.57,105.57,104.12,104.18,2358.0
2026-03-26 16:00:00,104.27,105.43,103.72,104.87,2459.0
2026-03-26 17:00:00,104.87,105.72,104.77,105.58,2113.0
2026-03-26 18:00:00,105.6,106.2,105.37,105.53,1901.0
2026-03-26 19:00:00,105.54,106.13,105.43,106.05,1466.0
2026-03-26 20:00:00,106.06,106.09,104.94,105.17,1493.0
2026-03-26 21:00:00,105.17,105.49,104.9,105.06,926.0
2026-03-26 22:00:00,105.06,105.26,100.63,104.94,2533.0
2026-03-26 23:00:00,104.93,104.93,103.61,103.62,191.0
2026-03-27 03:00:00,104.97,105.13,103.83,103.95,1323.0
2026-03-27 04:00:00,103.93,104.34,102.72,104.16,1263.0
2026-03-27 05:00:00,104.16,104.75,104.13,104.48,805.0
2026-03-27 06:00:00,104.47,104.87,104.44,104.82,518.0
2026-03-27 07:00:00,104.81,105.19,104.52,105.16,859.0
2026-03-27 08:00:00,105.13,105.69,104.78,105.58,1163.0
2026-03-27 09:00:00,105.57,106.62,105.32,106.27,1366.0
2026-03-27 10:00:00,106.25,107.47,105.89,106.99,1829.0
2026-03-27 11:00:00,106.92,107.83,106.55,107.01,1514.0
2026-03-27 12:00:00,106.98,108.21,106.56,108.12,1324.0
2026-03-27 13:00:00,108.06,108.34,107.52,107.72,1321.0
2026-03-27 14:00:00,107.71,108.32,107.51,107.58,1559.0
2026-03-27 15:00:00,107.54,108.48,107.4,107.79,2271.0
2026-03-27 16:00:00,107.77,107.82,106.41,107.45,2042.0
2026-03-27 17:00:00,107.47,108.12,106.69,108.09,2190.0
2026-03-27 18:00:00,108.06,108.36,107.56,108.3,1989.0
2026-03-27 19:00:00,108.25,108.74,107.71,108.71,1449.0
2026-03-27 20:00:00,108.72,109.42,108.04,108.68,2158.0
2026-03-27 21:00:00,108.69,110.55,108.58,109.31,1741.0
2026-03-27 22:00:00,109.3,110.52,108.73,110.48,1723.0
2026-03-30 03:00:00,111.97,112.88,110.32,112.88,1465.0
2026-03-30 04:00:00,112.88,112.92,111.47,111.7,1382.0
2026-03-30 05:00:00,111.71,112.71,111.22,111.51,1397.0
2026-03-30 06:00:00,111.49,111.55,110.38,111.32,1542.0
2026-03-30 07:00:00,111.3,111.63,110.96,111.62,821.0
2026-03-30 08:00:00,111.63,111.68,110.81,111.31,1304.0
2026-03-30 09:00:00,111.29,112.09,110.84,111.93,1485.0
2026-03-30 10:00:00,111.92,112.56,111.44,112.13,1576.0
2026-03-30 11:00:00,112.0,112.85,110.82,111.21,2042.0
2026-03-30 12:00:00,111.17,112.06,110.93,111.29,1432.0
2026-03-30 13:00:00,111.29,111.8,110.99,111.48,1016.0
2026-03-30 14:00:00,111.47,111.74,109.61,111.09,1672.0
2026-03-30 15:00:00,111.1,111.29,110.46,110.49,1478.0
2026-03-30 16:00:00,110.44,112.28,110.06,111.83,2261.0
2026-03-30 17:00:00,111.82,111.88,110.67,111.14,2291.0
2026-03-30 18:00:00,111.17,111.44,110.12,111.07,2311.0
2026-03-30 19:00:00,111.06,111.61,110.44,110.76,1858.0
2026-03-30 20:00:00,110.77,111.53,110.63,111.2,1679.0
2026-03-30 21:00:00,111.2,111.27,110.47,111.22,1738.0
2026-03-30 22:00:00,111.23,111.9,111.15,111.74,1200.0
2026-03-30 23:00:00,111.74,112.45,111.72,112.14,1137.0
2026-03-31 03:00:00,112.77,113.39,111.33,111.36,1601.0
2026-03-31 04:00:00,111.41,112.11,107.96,108.81,2641.0
2026-03-31 05:00:00,108.8,109.89,108.61,109.49,1330.0
2026-03-31 06:00:00,109.51,110.85,108.97,110.77,1068.0
2026-03-31 07:00:00,110.75,110.89,110.37,110.55,653.0
2026-03-31 08:00:00,110.54,111.23,110.12,110.38,1161.0
2026-03-31 09:00:00,110.38,110.82,110.13,110.22,1386.0
2026-03-31 10:00:00,110.2,110.82,109.61,109.71,1383.0
2026-03-31 11:00:00,109.6,110.82,109.47,109.99,1960.0
2026-03-31 12:00:00,109.99,111.52,109.2,111.32,1788.0
2026-03-31 13:00:00,111.3,111.53,110.78,111.38,1474.0
2026-03-31 14:00:00,111.37,111.69,109.95,110.34,2129.0
2026-03-31 15:00:00,110.27,111.63,110.26,110.83,1990.0
2026-03-31 16:00:00,110.77,111.32,109.88,110.08,2175.0
2026-03-31 17:00:00,110.08,111.42,109.96,111.37,2214.0
2026-03-31 18:00:00,111.37,111.38,110.08,110.58,2449.0
2026-03-31 19:00:00,110.6,111.04,105.89,107.98,2749.0
2026-03-31 20:00:00,108.01,108.25,106.2,107.99,3307.0
2026-03-31 21:00:00,108.01,108.11,106.85,108.01,2460.0
2026-03-31 22:00:00,108.0,108.07,107.26,107.53,1309.0
2026-03-31 23:00:00,107.52,107.55,105.83,106.49,1518.0
2026-04-01 03:00:00,106.65,107.92,106.65,107.58,919.0
2026-04-01 04:00:00,107.54,109.09,107.37,108.96,1543.0
2026-04-01 05:00:00,108.91,108.93,108.35,108.76,1189.0
2026-04-01 06:00:00,108.77,108.84,108.27,108.42,789.0
2026-04-01 07:00:00,108.41,108.59,107.84,107.89,572.0
2026-04-01 08:00:00,107.87,107.91,105.89,106.3,1303.0
2026-04-01 09:00:00,106.32,106.47,101.39,101.87,2883.0
2026-04-01 10:00:00,101.87,104.33,101.51,104.19,2473.0
2026-04-01 11:00:00,104.17,105.63,103.98,105.49,2220.0
2026-04-01 12:00:00,105.48,107.07,105.26,106.79,2008.0
2026-04-01 13:00:00,106.77,107.16,105.71,105.99,1873.0
2026-04-01 14:00:00,105.96,106.16,104.12,104.71,1979.0
2026-04-01 15:00:00,104.67,105.77,103.62,105.59,2436.0
2026-04-01 16:00:00,105.57,105.87,103.51,104.14,2932.0
2026-04-01 17:00:00,104.13,104.99,103.94,104.37,2745.0
2026-04-01 18:00:00,104.38,105.28,104.38,104.98,2365.0
2026-04-01 19:00:00,104.97,105.45,104.58,104.62,1545.0
2026-04-01 20:00:00,104.6,104.62,102.85,103.49,1705.0
2026-04-01 21:00:00,103.5,104.64,103.21,104.17,1956.0
2026-04-01 22:00:00,104.16,104.31,103.24,103.92,1133.0
2026-04-01 23:00:00,103.91,104.28,103.16,103.31,1000.0
2026-04-02 03:00:00,103.36,103.36,102.01,102.33,1312.0
2026-04-02 04:00:00,102.33,109.36,102.02,108.94,3310.0
2026-04-02 05:00:00,108.96,109.54,108.55,108.92,1831.0
2026-04-02 06:00:00,108.93,109.9,108.67,109.77,1389.0
2026-04-02 07:00:00,109.75,111.24,109.72,110.27,1849.0
2026-04-02 08:00:00,110.18,111.08,109.73,111.06,1431.0
2026-04-02 09:00:00,111.08,111.46,110.45,110.81,1946.0
2026-04-02 10:00:00,110.67,111.25,110.42,110.94,1376.0
2026-04-02 11:00:00,110.96,112.11,110.79,112.1,1545.0
2026-04-02 12:00:00,112.09,112.38,111.49,111.6,1387.0
2026-04-02 13:00:00,111.59,112.57,111.21,112.47,1654.0
2026-04-02 14:00:00,112.43,112.95,112.11,112.36,1913.0
2026-04-02 15:00:00,112.35,112.69,111.75,112.04,2558.0
2026-04-02 16:00:00,112.06,112.96,111.45,111.53,3237.0
2026-04-02 17:00:00,111.51,111.89,108.38,109.51,3502.0
2026-04-02 18:00:00,109.51,111.46,109.15,110.88,3254.0
2026-04-02 19:00:00,110.86,111.3,110.36,110.97,2169.0
2026-04-02 20:00:00,110.98,112.2,110.62,111.91,2128.0
2026-04-02 21:00:00,111.91,112.43,111.44,111.58,2169.0
2026-04-02 22:00:00,111.52,112.09,111.25,111.64,1434.0
2026-04-02 23:00:00,111.63,112.35,111.56,112.29,1242.0
2026-04-06 03:00:00,114.48,114.48,113.39,113.41,1353.0
2026-04-06 04:00:00,113.41,113.77,113.07,113.43,1153.0
2026-04-06 05:00:00,113.41,113.5,111.78,112.75,1421.0
2026-04-06 06:00:00,112.78,113.18,112.39,112.63,1274.0
2026-04-06 07:00:00,112.61,112.67,112.17,112.5,1073.0
2026-04-06 08:00:00,112.5,112.95,112.37,112.69,1120.0
2026-04-06 09:00:00,112.7,113.28,112.11,112.13,1584.0
2026-04-06 10:00:00,112.09,112.51,110.13,110.81,1883.0
2026-04-06 11:00:00,110.73,111.7,110.36,110.58,2041.0
2026-04-06 12:00:00,110.57,111.6,109.58,111.41,1760.0
2026-04-06 13:00:00,111.39,111.66,110.49,110.72,1393.0
2026-04-06 14:00:00,110.68,111.65,110.54,111.48,1264.0
2026-04-06 15:00:00,111.42,111.94,111.03,111.13,1408.0
2026-04-06 16:00:00,111.13,112.14,110.9,111.99,2124.0
2026-04-06 17:00:00,111.95,112.54,110.66,111.61,2336.0
2026-04-06 18:00:00,111.6,112.81,111.35,112.31,1914.0
2026-04-06 19:00:00,112.31,112.44,111.4,112.35,1514.0
2026-04-06 20:00:00,112.34,113.92,112.31,113.84,1961.0
2026-04-06 21:00:00,113.83,113.96,112.15,112.57,2148.0
2026-04-06 22:00:00,112.56,112.95,111.67,112.33,1253.0
2026-04-06 23:00:00,112.32,112.58,112.0,112.44,1166.0
2026-04-07 03:00:00,112.78,113.25,112.23,112.9,1038.0
2026-04-07 04:00:00,112.92,114.08,111.74,113.97,1785.0
2026-04-07 05:00:00,113.9,114.08,113.63,113.74,1134.0
2026-04-07 06:00:00,113.75,114.41,113.62,114.2,803.0
2026-04-07 07:00:00,114.21,114.51,113.72,113.85,912.0
2026-04-07 08:00:00,113.79,114.39,113.63,113.85,1220.0
2026-04-07 09:00:00,113.84,114.45,113.68,114.01,1595.0
2026-04-07 10:00:00,114.02,114.46,113.72,114.41,1439.0
2026-04-07 11:00:00,114.4,114.45,112.0,112.2,2838.0
2026-04-07 12:00:00,112.19,112.34,110.05,111.76,2295.0
2026-04-07 13:00:00,111.73,113.81,111.25,113.18,2508.0
2026-04-07 14:00:00,113.16,113.59,112.69,113.53,1819.0
2026-04-07 15:00:00,113.55,114.11,112.54,113.31,2203.0
2026-04-07 16:00:00,113.24,113.61,112.24,113.3,2545.0
2026-04-07 17:00:00,113.29,113.69,112.43,113.68,2650.0
2026-04-07 18:00:00,113.68,114.21,111.73,112.1,2786.0
2026-04-07 19:00:00,112.09,112.7,111.11,112.57,2509.0
2026-04-07 20:00:00,112.59,113.68,111.94,112.79,2417.0
2026-04-07 21:00:00,112.77,112.79,111.58,112.58,2345.0
2026-04-07 22:00:00,112.59,112.64,107.1,109.79,2876.0
2026-04-07 23:00:00,109.83,110.23,107.57,107.99,3242.0
2026-04-08 03:00:00,96.7,98.38,93.84,96.74,3198.0
2026-04-08 04:00:00,96.74,97.67,96.29,97.04,2516.0
2026-04-08 05:00:00,97.02,98.47,96.91,97.64,1787.0
2026-04-08 06:00:00,97.63,97.63,96.78,96.79,1324.0
2026-04-08 07:00:00,96.78,97.95,96.33,97.18,1385.0
2026-04-08 08:00:00,97.17,97.37,95.86,96.04,1661.0
2026-04-08 09:00:00,96.03,96.29,94.71,96.07,1984.0
2026-04-08 10:00:00,96.05,97.36,96.05,96.88,2112.0
2026-04-08 11:00:00,96.87,98.18,96.31,96.53,2602.0
2026-04-08 12:00:00,96.54,97.07,95.43,96.49,2164.0
2026-04-08 13:00:00,96.48,97.29,95.78,96.3,1864.0
2026-04-08 14:00:00,96.33,96.42,94.49,94.53,2157.0
2026-04-08 15:00:00,94.52,95.97,93.23,93.33,3242.0
2026-04-08 16:00:00,93.31,95.03,92.5,94.31,3270.0
2026-04-08 17:00:00,94.3,97.37,94.14,96.77,3356.0
2026-04-08 18:00:00,96.72,98.02,96.6,96.9,2850.0
2026-04-08 19:00:00,96.91,97.56,96.29,96.69,2273.0
2026-04-08 20:00:00,96.7,98.02,96.29,97.28,2423.0
2026-04-08 21:00:00,97.28,98.14,96.29,97.86,2508.0
2026-04-08 22:00:00,97.87,99.45,97.87,98.45,1813.0
2026-04-08 23:00:00,98.46,98.72,97.98,98.41,1235.0
2026-04-09 03:00:00,99.22,100.13,98.44,100.02,1448.0
2026-04-09 04:00:00,100.02,100.02,99.04,99.08,1634.0
2026-04-09 05:00:00,99.06,99.15,98.73,99.04,1164.0
2026-04-09 06:00:00,99.05,99.07,98.64,98.81,778.0
2026-04-09 07:00:00,98.76,99.51,98.74,99.51,588.0
2026-04-09 08:00:00,99.49,99.69,98.86,98.97,1147.0
2026-04-09 09:00:00,98.96,99.45,98.61,99.05,1464.0
2026-04-09 10:00:00,99.03,100.71,98.92,100.59,1592.0
2026-04-09 11:00:00,100.57,100.6,99.83,100.35,1777.0
2026-04-09 12:00:00,100.34,100.38,99.51,100.04,1332.0
2026-04-09 13:00:00,100.03,100.92,99.88,100.88,1528.0
2026-04-09 14:00:00,100.87,101.12,99.69,100.02,1731.0
2026-04-09 15:00:00,100.01,101.0,99.82,100.53,1922.0
2026-04-09 16:00:00,100.54,100.87,100.01,100.77,2318.0
2026-04-09 17:00:00,100.78,101.57,100.43,101.36,2497.0
2026-04-09 18:00:00,101.36,101.7,98.42,98.79,3514.0
2026-04-09 19:00:00,98.78,98.84,97.16,97.84,3096.0
2026-04-09 20:00:00,97.82,97.95,96.45,97.05,2651.0
2026-04-09 21:00:00,97.02,99.24,96.98,98.66,2714.0
2026-04-09 22:00:00,98.65,99.52,98.32,99.42,1368.0
2026-04-09 23:00:00,99.41,99.45,98.42,98.57,1331.0
2026-04-10 03:00:00,98.67,99.11,98.57,98.93,829.0
2026-04-10 04:00:00,98.91,99.05,98.08,98.51,1211.0
2026-04-10 05:00:00,98.44,98.78,98.28,98.52,739.0
2026-04-10 06:00:00,98.54,98.76,98.09,98.17,760.0
2026-04-10 07:00:00,98.18,98.76,98.14,98.7,645.0
2026-04-10 08:00:00,98.69,99.03,98.58,98.91,734.0
2026-04-10 09:00:00,98.86,99.1,98.37,98.93,994.0
2026-04-10 10:00:00,98.91,99.99,98.9,99.71,1390.0
2026-04-10 11:00:00,99.72,100.33,99.3,100.09,1600.0
2026-04-10 12:00:00,100.08,100.08,98.21,98.58,1662.0
2026-04-10 13:00:00,98.58,99.02,97.48,97.92,1473.0
2026-04-10 14:00:00,97.9,98.47,97.71,97.97,1274.0
2026-04-10 15:00:00,97.98,98.15,96.98,97.93,1732.0
2026-04-10 16:00:00,97.91,98.34,97.18,98.06,2158.0
2026-04-10 17:00:00,98.07,98.32,97.16,97.83,2415.0
2026-04-10 18:00:00,97.84,99.26,97.74,99.11,2508.0
2026-04-10 19:00:00,99.08,99.48,98.7,98.81,1700.0
2026-04-10 20:00:00,98.8,99.13,98.29,98.51,1684.0
2026-04-10 21:00:00,98.5,98.72,96.22,96.6,2339.0
2026-04-10 22:00:00,96.58,96.76,96.24,96.64,1203.0
2026-04-10 23:00:00,96.64,96.65,96.24,96.24,617.0
2026-04-13 03:00:00,104.95,105.35,104.23,104.23,1024.0
2026-04-13 04:00:00,104.23,104.23,103.25,103.51,1378.0
2026-04-13 05:00:00,103.51,104.27,103.49,104.01,828.0
2026-04-13 06:00:00,104.0,104.24,103.95,103.98,572.0
2026-04-13 07:00:00,103.99,104.11,103.86,104.01,529.0
2026-04-13 08:00:00,104.01,104.15,103.67,103.81,683.0
2026-04-13 09:00:00,103.81,103.95,103.18,103.27,1066.0
2026-04-13 10:00:00,103.2,103.93,102.99,103.83,1235.0
2026-04-13 11:00:00,103.85,105.18,103.63,104.65,1629.0
2026-04-13 12:00:00,104.66,104.83,104.23,104.42,1121.0
2026-04-13 13:00:00,104.4,104.43,103.76,103.84,998.0
2026-04-13 14:00:00,103.82,104.22,103.63,104.1,1171.0
2026-04-13 15:00:00,104.11,104.46,103.3,103.73,1448.0
2026-04-13 16:00:00,103.74,103.86,100.59,102.03,2343.0
2026-04-13 17:00:00,102.04,102.75,101.35,102.32,2565.0
2026-04-13 18:00:00,102.33,104.08,102.32,103.91,2447.0
2026-04-13 19:00:00,103.89,104.06,101.35,101.7,2936.0
2026-04-13 20:00:00,101.68,101.91,100.79,101.01,2158.0
2026-04-13 21:00:00,101.02,101.63,99.42,99.47,2243.0
2026-04-13 22:00:00,99.46,100.39,99.38,100.03,1390.0
2026-04-13 23:00:00,100.03,100.21,99.49,99.82,925.0
2026-04-14 03:00:00,98.88,99.31,98.14,98.29,1047.0
2026-04-14 04:00:00,98.31,99.69,98.31,99.56,1242.0
2026-04-14 05:00:00,99.57,99.86,99.29,99.75,772.0
2026-04-14 06:00:00,99.78,100.35,99.58,99.82,816.0
2026-04-14 07:00:00,99.78,99.84,99.37,99.53,551.0
2026-04-14 08:00:00,99.55,100.31,99.47,100.23,864.0
2026-04-14 09:00:00,100.22,101.08,99.92,100.83,1263.0
2026-04-14 10:00:00,100.78,100.88,99.13,100.26,2104.0
2026-04-14 11:00:00,100.24,100.62,99.74,99.76,1968.0
2026-04-14 12:00:00,99.75,100.76,99.53,100.35,1273.0
2026-04-14 13:00:00,100.3,100.89,100.06,100.7,1193.0
2026-04-14 14:00:00,100.69,100.97,99.62,100.4,1336.0
2026-04-14 15:00:00,100.39,100.39,99.12,99.38,2018.0
2026-04-14 16:00:00,99.38,99.67,98.35,98.45,2342.0
2026-04-14 17:00:00,98.43,98.43,96.46,97.38,2887.0
2026-04-14 18:00:00,97.39,98.34,96.72,97.04,2627.0
2026-04-14 19:00:00,97.03,97.27,96.25,96.89,1923.0
2026-04-14 20:00:00,96.87,97.14,96.27,96.69,1702.0
2026-04-14 21:00:00,96.66,96.8,96.04,96.72,1817.0
2026-04-14 22:00:00,96.71,96.89,96.46,96.78,824.0
2026-04-14 23:00:00,96.78,96.91,96.29,96.76,779.0
2026-04-15 03:00:00,95.56,96.3,95.56,95.74,963.0
2026-04-15 04:00:00,95.75,96.19,95.43,96.02,1441.0
2026-04-15 05:00:00,96.04,96.79,95.92,96.76,939.0
2026-04-15 06:00:00,96.77,96.96,96.52,96.56,790.0
2026-04-15 07:00:00,96.57,97.31,96.53,97.24,503.0
2026-04-15 08:00:00,97.23,97.29,96.83,96.87,788.0
2026-04-15 09:00:00,96.84,96.91,95.68,96.19,1313.0
2026-04-15 10:00:00,96.23,96.88,96.18,96.28,1468.0
2026-04-15 11:00:00,96.29,97.19,96.02,96.85,1777.0
2026-04-15 12:00:00,96.86,97.86,96.79,97.64,1774.0
2026-04-15 13:00:00,97.63,98.39,97.13,97.66,1864.0
2026-04-15 14:00:00,97.63,97.95,96.49,96.89,1739.0
2026-04-15 15:00:00,96.91,97.4,96.68,96.81,1773.0
2026-04-15 16:00:00,96.85,96.99,95.76,96.06,2456.0
2026-04-15 17:00:00,96.07,96.94,95.57,96.6,2433.0
2026-04-15 18:00:00,96.61,97.38,96.45,97.26,2494.0
2026-04-15 19:00:00,97.25,97.45,96.74,97.2,1688.0
2026-04-15 20:00:00,97.19,97.32,96.61,97.05,1636.0
2026-04-15 21:00:00,97.06,97.21,96.17,96.28,1899.0
2026-04-15 22:00:00,96.23,96.39,96.08,96.28,834.0
2026-04-15 23:00:00,96.29,96.47,96.25,96.4,361.0
2026-04-16 03:00:00,96.03,96.18,95.83,96.11,633.0
2026-04-16 04:00:00,96.13,96.47,95.94,96.42,820.0
2026-04-16 05:00:00,96.43,96.69,96.31,96.42,566.0
2026-04-16 06:00:00,96.41,96.46,96.18,96.37,488.0
2026-04-16 07:00:00,96.36,96.55,96.34,96.42,304.0
2026-04-16 08:00:00,96.43,96.49,96.07,96.18,530.0
2026-04-16 09:00:00,96.19,96.55,96.01,96.52,801.0
2026-04-16 10:00:00,96.48,97.75,96.48,97.73,1265.0
2026-04-16 11:00:00,97.74,98.27,97.67,97.77,1478.0
2026-04-16 12:00:00,97.77,98.01,97.56,97.88,932.0
2026-04-16 13:00:00,97.87,97.91,97.28,97.29,754.0
2026-04-16 14:00:00,97.28,97.36,96.84,97.18,1156.0
2026-04-16 15:00:00,97.15,97.91,96.88,97.9,1310.0
2026-04-16 16:00:00,97.88,99.28,97.58,98.98,1961.0
2026-04-16 17:00:00,98.99,99.77,98.76,99.45,2045.0
2026-04-16 18:00:00,99.43,100.3,98.91,99.75,2420.0
2026-04-16 19:00:00,99.74,101.14,99.74,101.02,1927.0
2026-04-16 20:00:00,101.0,101.28,100.82,101.13,1513.0
2026-04-16 21:00:00,101.1,101.11,100.0,100.03,1758.0
2026-04-16 22:00:00,100.02,100.31,99.51,99.68,1020.0
2026-04-16 23:00:00,99.68,99.71,99.4,99.43,535.0
2026-04-17 03:00:00,99.71,99.81,99.28,99.65,657.0
2026-04-17 04:00:00,99.64,100.03,99.58,99.66,717.0
2026-04-17 05:00:00,99.67,99.86,99.46,99.59,494.0
2026-04-17 06:00:00,99.6,99.77,99.47,99.6,351.0
2026-04-17 07:00:00,99.59,99.61,99.39,99.44,285.0
2026-04-17 08:00:00,99.45,99.56,99.35,99.51,578.0
2026-04-17 09:00:00,99.52,100.27,99.5,100.07,906.0
2026-04-17 10:00:00,100.06,100.31,99.68,99.75,1142.0
2026-04-17 11:00:00,99.76,99.91,98.53,98.81,1817.0
2026-04-17 12:00:00,98.79,99.14,97.35,97.51,1723.0
2026-04-17 13:00:00,97.52,97.86,96.91,97.64,1492.0
2026-04-17 14:00:00,97.65,97.75,97.16,97.36,1142.0
2026-04-17 15:00:00,97.38,97.57,90.78,91.7,2902.0
2026-04-17 16:00:00,91.78,92.49,88.95,90.12,4274.0
2026-04-17 17:00:00,90.13,90.28,87.27,88.41,3410.0
2026-04-17 18:00:00,88.41,90.82,88.23,90.19,3302.0
2026-04-17 19:00:00,90.21,90.51,89.6,90.08,1888.0
2026-04-17 20:00:00,90.04,91.98,89.99,91.17,2267.0
2026-04-17 21:00:00,91.15,92.59,90.89,92.33,2125.0
2026-04-17 22:00:00,92.31,92.36,91.49,91.98,1095.0
2026-04-17 23:00:00,91.99,92.81,91.79,92.44,787.0
2026-04-20 03:00:00,97.68,97.98,96.74,96.75,1157.0
2026-04-20 04:00:00,96.77,96.77,95.54,95.62,1742.0
2026-04-20 05:00:00,95.61,96.27,95.58,96.07,1177.0
2026-04-20 06:00:00,96.08,96.39,96.07,96.27,600.0
2026-04-20 07:00:00,96.26,96.66,96.14,96.26,508.0
2026-04-20 08:00:00,96.25,96.59,96.06,96.17,769.0
2026-04-20 09:00:00,96.2,96.85,95.94,96.18,1284.0
2026-04-20 10:00:00,96.17,97.23,95.36,96.61,1951.0
2026-04-20 11:00:00,96.63,97.25,96.19,96.23,1942.0
2026-04-20 12:00:00,96.23,96.43,95.48,95.95,1486.0
2026-04-20 13:00:00,95.96,96.08,95.03,95.96,1280.0
2026-04-20 14:00:00,95.95,96.36,95.57,95.65,1504.0
2026-04-20 15:00:00,95.66,96.23,95.49,95.86,1697.0
2026-04-20 16:00:00,95.9,96.13,93.75,94.71,2840.0
2026-04-20 17:00:00,94.73,97.26,94.73,96.48,2704.0
2026-04-20 18:00:00,96.51,96.85,95.88,96.46,2603.0
2026-04-20 19:00:00,96.45,96.68,96.06,96.31,1589.0
2026-04-20 20:00:00,96.34,96.9,96.14,96.49,1462.0
2026-04-20 21:00:00,96.42,96.85,96.04,96.47,1566.0
2026-04-20 22:00:00,96.48,96.51,95.95,96.02,646.0
2026-04-20 23:00:00,96.01,96.12,94.95,95.24,768.0
2026-04-21 03:00:00,95.43,95.85,95.36,95.76,716.0
2026-04-21 04:00:00,95.75,96.06,95.74,96.02,847.0
2026-04-21 05:00:00,96.01,96.09,95.72,95.86,454.0
2026-04-21 06:00:00,95.85,96.07,95.78,95.9,386.0
2026-04-21 07:00:00,95.91,95.91,95.53,95.53,274.0
2026-04-21 08:00:00,95.51,95.53,94.76,95.33,729.0
2026-04-21 09:00:00,95.31,95.96,95.31,95.84,896.0
2026-04-21 10:00:00,95.89,96.58,94.94,95.67,1607.0
2026-04-21 11:00:00,95.69,96.06,95.19,95.86,1668.0
2026-04-21 12:00:00,95.89,96.47,95.59,95.7,1315.0
2026-04-21 13:00:00,95.68,95.83,95.03,95.37,1141.0
2026-04-21 14:00:00,95.38,96.3,95.38,96.2,1436.0
2026-04-21 15:00:00,96.18,96.55,95.66,96.15,1815.0
2026-04-21 16:00:00,96.14,96.2,95.57,95.71,2000.0
2026-04-21 17:00:00,95.71,97.67,95.71,97.62,2239.0
2026-04-21 18:00:00,97.62,99.23,97.39,98.86,2568.0
2026-04-21 19:00:00,98.87,99.83,98.51,99.82,1841.0
2026-04-21 20:00:00,99.82,100.9,98.33,98.95,2855.0
2026-04-21 21:00:00,98.96,99.66,97.6,98.52,2481.0
2026-04-21 22:00:00,98.5,102.11,97.48,101.66,2877.0
2026-04-21 23:00:00,101.65,101.93,97.72,100.14,2324.0
2026-04-22 03:00:00,100.12,100.19,98.6,99.45,1337.0
2026-04-22 04:00:00,99.42,99.42,98.78,99.18,1263.0
2026-04-22 05:00:00,99.19,99.29,98.95,99.14,702.0
2026-04-22 06:00:00,99.15,99.54,98.9,99.05,626.0
2026-04-22 07:00:00,99.04,99.46,98.97,99.43,524.0
2026-04-22 08:00:00,99.4,99.44,97.37,98.71,1406.0
2026-04-22 09:00:00,98.72,98.92,98.4,98.49,1086.0
2026-04-22 10:00:00,98.46,99.28,98.29,99.26,1447.0
2026-04-22 11:00:00,99.24,101.25,99.12,100.41,2187.0
2026-04-22 12:00:00,100.42,100.97,99.89,100.64,1657.0
2026-04-22 13:00:00,100.65,100.71,99.7,99.91,1403.0
2026-04-22 14:00:00,99.92,100.49,99.73,100.17,1394.0
2026-04-22 15:00:00,100.15,101.36,99.7,101.13,2017.0
2026-04-22 16:00:00,101.12,101.65,99.91,101.46,2837.0
2026-04-22 17:00:00,101.46,102.47,100.88,102.24,2609.0
2026-04-22 18:00:00,102.22,102.9,101.21,102.69,2736.0
2026-04-22 19:00:00,102.62,103.18,102.45,103.08,1684.0
2026-04-22 20:00:00,103.08,103.16,102.02,102.41,2028.0
2026-04-22 21:00:00,102.4,103.12,102.38,102.82,1380.0
2026-04-22 22:00:00,102.84,102.98,102.13,102.32,936.0
2026-04-22 23:00:00,102.34,102.75,102.11,102.64,610.0
2026-04-23 03:00:00,102.34,106.89,102.34,102.79,1992.0
2026-04-23 04:00:00,102.81,103.36,102.65,103.05,1288.0
2026-04-23 05:00:00,103.05,104.93,103.04,104.82,1480.0
2026-04-23 06:00:00,104.83,104.95,103.99,104.15,1414.0
2026-04-23 07:00:00,104.16,104.26,103.76,103.78,694.0
2026-04-23 08:00:00,103.79,104.19,103.59,103.6,1094.0
2026-04-23 09:00:00,103.6,104.48,103.36,104.19,1332.0
2026-04-23 10:00:00,104.12,104.46,103.02,103.54,1832.0
2026-04-23 11:00:00,103.55,104.9,103.41,104.74,1982.0
2026-04-23 12:00:00,104.75,105.48,104.12,104.76,1631.0
2026-04-23 13:00:00,104.78,104.84,103.57,103.68,1220.0
2026-04-23 14:00:00,103.64,103.94,102.9,103.1,1676.0
2026-04-23 15:00:00,103.09,103.71,102.05,102.98,2400.0
2026-04-23 16:00:00,102.97,104.03,102.8,103.75,2141.0
2026-04-23 17:00:00,103.76,104.24,103.27,103.27,2461.0
2026-04-23 18:00:00,103.27,104.67,103.2,104.29,2204.0
2026-04-23 19:00:00,104.3,104.45,103.7,104.15,1527.0
2026-04-23 20:00:00,104.16,107.78,104.16,105.44,3455.0
2026-04-23 21:00:00,105.42,106.36,104.7,106.22,2567.0
2026-04-23 22:00:00,106.23,106.5,105.78,106.25,1333.0
2026-04-23 23:00:00,106.24,107.17,106.21,106.77,1034.0
2026-04-24 03:00:00,106.39,106.99,106.02,106.63,775.0
2026-04-24 04:00:00,106.62,106.92,106.02,106.37,1120.0
2026-04-24 05:00:00,106.36,106.44,105.85,105.89,771.0
2026-04-24 06:00:00,105.89,106.05,105.17,105.91,638.0
2026-04-24 07:00:00,105.9,105.91,105.26,105.3,481.0
2026-04-24 08:00:00,105.28,105.48,104.92,105.26,859.0
2026-04-24 09:00:00,105.28,106.03,104.94,105.96,1083.0
2026-04-24 10:00:00,105.97,106.63,105.81,106.49,1237.0
2026-04-24 11:00:00,106.54,107.54,106.53,106.7,1871.0
2026-04-24 12:00:00,106.69,107.39,106.39,107.29,1253.0
2026-04-24 13:00:00,107.25,107.34,106.4,106.43,1150.0
2026-04-24 14:00:00,106.35,106.4,103.56,104.4,2885.0
2026-04-24 15:00:00,104.39,106.2,104.24,105.6,2298.0
2026-04-24 16:00:00,105.57,105.6,104.55,105.33,2542.0
2026-04-24 17:00:00,105.36,105.72,104.68,105.19,2543.0
2026-04-24 18:00:00,105.17,106.17,103.66,104.53,2685.0
2026-04-24 19:00:00,104.52,105.26,104.21,104.73,2029.0
2026-04-24 20:00:00,104.68,104.93,103.62,104.5,1853.0
2026-04-24 21:00:00,104.49,105.4,104.46,105.07,1691.0
2026-04-24 22:00:00,105.08,106.18,105.05,105.89,1198.0
2026-04-24 23:00:00,105.89,106.7,105.89,105.94,780.0
2026-04-27 03:00:00,106.91,107.3,106.73,106.82,667.0
2026-04-27 04:00:00,106.82,106.82,106.13,106.55,1053.0
2026-04-27 05:00:00,106.54,106.54,105.79,105.79,590.0
2026-04-27 06:00:00,105.77,105.98,105.55,105.96,584.0
2026-04-27 07:00:00,105.97,106.37,105.9,106.3,371.0
2026-04-27 08:00:00,106.31,106.92,106.28,106.77,782.0
2026-04-27 09:00:00,106.75,107.12,106.66,106.72,874.0
2026-04-27 10:00:00,106.71,107.63,106.67,107.58,1238.0
2026-04-27 11:00:00,107.58,107.89,107.17,107.24,1535.0
2026-04-27 12:00:00,107.23,107.52,107.0,107.21,911.0
2026-04-27 13:00:00,107.2,107.24,105.82,106.14,1165.0
2026-04-27 14:00:00,106.16,106.18,105.15,105.77,1316.0
2026-04-27 15:00:00,105.75,106.96,105.58,106.77,1625.0
2026-04-27 16:00:00,106.78,107.16,106.27,106.77,2053.0
2026-04-27 17:00:00,106.78,107.5,106.52,107.44,2494.0
2026-04-27 18:00:00,107.43,108.13,106.99,107.0,2028.0
2026-04-27 19:00:00,107.01,107.49,106.93,107.43,1307.0
2026-04-27 20:00:00,107.42,108.34,106.99,107.6,1731.0
2026-04-27 21:00:00,107.6,108.25,107.18,107.35,1720.0
2026-04-27 22:00:00,107.35,107.63,106.94,107.3,918.0
2026-04-27 23:00:00,107.29,107.64,107.14,107.57,558.0
2026-04-28 03:00:00,107.34,107.99,107.18,107.89,580.0
2026-04-28 04:00:00,107.83,108.15,107.57,108.1,717.0
2026-04-28 05:00:00,108.12,108.31,107.99,108.08,530.0
2026-04-28 06:00:00,108.07,108.3,107.85,108.3,367.0
2026-04-28 07:00:00,108.37,108.49,108.12,108.25,296.0
2026-04-28 08:00:00,108.26,109.88,108.2,109.14,998.0
2026-04-28 09:00:00,109.12,109.38,108.61,109.3,1056.0
2026-04-28 10:00:00,109.29,110.52,109.19,110.16,1771.0
2026-04-28 11:00:00,110.18,110.31,109.14,109.75,1926.0
2026-04-28 12:00:00,109.76,110.33,109.76,110.23,1280.0
2026-04-28 13:00:00,110.24,110.43,109.74,109.99,1169.0
2026-04-28 14:00:00,109.98,111.53,109.9,111.22,1717.0
2026-04-28 15:00:00,111.21,111.27,108.62,109.65,2563.0
2026-04-28 16:00:00,109.66,110.65,108.95,109.69,2831.0
2026-04-28 17:00:00,109.67,110.57,109.28,109.3,2739.0
2026-04-28 18:00:00,109.29,110.14,109.05,109.76,2670.0
2026-04-28 19:00:00,109.79,110.16,109.03,109.11,1758.0
2026-04-28 20:00:00,109.13,109.99,109.04,109.88,1363.0
2026-04-28 21:00:00,109.86,110.36,109.53,110.04,1361.0
2026-04-28 22:00:00,110.04,110.09,109.93,110.05,569.0
2026-04-28 23:00:00,110.04,110.05,109.54,109.93,569.0
2026-04-29 03:00:00,109.36,109.47,109.1,109.35,585.0
2026-04-29 04:00:00,109.29,110.63,109.29,110.31,1076.0
2026-04-29 05:00:00,110.32,110.32,108.72,109.55,1052.0
2026-04-29 06:00:00,109.58,109.65,109.1,109.52,650.0
2026-04-29 07:00:00,109.51,109.85,109.47,109.81,354.0
2026-04-29 08:00:00,109.82,110.2,109.82,110.19,555.0
2026-04-29 09:00:00,110.16,111.02,109.93,110.87,884.0
2026-04-29 10:00:00,110.89,111.99,110.61,111.63,1595.0
2026-04-29 11:00:00,111.64,113.64,111.57,113.21,2216.0
2026-04-29 12:00:00,113.22,113.47,112.62,113.13,1456.0
2026-04-29 13:00:00,113.15,113.31,112.76,112.8,1084.0
2026-04-29 14:00:00,112.79,113.34,112.74,113.34,1392.0
2026-04-29 15:00:00,113.36,114.27,112.96,113.99,1660.0
2026-04-29 16:00:00,114.0,115.73,113.67,115.41,2575.0
2026-04-29 17:00:00,115.4,115.7,114.86,115.42,2280.0
2026-04-29 18:00:00,115.44,117.08,115.1,116.89,2504.0
2026-04-29 19:00:00,116.89,117.07,116.0,116.75,2022.0
2026-04-29 20:00:00,116.74,117.34,115.85,116.16,2298.0
2026-04-29 21:00:00,116.16,116.77,116.03,116.24,2169.0
2026-04-29 22:00:00,116.25,117.69,116.16,117.35,1441.0
2026-04-29 23:00:00,117.35,117.81,117.03,117.74,1028.0
2026-04-30 03:00:00,116.76,117.2,115.9,116.99,1266.0
2026-04-30 04:00:00,116.94,117.12,116.31,116.35,1257.0
2026-04-30 05:00:00,116.36,118.36,116.32,117.69,1622.0
2026-04-30 06:00:00,117.7,118.99,117.48,118.65,1514.0
2026-04-30 07:00:00,118.66,120.48,118.61,119.43,1842.0
2026-04-30 08:00:00,119.43,119.62,118.76,119.28,1354.0
2026-04-30 09:00:00,119.29,120.01,118.06,118.16,2125.0
2026-04-30 10:00:00,118.08,118.26,117.14,117.59,2122.0
2026-04-30 11:00:00,117.58,117.88,117.0,117.56,2059.0
2026-04-30 12:00:00,117.54,118.19,115.42,116.01,2622.0
2026-04-30 13:00:00,116.02,116.6,115.22,115.79,2123.0
2026-04-30 14:00:00,115.8,115.8,112.54,114.36,2876.0
2026-04-30 15:00:00,114.38,115.5,114.19,114.85,2300.0
2026-04-30 16:00:00,114.85,115.48,113.58,115.26,3003.0
2026-04-30 17:00:00,115.22,116.57,115.0,116.23,3164.0
2026-04-30 18:00:00,116.24,116.73,114.7,115.15,3400.0
2026-04-30 19:00:00,115.14,115.89,115.12,115.6,1948.0
2026-04-30 20:00:00,115.58,115.59,114.15,114.46,2500.0
2026-04-30 21:00:00,114.47,116.7,114.31,116.56,2154.0
2026-04-30 22:00:00,116.55,116.62,116.02,116.62,1279.0
2026-04-30 23:00:00,116.61,117.45,116.45,116.8,1095.0
2026-05-01 03:00:00,116.87,117.31,116.48,117.15,638.0
2026-05-01 04:00:00,117.14,117.5,116.7,116.87,557.0
2026-05-01 05:00:00,116.85,117.71,116.65,116.83,616.0
2026-05-01 06:00:00,116.79,117.05,116.7,116.88,469.0
2026-05-01 07:00:00,116.9,116.95,116.28,116.31,560.0
2026-05-01 08:00:00,116.31,116.64,116.25,116.34,614.0
2026-05-01 09:00:00,116.35,117.92,116.34,117.35,1127.0
2026-05-01 10:00:00,117.35,117.56,115.73,116.9,2016.0
2026-05-01 11:00:00,116.87,117.23,116.12,117.07,1780.0
2026-05-01 12:00:00,117.06,117.78,116.57,116.75,1404.0
2026-05-01 13:00:00,116.82,117.15,116.54,116.65,900.0
2026-05-01 14:00:00,116.68,116.85,116.17,116.3,1461.0
2026-05-01 15:00:00,116.32,116.64,115.07,116.12,2053.0
2026-05-01 16:00:00,116.13,116.16,113.02,113.28,2542.0
2026-05-01 17:00:00,113.38,113.91,111.46,113.73,2921.0
2026-05-01 18:00:00,113.72,114.41,112.72,112.93,2489.0
2026-05-01 19:00:00,112.95,113.95,112.39,113.57,2231.0
2026-05-01 20:00:00,113.58,113.62,112.65,112.92,1704.0
2026-05-01 21:00:00,112.91,114.04,112.7,113.81,1906.0
2026-05-01 22:00:00,113.82,113.97,113.45,113.88,977.0
2026-05-01 23:00:00,113.9,114.47,113.75,114.09,767.0
2026-05-04 03:00:00,112.89,113.54,112.21,112.27,863.0
2026-05-04 04:00:00,112.25,112.99,112.23,112.74,627.0
2026-05-04 05:00:00,112.73,113.32,112.53,113.03,427.0
2026-05-04 06:00:00,113.0,113.53,112.98,113.16,411.0
2026-05-04 07:00:00,113.15,113.17,112.53,112.85,525.0
2026-05-04 08:00:00,112.9,112.93,111.18,111.95,982.0
2026-05-04 09:00:00,111.97,113.7,111.84,113.45,1185.0
2026-05-04 10:00:00,113.44,114.87,113.44,114.86,1417.0
2026-05-04 11:00:00,114.91,115.8,114.23,114.38,1963.0
2026-05-04 12:00:00,114.39,114.73,113.9,114.61,1148.0
2026-05-04 13:00:00,114.64,119.26,114.56,117.12,3178.0
2026-05-04 14:00:00,117.13,117.63,115.87,116.19,1868.0
2026-05-04 15:00:00,116.22,116.25,114.63,115.35,2176.0
2026-05-04 16:00:00,115.37,116.88,114.56,115.42,2827.0
2026-05-04 17:00:00,115.44,117.21,114.69,117.06,2595.0
2026-05-04 18:00:00,117.09,119.55,116.71,119.07,3431.0
2026-05-04 19:00:00,119.08,120.31,118.71,119.84,2571.0
2026-05-04 20:00:00,119.85,119.94,118.49,118.55,2160.0
2026-05-04 21:00:00,118.58,119.87,118.05,119.29,1955.0
2026-05-04 22:00:00,119.27,119.51,118.48,118.99,1365.0
2026-05-04 23:00:00,119.01,119.07,118.4,118.8,707.0
2026-05-05 03:00:00,118.55,118.85,118.14,118.58,649.0
2026-05-05 04:00:00,118.57,118.72,118.22,118.34,572.0
2026-05-05 05:00:00,118.33,118.35,117.63,117.8,705.0
2026-05-05 06:00:00,117.79,118.03,117.74,117.94,334.0
2026-05-05 07:00:00,117.95,117.99,117.5,117.88,421.0
2026-05-05 08:00:00,117.87,118.4,117.87,118.13,737.0
2026-05-05 09:00:00,118.16,119.22,117.82,118.46,1283.0
2026-05-05 10:00:00,118.47,118.85,116.94,118.42,1925.0
2026-05-05 11:00:00,118.4,118.54,116.57,117.04,2139.0
2026-05-05 12:00:00,117.03,117.97,117.03,117.56,1368.0
2026-05-05 13:00:00,117.55,117.96,117.03,117.79,1169.0
2026-05-05 14:00:00,117.78,118.51,117.12,117.15,1442.0
2026-05-05 15:00:00,117.17,117.63,116.05,116.71,2254.0
2026-05-05 16:00:00,116.71,116.88,115.52,115.69,2318.0
2026-05-05 17:00:00,115.68,116.59,114.67,115.46,2928.0
2026-05-05 18:00:00,115.45,115.92,114.51,115.12,2493.0
2026-05-05 19:00:00,115.11,115.37,114.82,115.24,1569.0
2026-05-05 20:00:00,115.24,115.32,114.22,114.74,1584.0
2026-05-05 21:00:00,114.74,114.99,114.2,114.25,1433.0
2026-05-05 22:00:00,114.26,114.98,114.22,114.88,790.0
2026-05-05 23:00:00,114.92,115.19,114.68,115.11,710.0
2026-05-06 03:00:00,112.04,113.39,112.04,112.93,1189.0
2026-05-06 04:00:00,112.94,113.24,111.89,112.35,1558.0
2026-05-06 05:00:00,112.31,112.53,112.28,112.37,752.0
2026-05-06 06:00:00,112.35,112.8,112.3,112.45,613.0
2026-05-06 07:00:00,112.47,112.57,112.09,112.39,404.0
2026-05-06 08:00:00,112.43,113.37,112.24,112.32,1056.0
2026-05-06 09:00:00,112.33,113.11,111.67,112.75,1545.0
2026-05-06 10:00:00,112.76,113.13,109.91,109.94,2042.0
2026-05-06 11:00:00,109.89,111.28,106.88,107.36,2949.0
2026-05-06 12:00:00,107.37,108.32,105.4,105.53,3373.0
2026-05-06 13:00:00,105.56,105.56,102.13,102.22,3512.0
2026-05-06 14:00:00,102.19,104.33,100.64,104.24,3588.0
2026-05-06 15:00:00,104.26,108.34,104.21,107.04,3355.0
2026-05-06 16:00:00,107.05,108.28,106.3,106.88,3147.0
2026-05-06 17:00:00,106.92,107.83,105.28,105.78,3147.0
2026-05-06 18:00:00,105.78,106.94,105.5,106.29,2818.0
2026-05-06 19:00:00,106.32,107.09,105.41,106.6,1951.0
2026-05-06 20:00:00,106.6,106.69,105.56,105.64,1593.0
2026-05-06 21:00:00,105.65,105.71,104.66,105.42,1849.0
2026-05-06 22:00:00,105.45,105.68,104.96,105.56,1086.0
2026-05-06 23:00:00,105.59,106.42,105.31,106.07,982.0
2026-05-07 03:00:00,105.67,106.47,105.63,106.14,781.0
2026-05-07 04:00:00,106.15,106.38,105.53,105.56,1222.0
2026-05-07 05:00:00,105.57,105.83,105.01,105.75,846.0
2026-05-07 06:00:00,105.74,106.1,105.61,105.94,511.0
2026-05-07 07:00:00,105.96,106.0,105.58,105.64,315.0
2026-05-07 08:00:00,105.65,105.87,105.53,105.65,519.0
2026-05-07 09:00:00,105.66,105.76,104.13,104.73,1269.0
2026-05-07 10:00:00,104.8,104.85,101.21,103.35,2619.0
2026-05-07 11:00:00,103.32,104.61,102.74,102.86,2318.0
2026-05-07 12:00:00,102.86,103.16,101.98,102.82,1698.0
2026-05-07 13:00:00,102.81,103.32,102.1,102.77,1659.0
2026-05-07 14:00:00,102.74,102.85,101.49,101.84,1829.0
2026-05-07 15:00:00,101.83,102.03,99.72,100.57,2338.0
2026-05-07 16:00:00,100.59,102.34,100.59,100.92,2755.0
2026-05-07 17:00:00,100.95,101.36,100.03,100.99,2568.0
2026-05-07 18:00:00,100.96,103.06,100.96,102.94,2770.0
2026-05-07 19:00:00,102.95,104.87,102.91,104.68,2870.0
2026-05-07 20:00:00,104.64,106.4,104.09,104.47,2984.0
2026-05-07 21:00:00,104.47,105.62,103.77,104.83,2807.0
2026-05-07 22:00:00,104.85,106.77,104.67,105.67,2127.0
2026-05-07 23:00:00,105.67,107.33,103.85,106.99,2011.0
2026-05-08 03:00:00,106.25,106.69,105.59,105.88,966.0
2026-05-08 04:00:00,105.82,105.82,104.66,105.29,1137.0
2026-05-08 05:00:00,105.29,105.62,104.45,105.03,909.0
2026-05-08 06:00:00,104.96,105.01,104.68,104.87,670.0
2026-05-08 07:00:00,104.89,105.62,104.85,105.02,676.0
2026-05-08 08:00:00,105.01,105.2,104.56,104.66,894.0
2026-05-08 09:00:00,104.68,105.06,103.41,104.34,1613.0
2026-05-08 10:00:00,104.33,105.24,103.93,104.75,1748.0
2026-05-08 11:00:00,104.72,105.11,103.53,103.94,2230.0
2026-05-08 12:00:00,103.95,104.65,103.22,104.53,1892.0
2026-05-08 13:00:00,104.57,104.65,103.55,103.95,1638.0
2026-05-08 14:00:00,103.97,104.65,103.54,104.26,1465.0
2026-05-08 15:00:00,104.27,104.47,103.61,104.34,1748.0
2026-05-08 16:00:00,104.35,104.46,103.3,103.82,2388.0
2026-05-08 17:00:00,103.82,105.55,103.81,105.19,2596.0
2026-05-08 18:00:00,105.21,105.92,104.88,105.41,2551.0
2026-05-08 19:00:00,105.42,105.49,104.93,105.32,1694.0
2026-05-08 20:00:00,105.34,105.34,104.59,104.83,1418.0
2026-05-08 21:00:00,104.84,105.19,104.13,104.93,2004.0
2026-05-08 22:00:00,104.96,105.08,104.13,104.32,1083.0
2026-05-08 23:00:00,104.32,104.45,103.74,104.08,761.0
2026-05-11 03:00:00,108.21,108.8,107.79,108.33,898.0
2026-05-11 04:00:00,108.32,108.41,107.75,107.91,962.0
2026-05-11 05:00:00,107.92,108.73,107.75,108.68,677.0
2026-05-11 06:00:00,108.73,109.11,108.68,108.99,638.0
2026-05-11 07:00:00,108.99,109.29,108.96,109.24,323.0
2026-05-11 08:00:00,109.24,109.27,108.58,108.63,727.0
2026-05-11 09:00:00,108.63,108.93,107.68,107.8,990.0
2026-05-11 10:00:00,107.82,108.32,107.66,107.74,1294.0
2026-05-11 11:00:00,107.73,107.88,106.48,107.26,1894.0
2026-05-11 12:00:00,107.28,107.5,106.91,107.35,1104.0
2026-05-11 13:00:00,107.34,107.38,106.59,107.25,1359.0
2026-05-11 14:00:00,107.28,107.72,107.04,107.53,1089.0
2026-05-11 15:00:00,107.54,107.94,106.13,107.16,1860.0
2026-05-11 16:00:00,107.23,107.29,106.06,106.34,2455.0
2026-05-11 17:00:00,106.36,107.49,106.35,107.05,2026.0
2026-05-11 18:00:00,107.0,107.69,106.7,107.28,2097.0
2026-05-11 19:00:00,107.29,108.95,107.25,108.37,1842.0
2026-05-11 20:00:00,108.38,108.38,107.39,107.63,1565.0
2026-05-11 21:00:00,107.64,108.36,107.2,107.57,1953.0
2026-05-11 22:00:00,107.57,107.73,107.33,107.57,805.0
2026-05-11 23:00:00,107.54,108.15,107.43,107.58,860.0
2026-05-12 03:00:00,107.44,108.0,107.39,107.96,789.0
2026-05-12 04:00:00,107.97,108.37,107.61,108.3,836.0
2026-05-12 05:00:00,108.31,108.46,108.17,108.21,565.0
2026-05-12 06:00:00,108.23,108.32,108.09,108.29,320.0
2026-05-12 07:00:00,108.3,108.3,107.77,108.08,376.0
2026-05-12 08:00:00,108.05,108.47,107.81,108.23,594.0
2026-05-12 09:00:00,108.24,109.76,108.21,109.54,1324.0
2026-05-12 10:00:00,109.63,109.71,109.18,109.64,1383.0
2026-05-12 11:00:00,109.63,110.46,109.6,109.87,1873.0
2026-05-12 12:00:00,109.91,110.79,109.85,110.33,1607.0
2026-05-12 13:00:00,110.32,111.26,110.09,111.01,1347.0
2026-05-12 14:00:00,111.03,111.43,110.48,110.73,1246.0
2026-05-12 15:00:00,110.71,111.31,110.25,110.39,1747.0
2026-05-12 16:00:00,110.43,111.53,110.31,111.22,2094.0
2026-05-12 17:00:00,111.21,111.33,110.67,111.15,2042.0
2026-05-12 18:00:00,111.18,111.66,110.49,110.87,2141.0
2026-05-12 19:00:00,110.86,111.04,110.53,110.59,1417.0
2026-05-12 20:00:00,110.58,110.73,110.32,110.6,1329.0
2026-05-12 21:00:00,110.58,111.41,110.42,111.22,1752.0
2026-05-12 22:00:00,111.22,111.23,110.85,111.05,750.0
2026-05-12 23:00:00,111.03,111.07,110.47,110.62,565.0
2026-05-13 03:00:00,110.39,110.47,109.63,109.88,874.0
2026-05-13 04:00:00,109.89,110.13,109.68,110.07,955.0
2026-05-13 05:00:00,110.08,110.18,109.29,109.55,573.0
2026-05-13 06:00:00,109.56,109.73,109.36,109.59,597.0
2026-05-13 07:00:00,109.58,109.59,109.17,109.27,443.0
2026-05-13 08:00:00,109.27,109.44,109.11,109.19,581.0
2026-05-13 09:00:00,109.2,109.63,109.11,109.48,946.0
2026-05-13 10:00:00,109.51,109.93,109.23,109.85,1243.0
2026-05-13 11:00:00,109.78,110.53,109.69,110.36,1494.0
2026-05-13 12:00:00,110.35,110.79,110.07,110.19,1198.0
2026-05-13 13:00:00,110.18,111.21,110.18,111.18,1124.0
2026-05-13 14:00:00,111.16,111.3,110.47,110.52,991.0
2026-05-13 15:00:00,110.53,111.14,110.32,110.65,1178.0
2026-05-13 16:00:00,110.64,110.65,110.16,110.56,1736.0
2026-05-13 17:00:00,110.58,111.22,110.25,110.74,1780.0
2026-05-13 18:00:00,110.78,110.86,109.41,109.71,2084.0
2026-05-13 19:00:00,109.73,109.74,108.58,109.31,1946.0
2026-05-13 20:00:00,109.3,109.43,108.81,108.9,1274.0
2026-05-13 21:00:00,108.89,108.98,108.44,108.65,1418.0
2026-05-13 22:00:00,108.65,108.92,108.6,108.82,713.0
2026-05-13 23:00:00,108.82,109.0,108.24,108.54,692.0
2026-05-14 03:00:00,108.36,108.68,108.28,108.45,519.0
2026-05-14 04:00:00,108.42,108.95,108.04,108.43,1035.0
2026-05-14 05:00:00,108.43,108.9,108.28,108.87,647.0
2026-05-14 06:00:00,108.86,108.98,108.55,108.72,563.0
2026-05-14 07:00:00,108.71,108.88,108.7,108.77,365.0
2026-05-14 08:00:00,108.79,109.19,108.77,108.89,639.0
2026-05-14 09:00:00,108.9,108.9,107.32,108.57,1374.0
2026-05-14 10:00:00,108.66,109.55,108.5,109.45,1391.0
2026-05-14 11:00:00,109.43,109.94,108.59,109.06,2122.0
2026-05-14 12:00:00,109.05,109.46,108.57,108.8,1409.0
2026-05-14 13:00:00,108.81,109.06,107.84,108.43,1946.0
2026-05-14 14:00:00,108.47,108.64,107.38,107.6,1531.0
2026-05-14 15:00:00,107.61,107.97,106.62,107.56,2085.0
2026-05-14 16:00:00,107.62,108.26,107.48,108.12,2239.0
2026-05-14 17:00:00,108.12,108.88,107.48,107.69,2049.0
2026-05-14 18:00:00,107.69,108.18,107.41,107.62,2058.0
2026-05-14 19:00:00,107.62,108.2,107.24,107.97,1464.0
2026-05-14 20:00:00,107.95,108.91,107.84,108.77,1210.0
2026-05-14 21:00:00,108.75,109.0,108.43,108.73,1208.0
2026-05-14 22:00:00,108.74,109.35,108.64,109.33,499.0
2026-05-14 23:00:00,109.37,109.56,109.21,109.4,625.0
2026-05-15 03:00:00,109.11,109.26,108.91,109.07,566.0
2026-05-15 04:00:00,109.05,110.12,108.87,109.57,1108.0
2026-05-15 05:00:00,109.58,110.12,109.3,109.84,1044.0
2026-05-15 06:00:00,109.83,109.89,109.49,109.52,620.0
2026-05-15 07:00:00,109.51,109.73,109.51,109.55,390.0
2026-05-15 08:00:00,109.56,110.61,109.56,110.22,869.0
2026-05-15 09:00:00,110.24,110.48,109.94,110.11,1401.0
2026-05-15 10:00:00,110.12,110.46,109.6,110.45,1097.0
2026-05-15 11:00:00,110.44,112.12,110.29,111.71,2229.0
2026-05-15 12:00:00,111.72,112.35,111.33,112.06,1544.0
2026-05-15 13:00:00,112.04,112.04,109.81,110.21,2085.0
2026-05-15 14:00:00,110.2,111.31,110.01,111.2,1519.0
2026-05-15 15:00:00,111.21,111.25,110.51,110.94,1478.0
2026-05-15 16:00:00,110.98,111.37,110.45,111.33,1809.0
2026-05-15 17:00:00,111.34,112.05,110.61,111.73,1979.0
2026-05-15 18:00:00,111.69,112.44,111.29,112.14,1964.0
2026-05-15 19:00:00,112.12,112.44,111.73,111.81,1177.0
2026-05-15 20:00:00,111.84,111.93,111.5,111.68,1106.0
2026-05-15 21:00:00,111.67,112.32,111.65,111.96,1319.0
2026-05-15 22:00:00,111.95,112.17,111.86,112.01,795.0
2026-05-15 23:00:00,112.02,112.3,111.76,111.8,679.0
2026-05-18 03:00:00,112.65,113.38,112.29,113.17,1015.0
2026-05-18 04:00:00,113.13,114.16,112.77,113.47,1631.0
2026-05-18 05:00:00,113.48,113.87,113.37,113.47,709.0
2026-05-18 06:00:00,113.49,113.56,113.33,113.36,438.0
2026-05-18 07:00:00,113.37,113.53,113.24,113.36,426.0
2026-05-18 08:00:00,113.35,113.55,112.82,113.09,786.0
2026-05-18 09:00:00,113.1,113.66,113.03,113.14,1060.0
2026-05-18 10:00:00,113.11,113.17,111.83,112.52,1643.0
2026-05-18 11:00:00,112.49,112.84,111.89,112.11,1703.0
2026-05-18 12:00:00,112.1,112.64,111.98,112.22,1059.0
2026-05-18 13:00:00,112.21,112.75,112.1,112.69,908.0
2026-05-18 14:00:00,112.7,113.51,110.62,111.29,2253.0
2026-05-18 15:00:00,111.32,112.04,109.06,109.61,2628.0
2026-05-18 16:00:00,109.64,110.61,109.46,110.02,2675.0
2026-05-18 17:00:00,110.01,112.48,109.97,112.34,2549.0
2026-05-18 18:00:00,112.33,113.31,112.16,113.09,2401.0
2026-05-18 19:00:00,113.08,113.78,112.97,113.13,1627.0
2026-05-18 20:00:00,113.15,113.3,112.36,113.01,1490.0
2026-05-18 21:00:00,112.99,114.91,112.99,114.38,1998.0
2026-05-18 22:00:00,114.43,114.55,110.73,111.23,2316.0
2026-05-18 23:00:00,111.2,111.53,110.13,111.43,1318.0
2026-05-19 03:00:00,110.99,111.49,110.95,111.2,807.0
2026-05-19 04:00:00,111.18,111.81,111.18,111.44,1137.0
2026-05-19 05:00:00,111.43,112.09,111.35,111.94,724.0
2026-05-19 06:00:00,111.96,112.16,111.71,111.86,569.0
2026-05-19 07:00:00,111.85,111.94,111.62,111.68,381.0
2026-05-19 08:00:00,111.71,112.55,111.64,112.1,895.0
2026-05-19 09:00:00,112.12,112.59,111.58,112.47,1359.0
2026-05-19 10:00:00,112.52,112.7,111.79,111.95,1367.0
2026-05-19 11:00:00,111.92,112.77,111.82,112.27,1691.0
2026-05-19 12:00:00,112.28,112.63,111.67,111.85,1183.0
2026-05-19 13:00:00,111.84,113.25,111.81,112.57,1402.0
2026-05-19 14:00:00,112.59,113.15,112.55,113.01,1122.0
2026-05-19 15:00:00,113.03,113.03,112.12,112.5,1209.0
2026-05-19 16:00:00,112.46,113.56,112.14,112.33,2439.0
2026-05-19 17:00:00,112.4,112.83,111.52,112.65,2455.0
2026-05-19 18:00:00,112.66,112.95,112.14,112.88,1995.0
2026-05-19 19:00:00,112.85,113.08,112.54,112.68,1273.0
2026-05-19 20:00:00,112.71,112.93,112.17,112.51,1296.0
2026-05-19 21:00:00,112.49,113.77,112.19,113.61,1681.0
2026-05-19 22:00:00,113.62,113.62,113.06,113.38,781.0
2026-05-19 23:00:00,113.41,113.47,112.77,112.93,616.0
2026-05-20 03:00:00,112.7,112.73,112.46,112.64,521.0
2026-05-20 04:00:00,112.67,113.25,111.93,112.44,1310.0
2026-05-20 05:00:00,112.43,113.28,112.26,113.05,1009.0
2026-05-20 06:00:00,113.06,113.19,112.31,112.42,674.0
2026-05-20 07:00:00,112.42,112.72,112.05,112.66,401.0
2026-05-20 08:00:00,112.65,112.72,112.31,112.62,632.0
2026-05-20 09:00:00,112.64,112.77,111.54,111.63,1372.0
2026-05-20 10:00:00,111.62,112.01,111.33,111.78,1238.0
2026-05-20 11:00:00,111.78,111.86,110.46,110.7,1807.0
2026-05-20 12:00:00,110.73,111.3,110.28,110.97,1317.0
2026-05-20 13:00:00,110.99,111.11,109.49,110.07,1374.0
2026-05-20 14:00:00,110.1,111.13,110.01,110.85,1253.0
2026-05-20 15:00:00,110.85,110.93,109.26,110.17,1800.0
2026-05-20 16:00:00,110.19,110.73,109.82,110.7,1848.0
2026-05-20 17:00:00,110.67,111.2,107.73,108.69,3416.0
2026-05-20 18:00:00,108.7,108.83,104.94,107.47,3293.0
2026-05-20 19:00:00,107.48,107.85,106.13,106.37,2564.0
2026-05-20 20:00:00,106.33,106.87,105.53,106.87,2180.0
2026-05-20 21:00:00,106.86,107.09,106.28,106.39,1928.0
2026-05-20 22:00:00,106.36,106.79,106.19,106.77,986.0
2026-05-20 23:00:00,106.77,107.23,106.49,107.15,863.0
2026-05-21 03:00:00,106.74,108.12,106.71,107.32,956.0
2026-05-21 04:00:00,107.3,107.38,106.66,106.79,1210.0
2026-05-21 05:00:00,106.77,107.52,106.7,107.43,691.0
2026-05-21 06:00:00,107.42,107.47,107.14,107.29,446.0
2026-05-21 07:00:00,107.3,107.49,107.02,107.07,341.0
2026-05-21 08:00:00,107.06,108.33,106.97,107.67,924.0
2026-05-21 09:00:00,107.68,108.19,107.22,107.8,1272.0
2026-05-21 10:00:00,107.81,108.13,107.44,107.44,1003.0
2026-05-21 11:00:00,107.4,107.65,106.21,106.51,2260.0
2026-05-21 12:00:00,106.57,106.59,105.2,105.67,1863.0
2026-05-21 13:00:00,105.66,109.26,105.54,108.9,2503.0
2026-05-21 14:00:00,108.91,108.93,108.1,108.46,1746.0
2026-05-21 15:00:00,108.48,109.12,108.24,108.87,1914.0
2026-05-21 16:00:00,108.88,110.83,108.1,108.32,2850.0
2026-05-21 17:00:00,108.3,109.42,108.13,109.2,2480.0
2026-05-21 18:00:00,109.21,109.99,108.57,108.58,2434.0
2026-05-21 19:00:00,108.57,108.59,107.77,107.96,1898.0
2026-05-21 20:00:00,107.96,108.34,103.65,104.23,3480.0
2026-05-21 21:00:00,104.24,106.44,103.9,106.17,3138.0
2026-05-21 22:00:00,106.14,106.38,105.19,105.55,1911.0
2026-05-21 23:00:00,105.53,106.43,105.36,106.4,1037.0
2026-05-22 03:00:00,105.96,106.31,105.74,106.12,685.0
2026-05-22 04:00:00,106.1,106.47,105.66,105.71,1110.0
2026-05-22 05:00:00,105.7,106.06,105.4,105.5,688.0
2026-05-22 06:00:00,105.5,105.65,105.33,105.57,419.0
2026-05-22 07:00:00,105.57,105.6,105.08,105.55,380.0
2026-05-22 08:00:00,105.6,106.8,105.55,106.62,673.0
2026-05-22 09:00:00,106.62,106.9,106.11,106.18,1123.0
2026-05-22 10:00:00,106.15,107.17,106.13,106.69,1499.0
2026-05-22 11:00:00,106.67,107.7,106.36,107.05,1995.0
2026-05-22 12:00:00,107.07,107.39,106.15,106.72,1332.0
2026-05-22 13:00:00,106.71,107.15,105.92,106.64,1176.0
2026-05-22 14:00:00,106.65,106.97,105.53,105.73,1099.0
2026-05-22 15:00:00,105.74,105.94,103.98,104.37,2253.0
2026-05-22 16:00:00,104.37,106.13,103.75,105.75,2550.0
2026-05-22 17:00:00,105.76,106.13,105.47,105.78,1796.0
2026-05-22 18:00:00,105.78,106.06,104.89,105.06,1866.0
2026-05-22 19:00:00,105.05,105.35,104.48,104.93,1434.0
2026-05-22 20:00:00,104.89,105.12,102.66,103.93,2180.0
2026-05-22 21:00:00,103.94,104.94,103.88,104.42,1683.0
2026-05-22 22:00:00,104.39,105.14,104.35,104.44,1060.0
2026-05-22 23:00:00,104.43,105.17,104.0,104.86,1136.0
2026-05-25 03:00:00,99.82,100.01,98.74,99.81,930.0
2026-05-25 04:00:00,99.82,100.71,99.7,100.42,1294.0
2026-05-25 05:00:00,100.41,100.55,99.56,99.56,771.0
2026-05-25 06:00:00,99.55,99.56,98.14,98.71,1274.0
2026-05-25 07:00:00,98.75,99.08,98.67,98.77,610.0
2026-05-25 08:00:00,98.78,98.94,98.41,98.82,899.0
2026-05-25 09:00:00,98.83,99.48,98.72,99.36,933.0
2026-05-25 10:00:00,99.31,100.55,99.27,99.52,1563.0
2026-05-25 11:00:00,99.5,100.48,99.4,99.6,1421.0
2026-05-25 12:00:00,99.61,99.65,98.7,98.88,1036.0
2026-05-25 13:00:00,98.87,98.92,98.37,98.43,1077.0
2026-05-25 14:00:00,98.45,98.97,98.15,98.43,955.0
2026-05-25 15:00:00,98.41,99.21,97.97,99.17,1113.0
2026-05-25 16:00:00,99.19,99.61,99.04,99.11,1228.0
2026-05-25 17:00:00,99.11,99.34,98.86,99.3,1244.0
2026-05-25 18:00:00,99.32,99.72,98.42,98.71,1542.0
2026-05-25 19:00:00,98.72,99.23,97.2,97.26,1540.0
2026-05-25 20:00:00,97.27,97.78,97.1,97.52,863.0
2026-05-26 03:00:00,98.39,99.11,98.35,98.95,1104.0
2026-05-26 04:00:00,98.96,99.43,98.82,99.08,800.0
2026-05-26 05:00:00,99.07,99.17,98.72,98.86,563.0
2026-05-26 06:00:00,98.85,98.98,98.73,98.92,350.0
2026-05-26 07:00:00,98.9,99.45,98.85,99.37,329.0
2026-05-26 08:00:00,99.4,99.86,99.09,99.22,703.0
2026-05-26 09:00:00,99.23,99.66,98.79,99.04,1014.0
2026-05-26 10:00:00,99.02,100.41,98.88,100.04,1899.0
2026-05-26 11:00:00,100.03,101.01,99.86,100.59,1889.0
2026-05-26 12:00:00,100.57,100.68,100.02,100.13,1274.0
2026-05-26 13:00:00,100.12,100.22,98.88,99.46,1388.0
2026-05-26 14:00:00,99.45,100.24,99.36,100.02,1296.0
2026-05-26 15:00:00,100.05,100.62,99.75,100.1,1190.0
2026-05-26 16:00:00,100.14,101.7,99.86,101.35,1932.0
2026-05-26 17:00:00,101.34,101.55,100.33,101.28,2306.0
2026-05-26 18:00:00,101.26,101.71,101.08,101.13,2100.0
2026-05-26 19:00:00,101.13,101.41,100.67,100.95,1313.0
2026-05-26 20:00:00,100.96,101.15,100.43,100.66,1288.0
2026-05-26 21:00:00,100.65,101.13,100.16,100.37,1701.0
2026-05-26 22:00:00,100.38,100.81,100.37,100.39,879.0
2026-05-26 23:00:00,100.38,100.71,100.05,100.49,676.0
2026-05-27 03:00:00,100.17,100.23,99.61,99.76,805.0
2026-05-27 04:00:00,99.76,100.01,99.3,99.59,1068.0
2026-05-27 05:00:00,99.51,99.59,98.92,99.17,904.0
2026-05-27 06:00:00,99.16,99.17,98.68,98.81,784.0
2026-05-27 07:00:00,98.83,98.86,98.65,98.76,416.0
2026-05-27 08:00:00,98.77,99.04,98.57,98.68,728.0
2026-05-27 09:00:00,98.67,98.89,98.29,98.44,1111.0
2026-05-27 10:00:00,98.44,98.63,97.92,97.99,1493.0
2026-05-27 11:00:00,97.97,98.1,96.55,97.04,2041.0
2026-05-27 12:00:00,97.05,97.49,96.65,97.06,1518.0
2026-05-27 13:00:00,97.04,97.75,97.04,97.56,1029.0
2026-05-27 14:00:00,97.55,98.21,97.47,97.88,1489.0
2026-05-27 15:00:00,97.87,98.06,95.4,96.26,2667.0
2026-05-27 16:00:00,96.29,97.19,96.21,97.08,2243.0
2026-05-27 17:00:00,97.07,97.94,96.8,97.86,2408.0
2026-05-27 18:00:00,97.87,98.31,97.05,97.11,2365.0
2026-05-27 19:00:00,97.13,97.46,96.48,96.99,1540.0
2026-05-27 20:00:00,97.0,97.24,96.17,96.46,1383.0
2026-05-27 21:00:00,96.45,96.53,95.73,96.12,1488.0
2026-05-27 22:00:00,96.11,96.78,96.0,96.59,763.0
2026-05-27 23:00:00,96.6,96.7,96.45,96.56,562.0
2026-05-28 03:00:00,97.27,97.86,97.18,97.73,660.0
2026-05-28 04:00:00,97.72,97.72,97.22,97.45,710.0
2026-05-28 05:00:00,97.42,98.2,97.12,98.17,757.0
2026-05-28 06:00:00,98.18,99.38,98.16,99.35,1079.0
2026-05-28 07:00:00,99.36,99.64,99.14,99.35,731.0
2026-05-28 08:00:00,99.34,99.39,98.53,98.67,827.0
2026-05-28 09:00:00,98.66,98.72,97.98,98.34,958.0
2026-05-28 10:00:00,98.32,98.62,98.07,98.15,1160.0
2026-05-28 11:00:00,98.07,98.36,97.81,97.98,1641.0
2026-05-28 12:00:00,98.0,98.07,97.06,97.45,1277.0
2026-05-28 13:00:00,97.46,98.69,97.3,98.39,1219.0
2026-05-28 14:00:00,98.38,98.72,98.12,98.4,1312.0
2026-05-28 15:00:00,98.41,98.5,97.43,97.45,1431.0
2026-05-28 16:00:00,97.46,98.44,97.24,97.88,1744.0
2026-05-28 17:00:00,97.87,98.25,94.29,96.61,3038.0
2026-05-28 18:00:00,96.62,97.02,96.06,96.67,2293.0
2026-05-28 19:00:00,96.66,96.97,95.11,95.32,2188.0
2026-05-28 20:00:00,95.34,96.13,95.29,95.94,1621.0
2026-05-28 21:00:00,95.94,96.84,95.76,96.59,1903.0
2026-05-28 22:00:00,96.59,96.81,96.35,96.8,892.0
2026-05-28 23:00:00,96.87,97.01,95.95,95.95,794.0
2026-05-29 03:00:00,95.64,95.91,95.12,95.76,788.0
2026-05-29 04:00:00,95.72,95.9,95.03,95.31,1003.0
2026-05-29 05:00:00,95.29,95.6,95.01,95.36,790.0
2026-05-29 06:00:00,95.35,95.85,94.96,95.71,871.0
2026-05-29 07:00:00,95.69,95.75,94.82,95.11,1202.0
2026-05-29 08:00:00,95.12,95.48,95.03,95.35,520.0
2026-05-29 09:00:00,95.36,95.4,94.68,94.87,843.0
2026-05-29 10:00:00,94.89,96.25,94.76,96.08,1223.0
2026-05-29 11:00:00,96.09,96.4,95.71,95.87,1261.0
2026-05-29 12:00:00,95.86,95.87,94.05,94.54,1911.0
2026-05-29 13:00:00,94.58,94.85,93.89,94.43,1208.0
2026-05-29 14:00:00,94.42,95.14,94.16,94.53,1134.0
2026-05-29 15:00:00,94.53,94.96,94.29,94.39,1337.0
2026-05-29 16:00:00,94.36,94.76,93.81,94.66,1931.0
2026-05-29 17:00:00,94.65,95.61,94.19,94.58,2194.0
2026-05-29 18:00:00,94.57,94.65,93.28,94.43,2891.0
2026-05-29 19:00:00,94.45,94.69,93.64,93.92,1733.0
2026-05-29 20:00:00,93.94,94.52,93.89,94.43,1369.0
2026-05-29 21:00:00,94.42,95.08,94.14,94.88,1669.0
2026-05-29 22:00:00,94.86,95.35,94.68,95.27,870.0
2026-05-29 23:00:00,95.26,95.32,94.87,95.06,542.0
2026-06-01 03:00:00,96.03,96.61,95.98,96.03,529.0
2026-06-01 04:00:00,96.03,96.69,95.71,96.46,813.0
2026-06-01 05:00:00,96.46,96.62,96.09,96.2,584.0
2026-06-01 06:00:00,96.14,96.56,95.86,96.42,617.0
2026-06-01 07:00:00,96.41,96.59,95.78,96.17,397.0
2026-06-01 08:00:00,96.17,96.59,96.04,96.36,483.0
2026-06-01 09:00:00,96.38,97.38,96.37,96.91,885.0
2026-06-01 10:00:00,96.87,97.39,96.82,97.08,952.0
2026-06-01 11:00:00,97.09,97.77,96.91,97.38,1294.0
2026-06-01 12:00:00,97.41,97.64,97.07,97.18,844.0
2026-06-01 13:00:00,97.16,97.39,97.0,97.2,733.0
2026-06-01 14:00:00,97.21,97.33,96.68,96.75,812.0
2026-06-01 15:00:00,96.76,96.85,95.73,96.13,1466.0
2026-06-01 16:00:00,96.11,100.53,96.05,100.49,3343.0
2026-06-01 17:00:00,100.5,100.89,99.37,100.81,2388.0
2026-06-01 18:00:00,100.79,101.05,98.86,100.23,2385.0
2026-06-01 19:00:00,100.23,100.83,99.08,99.13,2108.0
2026-06-01 20:00:00,99.12,99.57,97.3,98.09,2320.0
2026-06-01 21:00:00,98.08,98.61,97.71,98.51,1558.0
2026-06-01 22:00:00,98.49,98.63,98.13,98.48,855.0
2026-06-01 23:00:00,98.48,98.71,98.25,98.52,747.0
2026-06-02 03:00:00,97.81,98.47,97.78,98.38,636.0
2026-06-02 04:00:00,98.38,98.59,97.41,97.65,1324.0
2026-06-02 05:00:00,97.58,97.86,97.35,97.73,675.0
2026-06-02 06:00:00,97.72,97.76,97.27,97.42,439.0
2026-06-02 07:00:00,97.44,97.47,97.15,97.19,285.0
2026-06-02 08:00:00,97.19,97.42,96.93,97.35,684.0
2026-06-02 09:00:00,97.35,97.58,96.89,97.43,932.0
2026-06-02 10:00:00,97.42,97.65,96.41,96.59,1380.0
2026-06-02 11:00:00,96.61,97.0,95.89,96.32,1833.0
2026-06-02 12:00:00,96.33,96.88,95.87,96.83,1234.0
2026-06-02 13:00:00,96.82,97.18,96.76,96.87,925.0
2026-06-02 14:00:00,96.85,97.02,96.56,96.83,880.0
2026-06-02 15:00:00,96.84,97.4,96.51,97.1,1352.0
2026-06-02 16:00:00,97.08,98.19,97.08,98.1,2205.0
2026-06-02 17:00:00,98.11,98.44,97.7,97.98,2033.0
2026-06-02 18:00:00,97.96,98.82,97.6,98.58,1872.0
2026-06-02 19:00:00,98.57,99.15,98.27,98.83,1480.0
2026-06-02 20:00:00,98.82,99.37,98.61,99.26,1269.0
2026-06-02 21:00:00,99.24,99.39,98.69,99.28,1288.0
2026-06-02 22:00:00,99.28,99.3,99.0,99.14,568.0
2026-06-02 23:00:00,99.13,99.16,98.82,98.88,578.0
2026-06-03 03:00:00,99.61,100.19,99.6,99.68,693.0
2026-06-03 04:00:00,99.63,100.28,99.48,99.97,890.0
2026-06-03 05:00:00,99.98,100.03,99.72,99.92,442.0
2026-06-03 06:00:00,99.93,99.98,99.72,99.92,350.0
2026-06-03 07:00:00,99.94,100.32,99.93,100.11,284.0
2026-06-03 08:00:00,100.09,100.83,100.01,100.82,619.0
2026-06-03 09:00:00,100.83,101.0,100.49,100.94,1145.0
2026-06-03 10:00:00,100.89,101.16,100.65,101.02,1145.0
2026-06-03 11:00:00,100.98,101.75,100.83,101.53,1609.0
2026-06-03 12:00:00,101.54,102.07,101.15,101.99,1424.0
2026-06-03 13:00:00,102.0,102.06,100.83,101.34,1690.0
2026-06-03 14:00:00,101.3,101.38,100.84,101.01,1131.0
2026-06-03 15:00:00,100.99,101.53,100.68,101.03,1304.0
2026-06-03 16:00:00,101.0,101.1,99.94,99.99,2098.0
2026-06-03 17:00:00,99.97,100.88,99.82,100.53,2125.0
2026-06-03 18:00:00,100.51,101.18,100.3,101.01,2020.0
2026-06-03 19:00:00,101.0,101.24,100.68,100.76,1494.0
2026-06-03 20:00:00,100.74,101.31,100.48,101.15,1233.0
2026-06-03 21:00:00,101.14,101.38,100.74,101.01,1291.0
2026-06-03 22:00:00,101.01,101.12,100.7,101.02,679.0
2026-06-03 23:00:00,101.02,101.12,100.74,100.93,734.0
2026-06-04 03:00:00,100.16,100.34,99.83,99.84,653.0
2026-06-04 04:00:00,99.87,100.06,99.35,99.57,804.0
2026-06-04 05:00:00,99.56,99.69,99.41,99.44,486.0
2026-06-04 06:00:00,99.45,100.11,99.41,99.76,452.0
2026-06-04 07:00:00,99.76,100.03,99.72,99.82,376.0
2026-06-04 08:00:00,99.83,100.24,99.76,99.76,595.0
2026-06-04 09:00:00,99.78,100.1,99.55,99.86,863.0
2026-06-04 10:00:00,99.87,100.21,99.52,100.03,1027.0
2026-06-04 11:00:00,100.05,100.3,98.95,99.45,1931.0
2026-06-04 12:00:00,99.44,99.61,98.49,99.0,1368.0
2026-06-04 13:00:00,98.99,99.71,98.99,99.3,1114.0
2026-06-04 14:00:00,99.29,99.33,97.21,97.24,1863.0
2026-06-04 15:00:00,97.23,97.8,96.78,97.6,2122.0
2026-06-04 16:00:00,97.61,98.26,97.5,97.65,2099.0
2026-06-04 17:00:00,97.66,98.31,97.51,98.23,1626.0
2026-06-04 18:00:00,98.23,98.31,97.59,97.92,1739.0
2026-06-04 19:00:00,97.92,98.02,97.49,97.6,1004.0
2026-06-04 20:00:00,97.62,97.72,97.19,97.49,987.0
2026-06-04 21:00:00,97.48,98.3,97.03,98.16,1587.0
2026-06-04 22:00:00,98.17,98.26,97.94,98.15,587.0
2026-06-04 23:00:00,98.15,98.16,97.94,97.99,449.0
2026-06-05 03:00:00,98.06,98.08,97.65,97.72,438.0
2026-06-05 04:00:00,97.71,98.25,97.53,98.22,705.0
2026-06-05 05:00:00,98.21,98.66,98.19,98.52,614.0
2026-06-05 06:00:00,98.5,98.54,98.03,98.19,347.0
2026-06-05 07:00:00,98.19,98.22,97.98,98.1,270.0
2026-06-05 08:00:00,98.1,98.31,98.05,98.07,520.0
2026-06-05 09:00:00,98.06,98.24,97.73,97.82,843.0
2026-06-05 10:00:00,97.79,97.89,97.09,97.64,1103.0
2026-06-05 11:00:00,97.65,97.83,96.42,97.69,1779.0
2026-06-05 12:00:00,97.7,97.92,96.79,97.67,1692.0
2026-06-05 13:00:00,97.66,97.79,97.29,97.57,924.0
2026-06-05 14:00:00,97.58,98.2,97.23,97.55,1125.0
2026-06-05 15:00:00,97.56,97.89,97.26,97.31,1397.0
2026-06-05 16:00:00,97.3,97.48,96.45,96.69,2161.0
2026-06-05 17:00:00,96.67,96.85,95.8,96.61,2176.0
2026-06-05 18:00:00,96.62,96.76,95.92,96.17,1876.0
2026-06-05 19:00:00,96.18,96.36,95.35,95.67,1565.0
2026-06-05 20:00:00,95.68,95.9,95.46,95.62,1169.0
2026-06-05 21:00:00,95.61,95.98,95.45,95.62,1465.0
2026-06-05 22:00:00,95.63,95.8,95.44,95.65,715.0
2026-06-05 23:00:00,95.64,95.8,95.5,95.55,571.0
2026-06-08 03:00:00,97.86,97.97,97.53,97.61,646.0
2026-06-08 04:00:00,97.61,99.6,97.42,98.34,2127.0
2026-06-08 05:00:00,98.32,99.35,98.26,98.89,1409.0
2026-06-08 06:00:00,98.89,99.24,98.64,98.83,919.0
2026-06-08 07:00:00,98.84,99.84,98.83,99.72,944.0
2026-06-08 08:00:00,99.71,100.24,99.4,99.86,1357.0
2026-06-08 09:00:00,99.85,100.3,99.39,100.11,1562.0
2026-06-08 10:00:00,100.1,100.35,99.43,100.08,1667.0
2026-06-08 11:00:00,100.07,100.57,99.39,99.86,2132.0
2026-06-08 12:00:00,99.85,99.96,99.16,99.33,1356.0
2026-06-08 13:00:00,99.34,100.07,98.28,98.53,1738.0
2026-06-08 14:00:00,98.52,98.74,96.32,96.46,2557.0
2026-06-08 15:00:00,96.45,97.49,96.32,97.31,1869.0
2026-06-08 16:00:00,97.3,97.3,96.05,96.65,2226.0
2026-06-08 17:00:00,96.64,97.57,96.57,97.1,1874.0
2026-06-08 18:00:00,97.09,97.56,96.7,97.16,1825.0
2026-06-08 19:00:00,97.17,97.3,96.59,96.95,1352.0
2026-06-08 20:00:00,96.95,96.96,96.4,96.71,1234.0
2026-06-08 21:00:00,96.7,96.84,96.31,96.62,1314.0
2026-06-08 22:00:00,96.64,96.84,96.51,96.6,625.0
2026-06-08 23:00:00,96.6,96.85,96.46,96.56,592.0
2026-06-09 03:00:00,96.51,96.71,96.12,96.35,614.0
2026-06-09 04:00:00,96.34,96.42,95.86,96.24,841.0
2026-06-09 05:00:00,96.23,96.31,95.73,95.87,645.0
2026-06-09 06:00:00,95.89,95.95,95.38,95.61,625.0
2026-06-09 07:00:00,95.6,95.89,95.55,95.78,504.0
2026-06-09 08:00:00,95.79,95.84,95.28,95.6,974.0
2026-06-09 09:00:00,95.61,95.62,95.12,95.49,1270.0
2026-06-09 10:00:00,95.47,95.69,94.93,95.21,1266.0
2026-06-09 11:00:00,95.22,95.38,94.24,94.78,1753.0
2026-06-09 12:00:00,94.8,94.89,94.28,94.74,1119.0
2026-06-09 13:00:00,94.73,95.02,94.25,94.47,1064.0
2026-06-09 14:00:00,94.46,95.32,94.45,95.03,1085.0
2026-06-09 15:00:00,95.01,95.29,94.66,94.74,1257.0
2026-06-09 16:00:00,94.75,95.13,93.02,93.31,2338.0
2026-06-09 17:00:00,93.29,93.81,92.91,93.4,2207.0
2026-06-09 18:00:00,93.38,93.46,92.34,92.35,1846.0
2026-06-09 19:00:00,92.34,95.14,91.78,93.64,2822.0
2026-06-09 20:00:00,93.62,94.15,92.96,93.75,2456.0
2026-06-09 21:00:00,93.72,94.14,93.47,93.64,1665.0
2026-06-09 22:00:00,93.63,94.11,93.51,93.81,807.0
2026-06-09 23:00:00,93.82,94.18,93.72,94.03,625.0
2026-06-10 03:00:00,94.65,95.4,94.27,94.37,967.0
2026-06-10 04:00:00,94.36,94.88,93.76,94.71,1133.0
2026-06-10 05:00:00,94.72,94.89,94.16,94.43,618.0
2026-06-10 06:00:00,94.4,94.58,93.99,94.05,558.0
2026-06-10 07:00:00,94.04,94.34,94.01,94.04,494.0
2026-06-10 08:00:00,94.02,94.12,93.24,93.41,1057.0
2026-06-10 09:00:00,93.43,93.66,92.95,93.64,1161.0
2026-06-10 10:00:00,93.63,94.09,93.04,93.51,1432.0
2026-06-10 11:00:00,93.49,94.43,92.87,93.18,1850.0
2026-06-10 12:00:00,93.17,93.79,92.89,93.28,1370.0
2026-06-10 13:00:00,93.27,93.71,92.97,93.25,1171.0
2026-06-10 14:00:00,93.24,95.57,93.02,95.23,2901.0
2026-06-10 15:00:00,95.18,95.27,93.94,94.24,2117.0
2026-06-10 16:00:00,94.29,95.04,94.15,94.91,1846.0
2026-06-10 17:00:00,94.9,95.35,94.66,95.27,1818.0
2026-06-10 18:00:00,95.28,96.51,94.58,95.83,2160.0
2026-06-10 19:00:00,95.82,96.4,95.74,96.12,1654.0
2026-06-10 20:00:00,96.11,96.8,95.94,96.09,1326.0
2026-06-10 21:00:00,96.08,96.15,95.02,95.46,1625.0
2026-06-10 22:00:00,95.45,95.76,95.41,95.55,741.0
2026-06-10 23:00:00,95.54,96.9,95.39,96.9,1310.0
2026-06-11 03:00:00,97.06,97.59,96.75,97.19,1216.0
2026-06-11 04:00:00,97.19,97.24,96.16,96.58,1375.0
2026-06-11 05:00:00,96.57,96.92,96.37,96.5,811.0
2026-06-11 06:00:00,96.48,97.05,96.47,96.78,594.0
2026-06-11 07:00:00,96.79,96.95,96.0,96.13,661.0
2026-06-11 08:00:00,96.12,96.16,95.29,95.6,1069.0
2026-06-11 09:00:00,95.61,95.93,95.35,95.42,1022.0
2026-06-11 10:00:00,95.44,95.44,94.32,94.78,1469.0
2026-06-11 11:00:00,94.79,94.85,93.74,94.18,1800.0
2026-06-11 12:00:00,94.17,94.69,94.0,94.2,1179.0
2026-06-11 13:00:00,94.19,94.35,93.63,93.96,1253.0
2026-06-11 14:00:00,93.97,94.34,93.64,93.98,1254.0
2026-06-11 15:00:00,93.99,96.15,93.86,94.94,2636.0
2026-06-11 16:00:00,94.91,95.6,94.0,94.15,2271.0
2026-06-11 17:00:00,94.14,95.04,94.14,94.67,1884.0
2026-06-11 18:00:00,94.69,95.88,94.56,95.6,2052.0
2026-06-11 19:00:00,95.58,96.05,95.22,95.48,1455.0
2026-06-11 20:00:00,95.49,95.54,91.43,92.18,2987.0
2026-06-11 21:00:00,92.19,93.02,91.84,92.51,2622.0
2026-06-11 22:00:00,92.5,92.53,90.54,91.15,2355.0
2026-06-11 23:00:00,91.13,91.2,90.4,91.06,1609.0
2026-06-12 03:00:00,90.61,91.29,90.61,91.22,615.0
2026-06-12 04:00:00,91.2,91.57,91.08,91.19,947.0
2026-06-12 05:00:00,91.23,91.3,90.9,91.17,420.0
2026-06-12 06:00:00,91.16,91.4,90.59,90.6,624.0
2026-06-12 07:00:00,90.62,90.69,90.38,90.42,546.0
2026-06-12 08:00:00,90.41,90.5,89.99,90.39,1194.0
2026-06-12 09:00:00,90.37,90.47,90.05,90.41,1223.0
2026-06-12 10:00:00,90.4,90.68,89.29,89.41,1558.0
2026-06-12 11:00:00,89.43,89.44,87.59,88.36,2523.0
2026-06-12 12:00:00,88.37,88.68,88.01,88.67,1556.0
2026-06-12 13:00:00,88.68,89.7,88.53,89.13,1578.0
2026-06-12 14:00:00,89.1,89.8,88.64,89.55,1452.0
2026-06-12 15:00:00,89.54,90.27,89.4,89.87,1657.0
2026-06-12 16:00:00,89.87,91.61,89.71,91.52,2359.0
2026-06-12 17:00:00,91.53,91.72,89.28,89.48,2318.0
2026-06-12 18:00:00,89.47,89.56,88.44,88.72,2375.0
2026-06-12 19:00:00,88.71,89.28,88.54,89.15,1731.0
2026-06-12 20:00:00,89.17,89.35,88.8,89.21,1351.0
2026-06-12 21:00:00,89.19,89.35,88.65,88.77,1267.0
2026-06-12 22:00:00,88.75,88.95,88.55,88.59,808.0
2026-06-12 23:00:00,88.58,88.74,88.5,88.53,477.0
2026-06-15 03:00:00,84.66,85.02,84.16,84.71,831.0
2026-06-15 04:00:00,84.71,84.99,84.26,84.8,1122.0
2026-06-15 05:00:00,84.78,84.8,83.91,83.97,651.0
2026-06-15 06:00:00,83.96,84.3,83.9,84.15,706.0
2026-06-15 07:00:00,84.13,84.23,84.05,84.09,367.0
2026-06-15 08:00:00,84.11,84.7,84.07,84.55,745.0
2026-06-15 09:00:00,84.54,84.79,84.15,84.27,1136.0
2026-06-15 10:00:00,84.25,84.39,83.54,84.15,1224.0
2026-06-15 11:00:00,84.17,84.47,83.7,83.9,1553.0
2026-06-15 12:00:00,83.89,84.01,83.38,83.77,1262.0
2026-06-15 13:00:00,83.76,84.14,83.55,84.06,966.0
2026-06-15 14:00:00,84.08,84.08,83.62,83.94,928.0
2026-06-15 15:00:00,83.93,84.15,83.71,83.98,969.0
2026-06-15 16:00:00,83.99,84.24,83.71,83.75,1396.0
2026-06-15 17:00:00,83.74,83.99,83.26,83.98,1409.0
2026-06-15 18:00:00,84.0,84.29,83.53,83.61,1478.0
2026-06-15 19:00:00,83.6,84.08,83.45,84.07,961.0
2026-06-15 20:00:00,84.08,84.26,83.76,84.05,769.0
2026-06-15 21:00:00,84.06,84.3,83.89,84.21,1011.0
2026-06-15 22:00:00,84.22,84.62,84.2,84.44,503.0
2026-06-15 23:00:00,84.45,84.72,84.32,84.35,505.0
2026-06-16 03:00:00,84.4,84.51,84.27,84.4,389.0
2026-06-16 04:00:00,84.39,84.44,83.93,84.02,845.0
2026-06-16 05:00:00,84.01,84.11,83.66,83.75,535.0
2026-06-16 06:00:00,83.75,83.8,83.61,83.7,335.0
2026-06-16 07:00:00,83.7,83.82,83.55,83.58,271.0
2026-06-16 08:00:00,83.59,83.59,83.31,83.54,602.0
2026-06-16 09:00:00,83.54,83.81,83.38,83.57,741.0
2026-06-16 10:00:00,83.54,83.54,82.5,82.56,1299.0
2026-06-16 11:00:00,82.55,82.76,81.69,81.83,1777.0
2026-06-16 12:00:00,81.84,82.49,81.84,82.15,972.0
2026-06-16 13:00:00,82.16,82.19,81.53,81.67,902.0
2026-06-16 14:00:00,81.63,81.73,81.32,81.41,824.0
2026-06-16 15:00:00,81.42,81.43,80.18,80.67,1638.0
2026-06-16 16:00:00,80.69,81.39,80.61,81.13,1712.0
2026-06-16 17:00:00,81.15,81.26,80.35,80.57,1597.0
2026-06-16 18:00:00,80.59,80.84,79.16,79.51,1921.0
2026-06-16 19:00:00,79.52,79.69,78.98,79.27,1583.0
2026-06-16 20:00:00,79.27,79.51,79.01,79.35,1345.0
2026-06-16 21:00:00,79.38,79.88,79.18,79.78,1143.0
2026-06-16 22:00:00,79.82,80.5,79.75,80.17,791.0
2026-06-16 23:00:00,80.18,80.21,79.81,79.95,897.0
2026-06-17 03:00:00,79.82,79.92,79.66,79.87,383.0
2026-06-17 04:00:00,79.86,79.91,79.33,79.4,856.0
2026-06-17 05:00:00,79.39,79.52,79.28,79.36,484.0
2026-06-17 06:00:00,79.36,79.36,78.76,78.83,439.0
2026-06-17 07:00:00,78.84,79.13,78.73,78.84,399.0
2026-06-17 08:00:00,78.83,79.56,78.44,79.37,846.0
2026-06-17 09:00:00,79.36,79.55,78.47,78.79,1236.0
2026-06-17 10:00:00,78.82,79.1,78.12,78.95,1415.0
2026-06-17 11:00:00,78.98,79.86,78.73,79.42,1599.0
2026-06-17 12:00:00,79.42,79.68,78.87,79.3,1105.0
2026-06-17 13:00:00,79.33,79.72,78.95,79.55,1072.0
2026-06-17 14:00:00,79.54,80.21,79.42,79.93,1061.0
2026-06-17 15:00:00,79.92,80.11,79.69,79.78,1032.0
2026-06-17 16:00:00,79.76,80.47,79.73,80.29,1568.0
2026-06-17 17:00:00,80.28,82.76,79.94,80.74,2244.0
2026-06-17 18:00:00,80.71,80.95,79.52,79.63,1990.0
2026-06-17 19:00:00,79.64,80.0,79.28,79.29,1098.0
2026-06-17 20:00:00,79.32,79.92,79.03,79.27,1255.0
2026-06-17 21:00:00,79.23,79.85,79.19,79.36,1928.0
2026-06-17 22:00:00,79.37,79.46,78.88,78.97,1088.0
2026-06-17 23:00:00,78.95,79.05,78.68,78.76,486.0
2026-06-18 03:00:00,78.86,78.87,78.53,78.83,480.0
2026-06-18 04:00:00,78.82,78.96,78.19,78.31,940.0
2026-06-18 05:00:00,78.33,78.61,78.23,78.38,579.0
2026-06-18 06:00:00,78.4,78.41,78.13,78.14,299.0
2026-06-18 07:00:00,78.13,78.19,77.71,77.75,336.0
2026-06-18 08:00:00,77.77,77.88,77.48,77.66,767.0
2026-06-18 09:00:00,77.65,77.87,77.06,77.79,1326.0
2026-06-18 10:00:00,77.81,78.34,77.61,77.97,1213.0
2026-06-18 11:00:00,77.98,78.2,77.55,77.65,1426.0
2026-06-18 12:00:00,77.66,78.09,77.51,77.66,1148.0
2026-06-18 13:00:00,77.63,78.91,77.63,78.44,1220.0
2026-06-18 14:00:00,78.46,78.74,78.24,78.57,935.0
2026-06-18 15:00:00,78.58,78.64,78.17,78.38,980.0
2026-06-18 16:00:00,78.4,78.51,76.87,76.99,2118.0
2026-06-18 17:00:00,77.01,77.25,76.63,77.03,1737.0
2026-06-18 18:00:00,77.04,77.63,76.54,77.62,1805.0
2026-06-18 19:00:00,77.6,78.14,77.41,78.04,1264.0
2026-06-18 20:00:00,78.05,78.4,77.83,78.29,1415.0
2026-06-18 21:00:00,78.28,80.0,78.28,79.44,1880.0
2026-06-18 22:00:00,79.45,79.64,79.37,79.61,773.0
2026-06-18 23:00:00,79.62,79.7,79.19,79.41,556.0
2026-06-19 03:00:00,78.98,79.04,78.71,78.82,367.0
2026-06-19 04:00:00,78.81,79.46,78.75,79.44,412.0
2026-06-19 05:00:00,79.45,79.6,79.29,79.37,296.0
2026-06-19 06:00:00,79.39,79.51,78.98,79.05,319.0
2026-06-19 07:00:00,79.06,79.66,79.05,79.41,388.0
2026-06-19 08:00:00,79.41,80.22,79.4,79.95,745.0
2026-06-19 09:00:00,79.98,80.58,79.81,79.9,916.0
2026-06-19 10:00:00,79.89,80.37,79.7,79.98,863.0
2026-06-19 11:00:00,79.97,80.19,79.17,79.39,1449.0
2026-06-19 12:00:00,79.43,79.46,78.91,79.12,971.0
2026-06-19 13:00:00,79.12,79.73,79.11,79.43,1040.0
2026-06-19 14:00:00,79.42,80.09,79.39,79.67,936.0
2026-06-19 15:00:00,79.68,80.32,78.81,78.88,1415.0
2026-06-19 16:00:00,78.86,79.57,78.58,79.57,1485.0
2026-06-19 17:00:00,79.56,79.91,79.48,79.87,910.0
2026-06-19 18:00:00,79.86,80.41,79.81,80.26,1236.0
2026-06-19 19:00:00,80.26,80.57,80.2,80.35,682.0
2026-06-19 20:00:00,80.36,80.37,79.9,80.15,414.0
2026-06-22 03:00:00,81.1,81.17,80.26,80.34,756.0
2026-06-22 04:00:00,80.36,80.36,78.73,78.97,1667.0
2026-06-22 05:00:00,78.98,78.98,78.18,78.54,858.0
2026-06-22 06:00:00,78.55,79.05,78.51,78.85,626.0
2026-06-22 07:00:00,78.84,78.91,78.6,78.61,319.0
2026-06-22 08:00:00,78.6,78.66,78.25,78.51,836.0
2026-06-22 09:00:00,78.52,78.67,78.1,78.53,1039.0
2026-06-22 10:00:00,78.53,79.37,78.44,79.03,1108.0
2026-06-22 11:00:00,79.04,79.57,78.46,78.57,1634.0
2026-06-22 12:00:00,78.58,78.87,78.43,78.77,939.0
2026-06-22 13:00:00,78.74,78.88,78.61,78.73,720.0
2026-06-22 14:00:00,78.72,78.82,77.98,78.45,1243.0
2026-06-22 15:00:00,78.47,78.58,77.89,78.07,1087.0
2026-06-22 16:00:00,78.09,78.67,77.2,77.41,2081.0
2026-06-22 17:00:00,77.43,77.87,77.18,77.61,1669.0
2026-06-22 18:00:00,77.62,77.64,76.85,77.06,1663.0
2026-06-22 19:00:00,77.07,77.58,77.04,77.34,923.0
2026-06-22 20:00:00,77.33,77.47,76.98,77.03,853.0
2026-06-22 21:00:00,77.03,77.59,77.03,77.55,1086.0
2026-06-22 22:00:00,77.56,77.87,77.54,77.79,454.0
2026-06-22 23:00:00,77.79,77.82,77.51,77.53,366.0
2026-06-23 03:00:00,77.71,77.75,77.51,77.72,486.0
2026-06-23 04:00:00,77.7,77.76,77.26,77.43,911.0
2026-06-23 05:00:00,77.42,77.8,77.29,77.39,686.0
2026-06-23 06:00:00,77.38,77.4,77.06,77.12,654.0
2026-06-23 07:00:00,77.13,77.26,77.07,77.22,336.0
2026-06-23 08:00:00,77.22,77.26,76.56,76.59,790.0
2026-06-23 09:00:00,76.58,76.68,76.1,76.47,1081.0
2026-06-23 10:00:00,76.5,76.69,76.07,76.63,1039.0
2026-06-23 11:00:00,76.65,77.32,76.65,76.99,1376.0
2026-06-23 12:00:00,77.0,77.17,76.69,77.03,898.0
2026-06-23 13:00:00,77.04,77.52,76.89,77.44,791.0
2026-06-23 14:00:00,77.42,77.59,77.13,77.34,948.0
2026-06-23 15:00:00,77.35,77.37,76.75,77.11,968.0
2026-06-23 16:00:00,77.13,77.25,76.47,76.58,1592.0
2026-06-23 17:00:00,76.58,76.99,76.18,76.75,1592.0
2026-06-23 18:00:00,76.77,77.05,76.27,76.56,1498.0
2026-06-23 19:00:00,76.57,76.81,76.41,76.54,892.0
2026-06-23 20:00:00,76.57,76.86,76.56,76.61,1067.0
2026-06-23 21:00:00,76.62,76.99,76.61,76.82,976.0
2026-06-23 22:00:00,76.82,76.88,76.7,76.74,433.0
2026-06-23 23:00:00,76.75,76.92,76.49,76.52,399.0
2026-06-24 03:00:00,76.23,76.46,76.19,76.31,492.0
2026-06-24 04:00:00,76.31,76.52,75.87,76.18,1107.0
2026-06-24 05:00:00,76.19,76.39,75.73,75.76,694.0
2026-06-24 06:00:00,75.75,76.04,75.66,76.0,500.0
2026-06-24 07:00:00,76.0,76.26,76.0,76.19,297.0
2026-06-24 08:00:00,76.21,76.3,75.95,76.01,589.0
2026-06-24 09:00:00,76.02,76.66,75.95,76.07,1101.0
2026-06-24 10:00:00,76.08,76.09,75.46,75.48,981.0
2026-06-24 11:00:00,75.48,75.6,75.21,75.56,1283.0
2026-06-24 12:00:00,75.59,75.67,75.12,75.51,1050.0
2026-06-24 13:00:00,75.52,75.78,75.26,75.34,878.0
2026-06-24 14:00:00,75.34,75.39,74.48,74.5,1086.0
2026-06-24 15:00:00,74.51,74.63,74.33,74.42,1177.0
2026-06-24 16:00:00,74.4,74.45,73.3,73.34,2062.0
2026-06-24 17:00:00,73.34,73.91,73.2,73.47,1731.0
2026-06-24 18:00:00,73.5,74.1,73.28,73.97,1585.0
2026-06-24 19:00:00,73.98,74.43,73.75,74.08,1058.0
2026-06-24 20:00:00,74.08,74.17,73.59,73.9,1071.0
2026-06-24 21:00:00,73.92,73.96,73.31,73.33,1072.0
2026-06-24 22:00:00,73.33,73.48,73.28,73.41,569.0
2026-06-24 23:00:00,73.41,73.42,73.21,73.29,389.0
2026-06-25 03:00:00,73.36,73.61,73.36,73.4,335.0
2026-06-25 04:00:00,73.4,73.51,72.59,72.8,1257.0
2026-06-25 05:00:00,72.81,72.96,72.55,72.83,796.0
2026-06-25 06:00:00,72.84,72.88,72.51,72.75,549.0
2026-06-25 07:00:00,72.73,72.93,72.71,72.88,204.0
2026-06-25 08:00:00,72.86,72.96,72.59,72.74,589.0
2026-06-25 09:00:00,72.73,73.13,72.64,72.88,1064.0
2026-06-25 10:00:00,72.9,73.38,72.72,73.24,970.0
2026-06-25 11:00:00,73.26,73.36,72.41,72.6,1534.0
2026-06-25 12:00:00,72.57,73.03,72.32,72.95,1223.0
2026-06-25 13:00:00,72.94,73.03,72.81,72.85,713.0
2026-06-25 14:00:00,72.85,73.43,72.71,73.3,800.0
2026-06-25 15:00:00,73.31,73.47,72.94,73.07,1057.0
2026-06-25 16:00:00,73.06,73.9,73.0,73.89,1763.0
2026-06-25 17:00:00,73.88,74.43,73.83,74.16,1622.0
2026-06-25 18:00:00,74.15,75.02,74.11,74.82,1733.0
2026-06-25 19:00:00,74.83,75.02,74.76,74.92,976.0
2026-06-25 20:00:00,74.92,75.15,74.71,75.11,1003.0
2026-06-25 21:00:00,75.12,75.63,75.11,75.63,1225.0
2026-06-25 22:00:00,75.63,75.98,75.35,75.51,720.0
2026-06-25 23:00:00,75.52,75.65,74.82,74.9,457.0
2026-06-26 03:00:00,74.93,75.31,74.9,75.3,388.0
2026-06-26 04:00:00,75.33,75.33,74.69,74.71,1053.0
2026-06-26 05:00:00,74.72,74.75,74.25,74.27,636.0
2026-06-26 06:00:00,74.27,74.29,73.99,74.11,464.0
2026-06-26 07:00:00,74.11,74.16,73.96,73.97,276.0
2026-06-26 08:00:00,73.96,74.52,73.92,74.44,669.0
2026-06-26 09:00:00,74.44,74.47,73.89,74.04,864.0
2026-06-26 10:00:00,74.05,74.08,73.29,73.33,915.0
2026-06-26 11:00:00,73.34,73.66,72.36,72.76,1572.0
2026-06-26 12:00:00,72.75,72.93,72.5,72.54,1009.0
2026-06-26 13:00:00,72.52,72.97,72.44,72.91,977.0
2026-06-26 14:00:00,72.92,73.57,72.9,73.34,1004.0
2026-06-26 15:00:00,73.34,73.37,72.59,72.6,1059.0
2026-06-26 16:00:00,72.58,73.77,72.5,72.71,2321.0
2026-06-26 17:00:00,72.72,72.83,72.15,72.56,1642.0
2026-06-26 18:00:00,72.57,72.77,71.82,72.33,1740.0
2026-06-26 19:00:00,72.33,72.55,72.21,72.54,1161.0
2026-06-26 20:00:00,72.54,72.71,72.31,72.52,852.0
2026-06-26 21:00:00,72.5,72.6,72.26,72.32,961.0
2026-06-26 22:00:00,72.31,72.75,72.24,72.68,512.0
2026-06-26 23:00:00,72.68,73.45,72.57,73.44,951.0
2026-06-29 03:00:00,72.83,73.18,72.47,72.99,661.0
2026-06-29 04:00:00,72.98,73.37,72.86,73.06,1329.0
2026-06-29 05:00:00,73.07,73.2,72.85,73.07,857.0
2026-06-29 06:00:00,73.07,73.2,73.0,73.15,539.0
2026-06-29 07:00:00,73.16,73.2,73.04,73.04,258.0
2026-06-29 08:00:00,73.03,73.05,72.54,72.59,728.0
2026-06-29 09:00:00,72.6,73.38,72.57,73.04,958.0
2026-06-29 10:00:00,73.04,73.08,72.58,72.6,910.0
2026-06-29 11:00:00,72.6,73.34,72.59,73.17,1252.0
2026-06-29 12:00:00,73.19,73.74,72.96,73.61,904.0
2026-06-29 13:00:00,73.62,73.62,72.89,72.93,831.0
2026-06-29 14:00:00,72.93,73.09,72.67,73.02,804.0
2026-06-29 15:00:00,73.04,73.29,72.77,73.12,965.0
2026-06-29 16:00:00,73.14,73.38,72.99,73.19,1533.0
2026-06-29 17:00:00,73.21,73.66,73.1,73.53,1494.0
2026-06-29 18:00:00,73.53,73.76,73.36,73.68,1220.0
2026-06-29 19:00:00,73.66,74.09,73.65,73.86,766.0
2026-06-29 20:00:00,73.87,74.11,73.73,73.91,851.0
2026-06-29 21:00:00,73.93,74.02,73.52,73.56,932.0
2026-06-29 22:00:00,73.56,73.64,73.46,73.62,359.0
2026-06-29 23:00:00,73.63,73.67,73.52,73.53,248.0
2026-06-30 03:00:00,73.37,73.53,73.32,73.4,367.0
2026-06-30 04:00:00,73.4,73.56,73.22,73.47,1020.0
2026-06-30 05:00:00,73.48,73.93,73.41,73.75,716.0
2026-06-30 06:00:00,73.75,73.8,73.44,73.5,440.0
2026-06-30 07:00:00,73.49,73.59,73.38,73.39,178.0
2026-06-30 08:00:00,73.38,73.46,73.11,73.24,712.0
2026-06-30 09:00:00,73.23,73.36,72.95,73.28,899.0
2026-06-30 10:00:00,73.29,73.5,73.24,73.35,828.0
2026-06-30 11:00:00,73.36,73.95,73.23,73.59,1439.0
2026-06-30 12:00:00,73.6,74.11,73.55,74.11,1100.0
2026-06-30 13:00:00,74.12,74.23,73.65,73.81,825.0
2026-06-30 14:00:00,73.81,74.33,73.65,74.29,927.0
2026-06-30 15:00:00,74.3,74.69,74.02,74.08,1060.0
2026-06-30 16:00:00,74.1,74.69,73.91,74.13,1777.0
2026-06-30 17:00:00,74.12,74.2,73.73,73.83,1399.0
2026-06-30 18:00:00,73.84,73.84,73.21,73.25,1369.0
2026-06-30 19:00:00,73.26,73.61,73.22,73.24,784.0
2026-06-30 20:00:00,73.23,73.3,72.95,73.06,835.0
2026-06-30 21:00:00,73.07,73.31,72.58,73.25,930.0
2026-06-30 22:00:00,73.26,73.38,73.15,73.34,407.0
2026-06-30 23:00:00,73.33,73.41,73.26,73.27,373.0
2026-07-01 03:00:00,73.31,73.43,73.27,73.42,326.0
2026-07-01 04:00:00,73.43,73.44,72.98,73.08,866.0
2026-07-01 05:00:00,73.09,73.21,72.98,73.14,571.0
2026-07-01 06:00:00,73.15,73.25,73.1,73.17,364.0
2026-07-01 07:00:00,73.17,73.21,73.05,73.1,171.0
2026-07-01 08:00:00,73.09,73.22,72.94,72.96,397.0
2026-07-01 09:00:00,72.95,73.06,72.83,73.0,763.0
2026-07-01 10:00:00,73.01,73.14,72.66,72.82,767.0
2026-07-01 11:00:00,72.84,72.91,71.67,71.72,1187.0
2026-07-01 12:00:00,71.71,72.17,71.62,72.13,953.0
2026-07-01 13:00:00,72.14,72.36,72.01,72.2,879.0
2026-07-01 14:00:00,72.2,72.35,72.09,72.23,853.0
2026-07-01 15:00:00,72.23,72.25,71.7,71.8,978.0
2026-07-01 16:00:00,71.85,72.24,71.75,72.11,1474.0
2026-07-01 17:00:00,72.09,72.16,71.24,71.25,1534.0
2026-07-01 18:00:00,71.26,71.65,71.12,71.18,1401.0
2026-07-01 19:00:00,71.18,71.44,71.05,71.29,878.0
2026-07-01 20:00:00,71.29,71.38,71.16,71.37,678.0
2026-07-01 21:00:00,71.37,71.7,71.27,71.37,772.0
2026-07-01 22:00:00,71.37,71.39,71.02,71.12,482.0
2026-07-01 23:00:00,71.13,71.24,71.08,71.15,312.0
2026-07-02 03:00:00,71.18,71.22,70.84,71.01,408.0
2026-07-02 04:00:00,71.01,71.06,70.67,70.88,975.0
2026-07-02 05:00:00,70.89,71.08,70.72,70.77,593.0
2026-07-02 06:00:00,70.76,70.83,70.63,70.76,478.0
2026-07-02 07:00:00,70.75,70.92,70.74,70.91,186.0
2026-07-02 08:00:00,70.91,70.93,70.67,70.88,514.0
2026-07-02 09:00:00,70.9,71.03,70.56,70.6,896.0
2026-07-02 10:00:00,70.61,71.18,70.41,70.83,983.0
2026-07-02 11:00:00,70.86,71.2,70.77,70.83,1232.0
2026-07-02 12:00:00,70.86,70.87,70.42,70.51,822.0
2026-07-02 13:00:00,70.54,70.76,70.48,70.53,620.0
2026-07-02 14:00:00,70.54,70.72,70.16,70.33,749.0
2026-07-02 15:00:00,70.32,70.7,70.19,70.6,1023.0
2026-07-02 16:00:00,70.6,71.14,70.5,70.88,1440.0
2026-07-02 17:00:00,70.86,70.95,70.66,70.86,1318.0
2026-07-02 18:00:00,70.85,70.92,70.43,70.75,1262.0
2026-07-02 19:00:00,70.76,71.31,70.7,71.16,1039.0
2026-07-02 20:00:00,71.17,71.54,71.12,71.49,806.0
2026-07-02 21:00:00,71.48,71.89,71.39,71.53,840.0
2026-07-02 22:00:00,71.54,71.65,71.5,71.59,324.0
2026-07-02 23:00:00,71.59,71.61,71.54,71.57,215.0
2026-07-03 03:00:00,71.51,71.63,71.46,71.54,251.0
2026-07-03 04:00:00,71.54,72.08,71.45,72.07,1057.0
2026-07-03 05:00:00,72.08,72.31,72.02,72.08,712.0
2026-07-03 06:00:00,72.08,72.36,72.07,72.24,439.0
2026-07-03 07:00:00,72.25,72.29,72.18,72.18,143.0
2026-07-03 08:00:00,72.18,72.45,72.18,72.39,399.0
2026-07-03 09:00:00,72.4,72.47,72.11,72.16,604.0
2026-07-03 10:00:00,72.14,72.21,71.65,71.75,692.0
2026-07-03 11:00:00,71.76,72.03,71.33,72.03,1125.0
2026-07-03 12:00:00,72.02,72.08,71.72,71.89,823.0
2026-07-03 13:00:00,71.9,71.95,71.68,71.86,564.0
2026-07-03 14:00:00,71.9,71.97,71.58,71.65,491.0
2026-07-03 15:00:00,71.66,71.66,71.28,71.46,540.0
2026-07-03 16:00:00,71.46,72.04,71.42,72.03,1056.0
2026-07-03 17:00:00,72.04,72.22,71.83,71.87,892.0
2026-07-03 18:00:00,71.89,72.04,71.6,72.03,932.0
2026-07-03 19:00:00,72.04,72.1,71.86,72.06,541.0
2026-07-03 20:00:00,72.06,72.08,71.86,71.89,263.0
2026-07-06 03:00:00,71.58,71.93,71.55,71.57,401.0
2026-07-06 04:00:00,71.56,72.14,71.48,72.11,1041.0
2026-07-06 05:00:00,72.12,72.39,71.78,71.84,751.0
2026-07-06 06:00:00,71.84,71.87,71.64,71.7,497.0
2026-07-06 07:00:00,71.71,71.9,71.68,71.86,246.0
2026-07-06 08:00:00,71.85,72.09,71.85,72.06,427.0
2026-07-06 09:00:00,72.07,72.41,71.96,72.02,741.0
2026-07-06 10:00:00,72.02,72.02,71.03,71.12,954.0
2026-07-06 11:00:00,71.12,71.88,71.11,71.5,1196.0
2026-07-06 12:00:00,71.5,71.89,71.47,71.63,788.0
2026-07-06 13:00:00,71.64,72.0,71.44,71.95,781.0
2026-07-06 14:00:00,71.96,72.07,71.68,71.99,624.0
2026-07-06 15:00:00,72.0,72.07,71.57,71.77,911.0
2026-07-06 16:00:00,71.77,72.32,71.54,72.11,1415.0
2026-07-06 17:00:00,72.1,72.56,71.91,72.2,1361.0
2026-07-06 18:00:00,72.2,72.36,71.98,72.12,1224.0
2026-07-06 19:00:00,72.11,72.19,71.72,71.76,754.0
2026-07-06 20:00:00,71.78,71.99,71.66,71.92,755.0
2026-07-06 21:00:00,71.93,72.04,71.8,71.98,722.0
2026-07-06 22:00:00,71.97,72.17,71.97,72.07,275.0
2026-07-06 23:00:00,72.08,72.14,71.99,71.99,162.0
2026-07-07 03:00:00,72.13,72.35,72.12,72.31,319.0
2026-07-07 04:00:00,72.27,72.51,72.04,72.49,696.0
2026-07-07 05:00:00,72.5,72.73,72.42,72.45,480.0
2026-07-07 06:00:00,72.45,72.68,72.34,72.44,386.0
2026-07-07 07:00:00,72.44,72.51,72.41,72.45,185.0
2026-07-07 08:00:00,72.46,72.87,72.44,72.81,511.0
2026-07-07 09:00:00,72.83,72.93,72.67,72.92,729.0
2026-07-07 10:00:00,72.93,73.09,72.77,72.8,990.0
2026-07-07 11:00:00,72.81,73.04,72.45,72.82,1252.0
2026-07-07 12:00:00,72.83,73.24,72.62,72.81,985.0
2026-07-07 13:00:00,72.8,72.91,72.58,72.91,741.0
2026-07-07 14:00:00,72.91,72.96,72.45,72.51,821.0
2026-07-07 15:00:00,72.51,72.74,72.36,72.53,899.0
2026-07-07 16:00:00,72.54,73.5,72.53,73.47,1735.0
2026-07-07 17:00:00,73.46,74.02,73.36,73.67,1625.0
2026-07-07 18:00:00,73.7,74.01,73.54,73.83,1238.0
2026-07-07 19:00:00,73.83,74.12,73.8,73.98,779.0
2026-07-07 20:00:00,73.98,74.23,73.91,73.98,747.0
2026-07-07 21:00:00,73.98,74.92,73.87,74.92,1188.0
2026-07-07 22:00:00,74.89,76.08,74.89,75.46,1763.0
2026-07-07 23:00:00,75.47,75.79,75.4,75.68,653.0
2026-07-08 03:00:00,75.96,76.17,75.5,75.51,705.0
2026-07-08 04:00:00,75.48,75.68,75.24,75.65,1299.0
2026-07-08 05:00:00,75.64,76.03,75.52,75.81,815.0
2026-07-08 06:00:00,75.8,75.94,75.78,75.87,474.0
2026-07-08 07:00:00,75.88,76.01,75.82,75.93,288.0
2026-07-08 08:00:00,75.93,76.49,75.91,76.36,1009.0
2026-07-08 09:00:00,76.35,76.5,76.16,76.18,1163.0
2026-07-08 10:00:00,76.17,76.46,75.49,75.76,1246.0
2026-07-08 11:00:00,75.73,78.39,75.6,78.27,2767.0
2026-07-08 12:00:00,78.28,78.76,78.02,78.31,1913.0
2026-07-08 13:00:00,78.29,78.36,77.46,77.77,1627.0
2026-07-08 14:00:00,77.78,78.22,77.24,77.74,1511.0
2026-07-08 15:00:00,77.75,77.99,76.86,77.53,1969.0
2026-07-08 16:00:00,77.56,78.09,77.22,77.65,2372.0
2026-07-08 17:00:00,77.64,79.51,77.63,79.24,2596.0
2026-07-08 18:00:00,79.23,80.14,79.15,79.84,2377.0
2026-07-08 19:00:00,79.84,79.99,78.41,78.55,2379.0
2026-07-08 20:00:00,78.55,78.57,77.81,78.0,1744.0
2026-07-08 21:00:00,78.0,78.03,77.58,77.8,1531.0
2026-07-08 22:00:00,77.81,78.49,77.69,78.31,963.0
2026-07-08 23:00:00,78.32,79.14,78.31,78.97,1202.0
2026-07-09 03:00:00,78.62,78.63,78.2,78.21,556.0
2026-07-09 04:00:00,78.2,78.83,78.05,78.31,1255.0
2026-07-09 05:00:00,78.3,78.81,78.14,78.67,963.0
2026-07-09 06:00:00,78.65,78.76,78.37,78.47,621.0
2026-07-09 07:00:00,78.48,78.6,78.45,78.55,277.0
2026-07-09 08:00:00,78.54,78.67,77.18,77.3,1295.0
2026-07-09 09:00:00,77.29,77.72,77.24,77.46,1384.0
2026-07-09 10:00:00,77.47,77.8,76.64,76.83,1445.0
2026-07-09 11:00:00,76.83,77.14,76.5,77.12,1562.0
2026-07-09 12:00:00,77.14,77.76,77.07,77.71,1180.0
2026-07-09 13:00:00,77.73,78.86,77.63,78.5,1274.0
2026-07-09 14:00:00,78.49,78.54,78.14,78.25,1285.0
2026-07-09 15:00:00,78.24,78.38,77.95,78.26,1226.0
2026-07-09 16:00:00,78.29,78.3,77.06,77.08,2104.0
2026-07-09 17:00:00,77.08,77.34,76.58,76.65,1782.0
2026-07-09 18:00:00,76.66,76.81,76.14,76.35,1722.0
2026-07-09 19:00:00,76.36,76.47,75.7,75.97,1313.0
2026-07-09 20:00:00,75.98,76.13,75.45,75.53,1102.0
2026-07-09 21:00:00,75.54,76.29,75.44,75.69,1359.0
2026-07-09 22:00:00,75.71,75.96,75.54,75.94,553.0
2026-07-09 23:00:00,75.94,75.97,75.71,75.9,468.0
2026-07-10 03:00:00,76.01,76.05,75.82,75.99,439.0
2026-07-10 04:00:00,75.98,76.25,75.75,76.2,1099.0
2026-07-10 05:00:00,76.19,76.44,76.13,76.38,637.0
2026-07-10 06:00:00,76.38,76.48,76.2,76.48,421.0
2026-07-10 07:00:00,76.47,76.66,76.28,76.36,379.0
2026-07-10 08:00:00,76.37,76.48,76.07,76.26,636.0
2026-07-10 09:00:00,76.27,76.29,75.81,76.05,967.0
2026-07-10 10:00:00,76.05,76.08,75.33,75.64,1217.0
2026-07-10 11:00:00,75.62,76.21,75.24,76.01,1601.0
2026-07-10 12:00:00,76.02,76.16,75.6,75.92,1059.0
2026-07-10 13:00:00,75.93,76.38,75.88,76.34,818.0
2026-07-10 14:00:00,76.34,76.91,76.27,76.81,1081.0
2026-07-10 15:00:00,76.81,76.92,75.65,76.19,1513.0
2026-07-10 16:00:00,76.2,76.51,75.76,75.81,1671.0
2026-07-10 17:00:00,75.81,77.28,75.75,76.23,2110.0
2026-07-10 18:00:00,76.23,76.23,75.18,75.39,1845.0
2026-07-10 19:00:00,75.4,75.82,75.4,75.48,1185.0
2026-07-10 20:00:00,75.49,75.79,75.46,75.76,967.0
2026-07-10 21:00:00,75.77,76.04,75.6,76.01,1066.0
2026-07-10 22:00:00,76.02,76.08,75.82,75.94,367.0
2026-07-10 23:00:00,75.93,75.98,75.85,75.87,223.0
2026-07-13 03:00:00,78.25,78.88,78.19,78.67,691.0
2026-07-13 04:00:00,78.67,79.13,78.61,78.84,1567.0
2026-07-13 05:00:00,78.85,79.03,78.54,78.69,1162.0
2026-07-13 06:00:00,78.69,78.88,78.62,78.78,629.0
2026-07-13 07:00:00,78.79,78.98,78.77,78.98,316.0
2026-07-13 08:00:00,78.97,79.49,78.95,79.14,864.0
2026-07-13 09:00:00,79.13,79.17,78.45,78.53,1039.0
2026-07-13 10:00:00,78.5,78.73,78.21,78.55,1052.0
2026-07-13 11:00:00,78.49,78.54,77.32,77.61,1575.0
2026-07-13 12:00:00,77.62,77.72,77.09,77.58,1140.0
2026-07-13 13:00:00,77.58,78.33,77.58,78.23,1101.0
2026-07-13 14:00:00,78.21,78.49,78.02,78.32,1113.0
2026-07-13 15:00:00,78.34,79.05,78.13,78.43,1300.0
2026-07-13 16:00:00,78.42,78.65,78.01,78.27,1648.0
2026-07-13 17:00:00,78.27,79.67,78.05,79.01,2364.0
2026-07-13 18:00:00,78.98,79.48,78.92,79.44,1644.0
2026-07-13 19:00:00,79.44,80.44,79.32,80.23,1384.0
2026-07-13 20:00:00,80.22,82.13,80.0,82.12,1898.0
2026-07-13 21:00:00,82.08,83.04,81.98,82.29,2373.0
2026-07-13 22:00:00,82.29,82.67,82.14,82.44,1074.0
2026-07-13 23:00:00,82.46,83.29,82.43,82.67,1186.0
2026-07-14 03:00:00,83.15,84.92,83.11,84.35,2117.0
2026-07-14 04:00:00,84.35,84.4,83.26,83.68,2541.0
2026-07-14 05:00:00,83.71,83.77,83.04,83.68,1631.0
2026-07-14 06:00:00,83.7,84.2,83.64,83.86,1288.0
2026-07-14 07:00:00,83.87,84.11,83.69,83.98,697.0
2026-07-14 08:00:00,83.97,84.09,83.09,83.55,1346.0
2026-07-14 09:00:00,83.56,84.63,83.52,84.5,1867.0
2026-07-14 10:00:00,84.52,85.2,84.11,84.69,2125.0
2026-07-14 11:00:00,84.7,85.84,84.58,85.81,2515.0
2026-07-14 12:00:00,85.82,85.95,84.93,85.42,2072.0
2026-07-14 13:00:00,85.41,85.95,85.09,85.7,1689.0
2026-07-14 14:00:00,85.67,85.8,84.48,84.64,1838.0
2026-07-14 15:00:00,84.62,85.7,84.62,85.39,2164.0
2026-07-14 16:00:00,85.38,85.63,83.93,84.25,2804.0
2026-07-14 17:00:00,84.25,84.34,82.7,83.38,2694.0
2026-07-14 18:00:00,83.37,84.26,82.43,84.01,2932.0
2026-07-14 19:00:00,84.02,84.19,83.44,83.64,1788.0
2026-07-14 20:00:00,83.63,83.74,83.19,83.39,1667.0
2026-07-14 21:00:00,83.39,84.14,83.24,84.08,1545.0
2026-07-14 22:00:00,84.09,84.36,83.99,84.16,964.0
2026-07-14 23:00:00,84.15,84.7,84.15,84.24,721.0
2026-07-15 03:00:00,83.93,85.09,83.92,84.7,786.0
2026-07-15 04:00:00,84.67,84.67,84.14,84.61,1533.0
2026-07-15 05:00:00,84.61,84.92,84.46,84.76,801.0
2026-07-15 06:00:00,84.76,84.77,84.37,84.45,709.0
2026-07-15 07:00:00,84.45,84.57,84.15,84.29,555.0
2026-07-15 08:00:00,84.28,84.47,83.9,84.15,1188.0
2026-07-15 09:00:00,84.15,84.45,83.93,84.39,1291.0
2026-07-15 10:00:00,84.41,84.95,84.41,84.84,1373.0
2026-07-15 11:00:00,84.86,85.2,83.54,83.6,2060.0
2026-07-15 12:00:00,83.59,84.34,83.44,84.31,1349.0
2026-07-15 13:00:00,84.3,84.63,84.17,84.22,1085.0
2026-07-15 14:00:00,84.23,84.39,83.7,83.88,1135.0
2026-07-15 15:00:00,83.86,84.19,83.77,83.91,1248.0
2026-07-15 16:00:00,83.9,84.44,83.44,83.82,2012.0
2026-07-15 17:00:00,83.84,83.9,82.64,82.72,2327.0
2026-07-15 18:00:00,82.72,83.23,82.46,83.22,2176.0
2026-07-15 19:00:00,83.25,83.89,83.1,83.72,1438.0
2026-07-15 20:00:00,83.71,83.71,83.07,83.34,1388.0
2026-07-15 21:00:00,83.33,84.06,83.27,83.98,1284.0
2026-07-15 22:00:00,83.99,84.87,83.8,84.61,1055.0
2026-07-15 23:00:00,84.61,84.77,84.44,84.49,590.0
2026-07-16 03:00:00,84.2,84.28,83.96,84.18,416.0
2026-07-16 04:00:00,84.17,84.36,84.0,84.09,1055.0
2026-07-16 05:00:00,84.08,84.27,84.02,84.09,679.0
2026-07-16 06:00:00,84.09,84.13,83.31,83.6,716.0
2026-07-16 07:00:00,83.59,83.67,83.34,83.46,377.0
2026-07-16 08:00:00,83.46,83.55,83.22,83.42,802.0
2026-07-16 09:00:00,83.44,83.79,83.33,83.46,1194.0
2026-07-16 10:00:00,83.46,83.8,83.26,83.5,1175.0
2026-07-16 11:00:00,83.53,83.62,83.2,83.27,1526.0
2026-07-16 12:00:00,83.27,83.64,82.83,83.55,1278.0
2026-07-16 13:00:00,83.56,83.71,83.44,83.65,752.0
2026-07-16 14:00:00,83.62,84.4,83.35,83.69,1188.0
2026-07-16 15:00:00,83.68,84.85,83.65,84.68,1648.0
2026-07-16 16:00:00,84.67,85.03,84.13,84.33,1959.0
2026-07-16 17:00:00,84.33,84.56,83.72,83.86,1741.0
2026-07-16 18:00:00,83.87,84.1,83.51,83.7,1744.0
2026-07-16 19:00:00,83.69,84.6,83.24,83.42,1821.0
2026-07-16 20:00:00,83.43,83.6,83.07,83.16,1340.0
2026-07-16 21:00:00,83.16,83.38,82.95,83.28,1115.0
2026-07-16 22:00:00,83.29,83.41,83.21,83.3,488.0
2026-07-16 23:00:00,83.3,83.99,83.12,83.87,660.0
2026-07-17 03:00:00,83.74,84.01,83.67,83.99,491.0
2026-07-17 04:00:00,83.97,84.42,83.88,84.0,1097.0
2026-07-17 05:00:00,84.01,84.08,83.61,83.83,866.0
2026-07-17 06:00:00,83.82,83.99,83.69,83.98,494.0
2026-07-17 07:00:00,83.98,84.08,83.91,83.99,289.0
2026-07-17 08:00:00,84.0,84.01,82.91,83.22,1199.0
2026-07-17 09:00:00,83.25,83.5,82.67,83.24,1561.0
2026-07-17 10:00:00,83.26,83.8,83.26,83.38,1206.0
2026-07-17 11:00:00,83.36,83.9,83.13,83.88,1530.0
2026-07-17 12:00:00,83.9,84.59,83.87,84.4,1323.0
2026-07-17 13:00:00,84.39,84.71,84.22,84.56,921.0
2026-07-17 14:00:00,84.54,84.87,84.5,84.81,903.0
2026-07-17 15:00:00,84.81,85.18,84.75,85.08,929.0
2026-07-17 16:00:00,85.07,85.72,85.03,85.69,1748.0
2026-07-17 17:00:00,85.67,85.83,85.09,85.11,1560.0
2026-07-17 18:00:00,85.1,85.58,84.75,85.47,1881.0
2026-07-17 19:00:00,85.46,86.38,85.42,86.29,1401.0
2026-07-17 20:00:00,86.28,86.71,86.12,86.59,1188.0
2026-07-17 21:00:00,86.58,86.87,86.22,86.27,1298.0
2026-07-17 22:00:00,86.28,86.38,85.94,86.3,800.0
2026-07-17 23:00:00,86.3,86.7,86.18,86.55,549.0
2026-07-20 03:00:00,88.51,88.59,88.2,88.25,687.0
2026-07-20 04:00:00,88.24,88.54,88.03,88.33,1733.0
2026-07-20 05:00:00,88.3,88.53,87.94,87.97,1148.0
2026-07-20 06:00:00,87.98,88.27,87.95,88.27,523.0
2026-07-20 07:00:00,88.26,88.38,88.16,88.21,300.0
2026-07-20 08:00:00,88.18,88.58,88.14,88.55,767.0
2026-07-20 09:00:00,88.54,88.92,88.39,88.57,1300.0
2026-07-20 10:00:00,88.51,88.81,86.75,86.96,1916.0
2026-07-20 11:00:00,86.96,86.96,86.1,86.39,2070.0
2026-07-20 12:00:00,86.37,86.6,85.8,86.08,1383.0
2026-07-20 13:00:00,86.09,86.69,86.08,86.42,1061.0
2026-07-20 14:00:00,86.41,86.61,84.5,85.15,2018.0
2026-07-20 15:00:00,85.15,86.9,85.12,86.65,2238.0
2026-07-20 16:00:00,86.64,86.74,85.78,86.27,2299.0
2026-07-20 17:00:00,86.28,86.71,85.99,86.57,1844.0
2026-07-20 18:00:00,86.58,86.65,85.69,86.32,2053.0
2026-07-20 19:00:00,86.33,87.19,85.92,86.73,1454.0
2026-07-20 20:00:00,86.73,87.24,86.53,87.12,1388.0
2026-07-20 21:00:00,87.13,87.81,86.9,87.5,1390.0
2026-07-20 22:00:00,87.52,87.59,86.9,87.11,942.0
2026-07-20 23:00:00,87.11,87.2,87.05,87.16,427.0
2026-07-21 03:00:00,87.11,87.18,86.95,87.13,396.0
2026-07-21 04:00:00,87.14,87.15,86.52,86.95,1189.0
2026-07-21 05:00:00,86.96,87.09,86.69,86.75,709.0
2026-07-21 06:00:00,86.74,86.97,86.68,86.78,594.0
2026-07-21 07:00:00,86.75,86.84,86.55,86.76,295.0
2026-07-21 08:00:00,86.76,87.0,86.36,86.6,774.0
2026-07-21 09:00:00,86.61,86.88,86.48,86.87,1191.0
2026-07-21 10:00:00,86.92,87.56,86.56,86.58,1297.0
2026-07-21 11:00:00,86.57,87.17,86.15,86.98,1615.0
2026-07-21 12:00:00,86.99,88.05,86.77,87.98,1343.0
2026-07-21 13:00:00,87.97,88.09,87.03,87.97,1746.0
2026-07-21 14:00:00,87.98,88.55,87.93,88.4,1272.0
2026-07-21 15:00:00,88.39,88.79,87.9,88.48,1816.0
2026-07-21 16:00:00,88.5,89.04,88.41,88.72,2118.0
2026-07-21 17:00:00,88.73,89.34,88.39,88.97,1936.0
2026-07-21 18:00:00,88.99,89.07,88.13,88.86,1999.0
2026-07-21 19:00:00,88.85,88.92,88.47,88.77,1188.0
2026-07-21 20:00:00,88.75,88.85,88.45,88.74,915.0
2026-07-21 21:00:00,88.75,88.84,88.35,88.78,1322.0
2026-07-21 22:00:00,88.79,89.09,88.72,88.99,581.0
2026-07-21 23:00:00,88.99,89.06,88.75,88.98,497.0
2026-07-22 03:00:00,88.89,89.05,88.74,88.89,487.0
2026-07-22 04:00:00,88.88,89.83,88.81,89.68,1442.0
2026-07-22 05:00:00,89.69,89.75,88.99,89.12,988.0
2026-07-22 06:00:00,89.13,89.4,89.1,89.4,514.0
2026-07-22 07:00:00,89.41,89.48,89.28,89.44,324.0
2026-07-22 08:00:00,89.43,89.58,89.09,89.2,794.0
2026-07-22 09:00:00,89.22,90.24,89.12,89.99,1372.0
2026-07-22 10:00:00,90.0,91.34,89.97,91.08,1654.0
2026-07-22 11:00:00,91.07,91.1,90.36,90.64,1840.0
2026-07-22 12:00:00,90.64,91.05,90.3,90.94,1659.0
2026-07-22 13:00:00,90.92,90.92,90.02,90.36,1781.0
2026-07-22 14:00:00,90.36,91.06,90.34,90.66,1424.0
2026-07-22 15:00:00,90.67,90.91,89.99,90.6,1643.0
2026-07-22 16:00:00,90.62,90.69,89.7,90.32,2210.0
2026-07-22 17:00:00,90.33,90.7,90.05,90.19,1803.0
2026-07-22 18:00:00,90.19,90.63,89.42,89.56,1906.0
2026-07-22 19:00:00,89.57,90.12,89.49,89.95,1203.0
2026-07-22 20:00:00,89.96,90.44,89.93,90.35,1024.0
2026-07-22 21:00:00,90.36,90.56,90.24,90.54,1121.0
2026-07-22 22:00:00,90.54,90.6,90.16,90.19,559.0
2026-07-22 23:00:00,90.2,90.34,90.0,90.16,660.0
2026-07-23 03:00:00,90.73,91.56,90.63,91.19,948.0
2026-07-23 04:00:00,91.18,91.87,91.02,91.34,1737.0
2026-07-23 05:00:00,91.35,91.72,91.29,91.52,934.0
2026-07-23 06:00:00,91.53,91.87,91.46,91.62,760.0
2026-07-23 07:00:00,91.63,91.69,91.34,91.53,489.0
2026-07-23 08:00:00,91.53,91.8,91.15,91.73,1030.0
2026-07-23 09:00:00,91.71,92.04,91.35,91.95,1284.0
2026-07-23 10:00:00,91.91,92.83,91.91,92.42,1798.0
2026-07-23 11:00:00,92.45,92.86,92.1,92.58,1994.0
2026-07-23 12:00:00,92.59,93.23,92.27,92.84,1691.0
2026-07-23 13:00:00,92.85,93.21,92.59,92.72,1464.0
2026-07-23 14:00:00,92.73,93.44,92.69,93.09,1440.0
2026-07-23 15:00:00,93.07,93.88,92.99,93.63,1944.0
2026-07-23 16:00:00,93.68,94.46,93.35,94.38,2415.0
2026-07-23 17:00:00,94.38,94.61,93.86,94.31,2180.0
2026-07-23 18:00:00,94.29,94.72,94.1,94.19,2357.0
2026-07-23 19:00:00,94.19,94.53,93.96,94.45,1566.0
2026-07-23 20:00:00,94.44,95.32,94.39,95.29,1576.0
2026-07-23 21:00:00,95.3,95.39,94.19,94.23,1757.0
2026-07-23 22:00:00,94.23,94.23,93.4,93.76,1163.0
2026-07-23 23:00:00,93.76,94.26,93.64,94.13,832.0
2026-07-24 03:00:00,93.86,94.39,93.74,93.75,840.0
2026-07-24 04:00:00,93.72,93.72,93.1,93.56,1811.0
2026-07-24 05:00:00,93.55,93.85,93.53,93.76,909.0
2026-07-24 06:00:00,93.77,94.25,93.69,93.81,907.0
2026-07-24 07:00:00,93.81,93.88,93.59,93.67,435.0
2026-07-24 08:00:00,93.66,93.81,93.23,93.47,907.0
2026-07-24 09:00:00,93.48,93.6,92.74,92.8,1508.0
2026-07-24 10:00:00,92.79,92.91,92.15,92.36,1506.0
2026-07-24 11:00:00,92.34,92.62,91.36,91.59,2033.0
2026-07-24 12:00:00,91.62,91.62,90.91,91.33,1805.0
2026-07-24 13:00:00,91.34,92.25,91.23,91.99,1404.0
2026-07-24 14:00:00,91.99,92.03,91.18,91.57,1256.0
2026-07-24 15:00:00,91.59,91.98,91.27,91.47,1527.0
2026-07-24 16:00:00,91.48,92.13,91.33,91.76,1979.0
2026-07-24 17:00:00,91.76,91.85,91.15,91.65,2115.0
2026-07-24 18:00:00,91.64,91.91,90.22,90.97,2948.0
2026-07-24 19:00:00,90.96,91.22,90.59,90.91,1570.0
2026-07-24 20:00:00,90.92,91.24,90.73,91.15,1273.0
2026-07-24 21:00:00,91.16,91.68,90.93,91.62,1451.0
2026-07-24 22:00:00,91.63,91.96,91.13,91.95,1100.0
2026-07-24 23:00:00,91.95,92.66,91.95,92.54,865.0
2026-07-27 03:00:00,87.09,87.36,86.56,87.26,1137.0
2026-07-27 04:00:00,87.28,87.79,87.02,87.65,1818.0
2026-07-27 05:00:00,87.64,88.15,87.56,87.93,1137.0
2026-07-27 06:00:00,87.93,87.94,87.47,87.58,742.0
2026-07-27 07:00:00,87.57,87.57,86.83,87.17,690.0
2026-07-27 08:00:00,87.19,87.25,86.62,86.79,1082.0
2026-07-27 09:00:00,86.78,86.85,85.85,85.92,1991.0
2026-07-27 10:00:00,85.95,86.82,85.77,86.78,1865.0
2026-07-27 11:00:00,86.84,87.12,84.94,85.03,2447.0
2026-07-27 12:00:00,85.03,85.35,84.32,84.5,1846.0
2026-07-27 13:00:00,84.56,85.42,84.51,85.39,1534.0
2026-07-27 14:00:00,85.4,86.06,85.3,85.62,1513.0
2026-07-27 15:00:00,85.64,86.89,85.61,86.62,2007.0
2026-07-27 16:00:00,86.56,87.01,86.28,86.62,2168.0
2026-07-27 17:00:00,86.6,86.64,86.03,86.07,1813.0
2026-07-27 18:00:00,86.08,86.26,85.68,86.24,2047.0
2026-07-27 19:00:00,86.24,86.58,85.32,85.72,1993.0
2026-07-27 20:00:00,85.73,85.78,85.45,85.49,1389.0
2026-07-27 21:00:00,85.48,85.81,85.05,85.16,1526.0
2026-07-27 22:00:00,85.18,85.42,84.98,84.99,822.0
2026-07-27 23:00:00,84.98,85.12,84.69,84.93,711.0
2026-07-28 03:00:00,84.96,85.14,84.55,85.05,846.0
2026-07-28 04:00:00,85.04,85.16,84.47,84.61,1448.0
2026-07-28 05:00:00,84.62,84.74,83.78,83.9,1204.0
2026-07-28 06:00:00,83.92,84.45,83.69,84.45,823.0
2026-07-28 07:00:00,84.44,84.78,84.4,84.44,431.0
2026-07-28 08:00:00,84.45,85.17,84.26,84.91,1222.0
2026-07-28 09:00:00,84.91,85.08,83.34,83.5,1704.0
2026-07-28 10:00:00,83.51,84.27,83.34,83.53,1685.0
2026-07-28 11:00:00,83.55,83.61,82.5,82.88,2122.0
2026-07-28 12:00:00,82.96,83.67,82.96,83.29,1403.0
2026-07-28 13:00:00,83.35,84.07,83.25,83.74,1180.0
2026-07-28 14:00:00,83.74,84.3,83.28,84.17,1365.0
2026-07-28 15:00:00,84.14,84.2,83.21,83.33,1484.0
2026-07-28 16:00:00,83.33,83.87,83.21,83.63,1933.0
2026-07-28 17:00:00,83.63,84.02,83.14,83.64,1803.0
2026-07-28 18:00:00,83.62,83.69,80.84,80.91,3181.0
2026-07-28 19:00:00,80.91,81.33,80.33,81.09,2288.0
2026-07-28 20:00:00,81.09,82.05,80.77,81.8,2071.0
2026-07-28 21:00:00,81.81,81.86,81.26,81.61,1635.0
2026-07-28 22:00:00,81.6,81.62,81.32,81.5,714.0
2026-07-28 23:00:00,81.5,81.66,81.37,81.44,688.0
2026-07-29 03:00:00,83.61,84.46,83.59,84.3,1340.0
2026-07-29 04:00:00,84.29,85.11,84.26,84.75,1798.0
2026-07-29 05:00:00,84.75,84.83,84.12,84.36,879.0
2026-07-29 06:00:00,84.37,84.85,84.36,84.78,651.0
2026-07-29 07:00:00,84.77,84.77,83.94,84.14,577.0
2026-07-29 08:00:00,84.14,84.22,83.81,84.12,1100.0
2026-07-29 09:00:00,84.14,84.37,83.78,84.1,1205.0
2026-07-29 10:00:00,84.11,84.38,83.83,84.12,1319.0
2026-07-29 11:00:00,84.13,84.46,83.76,84.12,1788.0
2026-07-29 12:00:00,84.11,84.56,84.06,84.43,1209.0
2026-07-29 13:00:00,84.4,85.43,84.25,85.33,1441.0
2026-07-29 14:00:00,85.29,85.4,84.49,84.68,1257.0
2026-07-29 15:00:00,84.7,86.6,84.64,86.25,2253.0
2026-07-29 16:00:00,86.28,86.71,86.01,86.65,2038.0
2026-07-29 17:00:00,86.63,87.37,86.27,87.29,2018.0
2026-07-29 18:00:00,87.3,87.51,86.83,87.33,1974.0
2026-07-29 19:00:00,87.31,87.61,86.91,87.25,1517.0
2026-07-29 20:00:00,87.24,87.33,86.95,87.27,1325.0
2026-07-29 21:00:00,87.26,87.83,87.11,87.2,2116.0
2026-07-29 22:00:00,87.21,87.97,86.91,87.69,1839.0
2026-07-29 23:00:00,87.67,87.89,87.42,87.54,869.0
2026-07-30 03:00:00,86.94,87.5,86.27,87.41,1182.0
2026-07-30 04:00:00,87.37,87.38,86.49,86.61,1611.0
2026-07-30 05:00:00,86.62,86.62,86.13,86.29,1117.0
2026-07-30 06:00:00,86.28,86.58,86.15,86.48,674.0
2026-07-30 07:00:00,86.5,86.94,86.48,86.87,422.0
2026-07-30 08:00:00,86.88,88.26,86.82,88.23,1496.0
2026-07-30 09:00:00,88.21,88.6,87.97,88.3,1730.0
2026-07-30 10:00:00,88.26,88.37,87.41,87.69,1807.0
2026-07-30 11:00:00,87.68,87.9,87.02,87.4,1989.0
2026-07-30 12:00:00,87.4,87.5,86.5,87.23,1681.0
2026-07-30 13:00:00,87.24,87.37,86.1,86.59,1446.0
2026-07-30 14:00:00,86.61,86.75,86.23,86.34,1416.0
2026-07-30 15:00:00,86.33,86.8,86.25,86.78,1587.0
2026-07-30 16:00:00,86.78,86.79,85.53,86.07,2403.0
2026-07-30 17:00:00,86.07,86.54,85.89,86.38,2392.0
2026-07-30 18:00:00,86.38,86.88,85.88,86.3,2092.0
2026-07-30 19:00:00,86.31,86.52,85.91,86.38,1308.0
2026-07-30 20:00:00,86.37,86.59,86.03,86.32,1414.0
2026-07-30 21:00:00,86.31,86.49,86.03,86.08,1403.0
2026-07-30 22:00:00,86.07,86.34,86.03,86.18,599.0
2026-07-30 23:00:00,86.18,86.65,86.1,86.45,553.0
2026-07-31 03:00:00,86.39,86.57,86.01,86.01,586.0
2026-07-31 04:00:00,85.98,85.98,84.87,85.17,1800.0
2026-07-31 05:00:00,85.16,85.16,84.4,85.01,1116.0
2026-07-31 06:00:00,85.01,85.17,84.86,85.01,691.0
2026-07-31 07:00:00,85.02,85.06,84.25,84.27,649.0
2026-07-31 08:00:00,84.26,84.59,83.85,84.31,1095.0
2026-07-31 09:00:00,84.32,84.87,84.24,84.68,1239.0
2026-07-31 10:00:00,84.67,85.36,84.66,84.9,1391.0
2026-07-31 11:00:00,84.91,85.47,84.62,85.14,1675.0
2026-07-31 12:00:00,85.12,86.52,85.12,86.45,1738.0
2026-07-31 13:00:00,86.47,86.96,86.47,86.77,1286.0
2026-07-31 14:00:00,86.78,87.57,86.65,87.32,1750.0
2026-07-31 15:00:00,87.31,87.97,87.14,87.67,1541.0
2026-07-31 16:00:00,87.68,87.9,87.25,87.56,2182.0
2026-07-31 17:00:00,87.55,87.75,86.91,87.6,1931.0
2026-07-31 18:00:00,87.61,87.77,86.19,86.33,2096.0
2026-07-31 19:00:00,86.32,86.89,86.32,86.84,1619.0
2026-07-31 20:00:00,86.85,87.26,86.73,86.99,1443.0
2026-07-31 21:00:00,87.0,87.49,86.8,86.97,1425.0
2026-07-31 22:00:00,86.96,87.44,86.93,87.22,610.0
2026-07-31 23:00:00,87.22,88.46,86.86,88.39,723.0
2026-08-03 03:00:00,82.92,83.18,82.6,82.95,871.0
2026-08-03 04:00:00,82.96,83.14,82.53,82.6,1592.0
2026-08-03 05:00:00,82.59,83.0,82.36,82.43,1195.0
2026-08-03 06:00:00,82.42,82.8,82.37,82.45,770.0
2026-08-03 07:00:00,82.46,82.59,82.35,82.35,439.0
2026-08-03 08:00:00,82.36,82.68,82.18,82.45,818.0
2026-08-03 09:00:00,82.46,82.52,81.72,81.91,1225.0
2026-08-03 10:00:00,81.88,83.29,81.88,82.65,1836.0
2026-08-03 11:00:00,82.65,83.62,82.51,83.12,1925.0
2026-08-03 12:00:00,83.13,83.19,82.51,83.08,1346.0
2026-08-03 13:00:00,83.07,83.07,82.43,82.58,1249.0
2026-08-03 14:00:00,82.56,82.78,81.96,81.97,1215.0
2026-08-03 15:00:00,81.98,82.34,81.9,82.04,1608.0
2026-08-03 16:00:00,82.04,82.69,81.78,82.24,2131.0
2026-08-03 17:00:00,82.29,82.78,82.17,82.77,1712.0
2026-08-03 18:00:00,82.78,83.47,82.59,82.8,1959.0
2026-08-03 19:00:00,82.78,82.85,82.4,82.51,1352.0
2026-08-03 20:00:00,82.51,82.88,82.44,82.56,1239.0
2026-08-03 21:00:00,82.58,83.03,82.0,82.8,1703.0
2026-08-03 22:00:00,82.8,83.08,82.63,82.64,741.0
2026-08-03 23:00:00,82.64,82.76,82.34,82.52,581.0
2026-08-04 03:00:00,82.72,83.37,82.69,83.31,740.0
2026-08-04 04:00:00,83.34,83.49,82.97,83.35,1084.0
2026-08-04 05:00:00,83.34,83.69,83.23,83.62,811.0
2026-08-04 06:00:00,83.63,83.87,83.5,83.82,611.0
2026-08-04 07:00:00,83.82,83.86,83.66,83.82,361.0
2026-08-04 08:00:00,83.83,84.06,83.59,83.6,888.0
2026-08-04 09:00:00,83.6,83.8,83.29,83.32,1103.0
2026-08-04 10:00:00,83.29,83.84,83.14,83.67,1249.0
2026-08-04 11:00:00,83.69,85.03,83.46,84.85,1914.0
2026-08-04 12:00:00,84.86,84.98,84.46,84.63,1457.0
2026-08-04 13:00:00,84.62,84.74,83.21,83.55,1859.0
2026-08-04 14:00:00,83.56,83.7,79.72,79.79,2619.0
2026-08-04 15:00:00,79.86,81.13,79.84,80.56,2319.0
2026-08-04 16:00:00,80.59,80.89,78.79,79.01,2935.0
2026-08-04 17:00:00,79.06,79.89,78.76,79.78,2531.0
2026-08-04 18:00:00,79.77,79.98,78.08,78.49,2545.0
2026-08-04 19:00:00,78.51,79.17,78.46,78.96,1503.0
2026-08-04 20:00:00,78.97,79.02,78.42,78.72,1256.0
2026-08-04 21:00:00,78.72,78.92,78.46,78.73,1313.0
2026-08-04 22:00:00,78.72,78.88,78.59,78.66,663.0
2026-08-04 23:00:00,78.67,78.72,78.03,78.06,897.0
2026-08-05 03:00:00,78.07,78.47,77.77,78.41,826.0
2026-08-05 04:00:00,78.41,79.1,78.41,78.98,954.0
2026-08-05 05:00:00,78.99,79.04,77.43,77.86,1401.0
2026-08-05 06:00:00,77.85,77.9,77.54,77.64,807.0
2026-08-05 07:00:00,77.65,78.26,77.6,78.15,613.0
2026-08-05 08:00:00,78.16,78.33,77.81,78.07,1085.0
2026-08-05 09:00:00,78.05,78.62,77.98,78.23,1602.0
2026-08-05 10:00:00,78.24,79.61,78.18,79.31,1722.0
2026-08-05 11:00:00,79.29,79.81,79.11,79.61,1884.0
2026-08-05 12:00:00,79.6,80.01,79.27,79.97,1336.0
2026-08-05 13:00:00,79.98,80.1,79.62,79.72,1149.0
2026-08-05 14:00:00,79.71,79.85,79.27,79.36,1129.0
2026-08-05 15:00:00,79.37,79.9,79.06,79.87,1527.0
2026-08-05 16:00:00,79.88,79.89,78.58,78.9,2238.0
2026-08-05 17:00:00,78.96,79.02,77.98,78.29,2426.0
2026-08-05 18:00:00,78.28,78.99,77.64,78.76,2469.0
2026-08-05 19:00:00,78.76,79.01,78.14,78.23,1561.0
2026-08-05 20:00:00,78.2,78.35,77.84,78.34,1473.0
2026-08-05 21:00:00,78.36,78.81,78.3,78.75,1393.0
2026-08-05 22:00:00,78.76,78.82,78.47,78.61,642.0
2026-08-05 23:00:00,78.6,78.61,78.32,78.6,592.0
2026-08-06 03:00:00,78.34,78.61,78.15,78.4,645.0
2026-08-06 04:00:00,78.38,79.42,78.37,79.08,1640.0
2026-08-06 05:00:00,79.07,79.13,78.85,78.93,735.0
2026-08-06 06:00:00,78.92,78.95,78.36,78.37,614.0
2026-08-06 07:00:00,78.36,78.4,78.13,78.25,412.0
2026-08-06 08:00:00,78.25,78.41,78.09,78.37,731.0
2026-08-06 09:00:00,78.35,79.1,78.35,78.79,1192.0
2026-08-06 10:00:00,78.75,79.05,78.57,78.97,1315.0
2026-08-06 11:00:00,78.95,79.35,78.44,78.68,1750.0
2026-08-06 12:00:00,78.67,78.96,78.54,78.62,1001.0
2026-08-06 13:00:00,78.63,79.59,78.59,79.41,1119.0
2026-08-06 14:00:00,79.42,79.73,79.24,79.26,955.0
2026-08-06 15:00:00,79.26,79.86,79.19,79.79,1217.0
2026-08-06 16:00:00,79.76,80.41,79.71,79.98,1644.0
2026-08-06 17:00:00,79.97,80.4,79.76,80.17,1471.0
2026-08-06 18:00:00,80.18,81.75,80.11,81.41,2121.0
2026-08-06 19:00:00,81.4,81.88,81.32,81.7,1860.0
2026-08-06 20:00:00,81.69,81.74,81.17,81.33,1178.0
2026-08-06 21:00:00,81.32,81.56,81.23,81.5,1242.0
2026-08-06 22:00:00,81.5,82.35,81.5,81.85,1275.0
2026-08-06 23:00:00,81.84,82.6,81.79,82.38,922.0
2026-08-07 03:00:00,82.02,82.57,82.02,82.06,705.0
2026-08-07 04:00:00,82.05,82.18,81.85,82.04,1120.0
2026-08-07 05:00:00,82.03,82.34,82.03,82.14,713.0
2026-08-07 06:00:00,82.14,82.43,82.01,82.2,460.0
2026-08-07 07:00:00,82.2,83.1,82.15,82.55,1096.0
2026-08-07 08:00:00,82.56,82.6,82.29,82.31,800.0
2026-08-07 09:00:00,82.31,82.42,81.82,82.16,1115.0
2026-08-07 10:00:00,82.16,82.33,81.8,82.03,957.0
2026-08-07 11:00:00,82.04,82.14,81.72,81.78,1289.0
2026-08-07 12:00:00,81.78,81.89,81.0,81.17,1057.0
2026-08-07 13:00:00,81.16,81.26,80.74,80.81,1241.0
2026-08-07 14:00:00,80.83,81.06,80.61,80.8,900.0
2026-08-07 15:00:00,80.79,81.33,80.49,80.65,1381.0
2026-08-07 16:00:00,80.59,81.32,80.57,81.31,1689.0
2026-08-07 17:00:00,81.29,82.06,81.19,82.05,1657.0
2026-08-07 18:00:00,82.05,82.71,81.97,82.64,1802.0
2026-08-07 19:00:00,82.63,82.71,82.43,82.54,1163.0
2026-08-07 20:00:00,82.52,82.53,82.05,82.38,1142.0
2026-08-07 21:00:00,82.37,82.63,82.22,82.38,1124.0
2026-08-07 22:00:00,82.37,82.37,80.9,81.14,1397.0
2026-08-07 23:00:00,81.13,81.47,80.94,81.23,647.0
2026-08-10 03:00:00,83.04,83.18,82.8,82.85,593.0
2026-08-10 04:00:00,82.83,83.38,82.36,83.09,1334.0
2026-08-10 05:00:00,83.1,83.22,82.8,83.07,696.0
2026-08-10 06:00:00,83.08,83.11,82.78,82.99,573.0
2026-08-10 07:00:00,83.01,83.08,82.56,82.65,369.0
2026-08-10 08:00:00,82.66,82.78,82.05,82.08,819.0
2026-08-10 09:00:00,82.08,82.52,82.05,82.19,1065.0
2026-08-10 10:00:00,82.17,82.92,82.17,82.52,1464.0
2026-08-10 11:00:00,82.52,83.49,82.44,83.31,1605.0
2026-08-10 12:00:00,83.31,83.36,82.9,83.24,1001.0
2026-08-10 13:00:00,83.25,83.74,82.71,83.67,1118.0
2026-08-10 14:00:00,83.68,83.78,83.15,83.68,1161.0
2026-08-10 15:00:00,83.68,84.1,83.46,83.9,1315.0
2026-08-10 16:00:00,83.91,85.12,83.54,85.02,2052.0
2026-08-10 17:00:00,85.03,85.06,84.56,84.98,1579.0
2026-08-10 18:00:00,84.97,85.78,84.89,85.46,1773.0
2026-08-10 19:00:00,85.45,85.95,85.26,85.87,1303.0
2026-08-10 20:00:00,85.89,86.32,85.86,86.31,1188.0
2026-08-10 21:00:00,86.3,86.69,86.16,86.17,1168.0
2026-08-10 22:00:00,86.17,86.36,85.95,86.36,826.0
2026-08-10 23:00:00,86.35,86.57,86.32,86.52,516.0
2026-08-11 03:00:00,86.25,86.56,86.19,86.34,601.0
2026-08-11 04:00:00,86.35,86.67,86.16,86.54,1229.0
2026-08-11 05:00:00,86.54,86.61,86.31,86.51,901.0
2026-08-11 06:00:00,86.5,86.56,86.26,86.26,594.0
2026-08-11 07:00:00,86.26,86.48,86.09,86.4,467.0
2026-08-11 08:00:00,86.4,86.68,86.31,86.58,883.0
2026-08-11 09:00:00,86.57,87.8,86.43,87.54,1577.0
2026-08-11 10:00:00,87.53,88.13,87.34,88.06,1572.0
2026-08-11 11:00:00,88.06,88.44,87.79,88.33,1645.0
2026-08-11 12:00:00,88.34,88.45,87.84,88.17,1227.0
2026-08-11 13:00:00,88.13,88.3,87.24,87.39,1378.0
2026-08-11 14:00:00,87.38,87.41,85.72,86.09,2316.0
2026-08-11 15:00:00,86.1,86.71,85.78,86.55,1693.0
2026-08-11 16:00:00,86.55,86.57,85.39,85.73,2305.0
2026-08-11 17:00:00,85.72,86.88,85.66,86.77,1647.0
2026-08-11 18:00:00,86.75,87.4,86.5,87.28,2016.0
2026-08-11 19:00:00,87.27,87.29,86.77,87.14,1324.0
2026-08-11 20:00:00,87.15,87.35,86.99,87.32,1183.0
2026-08-11 21:00:00,87.32,87.4,87.06,87.26,1162.0
2026-08-11 22:00:00,87.25,87.73,87.23,87.56,610.0
2026-08-11 23:00:00,87.57,87.65,87.3,87.38,602.0
2026-08-12 03:00:00,87.43,87.92,87.39,87.78,758.0
2026-08-12 04:00:00,87.78,88.0,87.65,87.71,1104.0
2026-08-12 05:00:00,87.72,88.05,87.7,87.97,725.0
2026-08-12 06:00:00,87.99,88.27,87.88,88.26,619.0
2026-08-12 07:00:00,88.25,88.27,87.66,87.68,596.0
2026-08-12 08:00:00,87.69,88.0,87.48,87.96,782.0
2026-08-12 09:00:00,87.96,87.98,87.34,87.64,1226.0
2026-08-12 10:00:00,87.64,88.0,87.58,87.75,1153.0
2026-08-12 11:00:00,87.76,87.84,87.19,87.56,1653.0
2026-08-12 12:00:00,87.58,87.58,86.48,87.0,1814.0
2026-08-12 13:00:00,87.01,87.66,86.9,87.32,1419.0
2026-08-12 14:00:00,87.3,87.51,87.05,87.47,1178.0
2026-08-12 15:00:00,87.47,87.58,86.83,86.83,1562.0
2026-08-12 16:00:00,86.82,86.94,86.53,86.73,1986.0
2026-08-12 17:00:00,86.75,87.1,86.51,87.03,1992.0
2026-08-12 18:00:00,87.03,87.28,86.97,87.13,1753.0
2026-08-12 19:00:00,87.13,87.22,86.92,86.93,1202.0
2026-08-12 20:00:00,86.92,87.33,86.85,87.26,1294.0
2026-08-12 21:00:00,87.28,87.52,87.01,87.36,1065.0
2026-08-12 22:00:00,87.35,87.37,87.05,87.2,525.0
2026-08-12 23:00:00,87.21,87.22,86.83,86.86,496.0
2026-08-13 03:00:00,86.8,86.82,86.28,86.29,636.0
2026-08-13 04:00:00,86.28,86.58,86.11,86.4,1175.0
2026-08-13 05:00:00,86.39,86.47,86.22,86.42,661.0
2026-08-13 06:00:00,86.42,86.88,86.19,86.81,740.0
2026-08-13 07:00:00,86.81,87.14,86.81,87.14,458.0
2026-08-13 08:00:00,87.15,87.36,87.05,87.2,856.0
2026-08-13 09:00:00,87.19,87.34,86.79,86.82,1014.0
2026-08-13 10:00:00,86.81,87.22,86.03,86.41,1285.0
2026-08-13 11:00:00,86.44,86.66,85.82,85.97,1660.0
2026-08-13 12:00:00,85.96,85.99,85.36,85.95,1291.0
2026-08-13 13:00:00,85.94,86.22,85.57,85.69,1118.0
2026-08-13 14:00:00,85.69,86.0,85.53,85.94,932.0
2026-08-13 15:00:00,85.96,85.98,85.45,85.6,1403.0
2026-08-13 16:00:00,85.61,85.72,84.89,84.92,2014.0
2026-08-13 17:00:00,84.9,85.56,84.53,85.5,1896.0
2026-08-13 18:00:00,85.49,86.99,85.49,86.75,2342.0
2026-08-13 19:00:00,86.74,86.87,86.09,86.21,1224.0
2026-08-13 20:00:00,86.23,86.42,86.14,86.18,1037.0
2026-08-13 21:00:00,86.17,86.17,85.35,85.54,1493.0
2026-08-13 22:00:00,85.54,85.7,85.45,85.61,648.0
2026-08-13 23:00:00,85.61,85.66,85.45,85.54,493.0
2026-08-14 03:00:00,85.58,85.72,85.38,85.39,517.0
2026-08-14 04:00:00,85.4,85.82,85.25,85.35,1203.0
2026-08-14 05:00:00,85.34,85.72,85.14,85.68,825.0
2026-08-14 06:00:00,85.68,85.76,85.5,85.64,528.0
2026-08-14 07:00:00,85.64,85.75,85.52,85.66,337.0
2026-08-14 08:00:00,85.66,86.31,85.58,86.3,788.0
2026-08-14 09:00:00,86.29,86.54,86.15,86.4,1064.0
2026-08-14 10:00:00,86.41,87.05,86.4,86.99,1006.0
2026-08-14 11:00:00,86.98,87.08,86.11,86.37,1420.0
2026-08-14 12:00:00,86.38,86.41,85.83,85.87,995.0
2026-08-14 13:00:00,85.88,85.89,85.3,85.4,859.0
2026-08-14 14:00:00,85.42,85.77,85.41,85.56,853.0
2026-08-14 15:00:00,85.56,86.11,85.35,85.37,1226.0
2026-08-14 16:00:00,85.39,85.68,85.14,85.62,1691.0
2026-08-14 17:00:00,85.61,86.37,85.61,86.25,1615.0
2026-08-14 18:00:00,86.26,86.47,85.96,86.21,1577.0
2026-08-14 19:00:00,86.21,86.51,86.11,86.42,962.0
2026-08-14 20:00:00,86.43,86.88,86.38,86.74,969.0
2026-08-14 21:00:00,86.74,87.15,86.6,86.93,981.0
2026-08-14 22:00:00,86.93,86.95,86.76,86.9,446.0
2026-08-14 23:00:00,86.89,87.04,86.77,86.91,484.0
2026-08-17 03:00:00,86.79,86.79,86.33,86.36,550.0
2026-08-17 04:00:00,86.36,87.28,86.14,87.03,1633.0
2026-08-17 05:00:00,87.02,87.43,86.81,86.94,1159.0
2026-08-17 06:00:00,86.95,87.05,86.68,86.7,709.0
2026-08-17 07:00:00,86.73,86.87,86.55,86.65,549.0
2026-08-17 08:00:00,86.65,86.72,86.35,86.43,942.0
2026-08-17 09:00:00,86.44,86.61,86.27,86.57,1156.0
2026-08-17 10:00:00,86.57,86.92,86.31,86.74,1250.0
2026-08-17 11:00:00,86.73,87.17,86.6,87.16,1499.0
2026-08-17 12:00:00,87.19,87.72,87.08,87.51,1271.0
2026-08-17 13:00:00,87.5,87.65,86.5,87.36,1502.0
2026-08-17 14:00:00,87.39,87.4,86.94,86.98,1144.0
2026-08-17 15:00:00,86.97,87.66,86.74,87.54,1536.0
2026-08-17 16:00:00,87.55,87.65,86.97,87.23,1731.0
2026-08-17 17:00:00,87.22,87.32,86.82,86.91,1676.0
2026-08-17 18:00:00,86.93,87.51,86.92,87.43,1647.0
2026-08-17 19:00:00,87.45,87.66,87.11,87.65,1147.0
2026-08-17 20:00:00,87.66,89.48,87.6,89.38,1751.0
2026-08-17 21:00:00,89.38,89.44,88.82,88.88,1607.0
2026-08-17 22:00:00,88.88,89.19,88.84,89.17,691.0
2026-08-17 23:00:00,89.16,89.45,89.04,89.4,660.0
2026-08-18 03:00:00,89.32,89.44,89.16,89.16,602.0
2026-08-18 04:00:00,89.18,89.61,89.01,89.37,1433.0
2026-08-18 05:00:00,89.38,89.58,89.35,89.49,739.0
2026-08-18 06:00:00,89.51,89.73,89.44,89.73,621.0
2026-08-18 07:00:00,89.72,89.8,89.55,89.59,407.0
2026-08-18 08:00:00,89.59,89.8,89.38,89.53,728.0
2026-08-18 09:00:00,89.54,90.05,89.54,89.61,1042.0
2026-08-18 10:00:00,89.6,89.74,89.18,89.53,1062.0
2026-08-18 11:00:00,89.52,89.8,89.2,89.32,1275.0
2026-08-18 12:00:00,89.34,89.43,89.1,89.19,886.0
2026-08-18 13:00:00,89.18,89.47,89.06,89.19,956.0
2026-08-18 14:00:00,89.2,89.51,89.11,89.45,819.0
2026-08-18 15:00:00,89.46,89.77,89.3,89.63,1018.0
2026-08-18 16:00:00,89.61,90.17,89.22,89.72,1777.0
2026-08-18 17:00:00,89.72,89.96,89.19,89.93,1823.0
2026-08-18 18:00:00,89.92,90.44,89.52,90.12,1834.0
2026-08-18 19:00:00,90.1,90.1,89.64,89.74,1212.0
2026-08-18 20:00:00,89.76,89.86,89.53,89.55,1051.0
2026-08-18 21:00:00,89.54,89.65,89.37,89.49,964.0
2026-08-18 22:00:00,89.49,89.62,89.4,89.46,467.0
2026-08-18 23:00:00,89.45,89.87,89.42,89.82,576.0
2026-08-19 03:00:00,89.78,90.27,89.69,90.05,761.0
2026-08-19 04:00:00,90.02,90.47,90.01,90.37,1346.0
2026-08-19 05:00:00,90.38,90.44,89.97,90.09,950.0
2026-08-19 06:00:00,90.08,90.26,89.96,90.06,611.0
2026-08-19 07:00:00,90.07,90.23,89.92,89.97,348.0
2026-08-19 08:00:00,89.98,90.17,89.89,90.15,671.0
2026-08-19 09:00:00,90.15,90.39,89.82,89.93,1219.0
2026-08-19 10:00:00,89.94,90.34,89.68,90.06,1220.0
2026-08-19 11:00:00,90.08,90.39,89.64,90.35,1416.0
2026-08-19 12:00:00,90.33,90.75,90.02,90.35,1447.0
2026-08-19 13:00:00,90.34,90.55,90.2,90.22,976.0
2026-08-19 14:00:00,90.21,90.31,89.87,89.97,932.0
2026-08-19 15:00:00,89.98,90.06,88.89,89.38,1647.0
2026-08-19 16:00:00,89.4,89.95,89.33,89.77,1774.0
2026-08-19 17:00:00,89.77,90.36,89.64,90.13,1899.0
2026-08-19 18:00:00,90.12,90.73,90.07,90.5,1889.0
2026-08-19 19:00:00,90.5,90.83,90.42,90.76,1246.0
2026-08-19 20:00:00,90.77,90.96,90.19,90.4,1204.0
2026-08-19 21:00:00,90.42,90.55,89.57,89.79,1336.0
2026-08-19 22:00:00,89.8,89.83,89.39,89.68,886.0
2026-08-19 23:00:00,89.69,89.79,89.56,89.75,588.0
2026-08-20 03:00:00,89.62,90.0,89.6,89.98,574.0
2026-08-20 04:00:00,89.99,90.33,89.82,90.17,1233.0
2026-08-20 05:00:00,90.16,90.21,89.67,89.86,1102.0
2026-08-20 06:00:00,89.85,89.95,89.65,89.79,754.0
2026-08-20 07:00:00,89.79,90.0,89.68,89.79,329.0
2026-08-20 08:00:00,89.78,90.02,89.65,89.85,666.0
2026-08-20 09:00:00,89.85,90.21,89.72,90.19,1006.0
2026-08-20 10:00:00,90.2,91.08,90.19,90.85,1363.0
2026-08-20 11:00:00,90.86,91.72,90.5,91.59,1630.0
2026-08-20 12:00:00,91.62,91.96,91.48,91.91,1210.0
2026-08-20 13:00:00,91.93,91.95,91.61,91.82,923.0
2026-08-20 14:00:00,91.83,92.29,91.77,92.27,951.0
2026-08-20 15:00:00,92.27,92.54,91.64,91.64,1217.0
2026-08-20 16:00:00,91.67,92.08,91.43,91.68,1896.0
2026-08-20 17:00:00,91.69,91.96,90.97,91.2,1840.0
2026-08-20 18:00:00,91.2,91.91,90.88,91.68,1864.0
2026-08-20 19:00:00,91.69,91.86,91.28,91.34,1104.0
2026-08-20 20:00:00,91.33,91.8,91.12,91.6,1134.0
2026-08-20 21:00:00,91.6,92.05,91.44,91.87,1149.0
2026-08-20 22:00:00,91.87,91.87,91.57,91.61,472.0
2026-08-20 23:00:00,91.61,91.7,91.34,91.36,416.0
2026-08-21 03:00:00,91.18,91.53,91.17,91.46,547.0
2026-08-21 04:00:00,91.47,92.07,91.35,91.86,1199.0
2026-08-21 05:00:00,91.84,91.94,91.67,91.69,785.0
2026-08-21 06:00:00,91.7,91.75,91.52,91.62,551.0
2026-08-21 07:00:00,91.63,91.69,91.39,91.39,283.0
2026-08-21 08:00:00,91.39,91.67,91.28,91.32,692.0
2026-08-21 09:00:00,91.33,91.67,91.27,91.5,905.0
2026-08-21 10:00:00,91.51,91.7,91.3,91.6,1124.0
2026-08-21 11:00:00,91.56,91.97,91.15,91.16,1445.0
2026-08-21 12:00:00,91.15,91.77,91.05,91.72,987.0
2026-08-21 13:00:00,91.73,92.45,91.68,92.05,1225.0
2026-08-21 14:00:00,92.07,92.28,91.26,92.09,1401.0
2026-08-21 15:00:00,92.11,92.49,91.98,92.12,1195.0
2026-08-21 16:00:00,92.13,92.55,91.87,91.92,1797.0
2026-08-21 17:00:00,91.92,92.32,91.77,92.2,1553.0
2026-08-21 18:00:00,92.22,92.55,91.86,92.37,1795.0
2026-08-21 19:00:00,92.38,92.53,92.0,92.4,1298.0
2026-08-21 20:00:00,92.4,92.87,92.39,92.74,1124.0
2026-08-21 21:00:00,92.75,92.77,92.33,92.4,1071.0
2026-08-21 22:00:00,92.39,92.39,92.06,92.08,513.0
2026-08-21 23:00:00,92.08,92.32,92.03,92.11,437.0
2026-08-24 03:00:00,91.23,91.43,90.84,91.04,611.0
2026-08-24 04:00:00,91.03,91.07,89.97,90.56,1666.0
2026-08-24 05:00:00,90.56,91.03,90.41,90.96,948.0
2026-08-24 06:00:00,90.97,91.11,90.91,90.95,574.0
2026-08-24 07:00:00,90.94,91.1,90.88,90.95,400.0
2026-08-24 08:00:00,90.96,91.13,90.8,90.95,769.0
2026-08-24 09:00:00,90.96,91.04,90.59,90.61,1108.0
2026-08-24 10:00:00,90.62,91.19,90.54,91.14,1272.0
2026-08-24 11:00:00,91.12,91.38,90.34,90.65,1498.0
2026-08-24 12:00:00,90.65,91.05,90.48,90.75,1099.0
2026-08-24 13:00:00,90.75,90.87,90.49,90.84,903.0
2026-08-24 14:00:00,90.84,91.11,90.65,90.88,954.0
2026-08-24 15:00:00,90.87,91.62,90.64,91.01,1433.0
2026-08-24 16:00:00,91.01,91.66,90.86,90.91,2112.0
2026-08-24 17:00:00,90.9,91.09,90.31,90.52,1730.0
2026-08-24 18:00:00,90.52,90.7,89.91,90.32,1794.0
2026-08-24 19:00:00,90.32,90.66,90.23,90.45,1204.0
2026-08-24 20:00:00,90.44,90.44,89.86,90.0,1361.0
2026-08-24 21:00:00,89.98,90.36,89.86,90.29,1141.0
2026-08-24 22:00:00,90.28,90.37,90.06,90.12,451.0
2026-08-24 23:00:00,90.13,90.16,89.96,90.06,369.0
2026-08-25 03:00:00,90.13,90.27,89.79,89.81,511.0
2026-08-25 04:00:00,89.79,90.5,89.75,90.47,1573.0
2026-08-25 05:00:00,90.48,90.89,90.42,90.6,1296.0
2026-08-25 06:00:00,90.6,90.63,90.18,90.48,743.0
2026-08-25 07:00:00,90.5,90.55,90.11,90.14,331.0
2026-08-25 08:00:00,90.13,90.17,89.39,89.55,882.0
2026-08-25 09:00:00,89.56,89.66,89.16,89.36,1320.0
2026-08-25 10:00:00,89.36,89.78,89.22,89.77,1192.0
2026-08-25 11:00:00,89.76,89.93,88.11,88.27,2057.0
2026-08-25 12:00:00,88.28,88.35,87.31,87.38,1871.0
2026-08-25 13:00:00,87.38,87.9,87.38,87.72,1344.0
2026-08-25 14:00:00,87.73,88.06,87.18,87.29,1198.0
2026-08-25 15:00:00,87.28,87.87,87.24,87.46,1321.0
2026-08-25 16:00:00,87.45,87.82,86.98,87.69,1970.0
2026-08-25 17:00:00,87.69,88.26,87.4,87.54,1801.0
2026-08-25 18:00:00,87.53,87.69,86.45,86.92,1982.0
2026-08-25 19:00:00,86.94,87.12,86.7,86.73,1263.0
2026-08-25 20:00:00,86.74,86.84,86.62,86.65,1034.0
2026-08-25 21:00:00,86.64,87.02,86.63,86.84,915.0
2026-08-25 22:00:00,86.83,86.92,85.78,85.78,908.0
2026-08-25 23:00:00,85.78,85.79,84.71,85.55,1726.0
2026-08-26 03:00:00,85.52,85.62,85.07,85.18,850.0
2026-08-26 04:00:00,85.19,85.22,84.79,85.06,1606.0
2026-08-26 05:00:00,85.05,85.1,84.71,84.99,885.0
2026-08-26 06:00:00,84.98,85.0,84.64,84.8,625.0
2026-08-26 07:00:00,84.81,85.23,84.8,85.23,424.0
2026-08-26 08:00:00,85.22,85.6,85.07,85.42,789.0
2026-08-26 09:00:00,85.42,85.57,85.06,85.24,1136.0
2026-08-26 10:00:00,85.25,85.39,84.64,84.69,1288.0
2026-08-26 11:00:00,84.68,85.32,84.37,84.54,1643.0
2026-08-26 12:00:00,84.55,84.92,84.24,84.71,1405.0
2026-08-26 13:00:00,84.69,84.9,84.4,84.73,1020.0
2026-08-26 14:00:00,84.73,85.29,84.61,85.15,1061.0
2026-08-26 15:00:00,85.15,85.42,84.83,85.32,1254.0
2026-08-26 16:00:00,85.33,86.25,85.15,86.13,1827.0
2026-08-26 17:00:00,86.12,86.47,85.94,86.46,1563.0
2026-08-26 18:00:00,86.45,87.47,86.35,87.34,1752.0
2026-08-26 19:00:00,87.34,87.94,87.15,87.18,1506.0
2026-08-26 20:00:00,87.19,87.24,86.87,86.93,972.0
2026-08-26 21:00:00,86.92,86.95,86.24,86.25,1021.0
2026-08-26 22:00:00,86.24,86.35,86.09,86.17,503.0
2026-08-26 23:00:00,86.17,86.21,86.04,86.19,376.0
2026-08-27 03:00:00,86.09,86.17,85.83,86.06,616.0
2026-08-27 04:00:00,86.09,86.42,85.9,85.94,1700.0
2026-08-27 05:00:00,85.95,86.04,85.68,85.68,831.0
2026-08-27 06:00:00,85.68,86.13,85.68,86.09,665.0
2026-08-27 07:00:00,86.09,86.17,86.06,86.08,258.0
2026-08-27 08:00:00,86.1,86.12,85.75,85.76,632.0
2026-08-27 09:00:00,85.77,85.85,85.28,85.29,931.0
2026-08-27 10:00:00,85.3,85.65,84.92,85.65,1221.0
2026-08-27 11:00:00,85.65,86.1,85.54,86.1,1414.0
2026-08-27 12:00:00,86.11,86.69,86.08,86.66,1033.0
2026-08-27 13:00:00,86.67,87.02,86.55,86.75,984.0
2026-08-27 14:00:00,86.76,87.06,86.62,86.89,1053.0
2026-08-27 15:00:00,86.89,87.21,86.57,86.94,1252.0
2026-08-27 16:00:00,86.96,87.42,86.93,87.36,1754.0
2026-08-27 17:00:00,87.36,87.58,86.33,86.36,1739.0
2026-08-27 18:00:00,86.36,87.13,86.36,87.02,1705.0
2026-08-27 19:00:00,87.03,87.32,86.78,87.12,1036.0
2026-08-27 20:00:00,87.12,88.38,87.03,88.36,1365.0
2026-08-27 21:00:00,88.36,88.68,87.94,88.24,1595.0
2026-08-27 22:00:00,88.25,88.46,88.06,88.09,770.0
2026-08-27 23:00:00,88.08,88.11,87.96,88.06,431.0
2026-08-28 03:00:00,87.95,87.98,87.73,87.75,526.0
2026-08-28 04:00:00,87.76,88.02,87.54,87.61,1184.0
2026-08-28 05:00:00,87.6,88.01,87.59,87.63,806.0
2026-08-28 06:00:00,87.64,87.79,87.59,87.64,487.0
2026-08-28 07:00:00,87.63,87.81,87.61,87.79,238.0
2026-08-28 08:00:00,87.79,87.86,87.37,87.65,691.0
2026-08-28 09:00:00,87.65,87.79,87.32,87.45,1099.0
2026-08-28 10:00:00,87.46,87.83,87.18,87.49,1244.0
2026-08-28 11:00:00,87.49,87.82,87.07,87.82,1512.0
2026-08-28 12:00:00,87.84,88.02,87.35,87.52,1254.0
2026-08-28 13:00:00,87.52,88.12,87.36,87.76,1036.0
2026-08-28 14:00:00,87.77,87.82,87.39,87.43,986.0
2026-08-28 15:00:00,87.46,87.53,86.87,86.92,1111.0
2026-08-28 16:00:00,86.94,87.18,86.72,86.92,1710.0
2026-08-28 17:00:00,86.91,87.65,86.74,87.45,1947.0
2026-08-28 18:00:00,87.44,87.83,87.4,87.47,1595.0
2026-08-28 19:00:00,87.47,87.81,87.36,87.75,1169.0
2026-08-28 20:00:00,87.75,87.87,87.49,87.63,1018.0
2026-08-28 21:00:00,87.62,87.71,87.33,87.38,1096.0
2026-08-28 22:00:00,87.4,87.79,87.38,87.66,545.0
2026-08-28 23:00:00,87.67,87.78,87.61,87.72,356.0
2026-08-31 03:00:00,88.88,88.89,88.31,88.51,687.0
2026-08-31 04:00:00,88.51,89.75,88.5,89.48,2082.0
2026-08-31 05:00:00,89.48,89.95,89.38,89.38,1447.0
2026-08-31 06:00:00,89.36,89.52,89.27,89.46,776.0
2026-08-31 07:00:00,89.45,89.72,89.37,89.56,470.0
2026-08-31 08:00:00,89.56,90.22,89.5,89.86,1036.0
2026-08-31 09:00:00,89.87,90.05,89.66,89.67,1138.0
2026-08-31 10:00:00,89.62,89.73,88.82,89.56,1316.0
2026-08-31 11:00:00,89.55,90.58,89.39,90.49,1519.0
2026-08-31 12:00:00,90.48,90.64,90.19,90.45,1131.0
2026-08-31 13:00:00,90.46,90.73,90.08,90.16,1011.0
2026-08-31 14:00:00,90.17,90.5,90.11,90.2,900.0
2026-08-31 15:00:00,90.2,90.53,89.85,89.96,1603.0
2026-08-31 16:00:00,89.97,90.5,89.5,90.17,1925.0
2026-08-31 17:00:00,90.16,90.23,89.54,89.62,1598.0
2026-08-31 18:00:00,89.62,89.96,89.49,89.75,1496.0
2026-08-31 19:00:00,89.76,89.81,89.36,89.63,1074.0
2026-08-31 20:00:00,89.64,89.91,89.51,89.52,1016.0
2026-08-31 21:00:00,89.51,89.95,89.47,89.52,1061.0
2026-08-31 22:00:00,89.51,89.83,89.48,89.76,798.0
2026-08-31 23:00:00,89.76,90.05,89.69,89.99,505.0
2026-09-01 03:00:00,90.09,90.34,90.09,90.21,662.0
2026-09-01 04:00:00,90.21,90.45,90.05,90.06,1334.0
2026-09-01 05:00:00,90.07,90.52,90.04,90.32,862.0
2026-09-01 06:00:00,90.33,90.48,90.26,90.42,627.0
2026-09-01 07:00:00,90.43,90.71,90.32,90.66,384.0
2026-09-01 08:00:00,90.67,90.73,89.9,90.21,996.0
2026-09-01 09:00:00,90.21,90.53,90.11,90.41,1135.0
2026-09-01 10:00:00,90.4,91.09,90.26,90.85,1417.0
2026-09-01 11:00:00,90.85,91.62,90.77,91.56,1892.0
2026-09-01 12:00:00,91.52,91.53,91.2,91.36,1146.0
2026-09-01 13:00:00,91.36,91.45,90.94,91.23,1068.0
2026-09-01 14:00:00,91.21,91.37,90.89,91.18,981.0
2026-09-01 15:00:00,91.17,91.74,90.86,91.44,1290.0
2026-09-01 16:00:00,91.45,91.85,91.45,91.62,1836.0
2026-09-01 17:00:00,91.63,91.64,90.97,91.52,1930.0
2026-09-01 18:00:00,91.53,91.75,91.28,91.62,1633.0
2026-09-01 19:00:00,91.63,93.32,91.58,92.95,2190.0
2026-09-01 20:00:00,92.96,93.55,92.81,93.4,1671.0
2026-09-01 21:00:00,93.38,94.0,93.18,93.94,1673.0
2026-09-01 22:00:00,93.94,94.03,93.77,94.0,896.0
2026-09-01 23:00:00,93.99,94.28,93.84,94.03,1056.0
2026-09-02 03:00:00,94.0,95.38,93.89,95.37,1442.0
2026-09-02 04:00:00,95.42,95.63,94.63,94.68,2373.0
2026-09-02 05:00:00,94.67,94.91,94.1,94.12,1262.0
2026-09-02 06:00:00,94.13,94.27,93.92,94.1,920.0
2026-09-02 07:00:00,94.1,94.2,93.88,93.96,490.0
2026-09-02 08:00:00,93.97,94.28,93.93,94.26,1102.0
2026-09-02 09:00:00,94.25,94.46,93.92,94.12,1650.0
2026-09-02 10:00:00,94.13,94.18,93.27,93.63,1727.0
2026-09-02 11:00:00,93.63,93.76,93.33,93.45,1643.0
2026-09-02 12:00:00,93.46,93.93,93.29,93.8,1349.0
2026-09-02 13:00:00,93.82,93.91,93.49,93.72,1114.0
2026-09-02 14:00:00,93.73,93.84,92.47,92.49,1776.0
2026-09-02 15:00:00,92.5,93.41,92.34,93.32,1602.0
2026-09-02 16:00:00,93.31,93.36,92.67,92.68,1942.0
2026-09-02 17:00:00,92.67,94.06,92.61,94.06,2033.0
2026-09-02 18:00:00,94.08,94.45,93.84,94.1,1869.0
2026-09-02 19:00:00,94.11,94.48,94.07,94.34,1273.0
2026-09-02 20:00:00,94.33,94.59,94.05,94.09,1316.0
2026-09-02 21:00:00,94.08,94.62,93.79,94.13,1574.0
2026-09-02 22:00:00,94.14,94.27,94.01,94.1,653.0
2026-09-02 23:00:00,94.11,94.11,93.66,93.91,879.0
2026-09-03 03:00:00,93.74,93.87,93.63,93.79,538.0
2026-09-03 04:00:00,93.78,94.43,93.51,94.36,1537.0
2026-09-03 05:00:00,94.39,94.41,93.88,94.02,1034.0
2026-09-03 06:00:00,94.02,94.15,93.88,93.99,698.0
2026-09-03 07:00:00,93.98,93.99,93.57,93.57,350.0
2026-09-03 08:00:00,93.58,93.61,92.78,92.88,1267.0
2026-09-03 09:00:00,92.87,93.23,92.65,93.09,1287.0
2026-09-03 10:00:00,93.1,93.76,93.02,93.71,1296.0
2026-09-03 11:00:00,93.71,94.34,92.67,94.33,2160.0
2026-09-03 12:00:00,94.34,95.29,94.04,95.16,1406.0
2026-09-03 13:00:00,95.16,95.74,95.0,95.49,1591.0
2026-09-03 14:00:00,95.49,95.49,94.72,95.43,1550.0
2026-09-03 15:00:00,95.41,95.46,94.2,94.38,1706.0
2026-09-03 16:00:00,94.4,94.89,94.28,94.53,2014.0
2026-09-03 17:00:00,94.6,95.23,94.49,94.87,2003.0
2026-09-03 18:00:00,94.87,95.33,93.93,94.0,2114.0
2026-09-03 19:00:00,93.99,94.3,93.83,94.21,1533.0
2026-09-03 20:00:00,94.22,94.59,93.89,93.94,1238.0
2026-09-03 21:00:00,93.93,94.13,93.57,94.12,1225.0
2026-09-03 22:00:00,94.11,94.21,93.83,94.16,620.0
2026-09-03 23:00:00,94.16,94.31,94.15,94.22,421.0
2026-09-04 03:00:00,94.25,94.26,93.81,93.97,548.0
2026-09-04 04:00:00,93.98,94.49,93.88,94.36,1466.0
2026-09-04 05:00:00,94.35,94.44,93.98,94.13,1021.0
2026-09-04 06:00:00,94.12,94.29,93.93,94.28,692.0
2026-09-04 07:00:00,94.28,94.35,93.89,93.89,430.0
2026-09-04 08:00:00,93.89,94.01,93.68,93.8,881.0
2026-09-04 09:00:00,93.8,94.07,93.72,93.89,1135.0
2026-09-04 10:00:00,93.89,94.23,93.31,93.43,1426.0
2026-09-04 11:00:00,93.41,93.75,93.3,93.55,1765.0
2026-09-04 12:00:00,93.56,93.97,93.46,93.97,1076.0
2026-09-04 13:00:00,93.96,93.96,93.26,93.3,1078.0
2026-09-04 14:00:00,93.3,93.67,93.3,93.58,816.0
2026-09-04 15:00:00,93.56,93.57,92.78,92.82,1677.0
2026-09-04 16:00:00,92.86,93.2,91.71,92.0,2466.0
2026-09-04 17:00:00,92.02,93.93,92.01,93.9,2232.0
2026-09-04 18:00:00,93.91,94.07,93.35,93.98,1965.0
2026-09-04 19:00:00,93.97,94.34,93.69,94.33,1204.0
2026-09-04 20:00:00,94.33,94.46,93.85,94.02,1388.0
2026-09-04 21:00:00,94.01,94.82,93.94,94.56,1300.0
2026-09-04 22:00:00,94.55,94.61,94.27,94.36,634.0
2026-09-04 23:00:00,94.38,94.49,94.13,94.26,468.0
2026-09-07 03:00:00,94.72,94.85,94.25,94.52,650.0
2026-09-07 04:00:00,94.55,94.84,94.23,94.57,1707.0
2026-09-07 05:00:00,94.57,94.89,94.57,94.74,928.0
2026-09-07 06:00:00,94.75,95.09,94.69,95.06,620.0
2026-09-07 07:00:00,95.06,95.34,94.93,95.24,334.0
2026-09-07 08:00:00,95.25,95.84,95.17,95.71,812.0
2026-09-07 09:00:00,95.72,95.75,95.15,95.31,1082.0
2026-09-07 10:00:00,95.33,95.5,94.56,94.61,1379.0
2026-09-07 11:00:00,94.59,94.78,94.06,94.66,1541.0
2026-09-07 12:00:00,94.64,94.91,94.55,94.84,921.0
2026-09-07 13:00:00,94.85,95.48,94.55,95.28,1005.0
2026-09-07 14:00:00,95.29,95.56,95.25,95.47,895.0
2026-09-07 15:00:00,95.47,95.55,95.15,95.21,779.0
2026-09-07 16:00:00,95.23,95.58,95.03,95.44,1326.0
2026-09-07 17:00:00,95.43,95.67,95.37,95.66,986.0
2026-09-07 18:00:00,95.66,95.87,95.29,95.52,1318.0
2026-09-07 19:00:00,95.52,95.64,94.97,94.98,874.0
2026-09-07 20:00:00,94.98,95.35,94.83,95.3,357.0
2026-09-08 03:00:00,95.09,95.27,94.71,94.96,662.0
2026-09-08 04:00:00,94.93,95.2,94.83,94.93,1364.0
2026-09-08 05:00:00,94.94,95.27,94.88,95.24,940.0
2026-09-08 06:00:00,95.25,95.51,95.16,95.34,584.0
2026-09-08 07:00:00,95.35,95.63,95.35,95.52,324.0
2026-09-08 08:00:00,95.53,96.19,95.44,96.06,955.0
2026-09-08 09:00:00,96.06,96.57,96.01,96.46,1490.0
2026-09-08 10:00:00,96.46,96.87,96.24,96.77,1107.0
2026-09-08 11:00:00,96.75,97.16,96.66,96.85,1860.0
2026-09-08 12:00:00,96.87,97.06,96.07,96.15,1326.0
2026-09-08 13:00:00,96.15,96.58,95.93,96.48,1136.0
2026-09-08 14:00:00,96.46,96.63,96.14,96.45,998.0
2026-09-08 15:00:00,96.45,96.63,95.7,95.7,1228.0
2026-09-08 16:00:00,95.7,96.22,95.26,96.08,2072.0
2026-09-08 17:00:00,96.08,96.27,95.6,95.76,1679.0
2026-09-08 18:00:00,95.77,96.17,95.42,95.58,1646.0
2026-09-08 19:00:00,95.57,95.68,95.18,95.45,1530.0
2026-09-08 20:00:00,95.45,95.45,94.9,95.15,1412.0
2026-09-08 21:00:00,95.14,96.89,95.14,96.56,1727.0
2026-09-08 22:00:00,96.57,96.93,96.21,96.77,1356.0
2026-09-08 23:00:00,96.78,97.3,96.75,97.26,991.0
2026-09-09 03:00:00,97.19,97.39,96.98,97.09,829.0
2026-09-09 04:00:00,97.1,97.32,97.01,97.09,1373.0
2026-09-09 05:00:00,97.1,97.29,97.05,97.17,782.0
2026-09-09 06:00:00,97.18,97.48,97.07,97.11,787.0
2026-09-09 07:00:00,97.1,97.16,96.88,96.89,441.0
2026-09-09 08:00:00,96.89,96.93,96.68,96.72,842.0
2026-09-09 09:00:00,96.73,97.48,96.73,97.28,1153.0
2026-09-09 10:00:00,97.29,97.96,97.25,97.71,1253.0
2026-09-09 11:00:00,97.7,98.04,97.49,97.98,1574.0
2026-09-09 12:00:00,98.03,98.69,97.98,98.54,1379.0
2026-09-09 13:00:00,98.57,98.62,98.06,98.16,1223.0
2026-09-09 14:00:00,98.17,98.69,98.08,98.56,1216.0
2026-09-09 15:00:00,98.56,98.74,98.35,98.51,1350.0
2026-09-09 16:00:00,98.52,98.76,98.21,98.35,2045.0
2026-09-09 17:00:00,98.35,99.17,98.23,98.76,2110.0
2026-09-09 18:00:00,98.76,99.13,98.69,98.99,1844.0
2026-09-09 19:00:00,98.98,99.21,98.22,98.22,1531.0
2026-09-09 20:00:00,98.22,98.77,97.92,98.74,1410.0
2026-09-09 21:00:00,98.74,99.2,98.57,99.18,1449.0
2026-09-09 22:00:00,99.18,99.19,98.8,99.12,654.0
2026-09-09 23:00:00,99.13,99.33,99.1,99.23,540.0
2026-09-10 03:00:00,99.36,99.4,98.63,98.64,818.0
2026-09-10 04:00:00,98.65,99.22,98.57,98.78,1867.0
2026-09-10 05:00:00,98.77,98.87,98.48,98.56,1263.0
2026-09-10 06:00:00,98.57,98.58,98.36,98.49,790.0
2026-09-10 07:00:00,98.49,98.63,98.49,98.55,329.0
2026-09-10 08:00:00,98.56,98.66,97.89,98.03,951.0
2026-09-10 09:00:00,98.03,98.36,97.78,98.26,1213.0
2026-09-10 10:00:00,98.25,98.98,98.16,98.78,1216.0
2026-09-10 11:00:00,98.79,99.77,98.75,99.71,1536.0
2026-09-10 12:00:00,99.72,100.04,99.34,99.75,1307.0
2026-09-10 13:00:00,99.74,99.75,98.61,99.31,1271.0
2026-09-10 14:00:00,99.3,100.8,99.29,100.8,1439.0
2026-09-10 15:00:00,100.77,103.03,100.6,102.39,2883.0
2026-09-10 16:00:00,102.38,102.79,101.71,101.91,2697.0
2026-09-10 17:00:00,101.91,102.77,101.14,102.55,2437.0
2026-09-10 18:00:00,102.54,104.23,102.5,104.22,2230.0
2026-09-10 19:00:00,104.23,104.74,103.66,103.89,2430.0
2026-09-10 20:00:00,103.9,104.61,103.87,104.5,1743.0
2026-09-10 21:00:00,104.5,105.34,103.85,104.28,2167.0
2026-09-10 22:00:00,104.3,105.19,104.23,105.05,1390.0
2026-09-10 23:00:00,105.06,105.97,105.05,105.9,1198.0
2026-09-11 03:00:00,106.15,106.15,104.76,105.18,1774.0
2026-09-11 04:00:00,105.19,105.22,104.09,104.58,2584.0
2026-09-11 05:00:00,104.56,104.87,104.44,104.86,1962.0
2026-09-11 06:00:00,104.87,105.48,104.68,105.33,1581.0
2026-09-11 07:00:00,105.33,105.49,104.25,104.4,1439.0
2026-09-11 08:00:00,104.4,104.42,102.26,103.13,2426.0
2026-09-11 09:00:00,103.12,103.27,102.53,102.91,2137.0
2026-09-11 10:00:00,102.89,103.12,102.13,102.86,2093.0
2026-09-11 11:00:00,102.76,103.24,101.35,101.37,2803.0
2026-09-11 12:00:00,101.35,101.94,101.02,101.34,2065.0
2026-09-11 13:00:00,101.36,101.81,100.67,100.8,2033.0
2026-09-11 14:00:00,100.79,101.57,100.67,101.26,1746.0
2026-09-11 15:00:00,101.24,101.93,101.12,101.64,2242.0
2026-09-11 16:00:00,101.63,101.68,100.84,101.52,2727.0
2026-09-11 17:00:00,101.53,102.23,101.16,101.92,2462.0
2026-09-11 18:00:00,101.94,102.09,101.24,102.05,2107.0
2026-09-11 19:00:00,102.06,102.41,101.68,101.93,2047.0
2026-09-11 20:00:00,101.92,101.94,101.01,101.42,1843.0
2026-09-11 21:00:00,101.4,102.01,101.24,101.91,1768.0
2026-09-11 22:00:00,101.92,101.98,101.71,101.88,951.0
2026-09-11 23:00:00,101.9,101.94,101.43,101.46,610.0
2026-09-14 03:00:00,103.8,104.13,103.55,103.89,1166.0
2026-09-14 04:00:00,103.9,104.6,103.12,103.19,2783.0
2026-09-14 05:00:00,103.19,103.65,103.08,103.59,1571.0
2026-09-14 06:00:00,103.61,104.09,103.58,103.87,1206.0
2026-09-14 07:00:00,103.88,103.88,103.27,103.43,835.0
2026-09-14 08:00:00,103.43,103.47,102.77,102.99,1386.0
2026-09-14 09:00:00,102.97,103.69,102.84,103.63,1749.0
2026-09-14 10:00:00,103.63,104.24,103.36,103.98,1811.0
2026-09-14 11:00:00,103.94,104.7,103.59,104.22,2099.0
2026-09-14 12:00:00,104.23,104.43,103.42,103.52,1703.0
2026-09-14 13:00:00,103.51,103.9,103.36,103.64,1220.0
2026-09-14 14:00:00,103.63,104.56,103.5,104.42,1363.0
2026-09-14 15:00:00,104.43,105.61,103.81,104.83,2313.0
2026-09-14 16:00:00,104.83,105.36,104.59,105.32,2554.0
2026-09-14 17:00:00,105.31,105.37,104.52,104.55,2338.0
2026-09-14 18:00:00,104.56,104.61,102.93,103.71,3264.0
2026-09-14 19:00:00,103.74,103.87,101.66,102.18,2607.0
2026-09-14 20:00:00,102.17,102.8,102.15,102.48,1972.0
2026-09-14 21:00:00,102.49,102.58,101.53,101.98,2086.0
2026-09-14 22:00:00,101.96,102.8,101.8,102.77,1349.0
2026-09-14 23:00:00,102.79,102.86,102.54,102.67,869.0
2026-09-15 03:00:00,102.78,103.36,102.69,103.26,1027.0
2026-09-15 04:00:00,103.24,103.43,102.54,103.37,2103.0
2026-09-15 05:00:00,103.38,103.68,103.13,103.35,1261.0
2026-09-15 06:00:00,103.34,103.38,103.17,103.31,909.0
2026-09-15 07:00:00,103.33,103.71,103.29,103.64,425.0
2026-09-15 08:00:00,103.64,103.88,103.12,103.47,1380.0
2026-09-15 09:00:00,103.45,104.07,103.37,103.97,1443.0
2026-09-15 10:00:00,103.96,104.15,103.64,104.03,1649.0
2026-09-15 11:00:00,104.02,104.48,103.78,104.21,1976.0
2026-09-15 12:00:00,104.22,104.56,103.78,103.78,1655.0
2026-09-15 13:00:00,103.77,103.84,102.65,102.69,1525.0
2026-09-15 14:00:00,102.7,102.84,102.27,102.46,1562.0
2026-09-15 15:00:00,102.45,103.12,101.74,102.3,1961.0
2026-09-15 16:00:00,102.33,103.9,102.0,103.62,2855.0
2026-09-15 17:00:00,103.62,104.87,103.6,104.75,2526.0
2026-09-15 18:00:00,104.73,104.76,103.89,104.26,2366.0
2026-09-15 19:00:00,104.28,105.05,104.21,104.98,1828.0
2026-09-15 20:00:00,104.98,105.45,104.77,105.32,1705.0
2026-09-15 21:00:00,105.32,105.37,104.49,104.5,1696.0
2026-09-15 22:00:00,104.51,104.71,104.34,104.71,951.0
2026-09-15 23:00:00,104.71,104.85,104.36,104.56,835.0
2026-09-16 03:00:00,104.28,104.34,103.62,104.16,983.0
2026-09-16 04:00:00,104.16,104.5,103.92,104.31,2039.0
2026-09-16 05:00:00,104.3,104.37,103.74,103.78,1567.0
2026-09-16 06:00:00,103.79,104.07,103.38,103.87,1235.0
2026-09-16 07:00:00,103.87,103.91,103.63,103.84,482.0
2026-09-16 08:00:00,103.86,104.21,103.74,104.1,1034.0
2026-09-16 09:00:00,104.11,104.16,103.41,103.41,1373.0
2026-09-16 10:00:00,103.43,103.82,103.22,103.79,1662.0
2026-09-16 11:00:00,103.77,104.35,103.75,104.05,1799.0
2026-09-16 12:00:00,104.05,104.47,103.53,104.02,1614.0
2026-09-16 13:00:00,104.02,104.06,103.59,103.6,1254.0
2026-09-16 14:00:00,103.37,103.49,102.94,103.16,1622.0
2026-09-16 15:00:00,103.15,103.66,102.96,103.53,1631.0
2026-09-16 16:00:00,103.55,103.72,102.9,103.1,2027.0
2026-09-16 17:00:00,103.1,103.49,101.87,101.87,2252.0
2026-09-16 18:00:00,101.85,102.14,100.35,101.49,3173.0
2026-09-16 19:00:00,101.48,102.09,101.41,101.96,1679.0
2026-09-16 20:00:00,101.97,102.05,101.67,101.7,1474.0
2026-09-16 21:00:00,101.71,102.12,101.52,102.04,2091.0
2026-09-16 22:00:00,102.05,102.3,101.28,101.71,1518.0
2026-09-16 23:00:00,101.71,101.98,101.65,101.9,808.0
2026-09-17 03:00:00,101.41,101.43,100.39,100.71,949.0
2026-09-17 04:00:00,100.69,102.18,100.6,102.06,2061.0
2026-09-17 05:00:00,102.07,102.14,101.44,101.92,1347.0
2026-09-17 06:00:00,101.9,102.07,101.65,101.87,958.0
2026-09-17 07:00:00,101.86,102.02,101.75,101.82,406.0
2026-09-17 08:00:00,101.82,101.88,101.0,101.03,1247.0
2026-09-17 09:00:00,101.02,101.12,100.17,100.51,1957.0
2026-09-17 10:00:00,100.55,101.28,100.12,101.15,1749.0
2026-09-17 11:00:00,101.15,101.4,100.42,100.76,1794.0
2026-09-17 12:00:00,100.77,101.37,100.61,100.85,1506.0
2026-09-17 13:00:00,100.86,100.86,100.06,100.23,1805.0
2026-09-17 14:00:00,100.22,100.41,99.24,99.6,1908.0
2026-09-17 15:00:00,99.61,99.87,98.68,99.27,2565.0
2026-09-17 16:00:00,99.28,100.14,98.87,99.57,2530.0
2026-09-17 17:00:00,99.56,100.39,99.4,100.37,2128.0
2026-09-17 18:00:00,100.37,100.4,99.83,99.89,2100.0
2026-09-17 19:00:00,99.93,101.09,99.69,100.85,1871.0
2026-09-17 20:00:00,100.85,101.1,100.67,100.95,1607.0
2026-09-17 21:00:00,100.94,101.09,100.66,100.87,1306.0
2026-09-17 22:00:00,100.87,100.89,100.16,100.38,922.0
2026-09-17 23:00:00,100.39,100.55,100.25,100.4,533.0
2026-09-18 03:00:00,100.12,100.37,99.94,100.33,765.0
2026-09-18 04:00:00,100.34,100.47,99.8,100.25,2003.0
2026-09-18 05:00:00,100.25,100.42,99.96,100.24,1361.0
2026-09-18 06:00:00,100.23,100.36,99.92,100.05,1002.0
2026-09-18 07:00:00,100.04,100.14,99.57,99.81,745.0
2026-09-18 08:00:00,99.8,100.01,99.43,99.71,1389.0
2026-09-18 09:00:00,99.68,99.9,98.79,98.97,1888.0
2026-09-18 10:00:00,99.0,99.3,98.54,99.07,1658.0
2026-09-18 11:00:00,99.08,99.73,99.01,99.24,1693.0
2026-09-18 12:00:00,99.26,99.95,98.78,99.78,1557.0
2026-09-18 13:00:00,99.77,99.81,99.07,99.22,1466.0
2026-09-18 14:00:00,99.23,99.91,99.05,99.46,1834.0
2026-09-18 15:00:00,99.46,99.95,98.88,99.83,1779.0
2026-09-18 16:00:00,99.82,101.04,99.8,100.89,2060.0
2026-09-18 17:00:00,100.91,101.05,100.24,100.54,2145.0
2026-09-18 18:00:00,100.56,100.93,100.43,100.57,1860.0
2026-09-18 19:00:00,100.59,100.7,99.79,99.92,1829.0
2026-09-18 20:00:00,99.94,100.09,99.62,99.92,1517.0
2026-09-18 21:00:00,99.91,100.19,99.43,99.49,1500.0
2026-09-18 22:00:00,99.49,99.73,99.39,99.69,786.0
2026-09-18 23:00:00,99.69,99.71,99.25,99.53,845.0
2026-09-21 03:00:00,99.49,99.66,98.37,98.63,1170.0
2026-09-21 04:00:00,98.63,98.63,97.37,97.79,2180.0
2026-09-21 05:00:00,97.8,98.0,97.68,97.93,1037.0
2026-09-21 06:00:00,97.93,97.97,97.65,97.83,715.0
2026-09-21 07:00:00,97.81,98.14,97.75,97.93,647.0
2026-09-21 08:00:00,97.92,98.6,97.92,98.54,1058.0
2026-09-21 09:00:00,98.54,98.65,97.83,98.09,1311.0
2026-09-21 10:00:00,98.09,98.23,97.69,98.01,1495.0
2026-09-21 11:00:00,98.01,98.12,97.45,98.04,1642.0
2026-09-21 12:00:00,98.01,98.41,97.5,97.68,1220.0
2026-09-21 13:00:00,97.68,97.75,96.59,97.18,1487.0
2026-09-21 14:00:00,97.19,97.61,97.19,97.42,1233.0
2026-09-21 15:00:00,97.45,97.73,96.71,97.66,1668.0
2026-09-21 16:00:00,97.65,97.71,96.81,96.98,2155.0
2026-09-21 17:00:00,96.97,97.07,96.0,96.62,2229.0
2026-09-21 18:00:00,96.6,96.77,96.0,96.54,1903.0
2026-09-21 19:00:00,96.54,96.55,95.45,95.8,1865.0
2026-09-21 20:00:00,95.8,96.49,95.79,96.37,1285.0
2026-09-21 21:00:00,96.38,96.91,96.3,96.82,1281.0
2026-09-21 22:00:00,96.82,96.92,96.34,96.55,829.0
2026-09-21 23:00:00,96.54,96.57,96.23,96.39,653.0
2026-09-22 03:00:00,96.57,97.01,96.4,96.98,694.0
2026-09-22 04:00:00,96.98,97.3,96.97,97.29,1066.0
2026-09-22 05:00:00,97.29,97.52,97.06,97.51,873.0
2026-09-22 06:00:00,97.5,97.63,97.26,97.37,666.0
2026-09-22 07:00:00,97.39,97.79,97.35,97.75,521.0
2026-09-22 08:00:00,97.76,97.99,97.72,97.93,784.0
2026-09-22 09:00:00,97.95,98.17,97.74,98.02,1033.0
2026-09-22 10:00:00,98.04,98.21,97.27,97.82,1284.0
2026-09-22 11:00:00,97.81,97.97,95.18,95.46,2425.0
2026-09-22 12:00:00,95.45,96.43,94.56,94.58,2750.0
2026-09-22 13:00:00,94.57,94.8,93.95,94.29,2406.0
2026-09-22 14:00:00,94.32,95.44,94.32,94.61,2203.0
2026-09-22 15:00:00,94.61,95.38,94.56,95.24,1646.0
2026-09-22 16:00:00,95.28,95.42,94.31,95.28,2746.0
2026-09-22 17:00:00,95.27,96.78,95.17,96.07,2742.0
2026-09-22 18:00:00,96.06,96.52,95.86,96.37,2130.0
2026-09-22 19:00:00,96.38,96.76,95.91,96.3,1552.0
2026-09-22 20:00:00,96.29,96.31,94.68,94.79,1632.0
2026-09-22 21:00:00,94.78,96.1,94.75,95.75,2126.0
2026-09-22 22:00:00,95.74,95.77,93.93,94.79,1989.0
2026-09-22 23:00:00,94.81,95.21,94.7,95.05,885.0
2026-09-23 03:00:00,94.6,95.43,94.6,95.25,1039.0
2026-09-23 04:00:00,95.26,95.65,95.15,95.15,1275.0
2026-09-23 05:00:00,95.15,95.26,94.91,94.94,954.0
2026-09-23 06:00:00,94.94,95.21,94.49,94.78,954.0
2026-09-23 07:00:00,94.78,94.82,94.23,94.42,663.0
2026-09-23 08:00:00,94.42,95.11,94.36,94.83,1132.0
2026-09-23 09:00:00,94.81,95.13,94.64,95.11,1488.0
2026-09-23 10:00:00,95.1,95.73,94.74,95.19,1724.0
2026-09-23 11:00:00,95.21,96.24,95.2,95.76,1758.0
2026-09-23 12:00:00,95.78,96.18,95.56,95.87,1232.0
2026-09-23 13:00:00,95.87,95.89,95.18,95.64,1228.0
2026-09-23 14:00:00,95.65,96.61,95.63,96.44,1545.0
2026-09-23 15:00:00,96.43,96.67,96.3,96.56,1591.0
2026-09-23 16:00:00,96.58,97.57,96.29,97.37,2547.0
2026-09-23 17:00:00,97.36,97.95,97.04,97.22,2668.0
2026-09-23 18:00:00,97.21,98.62,96.93,98.26,2365.0
2026-09-23 19:00:00,98.25,98.52,97.84,97.91,1932.0
2026-09-23 20:00:00,97.91,98.37,97.46,97.75,2241.0
2026-09-23 21:00:00,97.77,99.0,97.73,98.44,1751.0
2026-09-23 22:00:00,98.43,98.93,98.32,98.73,965.0
2026-09-23 23:00:00,98.75,98.98,98.52,98.65,647.0
