datetime,open,high,low,close,volume
2025-01-02 00:00:00,75.42,75.46,75.26,75.38,548.0
2025-01-02 04:00:00,75.38,75.38,75.06,75.19,1380.0
2025-01-02 08:00:00,75.2,76.05,75.07,76.04,3677.0
2025-01-02 12:00:00,76.03,76.6,75.83,76.6,4170.0
2025-01-02 16:00:00,76.59,76.89,76.23,76.31,6497.0
2025-01-02 20:00:00,76.31,76.53,76.16,76.19,1912.0
2025-01-03 00:00:00,76.38,76.59,76.31,76.39,724.0
2025-01-03 04:00:00,76.4,76.53,76.24,76.26,1568.0
2025-01-03 08:00:00,76.25,76.36,75.86,75.93,2614.0
2025-01-03 12:00:00,75.92,76.6,75.86,76.49,3958.0
2025-01-03 16:00:00,76.5,77.07,76.5,76.89,4551.0
2025-01-03 20:00:00,76.88,77.0,76.77,76.89,1401.0
2025-01-06 00:00:00,76.97,76.97,76.75,76.79,616.0
2025-01-06 04:00:00,76.8,76.82,76.43,76.58,1504.0
2025-01-06 08:00:00,76.57,76.89,76.37,76.79,2875.0
2025-01-06 12:00:00,76.78,77.69,76.7,77.66,5442.0
2025-01-06 16:00:00,77.68,77.79,76.24,76.39,5995.0
2025-01-06 20:00:00,76.39,76.73,76.37,76.47,1776.0
2025-01-07 00:00:00,76.46,76.55,76.37,76.49,648.0
2025-01-07 04:00:00,76.49,76.63,76.41,76.54,1571.0
2025-01-07 08:00:00,76.53,77.04,76.19,76.99,3895.0
2025-01-07 12:00:00,77.02,77.43,76.95,77.33,4714.0
2025-01-07 16:00:00,77.31,77.57,76.9,77.36,5387.0
2025-01-07 20:00:00,77.33,77.53,77.24,77.41,1532.0
2025-01-08 00:00:00,77.69,77.7,77.5,77.57,375.0
2025-01-08 04:00:00,77.56,77.92,77.51,77.68,1424.0
2025-01-08 08:00:00,77.67,78.16,77.24,77.32,3696.0
2025-01-08 12:00:00,77.32,77.81,77.12,77.45,5430.0
2025-01-08 16:00:00,77.45,77.58,76.3,76.36,6824.0
2025-01-08 20:00:00,76.37,76.6,76.34,76.43,1782.0
2025-01-09 00:00:00,76.02,76.24,76.02,76.22,559.0
2025-01-09 04:00:00,76.23,76.56,76.21,76.53,1615.0
2025-01-09 08:00:00,76.52,76.61,76.16,76.55,3756.0
2025-01-09 12:00:00,76.54,77.01,76.47,76.86,3969.0
2025-01-09 16:00:00,76.85,77.49,76.84,77.26,3829.0
2025-01-09 20:00:00,77.26,77.49,77.11,77.46,1561.0
2025-01-10 00:00:00,77.35,77.46,77.27,77.33,604.0
2025-01-10 04:00:00,77.35,77.67,77.32,77.62,1392.0
2025-01-10 08:00:00,77.62,79.14,77.61,79.07,4786.0
2025-01-10 12:00:00,79.06,81.01,79.04,80.36,9478.0
2025-01-10 16:00:00,80.34,80.41,78.7,79.85,9706.0
2025-01-10 20:00:00,79.85,80.16,79.77,79.88,2256.0
2025-01-13 00:00:00,81.43,81.52,81.14,81.27,854.0
2025-01-13 04:00:00,81.27,81.62,81.1,81.49,3120.0
2025-01-13 08:00:00,81.5,81.9,80.75,81.31,7289.0
2025-01-13 12:00:00,81.33,81.67,80.58,80.87,8058.0
2025-01-13 16:00:00,80.86,81.64,80.63,81.11,8437.0
2025-01-13 20:00:00,81.12,81.45,80.99,81.07,2715.0
2025-01-14 00:00:00,81.01,81.06,80.7,80.83,859.0
2025-01-14 04:00:00,80.83,81.0,80.58,80.69,2245.0
2025-01-14 08:00:00,80.7,81.36,80.43,80.54,5953.0
2025-01-14 12:00:00,80.55,81.11,80.22,80.31,7352.0
2025-01-14 16:00:00,80.31,80.74,80.08,80.27,8189.0
2025-01-14 20:00:00,80.26,80.67,80.09,80.48,2429.0
2025-01-15 00:00:00,80.16,80.16,79.96,80.07,930.0
2025-01-15 04:00:00,80.07,80.67,80.01,80.58,2411.0
2025-01-15 08:00:00,80.57,80.84,79.82,80.2,5770.0
2025-01-15 12:00:00,80.13,81.26,80.1,81.25,6778.0
2025-01-15 16:00:00,81.26,82.09,80.9,82.03,8751.0
2025-01-15 20:00:00,82.02,82.83,82.0,82.57,3504.0
2025-01-16 00:00:00,82.33,82.58,82.23,82.47,1084.0
2025-01-16 04:00:00,82.46,82.67,82.2,82.43,3450.0
2025-01-16 08:00:00,82.43,82.5,81.78,81.85,5515.0
2025-01-16 12:00:00,81.84,82.2,81.21,81.87,6940.0
2025-01-16 16:00:00,81.86,81.89,80.57,81.21,10165.0
2025-01-16 20:00:00,81.22,81.62,81.05,81.45,2458.0
2025-01-17 00:00:00,81.71,81.83,81.66,81.77,637.0
2025-01-17 04:00:00,81.77,82.06,81.73,81.75,2353.0
2025-01-17 08:00:00,81.76,82.1,81.37,81.69,5855.0
2025-01-17 12:00:00,81.7,81.89,80.73,81.2,7529.0
2025-01-17 16:00:00,81.21,81.44,80.73,81.09,7572.0
2025-01-17 20:00:00,81.08,81.31,80.77,80.94,2305.0
2025-01-20 00:00:00,80.96,80.99,80.75,80.84,1053.0
2025-01-20 04:00:00,80.83,80.99,80.47,80.64,2029.0
2025-01-20 08:00:00,80.63,80.87,80.27,80.49,4355.0
2025-01-20 12:00:00,80.5,81.07,79.57,79.9,7006.0
2025-01-20 16:00:00,79.9,80.39,79.59,80.08,5921.0
2025-01-20 20:00:00,80.07,80.14,79.92,79.98,597.0
2025-01-21 00:00:00,80.13,80.59,80.12,80.32,1350.0
2025-01-21 04:00:00,80.31,80.4,79.93,79.96,2382.0
2025-01-21 08:00:00,79.97,80.09,79.02,79.04,5642.0
2025-01-21 12:00:00,79.01,79.41,78.58,79.23,7123.0
2025-01-21 16:00:00,79.24,79.75,79.06,79.26,6866.0
2025-01-21 20:00:00,79.27,79.68,79.04,79.53,2059.0
2025-01-22 00:00:00,79.41,79.43,79.26,79.39,610.0
2025-01-22 04:00:00,79.38,79.52,79.06,79.09,1614.0
2025-01-22 08:00:00,79.1,79.98,78.92,79.92,4744.0
2025-01-22 12:00:00,79.93,80.01,78.96,78.99,5548.0
2025-01-22 16:00:00,79.0,79.75,78.94,79.22,7969.0
2025-01-22 20:00:00,79.21,79.25,78.96,79.03,1530.0
2025-01-23 00:00:00,78.84,78.92,78.81,78.86,367.0
2025-01-23 04:00:00,78.86,78.92,78.69,78.74,1404.0
2025-01-23 08:00:00,78.74,79.4,78.69,79.18,3915.0
2025-01-23 12:00:00,79.18,79.65,79.06,79.61,5372.0
2025-01-23 16:00:00,79.62,79.69,78.14,78.45,9379.0
2025-01-23 20:00:00,78.44,78.53,77.87,77.95,2326.0
2025-01-24 00:00:00,78.13,78.38,78.1,78.36,756.0
2025-01-24 04:00:00,78.37,78.38,78.14,78.31,1718.0
2025-01-24 08:00:00,78.3,78.83,78.16,78.8,4051.0
2025-01-24 12:00:00,78.8,79.01,78.26,78.29,5156.0
2025-01-24 16:00:00,78.29,78.62,77.99,78.6,6693.0
2025-01-24 20:00:00,78.61,78.64,78.32,78.43,1777.0
2025-01-27 00:00:00,77.54,77.65,77.4,77.48,621.0
2025-01-27 04:00:00,77.47,77.92,77.41,77.68,838.0
2025-01-27 08:00:00,77.67,78.56,77.64,78.43,2013.0
2025-01-27 12:00:00,78.44,78.8,77.7,78.09,2712.0
2025-01-27 16:00:00,78.08,78.29,76.32,76.46,5165.0
2025-01-27 20:00:00,76.47,77.1,76.47,76.91,1877.0
2025-01-28 00:00:00,76.92,77.18,76.92,77.04,339.0
2025-01-28 04:00:00,77.03,77.39,76.92,77.33,1238.0
2025-01-28 08:00:00,77.32,77.7,77.2,77.25,1891.0
2025-01-28 12:00:00,77.23,77.89,77.16,77.57,2481.0
2025-01-28 16:00:00,77.59,77.98,76.71,76.79,4731.0
2025-01-28 20:00:00,76.79,77.43,76.73,77.34,2383.0
2025-01-29 00:00:00,77.32,77.38,77.17,77.18,180.0
2025-01-29 04:00:00,77.17,77.23,77.0,77.02,582.0
2025-01-29 08:00:00,77.03,77.43,76.46,76.55,1954.0
2025-01-29 12:00:00,76.54,77.09,76.4,76.83,1893.0
2025-01-29 16:00:00,76.84,77.3,76.31,76.34,4783.0
2025-01-29 20:00:00,76.35,76.67,76.13,76.62,2204.0
2025-01-30 00:00:00,76.51,76.53,76.4,76.53,173.0
2025-01-30 04:00:00,76.52,76.53,76.14,76.27,591.0
2025-01-30 08:00:00,76.28,76.37,75.72,75.81,1684.0
2025-01-30 12:00:00,75.8,76.49,75.76,76.11,2367.0
2025-01-30 16:00:00,76.12,77.24,76.08,76.59,4055.0
2025-01-30 20:00:00,76.6,77.34,76.52,76.91,2836.0
2025-01-31 00:00:00,76.8,77.08,76.76,76.89,330.0
2025-01-31 04:00:00,76.9,77.16,76.88,77.01,521.0
2025-01-31 08:00:00,77.0,77.05,76.32,76.43,1835.0
2025-01-31 12:00:00,76.42,76.83,76.2,76.67,2341.0
2025-01-31 16:00:00,76.68,76.84,75.87,76.23,5395.0
2025-01-31 20:00:00,76.25,77.08,76.19,76.79,3227.0
2025-02-03 00:00:00,76.78,76.97,76.7,76.76,565.0
2025-02-03 04:00:00,76.75,77.11,76.57,77.07,1346.0
2025-02-03 08:00:00,77.06,77.49,76.81,77.25,2923.0
2025-02-03 12:00:00,77.26,77.68,77.04,77.68,3473.0
2025-02-03 16:00:00,77.67,77.89,75.69,76.12,7999.0
2025-02-03 20:00:00,76.13,76.66,76.0,76.16,3078.0
2025-02-04 00:00:00,76.04,76.16,75.96,76.03,377.0
2025-02-04 04:00:00,76.04,76.24,75.66,75.67,1152.0
2025-02-04 08:00:00,75.66,75.97,75.41,75.7,2523.0
2025-02-04 12:00:00,75.69,75.93,75.1,75.17,3092.0
2025-02-04 16:00:00,75.15,77.27,74.75,76.76,6933.0
2025-02-04 20:00:00,76.77,77.18,76.28,76.69,2714.0
2025-02-05 00:00:00,76.79,76.92,76.57,76.65,1168.0
2025-02-05 04:00:00,76.64,76.67,76.35,76.62,900.0
2025-02-05 08:00:00,76.63,76.73,76.09,76.29,2059.0
2025-02-05 12:00:00,76.28,76.29,75.7,75.97,2565.0
2025-02-05 16:00:00,75.95,76.12,75.03,75.39,4773.0
2025-02-05 20:00:00,75.4,75.41,75.15,75.2,1537.0
2025-02-06 00:00:00,75.26,75.34,75.22,75.3,378.0
2025-02-06 04:00:00,75.29,75.42,75.21,75.4,730.0
2025-02-06 08:00:00,75.41,75.62,75.16,75.47,1710.0
2025-02-06 12:00:00,75.48,75.87,75.43,75.69,2295.0
2025-02-06 16:00:00,75.68,75.94,74.81,74.86,5588.0
2025-02-06 20:00:00,74.85,75.03,74.65,74.77,1771.0
2025-02-07 00:00:00,74.81,75.04,74.78,75.03,301.0
2025-02-07 04:00:00,75.04,75.28,75.02,75.15,757.0
2025-02-07 08:00:00,75.16,75.64,75.13,75.48,1893.0
2025-02-07 12:00:00,75.49,75.56,75.13,75.22,2364.0
2025-02-07 16:00:00,75.23,75.52,74.82,75.17,4641.0
2025-02-07 20:00:00,75.16,75.4,75.09,75.18,1482.0
2025-02-10 00:00:00,75.49,75.55,75.42,75.52,458.0
2025-02-10 04:00:00,75.53,75.74,75.5,75.59,770.0
2025-02-10 08:00:00,75.58,75.91,75.42,75.85,1562.0
2025-02-10 12:00:00,75.83,76.22,75.73,75.92,1725.0
2025-02-10 16:00:00,75.91,76.52,75.75,76.42,3482.0
2025-02-10 20:00:00,76.42,76.51,76.15,76.5,1279.0
2025-02-11 00:00:00,76.4,76.47,76.34,76.39,283.0
2025-02-11 04:00:00,76.38,76.7,76.34,76.67,853.0
2025-02-11 08:00:00,76.66,77.26,76.65,77.24,1757.0
2025-02-11 12:00:00,77.25,77.72,77.11,77.44,2298.0
2025-02-11 16:00:00,77.45,77.58,76.91,77.34,3989.0
2025-02-11 20:00:00,77.35,77.5,77.22,77.29,1564.0
2025-02-12 00:00:00,77.21,77.25,77.03,77.13,269.0
2025-02-12 04:00:00,77.14,77.26,77.08,77.1,640.0
2025-02-12 08:00:00,77.11,77.33,76.56,76.69,1808.0
2025-02-12 12:00:00,76.7,76.82,76.44,76.73,2283.0
2025-02-12 16:00:00,76.74,76.74,75.71,75.84,5149.0
2025-02-12 20:00:00,75.84,75.84,75.33,75.33,1836.0
2025-02-13 00:00:00,75.38,75.39,74.94,74.97,546.0
2025-02-13 04:00:00,74.96,75.01,74.75,74.83,846.0
2025-02-13 08:00:00,74.84,75.24,74.63,74.63,2408.0
2025-02-13 12:00:00,74.66,74.88,74.43,74.6,2244.0
2025-02-13 16:00:00,74.59,75.52,74.53,75.33,3842.0
2025-02-13 20:00:00,75.34,75.61,75.3,75.59,1537.0
2025-02-14 00:00:00,75.34,75.67,75.34,75.55,356.0
2025-02-14 04:00:00,75.54,75.62,75.45,75.54,680.0
2025-02-14 08:00:00,75.53,75.91,75.46,75.64,1746.0
2025-02-14 12:00:00,75.63,76.2,75.35,75.67,2513.0
2025-02-14 16:00:00,75.7,75.92,74.97,75.15,3834.0
2025-02-14 20:00:00,75.15,75.28,74.91,75.08,1506.0
2025-02-17 00:00:00,74.72,74.95,74.64,74.86,478.0
2025-02-17 04:00:00,74.87,75.23,74.81,75.13,953.0
2025-02-17 08:00:00,75.14,75.49,74.86,75.14,1904.0
2025-02-17 12:00:00,75.13,75.46,74.73,75.08,2224.0
2025-02-17 16:00:00,75.06,75.53,74.88,75.52,2004.0
2025-02-17 20:00:00,75.52,75.65,75.45,75.59,339.0
2025-02-18 00:00:00,75.5,75.54,75.34,75.35,300.0
2025-02-18 04:00:00,75.36,75.74,75.3,75.64,737.0
2025-02-18 08:00:00,75.66,76.14,75.51,75.82,1693.0
2025-02-18 12:00:00,75.81,76.31,75.15,75.25,2567.0
2025-02-18 16:00:00,75.24,76.04,75.2,75.75,3730.0
2025-02-18 20:00:00,75.74,76.14,75.59,76.02,1521.0
2025-02-19 00:00:00,76.07,76.28,76.02,76.21,422.0
2025-02-19 04:00:00,76.22,76.29,76.06,76.29,632.0
2025-02-19 08:00:00,76.28,76.7,76.24,76.65,1381.0
2025-02-19 12:00:00,76.64,76.8,76.38,76.66,1756.0
2025-02-19 16:00:00,76.68,77.05,76.37,76.43,3242.0
2025-02-19 20:00:00,76.42,76.46,76.13,76.28,1395.0
2025-02-20 00:00:00,76.27,76.31,75.96,76.0,318.0
2025-02-20 04:00:00,75.99,76.08,75.92,76.07,599.0
2025-02-20 08:00:00,76.08,76.5,76.0,76.38,1711.0
2025-02-20 12:00:00,76.39,76.74,76.23,76.67,1810.0
2025-02-20 16:00:00,76.67,77.34,76.54,77.02,3383.0
2025-02-20 20:00:00,77.01,77.23,76.59,76.78,1606.0
2025-02-21 00:00:00,76.84,76.92,76.56,76.58,317.0
2025-02-21 04:00:00,76.59,76.67,76.46,76.47,624.0
2025-02-21 08:00:00,76.46,76.55,76.07,76.26,1624.0
2025-02-21 12:00:00,76.25,76.4,75.82,76.26,1831.0
2025-02-21 16:00:00,76.25,76.25,75.05,75.11,3727.0
2025-02-21 20:00:00,75.11,75.14,74.43,74.47,1145.0
2025-02-24 00:00:00,74.49,74.59,74.31,74.53,438.0
2025-02-24 04:00:00,74.52,74.73,74.37,74.45,734.0
2025-02-24 08:00:00,74.44,74.63,74.24,74.47,1521.0
2025-02-24 12:00:00,74.48,74.88,74.4,74.46,1771.0
2025-02-24 16:00:00,74.45,75.0,74.42,74.8,3388.0
2025-02-24 20:00:00,74.79,74.97,74.71,74.93,1262.0
2025-02-25 00:00:00,74.77,75.11,74.75,75.09,356.0
2025-02-25 04:00:00,75.1,75.28,75.08,75.17,597.0
2025-02-25 08:00:00,75.18,75.18,74.7,74.71,1244.0
2025-02-25 12:00:00,74.72,74.92,74.2,74.21,1706.0
2025-02-25 16:00:00,74.22,74.49,72.72,72.87,4197.0
2025-02-25 20:00:00,72.88,73.22,72.79,73.1,1701.0
2025-02-26 00:00:00,73.09,73.28,73.07,73.2,220.0
2025-02-26 04:00:00,73.19,73.25,73.04,73.14,562.0
2025-02-26 08:00:00,73.12,73.31,72.89,73.01,1588.0
2025-02-26 12:00:00,73.0,73.09,72.71,72.77,2297.0
2025-02-26 16:00:00,72.74,73.13,72.42,72.72,4247.0
2025-02-26 20:00:00,72.71,72.83,72.45,72.75,1625.0
2025-02-27 00:00:00,72.7,72.82,72.64,72.76,344.0
2025-02-27 04:00:00,72.77,72.86,72.65,72.71,333.0
2025-02-27 08:00:00,72.72,73.25,72.51,73.25,1342.0
2025-02-27 12:00:00,73.24,73.74,73.14,73.3,2004.0
2025-02-27 16:00:00,73.29,74.23,73.24,73.92,3603.0
2025-02-27 20:00:00,73.91,74.14,73.74,73.81,1642.0
2025-02-28 00:00:00,73.76,73.83,73.67,73.67,294.0
2025-02-28 04:00:00,73.66,73.82,73.57,73.66,755.0
2025-02-28 08:00:00,73.67,73.68,73.22,73.34,1602.0
2025-02-28 12:00:00,73.34,73.38,73.04,73.21,1917.0
2025-02-28 16:00:00,73.2,73.48,72.78,73.36,3470.0
2025-02-28 20:00:00,73.35,73.73,73.14,73.54,1904.0
2025-03-03 00:00:00,73.83,74.02,73.81,73.96,311.0
2025-03-03 04:00:00,73.97,74.09,73.38,73.47,908.0
2025-03-03 08:00:00,73.46,73.48,72.76,72.79,1899.0
2025-03-03 12:00:00,72.78,73.8,72.78,73.61,2160.0
2025-03-03 16:00:00,73.6,73.8,72.78,73.07,4767.0
2025-03-03 20:00:00,73.06,73.08,71.58,71.87,4136.0
2025-03-04 00:00:00,71.72,71.73,71.43,71.46,589.0
2025-03-04 04:00:00,71.47,71.69,71.29,71.39,1040.0
2025-03-04 08:00:00,71.4,71.54,70.89,70.96,2331.0
2025-03-04 12:00:00,70.95,71.32,70.57,70.84,2982.0
2025-03-04 16:00:00,70.85,71.28,70.14,71.23,5599.0
2025-03-04 20:00:00,71.23,71.69,71.13,71.48,2618.0
2025-03-05 00:00:00,71.36,71.43,71.21,71.27,609.0
2025-03-05 04:00:00,71.31,71.35,70.98,71.18,1142.0
2025-03-05 08:00:00,71.19,71.54,70.86,70.88,2446.0
2025-03-05 12:00:00,70.89,70.93,70.1,70.1,3034.0
2025-03-05 16:00:00,70.09,70.14,68.69,69.59,5941.0
2025-03-05 20:00:00,69.6,69.84,69.36,69.72,2433.0
2025-03-06 00:00:00,69.81,70.12,69.77,70.09,426.0
2025-03-06 04:00:00,70.09,70.2,69.82,69.85,796.0
2025-03-06 08:00:00,69.86,70.24,69.43,69.88,2360.0
2025-03-06 12:00:00,69.9,70.21,69.56,69.81,2889.0
2025-03-06 16:00:00,69.85,70.2,69.09,69.74,6328.0
2025-03-06 20:00:00,69.74,70.04,69.69,69.75,2655.0
2025-03-07 00:00:00,69.73,69.97,69.64,69.89,397.0
2025-03-07 04:00:00,69.88,70.06,69.78,69.86,743.0
2025-03-07 08:00:00,69.87,70.78,69.81,70.76,2128.0
2025-03-07 12:00:00,70.77,71.1,70.6,70.61,2685.0
2025-03-07 16:00:00,70.6,71.74,70.42,70.57,6454.0
2025-03-07 20:00:00,70.58,70.96,70.38,70.74,1956.0
2025-03-10 00:00:00,70.16,70.5,70.14,70.35,706.0
2025-03-10 04:00:00,70.34,70.44,70.14,70.26,1001.0
2025-03-10 08:00:00,70.27,70.96,70.19,70.81,2381.0
2025-03-10 12:00:00,70.82,71.16,70.18,70.22,3069.0
2025-03-10 16:00:00,70.21,70.37,69.51,69.59,4465.0
2025-03-10 20:00:00,69.58,69.64,69.35,69.49,1281.0
2025-03-11 00:00:00,69.27,69.43,68.9,69.36,1021.0
2025-03-11 04:00:00,69.35,69.67,69.31,69.61,1040.0
2025-03-11 08:00:00,69.62,70.11,69.56,69.99,2073.0
2025-03-11 12:00:00,69.98,70.7,69.97,70.46,2964.0
2025-03-11 16:00:00,70.42,70.57,69.79,69.83,4455.0
2025-03-11 20:00:00,69.82,70.27,69.63,70.17,1676.0
2025-03-12 00:00:00,70.23,70.29,70.03,70.22,543.0
2025-03-12 04:00:00,70.23,70.39,70.16,70.18,685.0
2025-03-12 08:00:00,70.19,70.31,69.74,70.29,1991.0
2025-03-12 12:00:00,70.3,70.97,70.27,70.76,3002.0
2025-03-12 16:00:00,70.74,71.37,70.7,71.17,3852.0
2025-03-12 20:00:00,71.15,71.31,71.13,71.24,874.0
2025-03-13 00:00:00,71.15,71.23,71.05,71.07,522.0
2025-03-13 04:00:00,71.08,71.35,71.04,71.05,735.0
2025-03-13 08:00:00,71.06,71.5,70.82,70.82,2155.0
2025-03-13 12:00:00,70.83,71.14,70.53,70.63,2697.0
2025-03-13 16:00:00,70.62,70.88,69.98,70.0,4552.0
2025-03-13 20:00:00,69.99,70.35,69.95,70.32,1281.0
2025-03-14 00:00:00,70.35,70.43,70.21,70.42,556.0
2025-03-14 04:00:00,70.43,70.68,70.39,70.62,696.0
2025-03-14 08:00:00,70.61,70.98,70.51,70.87,1660.0
2025-03-14 12:00:00,70.86,70.88,70.2,70.55,2711.0
2025-03-14 16:00:00,70.53,70.88,70.18,70.69,3131.0
2025-03-14 20:00:00,70.7,70.88,70.7,70.82,670.0
2025-03-17 00:00:00,71.22,71.99,71.22,71.55,974.0
2025-03-17 04:00:00,71.54,71.56,71.13,71.25,861.0
2025-03-17 08:00:00,71.23,71.56,71.15,71.49,1762.0
2025-03-17 12:00:00,71.5,71.79,71.32,71.47,2218.0
2025-03-17 16:00:00,71.48,71.49,70.89,71.42,3350.0
2025-03-17 20:00:00,71.42,71.52,71.17,71.18,1037.0
2025-03-18 00:00:00,71.1,71.42,71.08,71.4,556.0
2025-03-18 04:00:00,71.4,71.65,71.35,71.65,664.0
2025-03-18 08:00:00,71.64,72.31,71.58,72.28,1517.0
2025-03-18 12:00:00,72.27,72.37,71.64,71.67,2437.0
2025-03-18 16:00:00,71.66,71.67,70.54,70.82,4056.0
2025-03-18 20:00:00,70.81,70.93,70.46,70.56,1200.0
2025-03-19 00:00:00,70.59,70.65,70.4,70.41,644.0
2025-03-19 04:00:00,70.42,70.6,70.37,70.4,758.0
2025-03-19 08:00:00,70.41,70.59,70.06,70.34,1853.0
2025-03-19 12:00:00,70.33,70.88,70.31,70.72,2243.0
2025-03-19 16:00:00,70.73,71.4,70.65,71.01,3420.0
2025-03-19 20:00:00,71.01,71.13,70.77,71.08,1281.0
2025-03-20 00:00:00,71.07,71.3,71.02,71.19,506.0
2025-03-20 04:00:00,71.2,71.37,71.18,71.28,647.0
2025-03-20 08:00:00,71.27,71.55,71.04,71.08,1553.0
2025-03-20 12:00:00,71.07,71.25,70.68,70.92,2480.0
2025-03-20 16:00:00,70.91,72.27,70.9,72.13,3583.0
2025-03-20 20:00:00,72.12,72.45,72.06,72.44,828.0
2025-03-21 00:00:00,72.51,72.63,72.41,72.43,591.0
2025-03-21 04:00:00,72.44,72.48,72.26,72.39,668.0
2025-03-21 08:00:00,72.4,72.48,71.9,71.98,1861.0
2025-03-21 12:00:00,71.99,72.02,71.65,71.82,2606.0
2025-03-21 16:00:00,71.81,72.38,71.81,72.25,2998.0
2025-03-21 20:00:00,72.24,72.37,72.17,72.2,558.0
2025-03-24 00:00:00,72.33,72.38,71.9,71.92,564.0
2025-03-24 04:00:00,71.91,72.13,71.89,72.09,667.0
2025-03-24 08:00:00,72.09,72.54,72.01,72.52,1720.0
2025-03-24 12:00:00,72.51,72.86,72.23,72.6,2085.0
2025-03-24 16:00:00,72.61,73.22,72.43,72.89,3056.0
2025-03-24 20:00:00,72.9,73.19,72.83,73.07,868.0
2025-03-25 00:00:00,73.06,73.1,72.93,72.95,406.0
2025-03-25 04:00:00,72.96,73.11,72.94,73.01,538.0
2025-03-25 08:00:00,73.0,73.46,72.76,73.45,1314.0
2025-03-25 12:00:00,73.46,73.54,73.28,73.48,1592.0
2025-03-25 16:00:00,73.47,73.5,72.51,72.87,3292.0
2025-03-25 20:00:00,72.86,73.24,72.84,73.19,817.0
2025-03-26 00:00:00,73.24,73.35,73.17,73.33,313.0
2025-03-26 04:00:00,73.32,73.35,73.12,73.25,529.0
2025-03-26 08:00:00,73.26,73.53,73.09,73.49,1397.0
2025-03-26 12:00:00,73.47,73.86,73.4,73.81,1916.0
2025-03-26 16:00:00,73.81,74.11,73.51,73.56,2687.0
2025-03-26 20:00:00,73.55,73.97,73.53,73.95,764.0
2025-03-27 00:00:00,73.77,73.84,73.68,73.74,438.0
2025-03-27 04:00:00,73.75,73.83,73.59,73.59,460.0
2025-03-27 08:00:00,73.61,73.63,73.23,73.42,1566.0
2025-03-27 12:00:00,73.41,73.67,73.13,73.56,2158.0
2025-03-27 16:00:00,73.55,73.89,73.36,73.8,2877.0
2025-03-27 20:00:00,73.78,73.97,73.75,73.95,683.0
2025-03-28 00:00:00,73.91,74.05,73.8,73.87,455.0
2025-03-28 04:00:00,73.86,74.0,73.61,73.7,808.0
2025-03-28 08:00:00,73.72,74.03,73.52,73.98,1257.0
2025-03-28 12:00:00,73.99,74.04,73.5,73.59,2029.0
2025-03-28 16:00:00,73.58,73.67,72.93,73.27,3501.0
2025-03-28 20:00:00,73.28,73.38,73.11,73.11,520.0
2025-03-31 00:00:00,73.37,73.43,72.8,72.86,366.0
2025-03-31 04:00:00,72.9,73.21,72.86,72.98,1345.0
2025-03-31 08:00:00,72.97,74.08,72.97,73.82,2182.0
2025-03-31 12:00:00,73.84,73.85,73.33,73.71,1844.0
2025-03-31 16:00:00,73.69,75.58,73.44,75.47,3857.0
2025-03-31 20:00:00,75.46,75.46,75.22,75.23,1360.0
2025-04-01 00:00:00,75.24,75.3,75.13,75.22,183.0
2025-04-01 04:00:00,75.25,75.54,75.17,75.49,997.0
2025-04-01 08:00:00,75.48,75.54,74.93,75.1,1843.0
2025-04-01 12:00:00,75.09,75.8,75.05,75.28,2036.0
2025-04-01 16:00:00,75.31,75.8,75.06,75.1,4247.0
2025-04-01 20:00:00,75.09,75.16,74.85,74.97,1367.0
2025-04-02 00:00:00,74.99,75.03,74.87,74.92,262.0
2025-04-02 04:00:00,74.93,75.11,74.84,74.99,877.0
2025-04-02 08:00:00,75.0,75.03,74.45,74.91,1762.0
2025-04-02 12:00:00,74.92,75.0,74.35,74.55,2032.0
2025-04-02 16:00:00,74.54,75.59,74.54,75.41,4694.0
2025-04-02 20:00:00,75.39,75.65,75.34,75.56,1595.0
2025-04-03 00:00:00,73.31,73.5,72.99,73.48,1024.0
2025-04-03 04:00:00,73.49,73.87,73.18,73.79,2451.0
2025-04-03 08:00:00,73.78,73.78,72.74,72.79,3237.0
2025-04-03 12:00:00,72.83,72.91,70.37,70.8,4635.0
2025-04-03 16:00:00,70.79,70.98,69.93,70.5,6501.0
2025-04-03 20:00:00,70.51,70.83,70.22,70.41,2154.0
2025-04-04 00:00:00,70.44,70.54,70.28,70.31,305.0
2025-04-04 04:00:00,70.3,70.36,69.71,69.76,1331.0
2025-04-04 08:00:00,69.77,70.07,67.99,68.01,3057.0
2025-04-04 12:00:00,68.0,68.61,64.58,65.68,9807.0
2025-04-04 16:00:00,65.66,67.14,64.43,65.94,9831.0
2025-04-04 20:00:00,65.95,66.9,65.57,66.73,3882.0
2025-04-07 00:00:00,63.83,64.03,63.37,63.98,997.0
2025-04-07 04:00:00,63.97,64.84,63.86,64.2,4714.0
2025-04-07 08:00:00,64.21,64.79,62.85,63.4,7155.0
2025-04-07 12:00:00,63.37,65.17,63.09,64.89,7917.0
2025-04-07 16:00:00,64.86,67.78,63.91,64.63,13142.0
2025-04-07 20:00:00,64.66,65.45,64.44,64.72,6414.0
2025-04-08 00:00:00,64.88,65.41,64.78,65.02,750.0
2025-04-08 04:00:00,65.01,65.53,64.82,65.53,2811.0
2025-04-08 08:00:00,65.54,65.54,64.0,64.73,5050.0
2025-04-08 12:00:00,64.72,65.09,64.43,64.9,5154.0
2025-04-08 16:00:00,64.87,65.47,63.29,63.43,9759.0
2025-04-08 20:00:00,63.45,63.92,61.68,62.19,6825.0
2025-04-09 00:00:00,61.53,61.73,60.48,60.54,990.0
2025-04-09 04:00:00,60.57,61.45,60.46,60.69,4420.0
2025-04-09 08:00:00,60.68,61.81,60.43,61.22,6598.0
2025-04-09 12:00:00,61.24,61.53,58.69,59.62,8504.0
2025-04-09 16:00:00,59.61,61.4,59.6,60.81,10160.0
2025-04-09 20:00:00,60.82,66.34,60.05,65.88,8419.0
2025-04-10 00:00:00,66.26,66.39,65.51,65.61,746.0
2025-04-10 04:00:00,65.62,65.69,64.79,65.06,3307.0
2025-04-10 08:00:00,65.08,65.59,63.62,63.67,5461.0
2025-04-10 12:00:00,63.68,64.44,63.48,63.65,5074.0
2025-04-10 16:00:00,63.63,64.04,62.3,63.12,10186.0
2025-04-10 20:00:00,63.11,64.06,62.78,63.94,5620.0
2025-04-11 00:00:00,63.34,63.64,63.22,63.41,980.0
2025-04-11 04:00:00,63.42,63.58,63.05,63.44,3057.0
2025-04-11 08:00:00,63.45,64.66,63.38,63.7,5367.0
2025-04-11 12:00:00,63.68,64.2,63.12,63.57,5736.0
2025-04-11 16:00:00,63.59,64.62,63.11,64.61,8295.0
2025-04-11 20:00:00,64.62,65.35,64.56,65.06,3487.0
2025-04-14 00:00:00,64.81,65.19,64.81,64.97,384.0
2025-04-14 04:00:00,64.94,64.99,64.65,64.83,1702.0
2025-04-14 08:00:00,64.84,65.49,64.77,65.48,2562.0
2025-04-14 12:00:00,65.47,66.13,65.33,65.87,2360.0
2025-04-14 16:00:00,65.83,65.83,64.28,64.51,5805.0
2025-04-14 20:00:00,64.5,65.28,64.39,65.19,2205.0
2025-04-15 00:00:00,65.2,65.45,65.19,65.33,210.0
2025-04-15 04:00:00,65.31,65.36,65.1,65.31,865.0
2025-04-15 08:00:00,65.32,65.62,64.84,65.03,2291.0
2025-04-15 12:00:00,65.02,65.17,64.47,64.6,2627.0
2025-04-15 16:00:00,64.61,65.39,64.44,64.74,5223.0
2025-04-15 20:00:00,64.75,65.16,64.69,65.06,1429.0
2025-04-16 00:00:00,65.01,65.05,64.88,64.95,225.0
2025-04-16 04:00:00,64.94,65.1,64.63,64.79,1166.0
2025-04-16 08:00:00,64.77,65.76,64.0,65.4,3846.0
2025-04-16 12:00:00,65.42,65.88,65.31,65.81,2674.0
2025-04-16 16:00:00,65.79,66.32,65.49,66.15,5042.0
2025-04-16 20:00:00,66.15,66.52,65.8,66.29,2625.0
2025-04-17 00:00:00,66.47,66.5,66.15,66.32,403.0
2025-04-17 04:00:00,66.33,66.83,66.2,66.79,1328.0
2025-04-17 08:00:00,66.78,66.97,66.34,66.65,1921.0
2025-04-17 12:00:00,66.64,67.12,66.39,66.95,2601.0
2025-04-17 16:00:00,66.92,68.32,66.64,68.26,5081.0
2025-04-17 20:00:00,68.26,68.34,67.71,67.79,2115.0
2025-04-21 00:00:00,67.22,67.51,67.15,67.19,318.0
2025-04-21 04:00:00,67.2,67.22,66.76,66.93,1670.0
2025-04-21 08:00:00,66.94,67.27,66.59,66.66,1737.0
2025-04-21 12:00:00,66.67,66.69,66.15,66.54,1892.0
2025-04-21 16:00:00,66.53,66.6,65.81,66.1,5051.0
2025-04-21 20:00:00,66.09,66.84,66.04,66.81,1766.0
2025-04-22 00:00:00,66.93,67.07,66.83,66.92,264.0
2025-04-22 04:00:00,66.9,67.17,66.66,66.77,1387.0
2025-04-22 08:00:00,66.76,67.5,66.67,67.2,2361.0
2025-04-22 12:00:00,67.21,67.47,67.03,67.22,2081.0
2025-04-22 16:00:00,67.23,68.16,66.79,68.09,4436.0
2025-04-22 20:00:00,68.09,68.11,67.32,67.41,2541.0
2025-04-23 00:00:00,68.1,68.27,67.91,68.22,440.0
2025-04-23 04:00:00,68.21,68.22,67.79,68.12,1240.0
2025-04-23 08:00:00,68.13,68.75,68.1,68.61,2063.0
2025-04-23 12:00:00,68.63,68.69,66.5,67.09,3469.0
2025-04-23 16:00:00,67.09,67.79,65.44,66.05,7757.0
2025-04-23 20:00:00,66.06,66.36,65.67,66.25,2430.0
2025-04-24 00:00:00,66.24,66.35,66.03,66.25,271.0
2025-04-24 04:00:00,66.27,66.47,66.14,66.27,1240.0
2025-04-24 08:00:00,66.26,66.91,66.09,66.51,2206.0
2025-04-24 12:00:00,66.52,67.16,66.26,66.8,2701.0
2025-04-24 16:00:00,66.81,67.12,65.99,66.79,5845.0
2025-04-24 20:00:00,66.79,66.85,66.46,66.59,1629.0
2025-04-25 00:00:00,66.7,66.98,66.68,66.9,221.0
2025-04-25 04:00:00,66.91,67.22,66.67,67.18,1192.0
2025-04-25 08:00:00,67.19,67.19,66.44,66.62,2336.0
2025-04-25 12:00:00,66.61,66.7,65.66,65.79,3310.0
2025-04-25 16:00:00,65.81,66.87,65.72,66.81,4450.0
2025-04-25 20:00:00,66.8,67.11,66.52,66.99,2252.0
2025-04-28 00:00:00,66.85,66.96,66.78,66.85,385.0
2025-04-28 04:00:00,66.87,67.08,66.57,66.99,1551.0
2025-04-28 08:00:00,67.0,67.19,66.59,66.61,2014.0
2025-04-28 12:00:00,66.62,66.71,66.28,66.57,2276.0
2025-04-28 16:00:00,66.56,66.76,65.2,65.27,5588.0
2025-04-28 20:00:00,65.26,65.75,65.15,65.64,1633.0
2025-04-29 00:00:00,65.58,65.61,65.41,65.48,258.0
2025-04-29 04:00:00,65.47,65.71,65.14,65.17,1469.0
2025-04-29 08:00:00,65.19,65.22,64.5,64.51,2446.0
2025-04-29 12:00:00,64.52,65.03,64.3,64.42,3133.0
2025-04-29 16:00:00,64.44,64.76,63.96,64.01,5317.0
2025-04-29 20:00:00,64.02,64.38,63.98,64.01,1982.0
2025-04-30 00:00:00,64.02,64.05,63.91,63.96,180.0
2025-04-30 04:00:00,63.95,64.17,63.31,63.4,1579.0
2025-04-30 08:00:00,63.41,63.55,62.94,63.14,2295.0
2025-04-30 12:00:00,63.15,63.83,63.14,63.26,2932.0
2025-04-30 16:00:00,63.22,63.67,61.57,61.67,7540.0
2025-04-30 20:00:00,61.66,62.68,61.65,61.82,3040.0
2025-05-01 00:00:00,62.02,62.11,61.89,61.94,361.0
2025-05-01 04:00:00,61.92,62.01,61.69,61.81,1004.0
2025-05-01 08:00:00,61.82,61.96,60.68,60.9,2120.0
2025-05-01 12:00:00,60.92,61.45,60.07,61.3,3479.0
2025-05-01 16:00:00,61.26,62.59,61.15,61.89,6910.0
2025-05-01 20:00:00,61.91,63.17,61.86,62.71,3122.0
2025-05-02 00:00:00,62.64,63.14,62.64,63.13,459.0
2025-05-02 04:00:00,63.14,63.49,63.12,63.33,1155.0
2025-05-02 08:00:00,63.35,63.35,62.51,62.53,2377.0
2025-05-02 12:00:00,62.52,62.88,62.19,62.86,3020.0
2025-05-02 16:00:00,62.83,62.97,61.43,61.76,6422.0
2025-05-02 20:00:00,61.75,62.33,61.57,62.31,2279.0
2025-05-05 00:00:00,59.64,60.01,59.5,59.77,458.0
2025-05-05 04:00:00,59.78,60.1,59.64,59.71,1615.0
2025-05-05 08:00:00,59.72,60.91,59.72,60.72,2869.0
2025-05-05 12:00:00,60.71,61.45,60.6,61.03,2894.0
2025-05-05 16:00:00,61.04,61.34,60.23,60.86,4999.0
2025-05-05 20:00:00,60.85,61.07,60.75,60.8,1755.0
2025-05-06 00:00:00,60.92,61.11,60.81,61.11,223.0
2025-05-06 04:00:00,61.1,61.9,61.1,61.87,2848.0
2025-05-06 08:00:00,61.86,62.43,61.73,62.39,2512.0
2025-05-06 12:00:00,62.4,62.66,62.01,62.41,2901.0
2025-05-06 16:00:00,62.42,63.45,62.32,62.78,4784.0
2025-05-06 20:00:00,62.79,63.13,62.66,62.8,1638.0
2025-05-07 00:00:00,63.28,63.37,63.14,63.36,392.0
2025-05-07 04:00:00,63.35,63.37,63.05,63.36,1687.0
2025-05-07 08:00:00,63.35,63.85,63.24,63.36,1924.0
2025-05-07 12:00:00,63.35,63.4,62.71,62.86,2505.0
2025-05-07 16:00:00,62.85,62.85,61.91,62.08,4568.0
2025-05-07 20:00:00,62.09,62.14,61.48,61.72,2138.0
2025-05-08 00:00:00,61.73,61.78,61.6,61.77,275.0
2025-05-08 04:00:00,61.75,62.24,61.74,62.11,1251.0
2025-05-08 08:00:00,62.1,62.34,61.74,62.33,2494.0
2025-05-08 12:00:00,62.34,62.79,62.2,62.42,2378.0
2025-05-08 16:00:00,62.41,63.56,62.34,63.52,4669.0
2025-05-08 20:00:00,63.51,63.6,63.37,63.55,1338.0
2025-05-09 00:00:00,63.65,63.65,63.47,63.5,266.0
2025-05-09 04:00:00,63.49,63.79,63.43,63.76,1483.0
2025-05-09 08:00:00,63.73,64.34,63.71,64.33,1811.0
2025-05-09 12:00:00,64.34,64.84,64.22,64.37,2066.0
2025-05-09 16:00:00,64.37,64.42,63.75,64.38,3881.0
2025-05-09 20:00:00,64.37,64.6,64.34,64.47,1239.0
2025-05-12 00:00:00,64.68,64.7,64.42,64.49,325.0
2025-05-12 04:00:00,64.52,64.84,64.39,64.84,1392.0
2025-05-12 08:00:00,64.84,66.82,64.78,66.06,3935.0
2025-05-12 12:00:00,66.05,66.9,66.05,66.73,2441.0
2025-05-12 16:00:00,66.74,66.76,65.52,65.74,3982.0
2025-05-12 20:00:00,65.71,65.74,65.19,65.32,1289.0
2025-05-13 00:00:00,65.36,65.38,65.15,65.19,194.0
2025-05-13 04:00:00,65.21,65.42,65.11,65.3,1126.0
2025-05-13 08:00:00,65.31,65.82,65.18,65.72,2139.0
2025-05-13 12:00:00,65.71,66.3,65.54,66.28,2005.0
2025-05-13 16:00:00,66.29,67.31,65.94,67.28,3622.0
2025-05-13 20:00:00,67.26,67.31,67.03,67.04,1201.0
2025-05-14 00:00:00,67.04,67.04,66.85,66.86,177.0
2025-05-14 04:00:00,66.87,66.91,66.6,66.7,1095.0
2025-05-14 08:00:00,66.69,67.06,66.62,66.8,1913.0
2025-05-14 12:00:00,66.79,66.91,66.19,66.47,1935.0
2025-05-14 16:00:00,66.5,66.97,66.39,66.8,3535.0
2025-05-14 20:00:00,66.79,66.89,66.2,66.2,1159.0
2025-05-15 00:00:00,65.72,65.76,65.49,65.53,360.0
2025-05-15 04:00:00,65.54,65.74,64.76,65.05,1903.0
2025-05-15 08:00:00,65.04,65.11,63.95,64.04,3490.0
2025-05-15 12:00:00,64.05,64.77,63.86,64.74,2666.0
2025-05-15 16:00:00,64.76,65.3,64.49,64.97,4766.0
2025-05-15 20:00:00,64.98,65.17,64.85,65.14,1415.0
2025-05-16 00:00:00,65.1,65.13,64.89,64.89,198.0
2025-05-16 04:00:00,64.9,65.63,64.84,65.26,1380.0
2025-05-16 08:00:00,65.25,65.26,64.57,64.7,2531.0
2025-05-16 12:00:00,64.69,65.37,64.62,65.32,2248.0
2025-05-16 16:00:00,65.31,65.95,64.97,65.79,3229.0
2025-05-16 20:00:00,65.78,65.95,65.65,65.66,1164.0
2025-05-19 00:00:00,65.81,65.81,65.67,65.71,312.0
2025-05-19 04:00:00,65.73,65.79,65.35,65.38,1546.0
2025-05-19 08:00:00,65.39,65.45,65.09,65.3,1998.0
2025-05-19 12:00:00,65.31,65.62,64.75,65.59,1914.0
2025-05-19 16:00:00,65.58,66.33,65.24,65.86,3814.0
2025-05-19 20:00:00,65.85,65.95,65.27,65.84,1908.0
2025-05-20 00:00:00,65.85,66.01,65.84,65.84,212.0
2025-05-20 04:00:00,65.82,65.91,65.58,65.59,1255.0
2025-05-20 08:00:00,65.6,66.28,65.29,65.73,2387.0
2025-05-20 12:00:00,65.76,65.87,65.42,65.65,2086.0
2025-05-20 16:00:00,65.67,65.99,65.17,65.91,3525.0
2025-05-20 20:00:00,65.92,66.03,65.57,65.95,1432.0
2025-05-21 00:00:00,66.51,66.7,66.41,66.54,695.0
2025-05-21 04:00:00,66.53,66.89,66.36,66.71,1601.0
2025-05-21 08:00:00,66.73,66.77,66.21,66.42,2259.0
2025-05-21 12:00:00,66.41,66.72,66.03,66.4,2151.0
2025-05-21 16:00:00,66.42,66.42,64.93,65.52,4221.0
2025-05-21 20:00:00,65.51,65.66,64.88,64.89,2170.0
2025-05-22 00:00:00,64.92,64.94,64.74,64.81,296.0
2025-05-22 04:00:00,64.8,65.19,64.69,65.16,1290.0
2025-05-22 08:00:00,65.17,65.26,63.9,64.34,3269.0
2025-05-22 12:00:00,64.35,64.46,63.76,64.04,2970.0
2025-05-22 16:00:00,64.06,64.67,63.96,64.63,4417.0
2025-05-22 20:00:00,64.6,64.77,64.37,64.39,1347.0
2025-05-23 00:00:00,64.22,64.37,64.19,64.35,240.0
2025-05-23 04:00:00,64.34,64.42,64.11,64.21,965.0
2025-05-23 08:00:00,64.22,64.4,64.03,64.17,2246.0
2025-05-23 12:00:00,64.16,64.85,63.51,63.87,3707.0
2025-05-23 16:00:00,63.86,65.22,63.69,64.84,5196.0
2025-05-23 20:00:00,64.84,65.21,64.78,65.05,1541.0
2025-05-26 00:00:00,65.29,65.41,65.14,65.14,362.0
2025-05-26 04:00:00,65.13,65.22,64.89,65.15,1369.0
2025-05-26 08:00:00,65.14,65.39,64.94,65.2,1716.0
2025-05-26 12:00:00,65.24,65.3,64.66,64.85,1305.0
2025-05-26 16:00:00,64.86,65.02,64.61,64.84,1696.0
2025-05-26 20:00:00,64.84,64.9,64.8,64.89,97.0
2025-05-27 00:00:00,64.79,65.03,64.68,65.02,238.0
2025-05-27 04:00:00,65.0,65.05,64.54,64.57,1090.0
2025-05-27 08:00:00,64.58,65.04,64.41,64.91,2323.0
2025-05-27 12:00:00,64.9,65.18,64.33,64.59,2307.0
2025-05-27 16:00:00,64.57,64.67,63.64,64.1,4066.0
2025-05-27 20:00:00,64.09,64.36,63.93,64.36,1359.0
2025-05-28 00:00:00,64.55,64.74,64.55,64.67,187.0
2025-05-28 04:00:00,64.65,64.74,64.47,64.52,960.0
2025-05-28 08:00:00,64.54,64.69,64.17,64.34,1746.0
2025-05-28 12:00:00,64.31,65.06,64.28,65.04,1572.0
2025-05-28 16:00:00,65.03,65.72,64.84,65.3,3828.0
2025-05-28 20:00:00,65.31,65.34,64.64,64.71,1225.0
2025-05-29 00:00:00,65.35,65.64,65.28,65.64,523.0
2025-05-29 04:00:00,65.63,65.85,65.51,65.85,1433.0
2025-05-29 08:00:00,65.84,66.14,65.56,65.64,1786.0
2025-05-29 12:00:00,65.65,65.85,64.59,64.68,2222.0
2025-05-29 16:00:00,64.69,64.79,63.77,63.99,4231.0
2025-05-29 20:00:00,64.0,64.1,63.88,63.99,1213.0
2025-05-30 00:00:00,63.93,64.01,63.75,63.83,216.0
2025-05-30 04:00:00,63.82,63.83,63.55,63.74,1271.0
2025-05-30 08:00:00,63.73,64.31,63.59,64.29,1965.0
2025-05-30 12:00:00,64.28,64.71,62.97,63.2,2929.0
2025-05-30 16:00:00,63.17,63.81,62.71,63.03,5039.0
2025-05-30 20:00:00,63.02,63.58,63.0,63.34,2230.0
2025-06-02 00:00:00,64.45,64.67,64.41,64.67,369.0
2025-06-02 04:00:00,64.66,65.06,64.61,64.78,1325.0
2025-06-02 08:00:00,64.79,65.3,64.64,65.25,2603.0
2025-06-02 12:00:00,65.26,66.11,65.07,65.94,2594.0
2025-06-02 16:00:00,65.95,66.28,65.07,65.66,4654.0
2025-06-02 20:00:00,65.67,65.7,64.94,65.7,1821.0
2025-06-03 00:00:00,65.74,65.81,65.56,65.56,244.0
2025-06-03 04:00:00,65.58,65.89,65.35,65.38,1817.0
2025-06-03 08:00:00,65.4,65.78,65.24,65.35,1952.0
2025-06-03 12:00:00,65.34,66.02,65.06,65.76,2144.0
2025-06-03 16:00:00,65.78,66.45,65.51,66.36,3483.0
2025-06-03 20:00:00,66.37,66.51,66.05,66.13,1347.0
2025-06-04 00:00:00,66.05,66.12,65.99,66.03,216.0
2025-06-04 04:00:00,66.02,66.15,65.89,65.9,894.0
2025-06-04 08:00:00,65.89,66.33,65.85,66.03,1492.0
2025-06-04 12:00:00,66.02,66.48,65.66,65.79,1815.0
2025-06-04 16:00:00,65.81,66.49,64.8,65.24,5518.0
2025-06-04 20:00:00,65.23,65.61,65.22,65.43,1379.0
2025-06-05 00:00:00,65.27,65.32,65.14,65.25,137.0
2025-06-05 04:00:00,65.23,65.43,65.14,65.23,649.0
2025-06-05 08:00:00,65.22,65.76,65.18,65.65,1279.0
2025-06-05 12:00:00,65.64,66.13,65.41,66.1,1701.0
2025-06-05 16:00:00,66.12,66.36,65.73,65.77,3532.0
2025-06-05 20:00:00,65.77,65.93,65.72,65.81,1194.0
2025-06-06 00:00:00,65.73,65.78,65.66,65.77,166.0
2025-06-06 04:00:00,65.76,65.79,65.59,65.65,716.0
2025-06-06 08:00:00,65.64,65.79,65.31,65.64,1421.0
2025-06-06 12:00:00,65.63,66.15,65.47,66.11,1537.0
2025-06-06 16:00:00,66.12,67.17,66.0,66.98,3664.0
2025-06-06 20:00:00,66.98,67.12,66.77,66.99,1033.0
2025-06-09 00:00:00,66.91,66.95,66.84,66.87,162.0
2025-06-09 04:00:00,66.86,66.93,66.79,66.84,978.0
2025-06-09 08:00:00,66.85,67.03,66.51,66.96,1395.0
2025-06-09 12:00:00,66.97,67.45,66.93,67.3,1282.0
2025-06-09 16:00:00,67.31,67.51,66.75,67.2,2817.0
2025-06-09 20:00:00,67.2,67.57,67.09,67.47,959.0
2025-06-10 00:00:00,67.53,67.61,67.5,67.57,150.0
2025-06-10 04:00:00,67.58,67.81,67.51,67.64,976.0
2025-06-10 08:00:00,67.63,67.72,67.37,67.67,1868.0
2025-06-10 12:00:00,67.68,67.98,67.53,67.67,1482.0
2025-06-10 16:00:00,67.7,68.41,67.6,67.69,3113.0
2025-06-10 20:00:00,67.68,67.7,66.9,67.16,1654.0
2025-06-11 00:00:00,67.01,67.02,66.87,66.95,218.0
2025-06-11 04:00:00,66.97,67.19,66.95,67.17,1033.0
2025-06-11 08:00:00,67.19,67.48,67.08,67.32,1593.0
2025-06-11 12:00:00,67.31,68.57,66.9,68.45,3071.0
2025-06-11 16:00:00,68.44,68.85,68.15,68.76,3822.0
2025-06-11 20:00:00,68.75,70.38,68.68,69.93,3370.0
2025-06-12 00:00:00,70.6,70.64,70.1,70.16,925.0
2025-06-12 04:00:00,70.15,70.28,69.61,69.87,2352.0
2025-06-12 08:00:00,69.86,69.91,69.22,69.5,2775.0
2025-06-12 12:00:00,69.49,69.53,68.75,69.19,2730.0
2025-06-12 16:00:00,69.18,70.23,68.96,69.95,5735.0
2025-06-12 20:00:00,69.96,70.14,69.63,70.0,1898.0
2025-06-13 00:00:00,71.24,75.69,71.13,74.85,3177.0
2025-06-13 04:00:00,74.83,78.91,74.25,75.12,9219.0
2025-06-13 08:00:00,75.13,75.83,72.58,74.59,7902.0
2025-06-13 12:00:00,74.57,76.06,74.05,75.26,6798.0
2025-06-13 16:00:00,75.25,75.39,73.32,73.89,8312.0
2025-06-13 20:00:00,73.91,75.6,73.85,74.62,5309.0
2025-06-16 00:00:00,75.74,75.82,75.16,75.34,773.0
2025-06-16 04:00:00,75.33,75.57,74.53,75.23,3157.0
2025-06-16 08:00:00,75.22,75.32,73.91,73.96,4383.0
2025-06-16 12:00:00,73.97,74.35,72.95,73.22,4216.0
2025-06-16 16:00:00,73.21,74.01,71.02,73.46,8660.0
2025-06-16 20:00:00,73.48,73.65,72.89,73.2,3020.0
2025-06-17 00:00:00,75.12,75.13,73.85,73.96,1486.0
2025-06-17 04:00:00,73.97,75.04,73.44,74.11,4205.0
2025-06-17 08:00:00,74.12,74.78,72.95,74.54,4441.0
2025-06-17 12:00:00,74.55,75.3,74.21,74.84,4181.0
2025-06-17 16:00:00,74.81,76.14,74.36,75.69,7723.0
2025-06-17 20:00:00,75.68,77.21,75.58,76.78,3369.0
2025-06-18 00:00:00,77.17,77.17,76.72,76.98,704.0
2025-06-18 04:00:00,76.96,77.18,76.54,76.79,2346.0
2025-06-18 08:00:00,76.8,76.86,75.77,75.84,4810.0
2025-06-18 12:00:00,75.85,77.22,75.59,76.96,4894.0
2025-06-18 16:00:00,76.97,77.74,74.73,76.27,8955.0
2025-06-18 20:00:00,76.26,77.36,75.68,76.61,3946.0
2025-06-19 00:00:00,76.64,76.8,76.15,76.2,434.0
2025-06-19 04:00:00,76.19,77.04,75.94,76.83,2061.0
2025-06-19 08:00:00,76.82,77.92,76.8,77.21,4148.0
2025-06-19 12:00:00,77.21,78.08,76.85,77.86,3539.0
2025-06-19 16:00:00,77.84,79.3,77.74,79.13,6372.0
2025-06-19 20:00:00,79.14,79.14,78.64,79.02,580.0
2025-06-20 00:00:00,77.61,77.64,77.19,77.62,848.0
2025-06-20 04:00:00,77.65,77.75,76.96,77.43,2623.0
2025-06-20 08:00:00,77.42,77.74,76.51,77.38,4266.0
2025-06-20 12:00:00,77.36,77.7,75.8,76.65,4497.0
2025-06-20 16:00:00,76.72,77.17,76.24,76.93,6332.0
2025-06-20 20:00:00,76.93,77.57,76.57,77.47,2997.0
2025-06-23 00:00:00,79.09,79.51,78.98,79.28,878.0
2025-06-23 04:00:00,79.27,79.43,78.24,78.24,3391.0
2025-06-23 08:00:00,78.23,78.54,76.52,77.11,4817.0
2025-06-23 12:00:00,77.12,78.28,76.74,77.13,4214.0
2025-06-23 16:00:00,77.15,77.83,75.12,75.7,8587.0
2025-06-23 20:00:00,75.71,75.74,71.44,71.48,6887.0
2025-06-24 00:00:00,68.87,69.99,68.84,69.52,1543.0
2025-06-24 04:00:00,69.49,70.84,69.49,70.22,4481.0
2025-06-24 08:00:00,70.24,70.32,68.15,69.6,6436.0
2025-06-24 12:00:00,69.59,70.18,68.75,69.18,4803.0
2025-06-24 16:00:00,69.17,69.73,67.33,67.51,7231.0
2025-06-24 20:00:00,67.5,68.3,67.5,68.14,2469.0
2025-06-25 00:00:00,68.28,68.36,68.18,68.22,238.0
2025-06-25 04:00:00,68.27,68.53,68.24,68.31,1504.0
2025-06-25 08:00:00,68.32,68.8,68.19,68.4,2824.0
2025-06-25 12:00:00,68.39,68.44,67.57,68.08,2655.0
2025-06-25 16:00:00,68.04,68.87,67.77,68.54,5327.0
2025-06-25 20:00:00,68.55,68.67,67.74,68.04,2161.0
2025-06-26 00:00:00,67.86,67.98,67.72,67.93,172.0
2025-06-26 04:00:00,67.94,68.25,67.89,68.08,1137.0
2025-06-26 08:00:00,68.07,68.41,67.67,67.72,2154.0
2025-06-26 12:00:00,67.71,68.29,67.55,67.9,2596.0
2025-06-26 16:00:00,67.89,69.12,67.84,68.8,4826.0
2025-06-26 20:00:00,68.79,68.81,67.8,68.21,2235.0
2025-06-27 00:00:00,68.14,68.21,68.08,68.19,141.0
2025-06-27 04:00:00,68.2,68.48,68.2,68.38,1031.0
2025-06-27 08:00:00,68.39,68.61,68.29,68.53,2054.0
2025-06-27 12:00:00,68.55,68.59,68.0,68.2,1974.0
2025-06-27 16:00:00,68.24,68.59,67.41,67.86,4480.0
2025-06-27 20:00:00,67.85,68.25,67.69,67.74,1741.0
2025-06-30 00:00:00,67.32,67.36,67.09,67.24,223.0
2025-06-30 04:00:00,67.23,67.86,67.22,67.8,1288.0
2025-06-30 08:00:00,67.79,68.38,67.59,68.05,1845.0
2025-06-30 12:00:00,68.04,68.22,67.69,67.97,2140.0
2025-06-30 16:00:00,67.98,68.09,67.43,67.94,3842.0
2025-06-30 20:00:00,67.93,68.01,67.67,67.82,1357.0
2025-07-01 00:00:00,67.73,67.77,67.64,67.71,130.0
2025-07-01 04:00:00,67.73,67.75,67.48,67.58,661.0
2025-07-01 08:00:00,67.57,68.11,67.52,67.88,1857.0
2025-07-01 12:00:00,67.87,68.65,67.66,68.52,2145.0
2025-07-01 16:00:00,68.51,68.56,67.81,68.37,3955.0
2025-07-01 20:00:00,68.37,68.54,68.17,68.52,1188.0
2025-07-02 00:00:00,68.28,68.39,68.2,68.2,156.0
2025-07-02 04:00:00,68.22,68.36,68.17,68.31,643.0
2025-07-02 08:00:00,68.3,68.6,68.05,68.55,1788.0
2025-07-02 12:00:00,68.54,69.22,68.49,68.88,1792.0
2025-07-02 16:00:00,68.85,69.63,68.28,69.63,3941.0
2025-07-02 20:00:00,69.65,70.35,69.61,70.05,1940.0
2025-07-03 00:00:00,70.07,70.1,69.93,69.93,147.0
2025-07-03 04:00:00,69.95,69.95,69.51,69.72,980.0
2025-07-03 08:00:00,69.71,69.83,69.41,69.72,1942.0
2025-07-03 12:00:00,69.73,70.25,69.46,70.1,1873.0
2025-07-03 16:00:00,70.09,70.25,69.45,69.73,3949.0
2025-07-03 20:00:00,69.72,70.08,69.71,70.03,1316.0
2025-07-04 00:00:00,69.92,69.95,69.8,69.9,119.0
2025-07-04 04:00:00,69.89,69.94,69.47,69.71,704.0
2025-07-04 08:00:00,69.7,69.84,69.27,69.32,1673.0
2025-07-04 12:00:00,69.33,69.45,68.8,69.26,1714.0
2025-07-04 16:00:00,69.27,69.53,69.05,69.38,2269.0
2025-07-04 20:00:00,69.36,69.63,69.36,69.55,173.0
2025-07-07 00:00:00,68.58,68.64,68.26,68.64,351.0
2025-07-07 04:00:00,68.63,68.98,68.27,68.91,1291.0
2025-07-07 08:00:00,68.91,69.66,68.83,69.56,2182.0
2025-07-07 12:00:00,69.55,69.92,69.38,69.77,1902.0
2025-07-07 16:00:00,69.75,70.54,69.64,70.34,3862.0
2025-07-07 20:00:00,70.35,70.9,69.97,70.58,2083.0
2025-07-08 00:00:00,70.39,70.4,70.15,70.2,199.0
2025-07-08 04:00:00,70.19,70.32,69.97,70.17,978.0
2025-07-08 08:00:00,70.18,70.52,70.02,70.09,1926.0
2025-07-08 12:00:00,70.1,70.63,70.02,70.56,1650.0
2025-07-08 16:00:00,70.6,71.41,70.23,71.4,3592.0
2025-07-08 20:00:00,71.39,71.61,71.02,71.04,1486.0
2025-07-09 00:00:00,70.81,70.91,70.72,70.88,142.0
2025-07-09 04:00:00,70.89,70.97,70.77,70.85,931.0
2025-07-09 08:00:00,70.84,71.59,70.77,71.57,1528.0
2025-07-09 12:00:00,71.58,71.58,70.9,71.06,1882.0
2025-07-09 16:00:00,71.07,71.44,70.5,71.38,3925.0
2025-07-09 20:00:00,71.39,71.49,70.94,70.99,1176.0
2025-07-10 00:00:00,70.86,70.86,70.75,70.81,145.0
2025-07-10 04:00:00,70.82,71.18,70.82,71.16,644.0
2025-07-10 08:00:00,71.15,71.26,70.66,70.79,1779.0
2025-07-10 12:00:00,70.8,71.3,70.2,70.53,2397.0
2025-07-10 16:00:00,70.54,70.59,69.41,69.63,4167.0
2025-07-10 20:00:00,69.62,69.82,69.37,69.74,1349.0
2025-07-11 00:00:00,69.65,69.72,69.45,69.46,351.0
2025-07-11 04:00:00,69.45,69.94,69.44,69.5,969.0
2025-07-11 08:00:00,69.49,69.99,69.34,69.4,1902.0
2025-07-11 12:00:00,69.41,70.29,69.37,70.09,2146.0
2025-07-11 16:00:00,70.08,71.31,70.03,71.06,3461.0
2025-07-11 20:00:00,71.06,71.39,71.02,71.39,1276.0
2025-07-14 00:00:00,71.25,71.25,71.09,71.21,215.0
2025-07-14 04:00:00,71.2,71.27,71.04,71.24,906.0
2025-07-14 08:00:00,71.2,71.97,71.03,71.64,2072.0
2025-07-14 12:00:00,71.63,72.22,71.45,71.7,1937.0
2025-07-14 16:00:00,71.72,71.72,70.02,70.21,4592.0
2025-07-14 20:00:00,70.21,70.28,69.78,69.86,1520.0
2025-07-15 00:00:00,69.8,69.8,69.62,69.65,143.0
2025-07-15 04:00:00,69.66,69.77,69.44,69.53,989.0
2025-07-15 08:00:00,69.55,69.78,69.23,69.54,2044.0
2025-07-15 12:00:00,69.56,70.05,69.43,69.76,2380.0
2025-07-15 16:00:00,69.77,70.02,69.23,69.23,4139.0
2025-07-15 20:00:00,69.24,69.49,69.23,69.45,1235.0
2025-07-16 00:00:00,69.58,69.6,69.49,69.57,125.0
2025-07-16 04:00:00,69.56,69.68,69.4,69.45,628.0
2025-07-16 08:00:00,69.47,69.67,69.05,69.14,1409.0
2025-07-16 12:00:00,69.13,69.21,68.51,68.73,1827.0
2025-07-16 16:00:00,68.74,69.11,68.3,69.04,4564.0
2025-07-16 20:00:00,69.03,69.47,68.96,69.36,1729.0
2025-07-17 00:00:00,69.31,69.55,69.31,69.48,130.0
2025-07-17 04:00:00,69.46,69.57,69.28,69.32,712.0
2025-07-17 08:00:00,69.31,69.34,68.86,69.04,1452.0
2025-07-17 12:00:00,69.05,69.53,68.83,69.17,2047.0
2025-07-17 16:00:00,69.19,69.96,68.93,69.91,3574.0
2025-07-17 20:00:00,69.92,70.18,69.72,70.13,1237.0
2025-07-18 00:00:00,70.06,70.18,70.0,70.14,138.0
2025-07-18 04:00:00,70.15,70.43,69.93,70.35,965.0
2025-07-18 08:00:00,70.34,70.83,70.12,70.51,2278.0
2025-07-18 12:00:00,70.52,71.3,70.39,70.87,2459.0
2025-07-18 16:00:00,70.84,71.06,69.75,69.8,4514.0
2025-07-18 20:00:00,69.82,69.94,69.66,69.73,1197.0
2025-07-21 00:00:00,69.74,69.84,69.65,69.78,139.0
2025-07-21 04:00:00,69.77,69.91,69.64,69.73,982.0
2025-07-21 08:00:00,69.75,70.02,69.25,69.3,1953.0
2025-07-21 12:00:00,69.33,69.68,69.13,69.34,1958.0
2025-07-21 16:00:00,69.37,69.53,68.83,69.15,3279.0
2025-07-21 20:00:00,69.14,69.64,69.12,69.37,1217.0
2025-07-22 00:00:00,69.46,69.47,69.29,69.33,131.0
2025-07-22 04:00:00,69.34,69.34,68.83,68.93,959.0
2025-07-22 08:00:00,68.94,69.34,68.66,68.88,2110.0
2025-07-22 12:00:00,68.87,69.39,68.83,68.97,2311.0
2025-07-22 16:00:00,68.96,69.08,68.5,68.78,4097.0
2025-07-22 20:00:00,68.77,69.27,68.63,69.15,1387.0
2025-07-23 00:00:00,69.22,69.3,69.14,69.27,222.0
2025-07-23 04:00:00,69.26,69.38,69.01,69.13,1324.0
2025-07-23 08:00:00,69.14,69.27,68.68,68.72,1880.0
2025-07-23 12:00:00,68.73,68.94,68.33,68.6,2136.0
2025-07-23 16:00:00,68.62,68.86,68.32,68.67,4012.0
2025-07-23 20:00:00,68.67,69.07,68.61,69.02,1304.0
2025-07-24 00:00:00,69.0,69.1,68.96,68.99,162.0
2025-07-24 04:00:00,68.98,69.12,68.89,69.11,861.0
2025-07-24 08:00:00,69.1,69.73,68.91,69.35,2299.0
2025-07-24 12:00:00,69.36,69.81,69.09,69.48,1932.0
2025-07-24 16:00:00,69.5,69.79,68.82,68.83,4427.0
2025-07-24 20:00:00,68.85,69.63,68.75,69.55,1511.0
2025-07-25 00:00:00,69.57,69.59,69.48,69.48,94.0
2025-07-25 04:00:00,69.49,69.82,69.41,69.5,1202.0
2025-07-25 08:00:00,69.49,69.99,69.48,69.6,1770.0
2025-07-25 12:00:00,69.61,69.87,69.44,69.83,1804.0
2025-07-25 16:00:00,69.87,69.87,68.73,68.85,3433.0
2025-07-25 20:00:00,68.86,68.99,68.56,68.57,1131.0
2025-07-28 00:00:00,68.7,68.81,68.7,68.81,118.0
2025-07-28 04:00:00,68.8,68.97,68.7,68.93,874.0
2025-07-28 08:00:00,68.94,69.2,68.71,69.17,1631.0
2025-07-28 12:00:00,69.16,69.94,69.03,69.89,1716.0
2025-07-28 16:00:00,69.86,70.49,69.76,70.08,3637.0
2025-07-28 20:00:00,70.09,70.65,69.92,70.62,1129.0
2025-07-29 00:00:00,70.42,70.45,70.36,70.4,113.0
2025-07-29 04:00:00,70.39,70.39,70.12,70.17,670.0
2025-07-29 08:00:00,70.16,70.74,70.09,70.73,1585.0
2025-07-29 12:00:00,70.71,70.75,70.22,70.73,1488.0
2025-07-29 16:00:00,70.72,71.33,70.62,71.2,2848.0
2025-07-29 20:00:00,71.19,73.16,71.11,72.79,2685.0
2025-07-30 00:00:00,72.57,72.73,72.57,72.68,283.0
2025-07-30 04:00:00,72.62,72.77,72.45,72.7,1063.0
2025-07-30 08:00:00,72.69,73.15,72.19,72.3,1976.0
2025-07-30 12:00:00,72.28,73.0,71.83,72.97,2497.0
2025-07-30 16:00:00,72.96,73.58,72.64,73.49,3707.0
2025-07-30 20:00:00,73.46,73.76,73.25,73.69,1825.0
2025-07-31 00:00:00,73.69,73.7,73.49,73.5,266.0
2025-07-31 04:00:00,73.51,73.51,73.09,73.11,902.0
2025-07-31 08:00:00,73.12,73.52,73.04,73.19,1842.0
2025-07-31 12:00:00,73.18,73.2,72.65,72.83,1798.0
2025-07-31 16:00:00,72.84,73.13,71.89,72.58,3796.0
2025-07-31 20:00:00,72.57,72.76,72.2,72.49,1473.0
2025-08-01 00:00:00,72.58,72.71,72.54,72.54,235.0
2025-08-01 04:00:00,72.55,72.83,72.42,72.74,952.0
2025-08-01 08:00:00,72.75,72.8,72.07,72.2,2194.0
2025-08-01 12:00:00,72.21,72.66,71.77,72.39,2894.0
2025-08-01 16:00:00,72.38,72.7,70.25,70.66,5928.0
2025-08-01 20:00:00,70.67,70.83,70.25,70.36,2017.0
2025-08-04 00:00:00,69.96,70.17,69.91,70.17,258.0
2025-08-04 04:00:00,70.16,70.31,69.89,70.19,1149.0
2025-08-04 08:00:00,70.2,70.72,69.45,69.53,1843.0
2025-08-04 12:00:00,69.52,69.75,68.74,68.75,2423.0
2025-08-04 16:00:00,68.79,70.11,68.72,69.5,4203.0
2025-08-04 20:00:00,69.52,69.64,69.2,69.32,1124.0
2025-08-05 00:00:00,69.47,69.55,69.38,69.4,115.0
2025-08-05 04:00:00,69.39,69.57,69.2,69.37,772.0
2025-08-05 08:00:00,69.36,69.55,68.99,69.1,1852.0
2025-08-05 12:00:00,69.11,69.17,68.39,68.53,2510.0
2025-08-05 16:00:00,68.54,68.92,68.21,68.45,4013.0
2025-08-05 20:00:00,68.47,68.73,68.25,68.33,1338.0
2025-08-06 00:00:00,68.43,68.49,68.4,68.48,99.0
2025-08-06 04:00:00,68.47,68.79,68.47,68.75,606.0
2025-08-06 08:00:00,68.74,69.31,68.62,69.23,1510.0
2025-08-06 12:00:00,69.24,69.47,68.93,69.28,1808.0
2025-08-06 16:00:00,69.3,69.84,67.87,68.51,5397.0
2025-08-06 20:00:00,68.53,68.55,66.86,67.28,2667.0
2025-08-07 00:00:00,67.49,67.87,67.49,67.86,224.0
2025-08-07 04:00:00,67.85,68.21,67.84,67.97,982.0
2025-08-07 08:00:00,67.96,68.1,67.32,67.74,2322.0
2025-08-07 12:00:00,67.76,68.29,67.71,67.85,2195.0
2025-08-07 16:00:00,67.86,67.89,67.06,67.38,3503.0
2025-08-07 20:00:00,67.38,67.42,66.89,66.91,1114.0
2025-08-08 00:00:00,66.97,67.03,66.94,67.02,140.0
2025-08-08 04:00:00,67.01,67.12,66.88,66.92,695.0
2025-08-08 08:00:00,66.93,67.3,66.39,67.29,2081.0
2025-08-08 12:00:00,67.28,67.66,67.08,67.36,1901.0
2025-08-08 16:00:00,67.38,67.79,66.12,67.37,4881.0
2025-08-08 20:00:00,67.35,67.68,66.94,67.02,1552.0
2025-08-11 00:00:00,66.69,66.73,66.3,66.37,248.0
2025-08-11 04:00:00,66.38,66.83,66.38,66.7,1064.0
2025-08-11 08:00:00,66.7,66.95,66.38,66.73,2015.0
2025-08-11 12:00:00,66.74,67.53,66.7,67.45,1632.0
2025-08-11 16:00:00,67.42,67.62,66.87,67.24,3505.0
2025-08-11 20:00:00,67.23,67.35,67.04,67.24,1199.0
2025-08-12 00:00:00,67.27,67.4,67.25,67.25,135.0
2025-08-12 04:00:00,67.26,67.48,67.08,67.46,814.0
2025-08-12 08:00:00,67.45,67.49,66.99,67.06,1663.0
2025-08-12 12:00:00,67.07,67.53,66.59,66.68,1944.0
2025-08-12 16:00:00,66.72,67.09,66.46,66.58,3184.0
2025-08-12 20:00:00,66.57,66.78,66.5,66.59,1177.0
2025-08-13 00:00:00,66.6,66.62,66.57,66.61,89.0
2025-08-13 04:00:00,66.59,66.69,66.42,66.64,765.0
2025-08-13 08:00:00,66.65,66.77,66.01,66.3,1592.0
2025-08-13 12:00:00,66.31,66.76,66.09,66.62,1716.0
2025-08-13 16:00:00,66.64,66.64,65.45,65.7,3415.0
2025-08-13 20:00:00,65.7,66.26,65.67,66.17,1295.0
2025-08-14 00:00:00,66.21,66.33,66.19,66.31,145.0
2025-08-14 04:00:00,66.3,66.4,66.16,66.31,759.0
2025-08-14 08:00:00,66.3,66.49,66.14,66.23,1820.0
2025-08-14 12:00:00,66.24,66.61,65.99,66.49,1709.0
2025-08-14 16:00:00,66.47,67.29,66.44,67.12,3036.0
2025-08-14 20:00:00,67.11,67.41,66.9,67.37,1187.0
2025-08-15 00:00:00,67.27,67.45,67.14,67.17,195.0
2025-08-15 04:00:00,67.18,67.29,67.02,67.06,734.0
2025-08-15 08:00:00,67.04,67.22,66.54,66.55,1519.0
2025-08-15 12:00:00,66.56,67.03,66.56,66.72,1609.0
2025-08-15 16:00:00,66.7,66.92,66.27,66.62,3337.0
2025-08-15 20:00:00,66.63,66.68,66.12,66.51,1271.0
2025-08-18 00:00:00,65.87,66.09,65.81,66.08,170.0
2025-08-18 04:00:00,66.09,66.22,65.79,66.15,1162.0
2025-08-18 08:00:00,66.17,66.54,65.94,66.19,1780.0
2025-08-18 12:00:00,66.2,66.63,66.14,66.25,1548.0
2025-08-18 16:00:00,66.23,66.52,65.61,66.5,3052.0
2025-08-18 20:00:00,66.5,67.12,66.46,66.84,1693.0
2025-08-19 00:00:00,66.76,66.82,66.72,66.75,121.0
2025-08-19 04:00:00,66.74,66.75,66.41,66.43,709.0
2025-08-19 08:00:00,66.39,66.65,66.13,66.14,1753.0
2025-08-19 12:00:00,66.13,66.42,66.0,66.16,2009.0
2025-08-19 16:00:00,66.16,66.49,65.93,66.04,2603.0
2025-08-19 20:00:00,66.04,66.28,65.89,66.18,1073.0
2025-08-20 00:00:00,66.3,66.36,66.28,66.35,76.0
2025-08-20 04:00:00,66.34,66.43,66.08,66.25,866.0
2025-08-20 08:00:00,66.24,66.96,66.23,66.88,1547.0
2025-08-20 12:00:00,66.86,66.89,66.38,66.8,1390.0
2025-08-20 16:00:00,66.78,67.3,66.45,67.16,3241.0
2025-08-20 20:00:00,67.16,67.31,66.97,67.25,1160.0
2025-08-21 00:00:00,67.19,67.27,67.16,67.17,130.0
2025-08-21 04:00:00,67.15,67.51,67.11,67.37,774.0
2025-08-21 08:00:00,67.36,67.71,67.3,67.65,1315.0
2025-08-21 12:00:00,67.66,67.82,67.22,67.26,1562.0
2025-08-21 16:00:00,67.22,67.89,66.97,67.83,3365.0
2025-08-21 20:00:00,67.83,68.02,67.72,67.78,1062.0
2025-08-22 00:00:00,67.82,67.86,67.79,67.83,126.0
2025-08-22 04:00:00,67.84,67.88,67.64,67.85,761.0
2025-08-22 08:00:00,67.84,68.13,67.67,67.75,1634.0
2025-08-22 12:00:00,67.74,68.12,67.61,67.93,1349.0
2025-08-22 16:00:00,67.92,68.18,67.72,67.89,3332.0
2025-08-22 20:00:00,67.92,68.09,67.84,68.05,1166.0
2025-08-25 00:00:00,67.93,67.99,67.91,67.99,91.0
2025-08-25 04:00:00,67.98,68.05,67.71,67.92,846.0
2025-08-25 08:00:00,67.94,68.17,67.82,68.13,1170.0
2025-08-25 12:00:00,68.12,68.38,67.99,68.23,979.0
2025-08-25 16:00:00,68.22,69.17,68.16,69.13,2190.0
2025-08-25 20:00:00,69.13,69.14,68.76,68.89,923.0
2025-08-26 00:00:00,68.78,68.78,68.48,68.52,319.0
2025-08-26 04:00:00,68.53,68.66,68.5,68.56,686.0
2025-08-26 08:00:00,68.55,68.63,68.14,68.17,1468.0
2025-08-26 12:00:00,68.16,68.22,67.73,67.83,1509.0
2025-08-26 16:00:00,67.86,68.32,67.35,67.4,3030.0
2025-08-26 20:00:00,67.39,67.49,67.25,67.4,950.0
2025-08-27 00:00:00,67.52,67.52,67.41,67.42,110.0
2025-08-27 04:00:00,67.43,67.43,67.21,67.31,767.0
2025-08-27 08:00:00,67.32,67.37,67.01,67.05,1550.0
2025-08-27 12:00:00,67.04,67.62,67.0,67.62,1478.0
2025-08-27 16:00:00,67.66,67.98,67.36,67.82,2672.0
2025-08-27 20:00:00,67.81,68.13,67.74,67.83,1035.0
2025-08-28 00:00:00,67.73,67.79,67.68,67.74,106.0
2025-08-28 04:00:00,67.73,67.77,67.49,67.49,635.0
2025-08-28 08:00:00,67.43,67.9,67.43,67.56,1520.0
2025-08-28 12:00:00,67.56,68.05,67.56,68.0,1224.0
2025-08-28 16:00:00,68.01,68.01,67.42,67.58,2887.0
2025-08-28 20:00:00,67.59,68.68,67.54,68.3,1657.0
2025-08-29 00:00:00,68.19,68.24,68.12,68.18,118.0
2025-08-29 04:00:00,68.17,68.24,68.05,68.19,505.0
2025-08-29 08:00:00,68.2,68.37,68.03,68.15,1406.0
2025-08-29 12:00:00,68.16,68.53,67.97,68.46,1337.0
2025-08-29 16:00:00,68.46,68.49,67.89,68.01,2505.0
2025-08-29 20:00:00,68.01,68.16,67.95,68.02,807.0
2025-09-01 00:00:00,67.96,67.96,67.87,67.92,91.0
2025-09-01 04:00:00,67.91,67.91,67.65,67.73,579.0
2025-09-01 08:00:00,67.72,68.48,67.68,68.47,1076.0
2025-09-01 12:00:00,68.48,68.89,68.47,68.85,901.0
2025-09-01 16:00:00,68.82,68.9,68.63,68.68,1441.0
2025-09-01 20:00:00,68.68,68.73,68.64,68.71,73.0
2025-09-02 00:00:00,68.69,68.9,68.67,68.88,123.0
2025-09-02 04:00:00,68.87,69.11,68.87,68.92,650.0
2025-09-02 08:00:00,68.91,69.84,68.89,69.8,1537.0
2025-09-02 12:00:00,69.79,70.06,68.59,68.62,1992.0
2025-09-02 16:00:00,68.6,69.82,68.59,69.74,3562.0
2025-09-02 20:00:00,69.75,69.81,69.57,69.67,1128.0
2025-09-03 00:00:00,69.62,69.68,69.57,69.65,88.0
2025-09-03 04:00:00,69.66,69.74,69.38,69.45,575.0
2025-09-03 08:00:00,69.44,69.61,69.25,69.47,1431.0
2025-09-03 12:00:00,69.46,69.46,68.21,68.57,2758.0
2025-09-03 16:00:00,68.59,68.92,67.97,68.16,4204.0
2025-09-03 20:00:00,68.17,68.22,67.9,68.04,1214.0
2025-09-04 00:00:00,67.87,67.89,67.79,67.86,139.0
2025-09-04 04:00:00,67.84,67.84,67.59,67.65,694.0
2025-09-04 08:00:00,67.66,67.84,67.15,67.47,1941.0
2025-09-04 12:00:00,67.46,67.53,67.0,67.26,1656.0
2025-09-04 16:00:00,67.27,67.67,66.83,67.6,3410.0
2025-09-04 20:00:00,67.6,67.66,67.24,67.32,1040.0
2025-09-05 00:00:00,67.23,67.29,67.19,67.25,91.0
2025-09-05 04:00:00,67.27,67.39,67.08,67.33,584.0
2025-09-05 08:00:00,67.3,67.43,67.06,67.39,1472.0
2025-09-05 12:00:00,67.4,67.49,65.8,66.17,2259.0
2025-09-05 16:00:00,66.2,66.41,65.52,65.94,3898.0
2025-09-05 20:00:00,65.92,66.17,65.71,66.16,1107.0
2025-09-08 00:00:00,66.34,66.36,66.2,66.27,164.0
2025-09-08 04:00:00,66.23,66.75,66.19,66.67,941.0
2025-09-08 08:00:00,66.68,67.17,66.65,67.01,1694.0
2025-09-08 12:00:00,67.02,67.44,67.02,67.14,1521.0
2025-09-08 16:00:00,67.15,67.2,66.13,66.34,3177.0
2025-09-08 20:00:00,66.33,66.56,66.31,66.51,934.0
2025-09-09 00:00:00,66.63,66.65,66.52,66.57,108.0
2025-09-09 04:00:00,66.58,66.9,66.5,66.89,666.0
2025-09-09 08:00:00,66.9,67.32,66.75,67.15,1422.0
2025-09-09 12:00:00,67.13,67.16,66.74,66.99,1704.0
2025-09-09 16:00:00,67.01,67.75,66.84,66.92,3965.0
2025-09-09 20:00:00,66.93,67.05,66.71,66.81,1003.0
2025-09-10 00:00:00,67.15,67.19,67.03,67.19,225.0
2025-09-10 04:00:00,67.17,67.42,67.12,67.42,607.0
2025-09-10 08:00:00,67.43,67.56,67.17,67.37,1561.0
2025-09-10 12:00:00,67.38,67.55,67.06,67.41,1255.0
2025-09-10 16:00:00,67.4,68.15,67.1,68.09,3199.0
2025-09-10 20:00:00,68.08,68.08,67.82,67.98,744.0
2025-09-11 00:00:00,67.95,67.96,67.89,67.9,89.0
2025-09-11 04:00:00,67.89,67.89,67.68,67.69,430.0
2025-09-11 08:00:00,67.7,67.85,67.39,67.59,1377.0
2025-09-11 12:00:00,67.57,67.79,66.89,66.96,1722.0
2025-09-11 16:00:00,66.93,66.95,66.5,66.77,3180.0
2025-09-11 20:00:00,66.77,66.88,66.56,66.59,992.0
2025-09-12 00:00:00,66.51,66.56,66.38,66.41,159.0
2025-09-12 04:00:00,66.43,66.44,66.09,66.17,787.0
2025-09-12 08:00:00,66.17,66.85,66.02,66.75,1493.0
2025-09-12 12:00:00,66.74,68.5,66.73,68.05,2625.0
2025-09-12 16:00:00,68.06,68.06,67.16,67.16,2919.0
2025-09-12 20:00:00,67.15,67.35,67.03,67.15,1028.0
2025-09-15 00:00:00,67.2,67.42,67.19,67.42,125.0
2025-09-15 04:00:00,67.42,67.7,67.41,67.6,630.0
2025-09-15 08:00:00,67.59,67.79,67.39,67.55,1411.0
2025-09-15 12:00:00,67.54,67.61,67.27,67.39,1374.0
2025-09-15 16:00:00,67.4,68.1,67.37,67.62,2500.0
2025-09-15 20:00:00,67.62,67.89,67.61,67.74,749.0
2025-09-16 00:00:00,67.75,67.81,67.73,67.77,106.0
2025-09-16 04:00:00,67.76,67.94,67.76,67.85,564.0
2025-09-16 08:00:00,67.84,67.9,67.27,67.34,1554.0
2025-09-16 12:00:00,67.33,68.42,67.26,68.37,1923.0
2025-09-16 16:00:00,68.35,68.77,68.04,68.7,2774.0
2025-09-16 20:00:00,68.7,68.94,68.61,68.75,1037.0
2025-09-17 00:00:00,68.78,68.78,68.69,68.7,116.0
2025-09-17 04:00:00,68.7,68.73,68.56,68.6,637.0
2025-09-17 08:00:00,68.59,68.73,68.16,68.26,1357.0
2025-09-17 12:00:00,68.25,68.53,68.03,68.43,1255.0
2025-09-17 16:00:00,68.42,68.8,68.17,68.44,2738.0
2025-09-17 20:00:00,68.45,68.51,67.86,68.11,1806.0
2025-09-18 00:00:00,68.16,68.2,67.96,67.97,157.0
2025-09-18 04:00:00,67.96,68.12,67.72,67.96,767.0
2025-09-18 08:00:00,67.95,68.37,67.72,68.3,1769.0
2025-09-18 12:00:00,68.31,68.58,67.56,68.29,2013.0
2025-09-18 16:00:00,68.3,68.64,67.63,67.65,3500.0
2025-09-18 20:00:00,67.64,67.83,67.41,67.78,1137.0
2025-09-19 00:00:00,67.64,67.73,67.61,67.67,119.0
2025-09-19 04:00:00,67.65,67.77,67.47,67.52,732.0
2025-09-19 08:00:00,67.53,67.72,67.21,67.24,1681.0
2025-09-19 12:00:00,67.23,67.69,67.05,67.48,1803.0
2025-09-19 16:00:00,67.49,67.6,66.64,66.85,3055.0
2025-09-19 20:00:00,66.86,66.99,66.8,66.84,864.0
2025-09-22 00:00:00,66.97,67.06,66.95,67.04,97.0
2025-09-22 04:00:00,67.03,67.27,67.01,67.25,530.0
2025-09-22 08:00:00,67.26,67.44,66.87,66.89,1333.0
2025-09-22 12:00:00,66.9,66.94,66.16,66.2,1505.0
2025-09-22 16:00:00,66.18,66.69,66.08,66.57,2315.0
2025-09-22 20:00:00,66.58,66.81,66.52,66.69,1010.0
2025-09-23 00:00:00,66.75,66.78,66.64,66.65,78.0
2025-09-23 04:00:00,66.64,66.64,66.25,66.32,794.0
2025-09-23 08:00:00,66.33,66.7,66.22,66.55,1353.0
2025-09-23 12:00:00,66.54,67.48,66.49,67.4,1701.0
2025-09-23 16:00:00,67.38,68.15,67.27,67.65,2984.0
2025-09-23 20:00:00,67.66,68.08,67.51,67.99,1331.0
2025-09-24 00:00:00,67.91,67.99,67.88,67.97,134.0
2025-09-24 04:00:00,67.96,67.97,67.74,67.74,548.0
2025-09-24 08:00:00,67.73,68.07,67.51,67.69,1458.0
2025-09-24 12:00:00,67.68,68.62,67.64,68.41,1589.0
2025-09-24 16:00:00,68.42,68.97,68.26,68.92,2662.0
2025-09-24 20:00:00,68.94,69.24,68.92,69.04,1027.0
2025-09-25 00:00:00,68.95,69.19,68.92,69.15,173.0
2025-09-25 04:00:00,69.16,69.17,68.87,68.9,657.0
2025-09-25 08:00:00,68.88,69.11,68.49,68.54,1480.0
2025-09-25 12:00:00,68.53,69.1,68.51,68.86,2090.0
2025-09-25 16:00:00,68.85,69.2,68.38,68.95,2828.0
2025-09-25 20:00:00,68.96,69.55,68.88,69.52,1413.0
2025-09-26 00:00:00,69.5,69.51,69.44,69.48,121.0
2025-09-26 04:00:00,69.45,69.61,69.36,69.37,516.0
2025-09-26 08:00:00,69.38,69.58,69.25,69.39,1474.0
2025-09-26 12:00:00,69.38,69.56,68.96,69.44,1393.0
2025-09-26 16:00:00,69.47,70.57,69.47,69.98,3154.0
2025-09-26 20:00:00,69.97,70.02,69.48,69.48,1472.0
2025-09-29 00:00:00,69.26,69.35,69.21,69.35,150.0
2025-09-29 04:00:00,69.34,69.55,69.23,69.5,846.0
2025-09-29 08:00:00,69.51,69.58,68.93,69.2,1639.0
2025-09-29 12:00:00,69.19,69.19,68.37,68.7,2069.0
2025-09-29 16:00:00,68.69,68.69,67.39,67.59,3277.0
2025-09-29 20:00:00,67.59,67.75,67.31,67.42,1142.0
2025-09-30 00:00:00,67.29,67.3,67.23,67.27,113.0
2025-09-30 04:00:00,67.26,67.42,67.12,67.28,770.0
2025-09-30 08:00:00,67.27,67.43,66.69,67.17,1802.0
2025-09-30 12:00:00,67.15,67.36,66.22,66.52,2794.0
2025-09-30 16:00:00,66.52,67.2,66.42,66.96,3708.0
2025-09-30 20:00:00,66.97,67.0,66.59,66.76,1131.0
2025-10-01 00:00:00,66.74,66.81,66.44,66.45,158.0
2025-10-01 04:00:00,66.46,66.87,66.46,66.87,524.0
2025-10-01 08:00:00,66.86,67.14,66.25,66.41,1909.0
2025-10-01 12:00:00,66.4,66.63,65.89,66.09,2436.0
2025-10-01 16:00:00,66.06,66.44,65.62,65.98,4204.0
2025-10-01 20:00:00,65.99,66.22,65.85,66.09,1360.0
2025-10-02 00:00:00,66.0,66.68,66.0,66.07,485.0
2025-10-02 04:00:00,66.08,66.43,66.01,66.19,742.0
2025-10-02 08:00:00,66.2,66.38,65.84,65.98,1876.0
2025-10-02 12:00:00,65.96,66.0,65.34,65.53,2304.0
2025-10-02 16:00:00,65.49,65.92,64.54,64.71,3766.0
2025-10-02 20:00:00,64.7,64.81,64.56,64.79,1098.0
2025-10-03 00:00:00,64.8,64.83,64.73,64.78,171.0
2025-10-03 04:00:00,64.77,65.05,64.77,65.04,501.0
2025-10-03 08:00:00,65.02,65.52,65.02,65.51,1715.0
2025-10-03 12:00:00,65.52,65.53,64.73,65.03,2046.0
2025-10-03 16:00:00,65.02,65.4,64.85,65.28,3399.0
2025-10-03 20:00:00,65.29,65.35,64.91,64.99,1095.0
2025-10-06 00:00:00,65.79,65.96,65.69,65.93,321.0
2025-10-06 04:00:00,65.92,66.04,65.83,65.99,426.0
2025-10-06 08:00:00,66.0,66.17,65.59,66.07,2065.0
2025-10-06 12:00:00,66.06,66.24,65.23,65.58,1947.0
2025-10-06 16:00:00,65.56,66.23,65.47,65.88,3240.0
2025-10-06 20:00:00,65.88,66.09,65.75,66.01,869.0
2025-10-07 00:00:00,65.97,65.98,65.9,65.95,102.0
2025-10-07 04:00:00,65.94,66.18,65.93,65.95,352.0
2025-10-07 08:00:00,65.96,66.29,65.73,65.74,1401.0
2025-10-07 12:00:00,65.73,66.08,65.52,65.59,1747.0
2025-10-07 16:00:00,65.59,66.0,64.98,65.6,3983.0
2025-10-07 20:00:00,65.61,66.25,65.56,66.23,997.0
2025-10-08 00:00:00,66.24,66.33,66.2,66.3,128.0
2025-10-08 04:00:00,66.28,66.47,66.28,66.36,350.0
2025-10-08 08:00:00,66.35,66.58,66.25,66.41,1466.0
2025-10-08 12:00:00,66.43,66.9,66.37,66.71,1536.0
2025-10-08 16:00:00,66.68,66.97,66.24,66.73,3081.0
2025-10-08 20:00:00,66.72,66.87,66.55,66.58,982.0
2025-10-09 00:00:00,66.21,66.22,66.03,66.11,172.0
2025-10-09 04:00:00,66.09,66.36,65.96,66.34,1227.0
2025-10-09 08:00:00,66.35,66.93,66.34,66.84,1754.0
2025-10-09 12:00:00,66.83,66.99,66.22,66.66,1857.0
2025-10-09 16:00:00,66.67,66.89,65.51,65.55,3443.0
2025-10-09 20:00:00,65.57,65.69,65.37,65.55,1355.0
2025-10-10 00:00:00,65.65,65.74,65.6,65.73,115.0
2025-10-10 04:00:00,65.74,65.74,65.27,65.29,643.0
2025-10-10 08:00:00,65.28,65.52,65.08,65.29,1721.0
2025-10-10 12:00:00,65.28,65.35,64.19,64.31,2034.0
2025-10-10 16:00:00,64.3,64.61,62.9,63.1,6147.0
2025-10-10 20:00:00,63.11,63.3,62.93,63.09,1848.0
2025-10-13 00:00:00,63.8,63.97,63.52,63.9,391.0
2025-10-13 04:00:00,63.84,64.15,63.78,63.86,1344.0
2025-10-13 08:00:00,63.85,64.21,63.82,64.18,2247.0
2025-10-13 12:00:00,64.16,64.28,63.47,63.53,2229.0
2025-10-13 16:00:00,63.54,64.15,63.39,63.78,3650.0
2025-10-13 20:00:00,63.79,63.92,63.59,63.82,1185.0
2025-10-14 00:00:00,63.81,63.93,63.78,63.91,120.0
2025-10-14 04:00:00,63.92,63.93,63.59,63.64,893.0
2025-10-14 08:00:00,63.63,63.64,62.11,62.36,3042.0
2025-10-14 12:00:00,62.35,62.55,61.8,62.2,3009.0
2025-10-14 16:00:00,62.22,62.83,62.0,62.66,4664.0
2025-10-14 20:00:00,62.67,62.93,62.36,62.42,1511.0
2025-10-15 00:00:00,62.57,62.61,62.51,62.57,153.0
2025-10-15 04:00:00,62.56,62.67,62.3,62.44,872.0
2025-10-15 08:00:00,62.45,62.81,62.38,62.56,1839.0
2025-10-15 12:00:00,62.57,63.31,62.47,63.23,1942.0
2025-10-15 16:00:00,63.21,63.22,62.06,62.4,3434.0
2025-10-15 20:00:00,62.41,62.58,62.12,62.41,1460.0
2025-10-16 00:00:00,62.76,62.94,62.69,62.75,197.0
2025-10-16 04:00:00,62.74,62.78,62.58,62.73,757.0
2025-10-16 08:00:00,62.74,63.01,62.49,62.57,2014.0
2025-10-16 12:00:00,62.58,62.8,62.32,62.43,1906.0
2025-10-16 16:00:00,62.39,62.55,61.33,61.61,4588.0
2025-10-16 20:00:00,61.62,61.74,61.11,61.36,2502.0
2025-10-17 00:00:00,61.21,61.3,61.15,61.29,226.0
2025-10-17 04:00:00,61.3,61.34,60.82,61.11,1404.0
2025-10-17 08:00:00,61.1,61.27,60.54,60.58,2381.0
2025-10-17 12:00:00,60.59,61.51,60.38,61.4,3226.0
2025-10-17 16:00:00,61.39,61.57,61.02,61.16,4941.0
2025-10-17 20:00:00,61.15,61.71,61.07,61.53,1595.0
2025-10-20 00:00:00,61.26,61.34,61.2,61.3,176.0
2025-10-20 04:00:00,61.29,61.37,61.07,61.29,828.0
2025-10-20 08:00:00,61.3,61.32,60.87,61.28,1521.0
2025-10-20 12:00:00,61.29,61.4,60.8,60.85,1690.0
2025-10-20 16:00:00,60.87,61.1,60.25,60.8,3616.0
2025-10-20 20:00:00,60.8,61.24,60.73,61.16,1268.0
2025-10-21 00:00:00,61.11,61.18,61.0,61.13,147.0
2025-10-21 04:00:00,61.12,61.14,60.75,61.04,713.0
2025-10-21 08:00:00,61.03,61.42,60.85,61.32,1715.0
2025-10-21 12:00:00,61.33,61.9,61.11,61.61,1833.0
2025-10-21 16:00:00,61.57,62.23,60.52,61.39,4512.0
2025-10-21 20:00:00,61.4,61.73,61.18,61.63,1499.0
2025-10-22 00:00:00,61.74,61.75,61.6,61.64,171.0
2025-10-22 04:00:00,61.63,62.61,61.52,62.46,1434.0
2025-10-22 08:00:00,62.44,62.75,62.28,62.49,2161.0
2025-10-22 12:00:00,62.5,62.82,62.15,62.39,1931.0
2025-10-22 16:00:00,62.37,63.12,62.35,62.89,3933.0
2025-10-22 20:00:00,62.88,64.07,62.6,63.65,2533.0
2025-10-23 00:00:00,64.47,64.57,64.21,64.26,328.0
2025-10-23 04:00:00,64.25,64.85,64.0,64.74,1881.0
2025-10-23 08:00:00,64.75,65.72,64.65,65.72,3661.0
2025-10-23 12:00:00,65.71,66.23,65.3,65.93,3704.0
2025-10-23 16:00:00,65.92,66.48,65.4,66.33,5125.0
2025-10-23 20:00:00,66.32,66.38,65.74,65.95,1904.0
2025-10-24 00:00:00,65.9,66.03,65.78,65.93,232.0
2025-10-24 04:00:00,65.91,65.92,65.54,65.85,1016.0
2025-10-24 08:00:00,65.86,66.41,65.63,65.98,1925.0
2025-10-24 12:00:00,65.95,66.9,65.93,66.22,2167.0
2025-10-24 16:00:00,66.21,66.78,66.18,66.47,3431.0
2025-10-24 20:00:00,66.46,66.49,65.98,66.06,1534.0
2025-10-27 00:00:00,66.22,66.24,66.0,66.02,462.0
2025-10-27 04:00:00,66.01,66.35,65.95,66.33,798.0
2025-10-27 08:00:00,66.32,66.42,65.09,65.26,2684.0
2025-10-27 12:00:00,65.27,66.2,65.22,66.15,2775.0
2025-10-27 16:00:00,66.16,66.33,65.72,65.82,3354.0
2025-10-27 20:00:00,65.81,65.97,65.49,65.91,1148.0
2025-10-28 00:00:00,65.44,65.74,65.44,65.72,417.0
2025-10-28 04:00:00,65.73,65.76,65.4,65.52,812.0
2025-10-28 08:00:00,65.55,65.62,64.23,64.69,3176.0
2025-10-28 12:00:00,64.71,65.06,64.45,64.9,3083.0
2025-10-28 16:00:00,64.89,65.02,64.15,64.62,3851.0
2025-10-28 20:00:00,64.63,64.65,64.29,64.58,1368.0
2025-10-29 00:00:00,64.57,64.81,64.56,64.72,333.0
2025-10-29 04:00:00,64.71,64.73,64.34,64.5,822.0
2025-10-29 08:00:00,64.49,64.88,64.09,64.59,2373.0
2025-10-29 12:00:00,64.62,64.94,64.47,64.81,2272.0
2025-10-29 16:00:00,64.82,65.41,64.82,65.15,3124.0
2025-10-29 20:00:00,65.13,65.22,64.85,64.94,1947.0
2025-10-30 00:00:00,64.95,64.97,64.74,64.82,464.0
2025-10-30 04:00:00,64.81,64.98,64.58,64.71,1479.0
2025-10-30 08:00:00,64.7,64.84,64.38,64.58,2181.0
2025-10-30 12:00:00,64.57,64.76,64.17,64.35,2561.0
2025-10-30 16:00:00,64.34,65.23,64.32,65.09,2979.0
2025-10-30 20:00:00,65.08,65.16,64.65,64.73,974.0
2025-10-31 00:00:00,64.66,64.86,64.66,64.76,308.0
2025-10-31 04:00:00,64.75,64.8,64.5,64.54,556.0
2025-10-31 08:00:00,64.53,64.99,64.49,64.56,1939.0
2025-10-31 12:00:00,64.59,65.82,64.48,65.61,3077.0
2025-10-31 16:00:00,65.59,65.62,64.91,65.33,3638.0
2025-10-31 20:00:00,65.31,65.49,65.24,65.32,743.0
2025-11-03 00:00:00,65.65,65.84,65.54,65.57,424.0
2025-11-03 04:00:00,65.58,65.86,65.51,65.84,560.0
2025-11-03 08:00:00,65.83,65.92,65.12,65.38,1736.0
2025-11-03 12:00:00,65.37,65.62,64.98,65.23,1792.0
2025-11-03 16:00:00,65.24,65.88,64.93,65.67,3366.0
2025-11-03 20:00:00,65.66,65.7,65.17,65.44,1207.0
2025-11-04 00:00:00,65.31,65.38,65.26,65.33,233.0
2025-11-04 04:00:00,65.32,65.34,65.18,65.26,537.0
2025-11-04 08:00:00,65.25,65.28,64.46,64.57,1688.0
2025-11-04 12:00:00,64.56,64.79,64.4,64.45,1728.0
2025-11-04 16:00:00,64.46,65.29,64.46,65.19,2975.0
2025-11-04 20:00:00,65.17,65.28,64.78,64.87,1474.0
2025-11-05 00:00:00,64.74,64.78,64.45,64.57,373.0
2025-11-05 04:00:00,64.58,65.11,64.55,65.1,766.0
2025-11-05 08:00:00,65.09,65.41,64.82,65.29,1921.0
2025-11-05 12:00:00,65.3,65.49,64.59,64.7,1994.0
2025-11-05 16:00:00,64.7,65.26,64.09,64.2,3966.0
2025-11-05 20:00:00,64.19,64.27,63.97,64.05,1209.0
2025-11-06 00:00:00,64.07,64.17,63.99,64.06,319.0
2025-11-06 04:00:00,64.05,64.3,64.01,64.3,615.0
2025-11-06 08:00:00,64.28,64.84,63.88,64.51,2135.0
2025-11-06 12:00:00,64.5,64.56,64.12,64.18,2148.0
2025-11-06 16:00:00,64.17,64.26,63.35,63.74,4277.0
2025-11-06 20:00:00,63.75,64.14,63.52,63.96,1554.0
2025-11-07 00:00:00,64.09,64.2,64.02,64.11,380.0
2025-11-07 04:00:00,64.12,64.29,64.02,64.29,744.0
2025-11-07 08:00:00,64.28,64.76,64.26,64.74,1836.0
2025-11-07 12:00:00,64.75,64.89,64.21,64.28,2157.0
2025-11-07 16:00:00,64.24,64.49,63.71,63.89,4420.0
2025-11-07 20:00:00,63.9,64.24,63.89,64.17,1494.0
2025-11-10 00:00:00,64.24,64.53,64.24,64.34,416.0
2025-11-10 04:00:00,64.33,64.63,64.29,64.6,715.0
2025-11-10 08:00:00,64.61,64.74,64.26,64.64,1756.0
2025-11-10 12:00:00,64.65,64.67,64.09,64.28,1643.0
2025-11-10 16:00:00,64.26,64.53,63.75,64.31,2929.0
2025-11-10 20:00:00,64.33,64.54,64.25,64.35,1191.0
2025-11-11 00:00:00,64.34,64.35,64.2,64.23,223.0
2025-11-11 04:00:00,64.22,64.46,64.12,64.14,530.0
2025-11-11 08:00:00,64.13,64.82,64.01,64.76,1698.0
2025-11-11 12:00:00,64.77,65.15,64.57,65.12,1432.0
2025-11-11 16:00:00,65.13,65.7,64.94,65.49,2665.0
2025-11-11 20:00:00,65.48,65.66,65.4,65.52,1110.0
2025-11-12 00:00:00,65.48,65.49,65.36,65.44,264.0
2025-11-12 04:00:00,65.45,65.47,65.26,65.3,541.0
2025-11-12 08:00:00,65.31,65.37,64.93,64.97,1283.0
2025-11-12 12:00:00,64.95,65.18,64.48,64.52,1780.0
2025-11-12 16:00:00,64.53,64.54,62.99,63.17,3739.0
2025-11-12 20:00:00,63.18,63.2,62.94,63.06,1253.0
2025-11-13 00:00:00,62.89,62.93,62.68,62.88,566.0
2025-11-13 04:00:00,62.87,63.11,62.86,62.99,684.0
2025-11-13 08:00:00,62.98,63.14,62.73,62.95,1693.0
2025-11-13 12:00:00,62.97,63.79,62.97,63.68,1632.0
2025-11-13 16:00:00,63.69,63.74,62.84,63.49,3159.0
2025-11-13 20:00:00,63.48,63.52,63.16,63.21,1677.0
2025-11-14 00:00:00,63.74,65.19,63.74,64.78,1128.0
2025-11-14 04:00:00,64.79,64.88,64.16,64.27,1730.0
2025-11-14 08:00:00,64.26,64.6,63.88,64.45,2515.0
2025-11-14 12:00:00,64.44,64.95,63.93,64.3,3224.0
2025-11-14 16:00:00,64.29,64.98,64.22,64.77,3854.0
2025-11-14 20:00:00,64.76,64.84,64.54,64.58,1470.0
2025-11-17 00:00:00,64.13,64.15,63.96,64.02,446.0
2025-11-17 04:00:00,64.03,64.14,63.94,64.03,596.0
2025-11-17 08:00:00,64.04,64.35,63.92,64.29,1705.0
2025-11-17 12:00:00,64.28,64.97,64.27,64.85,1695.0
2025-11-17 16:00:00,64.84,64.85,64.42,64.54,2909.0
2025-11-17 20:00:00,64.53,64.64,64.2,64.23,1328.0
2025-11-18 00:00:00,64.22,64.24,64.02,64.05,409.0
2025-11-18 04:00:00,64.06,64.17,63.94,64.01,603.0
2025-11-18 08:00:00,64.02,64.3,63.84,64.13,1976.0
2025-11-18 12:00:00,64.14,64.65,64.14,64.31,1909.0
2025-11-18 16:00:00,64.3,64.75,63.87,64.74,4512.0
2025-11-18 20:00:00,64.75,65.3,64.74,65.0,2502.0
2025-11-19 00:00:00,64.92,64.94,64.72,64.81,437.0
2025-11-19 04:00:00,64.82,65.05,64.81,64.95,818.0
2025-11-19 08:00:00,64.94,64.99,64.4,64.72,2061.0
2025-11-19 12:00:00,64.73,64.74,63.07,63.51,3126.0
2025-11-19 16:00:00,63.54,63.83,63.09,63.58,4216.0
2025-11-19 20:00:00,63.59,63.85,63.53,63.84,1647.0
2025-11-20 00:00:00,63.91,63.93,63.84,63.9,358.0
2025-11-20 04:00:00,63.91,64.0,63.79,63.84,690.0
2025-11-20 08:00:00,63.85,64.24,63.7,64.16,2003.0
2025-11-20 12:00:00,64.17,64.44,64.06,64.13,1935.0
2025-11-20 16:00:00,64.12,64.58,63.13,63.58,5451.0
2025-11-20 20:00:00,63.57,63.75,63.2,63.27,2590.0
2025-11-21 00:00:00,63.14,63.17,62.86,62.88,448.0
2025-11-21 04:00:00,62.87,62.93,62.59,62.87,924.0
2025-11-21 08:00:00,62.88,62.99,62.36,62.37,2531.0
2025-11-21 12:00:00,62.36,63.25,62.06,62.93,3078.0
2025-11-21 16:00:00,62.91,62.91,62.05,62.51,5453.0
2025-11-21 20:00:00,62.52,62.84,62.39,62.64,1825.0
2025-11-24 00:00:00,62.42,62.67,62.42,62.58,468.0
2025-11-24 04:00:00,62.57,62.75,62.52,62.71,730.0
2025-11-24 08:00:00,62.72,62.89,62.06,62.11,1866.0
2025-11-24 12:00:00,62.13,62.82,62.1,62.76,1878.0
2025-11-24 16:00:00,62.75,63.19,62.2,63.16,3726.0
2025-11-24 20:00:00,63.15,63.66,63.15,63.43,1203.0
2025-11-25 00:00:00,63.43,63.43,63.23,63.29,399.0
2025-11-25 04:00:00,63.28,63.36,63.09,63.14,492.0
2025-11-25 08:00:00,63.13,63.23,62.84,63.21,1624.0
2025-11-25 12:00:00,63.19,63.33,61.87,62.27,3202.0
2025-11-25 16:00:00,62.26,62.48,61.66,62.27,4389.0
2025-11-25 20:00:00,62.26,62.7,62.24,62.65,1622.0
2025-11-26 00:00:00,62.63,62.69,62.53,62.62,322.0
2025-11-26 04:00:00,62.63,62.8,62.55,62.71,480.0
2025-11-26 08:00:00,62.7,62.85,62.21,62.51,1786.0
2025-11-26 12:00:00,62.5,62.78,62.23,62.51,1918.0
2025-11-26 16:00:00,62.5,62.96,62.25,62.62,2925.0
2025-11-26 20:00:00,62.62,63.29,62.53,63.09,1406.0
2025-11-27 00:00:00,63.09,63.1,62.82,62.85,252.0
2025-11-27 04:00:00,62.87,62.98,62.81,62.88,368.0
2025-11-27 08:00:00,62.86,63.3,62.85,63.27,1270.0
2025-11-27 12:00:00,63.26,63.44,63.01,63.16,1156.0
2025-11-27 16:00:00,63.17,63.56,63.15,63.55,1311.0
2025-11-27 20:00:00,63.54,63.63,63.53,63.59,99.0
2025-11-28 00:00:00,63.47,63.58,63.37,63.45,246.0
2025-11-28 04:00:00,63.46,63.89,63.44,63.83,448.0
2025-11-28 08:00:00,63.84,63.91,63.61,63.7,1068.0
2025-11-28 12:00:00,63.69,63.72,63.21,63.26,1189.0
2025-11-28 16:00:00,63.27,64.04,63.2,63.85,1919.0
2025-11-28 20:00:00,63.86,63.96,62.77,62.98,1034.0
2025-12-01 00:00:00,63.58,63.79,63.5,63.78,466.0
2025-12-01 04:00:00,63.79,64.24,63.73,64.23,626.0
2025-12-01 08:00:00,64.22,64.42,63.99,64.17,1645.0
2025-12-01 12:00:00,64.15,64.2,63.32,63.41,1670.0
2025-12-01 16:00:00,63.39,64.04,63.37,63.66,3076.0
2025-12-01 20:00:00,63.67,63.96,63.63,63.88,1032.0
2025-12-02 00:00:00,63.88,63.93,63.73,63.74,233.0
2025-12-02 04:00:00,63.73,63.81,63.7,63.76,404.0
2025-12-02 08:00:00,63.77,63.9,63.44,63.58,1673.0
2025-12-02 12:00:00,63.59,63.79,63.26,63.34,1541.0
2025-12-02 16:00:00,63.33,63.8,62.74,63.3,4044.0
2025-12-02 20:00:00,63.3,63.52,62.84,62.92,1704.0
2025-12-03 00:00:00,62.99,63.1,62.88,62.88,238.0
2025-12-03 04:00:00,62.89,63.1,62.72,63.01,518.0
2025-12-03 08:00:00,63.0,63.78,62.97,63.78,1607.0
2025-12-03 12:00:00,63.79,63.92,63.37,63.67,1736.0
2025-12-03 16:00:00,63.65,63.89,63.16,63.48,3280.0
2025-12-03 20:00:00,63.47,63.58,63.1,63.31,1173.0
2025-12-04 00:00:00,63.25,63.4,63.25,63.32,186.0
2025-12-04 04:00:00,63.31,63.56,63.25,63.4,443.0
2025-12-04 08:00:00,63.41,63.62,63.27,63.38,1396.0
2025-12-04 12:00:00,63.39,63.67,63.29,63.58,1467.0
2025-12-04 16:00:00,63.57,64.15,63.06,63.93,3237.0
2025-12-04 20:00:00,63.92,64.05,63.74,63.83,1166.0
2025-12-05 00:00:00,63.75,63.83,63.72,63.75,223.0
2025-12-05 04:00:00,63.76,63.77,63.58,63.73,434.0
2025-12-05 08:00:00,63.72,63.94,63.61,63.85,1257.0
2025-12-05 12:00:00,63.84,63.88,63.58,63.75,1317.0
2025-12-05 16:00:00,63.76,64.6,63.64,64.45,3064.0
2025-12-05 20:00:00,64.44,64.46,64.18,64.26,1018.0
2025-12-08 00:00:00,64.12,64.26,64.08,64.19,233.0
2025-12-08 04:00:00,64.18,64.39,64.13,64.32,424.0
2025-12-08 08:00:00,64.31,64.41,63.63,63.75,1200.0
2025-12-08 12:00:00,63.76,63.76,63.31,63.59,1356.0
2025-12-08 16:00:00,63.57,63.63,63.09,63.15,2911.0
2025-12-08 20:00:00,63.14,63.17,62.78,62.9,1207.0
2025-12-09 00:00:00,62.95,62.96,62.8,62.83,202.0
2025-12-09 04:00:00,62.84,62.89,62.66,62.75,392.0
2025-12-09 08:00:00,62.74,62.95,62.66,62.84,1246.0
2025-12-09 12:00:00,62.87,63.2,62.73,62.86,1380.0
2025-12-09 16:00:00,62.88,62.93,62.25,62.29,2752.0
2025-12-09 20:00:00,62.28,62.51,62.26,62.49,1088.0
2025-12-10 00:00:00,62.46,62.52,62.4,62.48,221.0
2025-12-10 04:00:00,62.51,62.53,62.36,62.46,353.0
2025-12-10 08:00:00,62.47,62.56,62.16,62.31,1495.0
2025-12-10 12:00:00,62.32,62.71,62.3,62.39,1582.0
2025-12-10 16:00:00,62.38,62.39,61.75,62.19,2879.0
2025-12-10 20:00:00,62.2,63.13,62.17,63.04,2078.0
2025-12-11 00:00:00,62.79,63.01,62.79,62.91,384.0
2025-12-11 04:00:00,62.92,62.94,62.35,62.37,697.0
2025-12-11 08:00:00,62.36,62.37,61.74,61.78,1772.0
2025-12-11 12:00:00,61.8,61.97,61.57,61.68,1743.0
2025-12-11 16:00:00,61.67,61.7,61.14,61.39,3381.0
2025-12-11 20:00:00,61.38,61.98,61.33,61.94,1358.0
2025-12-12 00:00:00,61.93,62.03,61.89,62.0,276.0
2025-12-12 04:00:00,61.99,62.21,61.99,62.11,497.0
2025-12-12 08:00:00,62.12,62.15,61.58,61.6,1473.0
2025-12-12 12:00:00,61.62,61.66,61.35,61.59,1586.0
2025-12-12 16:00:00,61.6,61.71,61.17,61.67,3405.0
2025-12-12 20:00:00,61.67,61.69,61.38,61.51,1220.0
2025-12-15 00:00:00,61.61,61.7,61.6,61.66,230.0
2025-12-15 04:00:00,61.65,61.79,61.65,61.67,381.0
2025-12-15 08:00:00,61.68,61.79,61.43,61.53,1284.0
2025-12-15 12:00:00,61.54,61.58,60.99,61.09,1554.0
2025-12-15 16:00:00,61.11,61.21,60.42,60.67,3106.0
2025-12-15 20:00:00,60.66,60.9,60.43,60.66,1325.0
2025-12-16 00:00:00,60.64,60.65,60.46,60.46,408.0
2025-12-16 04:00:00,60.47,60.57,60.34,60.37,555.0
2025-12-16 08:00:00,60.36,60.56,59.86,59.88,1605.0
2025-12-16 12:00:00,59.89,60.03,59.63,59.74,1830.0
2025-12-16 16:00:00,59.73,59.73,58.97,59.29,3460.0
2025-12-16 20:00:00,59.3,59.5,59.01,59.1,1358.0
2025-12-17 00:00:00,59.58,59.73,59.5,59.62,598.0
2025-12-17 04:00:00,59.63,60.12,59.62,60.03,980.0
2025-12-17 08:00:00,60.02,60.56,59.78,60.42,2312.0
2025-12-17 12:00:00,60.41,60.63,60.1,60.25,1838.0
2025-12-17 16:00:00,60.24,60.29,59.72,60.08,3820.0
2025-12-17 20:00:00,60.07,60.9,59.88,60.83,1700.0
2025-12-18 00:00:00,60.83,60.9,60.75,60.78,355.0
2025-12-18 04:00:00,60.79,60.85,59.98,60.38,1069.0
2025-12-18 08:00:00,60.39,60.52,59.95,60.06,1471.0
2025-12-18 12:00:00,60.1,60.26,59.78,60.09,1644.0
2025-12-18 16:00:00,60.08,60.53,59.96,60.24,3087.0
2025-12-18 20:00:00,60.25,60.33,59.86,59.94,1218.0
2025-12-19 00:00:00,59.92,59.98,59.78,59.86,302.0
2025-12-19 04:00:00,59.85,60.02,59.81,59.84,547.0
2025-12-19 08:00:00,59.83,60.01,59.67,59.83,1612.0
2025-12-19 12:00:00,59.84,60.57,59.61,60.52,1779.0
2025-12-19 16:00:00,60.5,60.57,60.11,60.54,2591.0
2025-12-19 20:00:00,60.53,60.85,60.51,60.76,1130.0
2025-12-22 00:00:00,61.02,61.12,60.99,61.03,273.0
2025-12-22 04:00:00,61.04,61.39,61.02,61.27,568.0
2025-12-22 08:00:00,61.26,61.37,61.03,61.18,1394.0
2025-12-22 12:00:00,61.19,62.31,61.14,62.16,1391.0
2025-12-22 16:00:00,62.15,62.22,61.74,62.0,2319.0
2025-12-22 20:00:00,61.99,62.32,61.99,62.15,894.0
2025-12-23 00:00:00,62.06,62.2,62.06,62.1,234.0
2025-12-23 04:00:00,62.11,62.22,61.97,62.0,408.0
2025-12-23 08:00:00,62.01,62.32,61.96,62.25,1030.0
2025-12-23 12:00:00,62.24,62.42,62.16,62.34,1158.0
2025-12-23 16:00:00,62.33,62.41,61.9,62.37,2315.0
2025-12-23 20:00:00,62.38,62.64,62.36,62.54,927.0
2025-12-24 00:00:00,62.53,62.59,62.36,62.46,306.0
2025-12-24 04:00:00,62.47,62.6,62.29,62.53,607.0
2025-12-24 08:00:00,62.52,62.83,62.45,62.56,836.0
2025-12-24 12:00:00,62.57,62.76,62.45,62.56,1109.0
2025-12-24 16:00:00,62.54,62.71,62.18,62.4,1696.0
2025-12-26 00:00:00,62.48,62.62,62.45,62.48,357.0
2025-12-26 04:00:00,62.47,62.55,62.3,62.43,516.0
2025-12-26 08:00:00,62.44,62.63,62.29,62.42,1156.0
2025-12-26 12:00:00,62.41,62.84,61.98,61.98,1572.0
2025-12-26 16:00:00,61.94,61.95,61.18,61.26,2393.0
2025-12-26 20:00:00,61.25,61.34,60.72,60.98,1074.0
2025-12-29 00:00:00,61.17,61.34,61.11,61.18,369.0
2025-12-29 04:00:00,61.16,61.55,61.13,61.43,499.0
2025-12-29 08:00:00,61.42,62.07,61.31,61.98,1506.0
2025-12-29 12:00:00,61.99,62.22,61.74,62.07,1352.0
2025-12-29 16:00:00,62.06,62.24,61.85,61.91,2694.0
2025-12-29 20:00:00,61.91,62.11,61.7,61.73,1117.0
2025-12-30 00:00:00,61.67,61.85,61.49,61.82,334.0
2025-12-30 04:00:00,61.83,62.12,61.74,62.02,690.0
2025-12-30 08:00:00,62.03,62.34,61.82,62.27,1346.0
2025-12-30 12:00:00,62.26,62.38,62.07,62.26,1293.0
2025-12-30 16:00:00,62.24,62.32,61.78,61.87,1872.0
2025-12-30 20:00:00,61.87,61.93,61.74,61.83,759.0
2025-12-31 00:00:00,61.8,61.81,61.69,61.69,265.0
2025-12-31 04:00:00,61.68,62.11,61.66,61.73,852.0
2025-12-31 08:00:00,61.72,62.03,61.56,61.92,850.0
2025-12-31 12:00:00,61.89,62.42,61.79,62.32,1512.0
2025-12-31 16:00:00,62.31,62.34,61.62,61.65,2123.0
2025-12-31 20:00:00,61.64,61.68,61.12,61.4,873.0
2026-01-02 00:00:00,61.35,61.45,61.29,61.42,151.0
2026-01-02 04:00:00,61.43,61.66,61.41,61.63,305.0
2026-01-02 08:00:00,61.64,61.81,60.86,61.08,1334.0
2026-01-02 12:00:00,61.09,61.44,60.7,60.73,1586.0
2026-01-02 16:00:00,60.71,61.03,60.47,60.84,2932.0
2026-01-02 20:00:00,60.85,61.3,60.78,61.19,1274.0
2026-01-05 00:00:00,61.28,61.64,61.14,61.17,763.0
2026-01-05 04:00:00,61.16,61.29,60.7,60.77,969.0
2026-01-05 08:00:00,60.76,61.27,60.15,61.22,2109.0
2026-01-05 12:00:00,61.24,61.76,61.0,61.63,1889.0
2026-01-05 16:00:00,61.63,62.28,61.37,62.16,3454.0
2026-01-05 20:00:00,62.15,62.29,62.05,62.19,974.0
2026-01-06 00:00:00,62.08,62.14,61.86,61.89,423.0
2026-01-06 04:00:00,61.9,62.03,61.76,61.94,645.0
2026-01-06 08:00:00,61.93,62.54,61.7,62.29,1842.0
2026-01-06 12:00:00,62.3,62.71,62.25,62.61,1719.0
2026-01-06 16:00:00,62.59,62.66,61.49,61.55,3623.0
2026-01-06 20:00:00,61.54,61.62,60.79,60.9,1480.0
2026-01-07 00:00:00,60.45,60.75,60.38,60.48,929.0
2026-01-07 04:00:00,60.49,60.57,60.25,60.39,1016.0
2026-01-07 08:00:00,60.4,60.77,60.25,60.44,2027.0
2026-01-07 12:00:00,60.45,61.28,60.39,61.11,2511.0
2026-01-07 16:00:00,61.12,61.2,60.19,60.2,3630.0
2026-01-07 20:00:00,60.21,60.72,60.18,60.72,1421.0
2026-01-08 00:00:00,60.62,60.79,60.61,60.77,285.0
2026-01-08 04:00:00,60.76,60.77,60.47,60.6,703.0
2026-01-08 08:00:00,60.61,60.83,60.31,60.74,1535.0
2026-01-08 12:00:00,60.73,61.59,60.71,61.49,1807.0
2026-01-08 16:00:00,61.49,61.88,61.22,61.81,2808.0
2026-01-08 20:00:00,61.82,63.36,61.79,63.07,2228.0
2026-01-09 00:00:00,62.93,62.93,62.61,62.73,593.0
2026-01-09 04:00:00,62.74,62.84,62.63,62.77,694.0
2026-01-09 08:00:00,62.78,63.18,62.17,62.49,1979.0
2026-01-09 12:00:00,62.52,62.93,62.46,62.83,1698.0
2026-01-09 16:00:00,62.84,64.28,62.76,63.93,4213.0
2026-01-09 20:00:00,63.93,64.01,63.35,63.35,1602.0
2026-01-12 00:00:00,63.96,63.99,63.19,63.3,881.0
2026-01-12 04:00:00,63.31,63.83,63.31,63.82,1001.0
2026-01-12 08:00:00,63.81,63.84,63.19,63.41,2130.0
2026-01-12 12:00:00,63.42,63.66,63.05,63.35,2115.0
2026-01-12 16:00:00,63.33,64.16,63.12,63.93,3621.0
2026-01-12 20:00:00,63.94,64.57,63.66,64.5,1892.0
2026-01-13 00:00:00,64.35,64.66,64.29,64.33,625.0
2026-01-13 04:00:00,64.34,64.49,64.12,64.43,844.0
2026-01-13 08:00:00,64.42,65.48,64.37,65.12,2288.0
2026-01-13 12:00:00,65.1,65.46,64.8,65.15,2563.0
2026-01-13 16:00:00,65.17,66.2,64.92,65.41,4830.0
2026-01-13 20:00:00,65.4,66.04,65.02,65.68,2867.0
2026-01-14 00:00:00,65.65,65.65,65.42,65.62,497.0
2026-01-14 04:00:00,65.63,65.69,65.42,65.5,1024.0
2026-01-14 08:00:00,65.51,65.63,64.93,65.58,2456.0
2026-01-14 12:00:00,65.56,66.73,65.55,66.34,4159.0
2026-01-14 16:00:00,66.33,66.77,65.9,66.51,4614.0
2026-01-14 20:00:00,66.5,67.09,63.75,65.8,5295.0
2026-01-15 00:00:00,65.57,65.57,64.73,64.99,1441.0
2026-01-15 04:00:00,64.98,65.03,64.48,64.61,1536.0
2026-01-15 08:00:00,64.62,64.92,63.9,63.93,3534.0
2026-01-15 12:00:00,63.94,64.65,63.7,63.93,3492.0
2026-01-15 16:00:00,63.96,64.2,63.53,63.88,4343.0
2026-01-15 20:00:00,63.88,64.29,63.69,64.03,2163.0
2026-01-16 00:00:00,63.96,64.16,63.96,63.99,448.0
2026-01-16 04:00:00,64.0,64.02,63.75,63.76,1003.0
2026-01-16 08:00:00,63.75,64.75,63.67,64.5,2379.0
2026-01-16 12:00:00,64.51,65.0,64.47,64.9,2182.0
2026-01-16 16:00:00,64.88,65.0,64.38,64.67,3574.0
2026-01-16 20:00:00,64.67,64.82,64.24,64.44,1274.0
2026-01-19 00:00:00,64.22,64.39,64.06,64.35,489.0
2026-01-19 04:00:00,64.36,64.55,64.16,64.23,725.0
2026-01-19 08:00:00,64.22,64.24,63.46,63.49,2451.0
2026-01-19 12:00:00,63.52,64.01,63.48,63.96,1916.0
2026-01-19 16:00:00,63.94,64.42,63.88,64.11,2123.0
2026-01-19 20:00:00,64.1,64.38,64.1,64.33,390.0
2026-01-20 00:00:00,64.31,64.34,64.14,64.14,316.0
2026-01-20 04:00:00,64.13,64.34,64.08,64.16,716.0
2026-01-20 08:00:00,64.15,64.44,63.54,64.28,2650.0
2026-01-20 12:00:00,64.29,64.71,64.13,64.36,2636.0
2026-01-20 16:00:00,64.35,65.29,64.3,65.12,4090.0
2026-01-20 20:00:00,65.13,65.2,63.91,64.03,2715.0
2026-01-21 00:00:00,64.27,64.33,64.03,64.31,406.0
2026-01-21 04:00:00,64.3,64.47,64.23,64.37,917.0
2026-01-21 08:00:00,64.38,64.48,63.76,64.47,3098.0
2026-01-21 12:00:00,64.48,65.55,64.35,65.01,3444.0
2026-01-21 16:00:00,65.02,65.32,64.8,65.14,4078.0
2026-01-21 20:00:00,65.14,65.55,65.13,65.41,2066.0
2026-01-22 00:00:00,65.28,65.49,65.21,65.41,382.0
2026-01-22 04:00:00,65.43,65.5,65.29,65.4,678.0
2026-01-22 08:00:00,65.38,65.39,64.7,64.77,2241.0
2026-01-22 12:00:00,64.75,64.85,64.06,64.42,2757.0
2026-01-22 16:00:00,64.41,64.7,63.69,63.91,4256.0
2026-01-22 20:00:00,63.9,64.47,63.82,64.47,1419.0
2026-01-23 00:00:00,64.49,64.63,64.4,64.59,327.0
2026-01-23 04:00:00,64.61,64.76,64.49,64.64,569.0
2026-01-23 08:00:00,64.63,64.91,64.4,64.81,2071.0
2026-01-23 12:00:00,64.82,65.91,64.8,65.86,2033.0
2026-01-23 16:00:00,65.87,66.13,65.61,66.07,3743.0
2026-01-23 20:00:00,66.06,66.13,65.83,65.99,1478.0
2026-01-26 00:00:00,65.84,66.1,65.8,65.92,652.0
2026-01-26 04:00:00,65.91,66.13,65.75,66.06,910.0
2026-01-26 08:00:00,66.05,66.54,65.59,65.95,3623.0
2026-01-26 12:00:00,65.94,66.27,65.43,65.6,2531.0
2026-01-26 16:00:00,65.59,65.92,65.33,65.86,3744.0
2026-01-26 20:00:00,65.86,65.87,65.29,65.68,1826.0
2026-01-27 00:00:00,65.71,65.71,65.07,65.11,620.0
2026-01-27 04:00:00,65.1,65.3,65.03,65.27,767.0
2026-01-27 08:00:00,65.28,65.51,64.99,65.5,2203.0
2026-01-27 12:00:00,65.48,66.67,65.3,66.65,2823.0
2026-01-27 16:00:00,66.64,67.12,65.84,67.03,4257.0
2026-01-27 20:00:00,67.04,67.59,66.92,67.48,2323.0
2026-01-28 00:00:00,67.4,67.55,67.23,67.35,564.0
2026-01-28 04:00:00,67.34,67.77,67.31,67.76,918.0
2026-01-28 08:00:00,67.77,67.91,66.91,67.03,2409.0
2026-01-28 12:00:00,67.01,68.2,66.94,68.17,2935.0
2026-01-28 16:00:00,68.2,68.29,67.47,67.64,4306.0
2026-01-28 20:00:00,67.63,68.41,67.62,68.38,1793.0
2026-01-29 00:00:00,68.39,68.67,68.3,68.66,662.0
2026-01-29 04:00:00,68.65,69.21,68.48,68.96,1424.0
2026-01-29 08:00:00,68.94,70.03,68.85,69.8,2982.0
2026-01-29 12:00:00,69.76,70.49,69.23,70.32,3562.0
2026-01-29 16:00:00,70.33,71.37,69.51,70.34,8901.0
2026-01-29 20:00:00,70.32,70.84,69.74,70.44,3420.0
2026-01-30 00:00:00,70.41,70.48,69.62,69.73,1575.0
2026-01-30 04:00:00,69.74,69.79,68.53,69.38,3792.0
2026-01-30 08:00:00,69.37,70.01,68.84,69.52,4147.0
2026-01-30 12:00:00,69.51,70.31,69.07,70.25,4652.0
2026-01-30 16:00:00,70.22,70.98,69.2,69.41,7020.0
2026-01-30 20:00:00,69.41,70.81,69.03,70.69,3580.0
2026-02-02 00:00:00,68.47,68.47,67.31,67.76,2136.0
2026-02-02 04:00:00,67.74,67.84,66.09,66.26,3935.0
2026-02-02 08:00:00,66.25,67.13,66.1,66.9,5246.0
2026-02-02 12:00:00,66.87,67.07,66.27,66.81,4258.0
2026-02-02 16:00:00,66.82,67.24,66.5,66.62,6620.0
2026-02-02 20:00:00,66.66,67.11,66.42,67.09,2127.0
2026-02-03 00:00:00,66.74,67.2,66.74,67.06,751.0
2026-02-03 04:00:00,67.07,67.1,66.27,66.58,1881.0
2026-02-03 08:00:00,66.59,66.84,65.8,66.43,3577.0
2026-02-03 12:00:00,66.47,67.38,66.45,67.29,3150.0
2026-02-03 16:00:00,67.28,68.43,67.09,67.87,6751.0
2026-02-03 20:00:00,67.86,68.91,67.38,68.6,3794.0
2026-02-04 00:00:00,68.48,68.87,68.16,68.75,986.0
2026-02-04 04:00:00,68.76,68.84,68.25,68.41,1570.0
2026-02-04 08:00:00,68.4,68.49,67.58,68.37,2680.0
2026-02-04 12:00:00,68.34,68.45,67.63,67.66,2795.0
2026-02-04 16:00:00,67.69,70.37,67.63,69.97,7516.0
2026-02-04 20:00:00,69.98,70.36,68.59,69.33,4895.0
2026-02-05 00:00:00,69.25,69.34,68.89,68.9,1071.0
2026-02-05 04:00:00,68.89,68.92,68.3,68.53,3168.0
2026-02-05 08:00:00,68.52,69.26,68.5,69.05,2978.0
2026-02-05 12:00:00,69.04,69.52,68.09,68.2,4266.0
2026-02-05 16:00:00,68.22,68.65,67.51,68.41,7283.0
2026-02-05 20:00:00,68.4,68.5,67.78,67.94,2592.0
2026-02-06 00:00:00,67.73,67.94,67.42,67.86,1073.0
2026-02-06 04:00:00,67.87,69.08,67.81,68.89,3022.0
2026-02-06 08:00:00,68.9,69.37,68.45,69.0,4235.0
2026-02-06 12:00:00,68.97,69.0,67.13,67.29,4797.0
2026-02-06 16:00:00,67.25,69.37,67.15,69.3,5809.0
2026-02-06 20:00:00,69.31,69.39,68.28,68.44,2217.0
2026-02-09 00:00:00,68.03,68.2,67.96,68.12,614.0
2026-02-09 04:00:00,68.13,68.2,67.67,67.8,1190.0
2026-02-09 08:00:00,67.79,68.17,67.62,67.86,2623.0
2026-02-09 12:00:00,67.87,68.9,67.82,68.21,2994.0
2026-02-09 16:00:00,68.19,69.93,68.07,69.83,4750.0
2026-02-09 20:00:00,69.82,69.82,69.37,69.57,1661.0
2026-02-10 00:00:00,69.46,69.49,69.01,69.45,645.0
2026-02-10 04:00:00,69.46,69.51,69.26,69.28,1278.0
2026-02-10 08:00:00,69.27,69.88,69.26,69.34,2795.0
2026-02-10 12:00:00,69.31,69.93,69.21,69.81,2445.0
2026-02-10 16:00:00,69.82,69.93,69.06,69.34,4515.0
2026-02-10 20:00:00,69.34,69.7,68.94,69.44,2404.0
2026-02-11 00:00:00,69.49,69.65,69.43,69.61,352.0
2026-02-11 04:00:00,69.6,69.89,69.54,69.59,991.0
2026-02-11 08:00:00,69.59,70.25,69.59,70.09,1836.0
2026-02-11 12:00:00,70.08,70.83,69.99,70.77,2751.0
2026-02-11 16:00:00,70.78,71.14,70.03,70.11,5544.0
2026-02-11 20:00:00,70.11,70.39,69.7,70.06,2413.0
2026-02-12 00:00:00,70.11,70.18,69.95,70.04,448.0
2026-02-12 04:00:00,70.05,70.25,69.84,70.05,980.0
2026-02-12 08:00:00,70.06,70.2,69.46,69.59,2407.0
2026-02-12 12:00:00,69.57,69.75,69.06,69.33,3018.0
2026-02-12 16:00:00,69.34,69.47,67.61,67.69,6051.0
2026-02-12 20:00:00,67.7,68.16,67.49,67.94,2431.0
2026-02-13 00:00:00,67.93,68.06,67.8,67.9,771.0
2026-02-13 04:00:00,67.92,67.95,67.67,67.7,1019.0
2026-02-13 08:00:00,67.69,68.26,67.59,68.18,2795.0
2026-02-13 12:00:00,68.19,68.37,67.25,68.07,3735.0
2026-02-13 16:00:00,68.01,68.42,67.47,68.32,5619.0
2026-02-13 20:00:00,68.32,68.39,67.62,67.9,2111.0
2026-02-16 00:00:00,68.03,68.08,67.98,68.0,122.0
2026-02-16 04:00:00,67.98,68.12,67.9,68.0,786.0
2026-02-16 08:00:00,67.99,68.11,67.61,67.68,1461.0
2026-02-16 12:00:00,67.66,68.31,67.65,68.2,1698.0
2026-02-16 16:00:00,68.16,69.01,68.12,69.0,2184.0
2026-02-16 20:00:00,68.99,69.05,68.83,68.85,486.0
2026-02-17 00:00:00,68.79,68.88,68.65,68.7,275.0
2026-02-17 04:00:00,68.69,68.77,68.46,68.48,653.0
2026-02-17 08:00:00,68.49,68.51,68.11,68.39,1737.0
2026-02-17 12:00:00,68.4,69.3,67.51,67.64,3601.0
2026-02-17 16:00:00,67.62,68.17,67.08,67.42,6039.0
2026-02-17 20:00:00,67.43,67.84,67.39,67.63,2093.0
2026-02-18 00:00:00,67.62,67.73,67.59,67.68,232.0
2026-02-18 04:00:00,67.69,67.94,67.66,67.78,437.0
2026-02-18 08:00:00,67.79,68.1,67.7,67.86,1694.0
2026-02-18 12:00:00,67.88,69.6,67.88,69.27,3235.0
2026-02-18 16:00:00,69.28,70.52,69.13,70.49,3886.0
2026-02-18 20:00:00,70.48,70.93,70.04,70.44,3247.0
2026-02-19 00:00:00,70.5,70.64,70.39,70.63,253.0
2026-02-19 04:00:00,70.64,70.87,70.59,70.69,784.0
2026-02-19 08:00:00,70.7,71.81,70.63,71.28,2920.0
2026-02-19 12:00:00,71.26,72.07,71.19,71.92,3376.0
2026-02-19 16:00:00,71.91,72.23,70.92,72.02,5793.0
2026-02-19 20:00:00,72.0,72.25,71.35,72.13,2660.0
2026-02-20 00:00:00,71.9,72.15,71.78,72.02,408.0
2026-02-20 04:00:00,72.03,72.37,71.93,72.3,851.0
2026-02-20 08:00:00,72.31,72.53,71.3,71.45,2656.0
2026-02-20 12:00:00,71.46,71.86,71.27,71.69,3173.0
2026-02-20 16:00:00,71.7,72.04,71.22,71.82,5392.0
2026-02-20 20:00:00,71.82,72.09,71.65,71.71,2381.0
2026-02-23 00:00:00,71.08,71.36,70.95,71.28,378.0
2026-02-23 04:00:00,71.31,71.41,70.84,71.1,787.0
2026-02-23 08:00:00,71.09,71.66,70.88,71.56,2010.0
2026-02-23 12:00:00,71.53,72.23,71.33,72.2,2102.0
2026-02-23 16:00:00,72.2,72.56,71.43,71.54,4535.0
2026-02-23 20:00:00,71.53,71.81,71.43,71.58,1873.0
2026-02-24 00:00:00,71.55,71.78,71.37,71.75,1152.0
2026-02-24 04:00:00,71.76,72.28,71.71,72.15,1486.0
2026-02-24 08:00:00,72.14,72.16,71.56,71.81,2168.0
2026-02-24 12:00:00,71.83,72.4,71.4,72.17,2666.0
2026-02-24 16:00:00,72.16,72.16,71.05,71.25,5356.0
2026-02-24 20:00:00,71.24,71.92,71.01,71.53,2406.0
2026-02-25 00:00:00,71.55,71.75,71.42,71.54,590.0
2026-02-25 04:00:00,71.55,72.05,71.44,71.5,1355.0
2026-02-25 08:00:00,71.49,71.62,70.93,71.12,2405.0
2026-02-25 12:00:00,71.14,71.85,71.1,71.44,2619.0
2026-02-25 16:00:00,71.44,71.53,70.75,71.27,4467.0
2026-02-25 20:00:00,71.26,71.53,71.08,71.34,1799.0
2026-02-26 00:00:00,71.49,71.52,71.31,71.4,436.0
2026-02-26 04:00:00,71.39,71.45,71.12,71.32,988.0
2026-02-26 08:00:00,71.33,71.44,70.63,70.91,2404.0
2026-02-26 12:00:00,70.93,70.94,69.63,70.4,3642.0
2026-02-26 16:00:00,70.41,72.83,70.15,72.47,6586.0
2026-02-26 20:00:00,72.46,72.54,70.93,71.48,4133.0
2026-02-27 00:00:00,71.18,71.18,70.89,71.1,654.0
2026-02-27 04:00:00,71.11,71.7,70.95,71.6,1269.0
2026-02-27 08:00:00,71.59,72.55,71.51,72.53,2699.0
2026-02-27 12:00:00,72.54,73.96,72.18,73.92,4249.0
2026-02-27 16:00:00,73.93,74.01,72.4,73.01,6202.0
2026-02-27 20:00:00,73.0,73.75,72.97,73.66,2402.0
2026-03-02 00:00:00,78.65,78.72,76.1,76.52,2866.0
2026-03-02 04:00:00,76.5,78.42,76.23,78.41,5424.0
2026-03-02 08:00:00,78.42,80.59,78.4,79.4,9658.0
2026-03-02 12:00:00,79.39,79.89,77.83,79.63,8386.0
2026-03-02 16:00:00,79.62,79.76,77.04,77.45,9846.0
2026-03-02 20:00:00,77.43,79.92,77.13,78.01,6834.0
2026-03-03 00:00:00,79.04,79.35,78.74,78.92,1615.0
2026-03-03 04:00:00,78.93,80.77,78.7,80.33,4059.0
2026-03-03 08:00:00,80.34,82.67,79.7,82.33,8257.0
2026-03-03 12:00:00,82.31,85.44,81.94,83.89,12613.0
2026-03-03 16:00:00,83.91,85.22,81.66,82.71,12141.0
2026-03-03 20:00:00,82.7,82.73,78.72,82.2,9314.0
2026-03-04 00:00:00,82.23,83.08,81.6,82.26,3235.0
2026-03-04 04:00:00,82.23,83.92,82.05,83.42,6240.0
2026-03-04 08:00:00,83.43,84.79,83.13,84.31,8083.0
2026-03-04 12:00:00,84.32,84.32,80.62,81.32,10712.0
2026-03-04 16:00:00,81.33,82.61,80.83,82.0,10746.0
2026-03-04 20:00:00,82.01,82.98,81.31,82.8,5322.0
2026-03-05 00:00:00,82.51,83.92,82.51,83.7,2181.0
2026-03-05 04:00:00,83.69,85.05,83.54,84.67,5064.0
2026-03-05 08:00:00,84.68,84.71,81.82,83.25,9746.0
2026-03-05 12:00:00,83.26,84.07,82.85,83.88,7859.0
2026-03-05 16:00:00,83.9,85.34,83.67,85.07,10551.0
2026-03-05 20:00:00,85.07,86.59,83.81,84.31,9260.0
2026-03-06 00:00:00,83.87,84.76,83.46,84.74,2542.0
2026-03-06 04:00:00,84.71,85.39,84.2,85.28,5157.0
2026-03-06 08:00:00,85.29,87.96,85.07,87.83,7976.0
2026-03-06 12:00:00,87.8,90.57,87.02,90.1,11492.0
2026-03-06 16:00:00,90.05,94.86,89.76,94.46,13965.0
2026-03-06 20:00:00,94.44,94.5,92.01,92.46,8719.0
2026-03-09 00:00:00,108.94,115.3,108.52,114.96,3237.0
2026-03-09 04:00:00,114.99,119.86,106.53,107.13,14703.0
2026-03-09 08:00:00,107.13,110.39,101.48,104.25,15896.0
2026-03-09 12:00:00,104.23,106.9,100.33,101.96,14850.0
2026-03-09 16:00:00,101.92,105.98,97.91,99.66,16344.0
2026-03-09 20:00:00,99.63,99.82,84.13,89.71,13076.0
2026-03-10 00:00:00,90.68,90.79,88.3,88.84,3616.0
2026-03-10 04:00:00,88.84,95.28,88.54,93.71,10536.0
2026-03-10 08:00:00,93.69,94.32,89.51,90.87,12526.0
2026-03-10 12:00:00,90.94,94.32,89.9,91.22,13145.0
2026-03-10 16:00:00,91.21,92.01,81.21,84.52,17014.0
2026-03-10 20:00:00,84.51,91.86,83.99,91.54,10918.0
2026-03-11 00:00:00,87.25,89.0,86.73,87.56,3008.0
2026-03-11 04:00:00,87.55,89.09,86.23,87.75,7882.0
2026-03-11 08:00:00,87.76,92.92,86.89,92.68,10754.0
2026-03-11 12:00:00,92.68,92.68,88.17,88.56,13865.0
2026-03-11 16:00:00,88.71,93.12,87.27,92.17,13598.0
2026-03-11 20:00:00,92.13,93.75,91.6,93.66,6124.0
2026-03-12 00:00:00,98.59,98.99,96.92,98.16,3333.0
2026-03-12 04:00:00,98.17,101.47,97.85,98.55,10305.0
2026-03-12 08:00:00,98.56,99.2,95.17,96.44,12059.0
2026-03-12 12:00:00,96.37,100.3,95.88,99.67,11394.0
2026-03-12 16:00:00,99.6,101.53,97.67,98.97,14304.0
2026-03-12 20:00:00,98.94,101.76,98.56,101.68,6980.0
2026-03-13 00:00:00,100.38,100.91,99.46,100.45,2680.0
2026-03-13 04:00:00,100.44,101.4,99.85,100.09,6392.0
2026-03-13 08:00:00,100.15,102.64,99.5,100.97,9655.0
2026-03-13 12:00:00,100.96,101.11,97.65,99.8,10928.0
2026-03-13 16:00:00,99.78,102.89,99.44,102.7,11030.0
2026-03-13 20:00:00,102.63,103.76,101.67,103.65,6272.0
2026-03-16 00:00:00,102.75,104.43,102.21,104.23,2703.0
2026-03-16 04:00:00,104.21,105.16,103.8,104.09,5676.0
2026-03-16 08:00:00,104.09,106.61,103.71,104.95,7488.0
2026-03-16 12:00:00,104.94,105.09,100.05,100.52,10402.0
2026-03-16 16:00:00,100.47,103.41,100.02,101.08,10966.0
2026-03-16 20:00:00,101.07,101.39,99.78,100.85,5664.0
2026-03-17 00:00:00,102.74,103.19,102.45,103.08,1976.0
2026-03-17 04:00:00,103.1,104.92,102.59,104.76,4464.0
2026-03-17 08:00:00,104.78,105.13,102.71,102.99,8144.0
2026-03-17 12:00:00,102.98,103.92,101.29,102.26,7530.0
2026-03-17 16:00:00,102.28,103.36,101.02,103.25,8978.0
2026-03-17 20:00:00,103.23,104.03,102.94,103.58,3630.0
2026-03-18 00:00:00,102.61,102.99,102.22,102.83,1736.0
2026-03-18 04:00:00,102.84,103.04,100.67,101.05,5050.0
2026-03-18 08:00:00,101.04,103.69,100.47,103.56,6301.0
2026-03-18 12:00:00,103.57,109.31,103.29,109.26,10405.0
2026-03-18 16:00:00,109.24,110.1,106.61,106.74,11144.0
2026-03-18 20:00:00,106.73,112.04,105.87,109.66,7815.0
2026-03-19 00:00:00,111.63,112.68,110.78,112.63,2566.0
2026-03-19 04:00:00,112.56,113.17,110.94,112.82,6665.0
2026-03-19 08:00:00,112.82,119.28,112.69,115.03,11881.0
2026-03-19 12:00:00,115.04,115.55,110.56,111.39,12118.0
2026-03-19 16:00:00,111.33,112.94,108.17,108.55,13211.0
2026-03-19 20:00:00,108.57,109.59,103.89,107.61,8294.0
2026-03-20 00:00:00,107.66,107.81,105.15,105.51,2696.0
2026-03-20 04:00:00,105.53,107.91,105.51,106.82,5018.0
2026-03-20 08:00:00,106.85,110.99,106.67,110.62,8252.0
2026-03-20 12:00:00,110.64,111.33,106.51,109.03,9413.0
2026-03-20 16:00:00,109.01,111.33,108.2,111.08,10238.0
2026-03-20 20:00:00,111.05,113.22,110.26,112.63,7002.0
2026-03-23 00:00:00,111.39,112.35,111.33,112.1,2385.0
2026-03-23 04:00:00,112.09,113.06,111.62,112.44,4968.0
2026-03-23 08:00:00,112.46,114.38,112.22,113.24,9943.0
2026-03-23 12:00:00,113.25,113.87,96.03,100.88,15719.0
2026-03-23 16:00:00,100.89,104.16,96.8,100.22,15702.0
2026-03-23 20:00:00,100.22,101.16,97.85,100.03,6641.0
2026-03-24 00:00:00,101.78,103.92,101.78,103.4,2430.0
2026-03-24 04:00:00,103.42,104.36,103.2,103.36,5939.0
2026-03-24 08:00:00,103.35,103.36,100.57,101.62,9987.0
2026-03-24 12:00:00,101.64,103.78,100.23,103.27,9106.0
2026-03-24 16:00:00,103.29,104.6,101.73,103.09,9897.0
2026-03-24 20:00:00,103.09,104.19,97.83,99.46,7300.0
2026-03-25 00:00:00,98.26,98.48,96.91,97.81,2094.0
2026-03-25 04:00:00,97.82,100.37,97.49,100.18,5266.0
2026-03-25 08:00:00,100.19,100.59,97.34,98.7,7726.0
2026-03-25 12:00:00,98.63,100.26,97.14,99.56,8383.0
2026-03-25 16:00:00,99.53,101.19,99.29,100.62,8741.0
2026-03-25 20:00:00,100.64,102.08,100.45,101.61,3685.0
2026-03-26 00:00:00,101.59,102.05,101.36,101.63,1121.0
2026-03-26 04:00:00,101.64,102.7,101.35,102.69,3127.0
2026-03-26 08:00:00,102.68,104.6,102.44,104.05,5924.0
2026-03-26 12:00:00,104.1,105.82,103.39,104.18,6749.0
2026-03-26 16:00:00,104.27,106.2,103.72,106.05,7939.0
2026-03-26 20:00:00,106.06,106.09,100.63,103.62,5143.0
2026-03-27 00:00:00,104.97,105.13,103.83,103.95,1323.0
2026-03-27 04:00:00,103.93,105.19,102.72,105.16,3445.0
2026-03-27 08:00:00,105.13,107.83,104.78,107.01,5872.0
2026-03-27 12:00:00,106.98,108.48,106.56,107.79,6475.0
2026-03-27 16:00:00,107.77,108.74,106.41,108.71,7670.0
2026-03-27 20:00:00,108.72,110.55,108.04,110.48,5622.0
2026-03-30 00:00:00,111.97,112.88,110.32,112.88,1465.0
2026-03-30 04:00:00,112.88,112.92,110.38,111.62,5142.0
2026-03-30 08:00:00,111.63,112.85,110.81,111.21,6407.0
2026-03-30 12:00:00,111.17,112.06,109.61,110.49,5598.0
2026-03-30 16:00:00,110.44,112.28,110.06,110.76,8721.0
2026-03-30 20:00:00,110.77,112.45,110.47,112.14,5754.0
2026-03-31 00:00:00,112.77,113.39,111.33,111.36,1601.0
2026-03-31 04:00:00,111.41,112.11,107.96,110.55,5692.0
2026-03-31 08:00:00,110.54,111.23,109.47,109.99,5890.0
2026-03-31 12:00:00,109.99,111.69,109.2,110.83,7381.0
2026-03-31 16:00:00,110.77,111.42,105.89,107.98,9587.0
2026-03-31 20:00:00,108.01,108.25,105.83,106.49,8594.0
2026-04-01 00:00:00,106.65,107.92,106.65,107.58,919.0
2026-04-01 04:00:00,107.54,109.09,107.37,107.89,4093.0
2026-04-01 08:00:00,107.87,107.91,101.39,105.49,8879.0
2026-04-01 12:00:00,105.48,107.16,103.62,105.59,8296.0
2026-04-01 16:00:00,105.57,105.87,103.51,104.62,9587.0
2026-04-01 20:00:00,104.6,104.64,102.85,103.31,5794.0
2026-04-02 00:00:00,103.36,103.36,102.01,102.33,1312.0
2026-04-02 04:00:00,102.33,111.24,102.02,110.27,8379.0
2026-04-02 08:00:00,110.18,112.11,109.73,112.1,6298.0
2026-04-02 12:00:00,112.09,112.95,111.21,112.04,7512.0
2026-04-02 16:00:00,112.06,112.96,108.38,110.97,12162.0
2026-04-02 20:00:00,110.98,112.43,110.62,112.29,6973.0
2026-04-06 00:00:00,114.48,114.48,113.39,113.41,1353.0
2026-04-06 04:00:00,113.41,113.77,111.78,112.5,4921.0
2026-04-06 08:00:00,112.5,113.28,110.13,110.58,6628.0
2026-04-06 12:00:00,110.57,111.94,109.58,111.13,5825.0
2026-04-06 16:00:00,111.13,112.81,110.66,112.35,7888.0
2026-04-06 20:00:00,112.34,113.96,111.67,112.44,6528.0
2026-04-07 00:00:00,112.78,113.25,112.23,112.9,1038.0
2026-04-07 04:00:00,112.92,114.51,111.74,113.85,4634.0
2026-04-07 08:00:00,113.79,114.46,112.0,112.2,7092.0
2026-04-07 12:00:00,112.19,114.11,110.05,113.31,8825.0
2026-04-07 16:00:00,113.24,114.21,111.11,112.57,10490.0
2026-04-07 20:00:00,112.59,113.68,107.1,107.99,10880.0
2026-04-08 00:00:00,96.7,98.38,93.84,96.74,3198.0
2026-04-08 04:00:00,96.74,98.47,96.29,97.18,7012.0
2026-04-08 08:00:00,97.17,98.18,94.71,96.53,8359.0
2026-04-08 12:00:00,96.54,97.29,93.23,93.33,9427.0
2026-04-08 16:00:00,93.31,98.02,92.5,96.69,11749.0
2026-04-08 20:00:00,96.7,99.45,96.29,98.41,7979.0
2026-04-09 00:00:00,99.22,100.13,98.44,100.02,1448.0
2026-04-09 04:00:00,100.02,100.02,98.64,99.51,4164.0
2026-04-09 08:00:00,99.49,100.71,98.61,100.35,5980.0
2026-04-09 12:00:00,100.34,101.12,99.51,100.53,6513.0
2026-04-09 16:00:00,100.54,101.7,97.16,97.84,11425.0
2026-04-09 20:00:00,97.82,99.52,96.45,98.57,8064.0
2026-04-10 00:00:00,98.67,99.11,98.57,98.93,829.0
2026-04-10 04:00:00,98.91,99.05,98.08,98.7,3355.0
2026-04-10 08:00:00,98.69,100.33,98.37,100.09,4718.0
2026-04-10 12:00:00,100.08,100.08,96.98,97.93,6141.0
2026-04-10 16:00:00,97.91,99.48,97.16,98.81,8781.0
2026-04-10 20:00:00,98.8,99.13,96.22,96.24,5843.0
2026-04-13 00:00:00,104.95,105.35,104.23,104.23,1024.0
2026-04-13 04:00:00,104.23,104.27,103.25,104.01,3307.0
2026-04-13 08:00:00,104.01,105.18,102.99,104.65,4613.0
2026-04-13 12:00:00,104.66,104.83,103.3,103.73,4738.0
2026-04-13 16:00:00,103.74,104.08,100.59,101.7,10291.0
2026-04-13 20:00:00,101.68,101.91,99.38,99.82,6716.0
2026-04-14 00:00:00,98.88,99.31,98.14,98.29,1047.0
2026-04-14 04:00:00,98.31,100.35,98.31,99.53,3381.0
2026-04-14 08:00:00,99.55,101.08,99.13,99.76,6199.0
2026-04-14 12:00:00,99.75,100.97,99.12,99.38,5820.0
2026-04-14 16:00:00,99.38,99.67,96.25,96.89,9779.0
2026-04-14 20:00:00,96.87,97.14,96.04,96.76,5122.0
2026-04-15 00:00:00,95.56,96.3,95.56,95.74,963.0
2026-04-15 04:00:00,95.75,97.31,95.43,97.24,3673.0
2026-04-15 08:00:00,97.23,97.29,95.68,96.85,5346.0
2026-04-15 12:00:00,96.86,98.39,96.49,96.81,7150.0
2026-04-15 16:00:00,96.85,97.45,95.57,97.2,9071.0
2026-04-15 20:00:00,97.19,97.32,96.08,96.4,4730.0
2026-04-16 00:00:00,96.03,96.18,95.83,96.11,633.0
2026-04-16 04:00:00,96.13,96.69,95.94,96.42,2178.0
2026-04-16 08:00:00,96.43,98.27,96.01,97.77,4074.0
2026-04-16 12:00:00,97.77,98.01,96.84,97.9,4152.0
2026-04-16 16:00:00,97.88,101.14,97.58,101.02,8353.0
2026-04-16 20:00:00,101.0,101.28,99.4,99.43,4826.0
2026-04-17 00:00:00,99.71,99.81,99.28,99.65,657.0
2026-04-17 04:00:00,99.64,100.03,99.39,99.44,1847.0
2026-04-17 08:00:00,99.45,100.31,98.53,98.81,4443.0
2026-04-17 12:00:00,98.79,99.14,90.78,91.7,7259.0
2026-04-17 16:00:00,91.78,92.49,87.27,90.08,12874.0
2026-04-17 20:00:00,90.04,92.81,89.99,92.44,6274.0
2026-04-20 00:00:00,97.68,97.98,96.74,96.75,1157.0
2026-04-20 04:00:00,96.77,96.77,95.54,96.26,4027.0
2026-04-20 08:00:00,96.25,97.25,95.36,96.23,5946.0
2026-04-20 12:00:00,96.23,96.43,95.03,95.86,5967.0
2026-04-20 16:00:00,95.9,97.26,93.75,96.31,9736.0
2026-04-20 20:00:00,96.34,96.9,94.95,95.24,4442.0
2026-04-21 00:00:00,95.43,95.85,95.36,95.76,716.0
2026-04-21 04:00:00,95.75,96.09,95.53,95.53,1961.0
2026-04-21 08:00:00,95.51,96.58,94.76,95.86,4900.0
2026-04-21 12:00:00,95.89,96.55,95.03,96.15,5707.0
2026-04-21 16:00:00,96.14,99.83,95.57,99.82,8648.0
2026-04-21 20:00:00,99.82,102.11,97.48,100.14,10537.0
2026-04-22 00:00:00,100.12,100.19,98.6,99.45,1337.0
2026-04-22 04:00:00,99.42,99.54,98.78,99.43,3115.0
2026-04-22 08:00:00,99.4,101.25,97.37,100.41,6126.0
2026-04-22 12:00:00,100.42,101.36,99.7,101.13,6471.0
2026-04-22 16:00:00,101.12,103.18,99.91,103.08,9866.0
2026-04-22 20:00:00,103.08,103.16,102.02,102.64,4954.0
2026-04-23 00:00:00,102.34,106.89,102.34,102.79,1992.0
2026-04-23 04:00:00,102.81,104.95,102.65,103.78,4876.0
2026-04-23 08:00:00,103.79,104.9,103.02,104.74,6240.0
2026-04-23 12:00:00,104.75,105.48,102.05,102.98,6927.0
2026-04-23 16:00:00,102.97,104.67,102.8,104.15,8333.0
2026-04-23 20:00:00,104.16,107.78,104.16,106.77,8389.0
2026-04-24 00:00:00,106.39,106.99,106.02,106.63,775.0
2026-04-24 04:00:00,106.62,106.92,105.17,105.3,3010.0
2026-04-24 08:00:00,105.28,107.54,104.92,106.7,5050.0
2026-04-24 12:00:00,106.69,107.39,103.56,105.6,7586.0
2026-04-24 16:00:00,105.57,106.17,103.66,104.73,9799.0
2026-04-24 20:00:00,104.68,106.7,103.62,105.94,5522.0
2026-04-27 00:00:00,106.91,107.3,106.73,106.82,667.0
2026-04-27 04:00:00,106.82,106.82,105.55,106.3,2598.0
2026-04-27 08:00:00,106.31,107.89,106.28,107.24,4429.0
2026-04-27 12:00:00,107.23,107.52,105.15,106.77,5017.0
2026-04-27 16:00:00,106.78,108.13,106.27,107.43,7882.0
2026-04-27 20:00:00,107.42,108.34,106.94,107.57,4927.0
2026-04-28 00:00:00,107.34,107.99,107.18,107.89,580.0
2026-04-28 04:00:00,107.83,108.49,107.57,108.25,1910.0
2026-04-28 08:00:00,108.26,110.52,108.2,109.75,5751.0
2026-04-28 12:00:00,109.76,111.53,108.62,109.65,6729.0
2026-04-28 16:00:00,109.66,110.65,108.95,109.11,9998.0
2026-04-28 20:00:00,109.13,110.36,109.04,109.93,3862.0
2026-04-29 00:00:00,109.36,109.47,109.1,109.35,585.0
2026-04-29 04:00:00,109.29,110.63,108.72,109.81,3132.0
2026-04-29 08:00:00,109.82,113.64,109.82,113.21,5250.0
2026-04-29 12:00:00,113.22,114.27,112.62,113.99,5592.0
2026-04-29 16:00:00,114.0,117.08,113.67,116.75,9381.0
2026-04-29 20:00:00,116.74,117.81,115.85,117.74,6936.0
2026-04-30 00:00:00,116.76,117.2,115.9,116.99,1266.0
2026-04-30 04:00:00,116.94,120.48,116.31,119.43,6235.0
2026-04-30 08:00:00,119.43,120.01,117.0,117.56,7660.0
2026-04-30 12:00:00,117.54,118.19,112.54,114.85,9921.0
2026-04-30 16:00:00,114.85,116.73,113.58,115.6,11515.0
2026-04-30 20:00:00,115.58,117.45,114.15,116.8,7028.0
2026-05-01 00:00:00,116.87,117.31,116.48,117.15,638.0
2026-05-01 04:00:00,117.14,117.71,116.28,116.31,2202.0
2026-05-01 08:00:00,116.31,117.92,115.73,117.07,5537.0
2026-05-01 12:00:00,117.06,117.78,115.07,116.12,5818.0
2026-05-01 16:00:00,116.13,116.16,111.46,113.57,10183.0
2026-05-01 20:00:00,113.58,114.47,112.65,114.09,5354.0
2026-05-04 00:00:00,112.89,113.54,112.21,112.27,863.0
2026-05-04 04:00:00,112.25,113.53,112.23,112.85,1990.0
2026-05-04 08:00:00,112.9,115.8,111.18,114.38,5547.0
2026-05-04 12:00:00,114.39,119.26,113.9,115.35,8370.0
2026-05-04 16:00:00,115.37,120.31,114.56,119.84,11424.0
2026-05-04 20:00:00,119.85,119.94,118.05,118.8,6187.0
2026-05-05 00:00:00,118.55,118.85,118.14,118.58,649.0
2026-05-05 04:00:00,118.57,118.72,117.5,117.88,2032.0
2026-05-05 08:00:00,117.87,119.22,116.57,117.04,6084.0
2026-05-05 12:00:00,117.03,118.51,116.05,116.71,6233.0
2026-05-05 16:00:00,116.71,116.88,114.51,115.24,9308.0
2026-05-05 20:00:00,115.24,115.32,114.2,115.11,4517.0
2026-05-06 00:00:00,112.04,113.39,112.04,112.93,1189.0
2026-05-06 04:00:00,112.94,113.24,111.89,112.39,3327.0
2026-05-06 08:00:00,112.43,113.37,106.88,107.36,7592.0
2026-05-06 12:00:00,107.37,108.34,100.64,107.04,13828.0
2026-05-06 16:00:00,107.05,108.28,105.28,106.6,11063.0
2026-05-06 20:00:00,106.6,106.69,104.66,106.07,5510.0
2026-05-07 00:00:00,105.67,106.47,105.63,106.14,781.0
2026-05-07 04:00:00,106.15,106.38,105.01,105.64,2894.0
2026-05-07 08:00:00,105.65,105.87,101.21,102.86,6725.0
2026-05-07 12:00:00,102.86,103.32,99.72,100.57,7524.0
2026-05-07 16:00:00,100.59,104.87,100.03,104.68,10963.0
2026-05-07 20:00:00,104.64,107.33,103.77,106.99,9929.0
2026-05-08 00:00:00,106.25,106.69,105.59,105.88,966.0
2026-05-08 04:00:00,105.82,105.82,104.45,105.02,3392.0
2026-05-08 08:00:00,105.01,105.24,103.41,103.94,6485.0
2026-05-08 12:00:00,103.95,104.65,103.22,104.34,6743.0
2026-05-08 16:00:00,104.35,105.92,103.3,105.32,9229.0
2026-05-08 20:00:00,105.34,105.34,103.74,104.08,5266.0
2026-05-11 00:00:00,108.21,108.8,107.79,108.33,898.0
2026-05-11 04:00:00,108.32,109.29,107.75,109.24,2600.0
2026-05-11 08:00:00,109.24,109.27,106.48,107.26,4905.0
2026-05-11 12:00:00,107.28,107.94,106.13,107.16,5412.0
2026-05-11 16:00:00,107.23,108.95,106.06,108.37,8420.0
2026-05-11 20:00:00,108.38,108.38,107.2,107.58,5183.0
2026-05-12 00:00:00,107.44,108.0,107.39,107.96,789.0
2026-05-12 04:00:00,107.97,108.46,107.61,108.08,2097.0
2026-05-12 08:00:00,108.05,110.46,107.81,109.87,5174.0
2026-05-12 12:00:00,109.91,111.43,109.85,110.39,5947.0
2026-05-12 16:00:00,110.43,111.66,110.31,110.59,7694.0
2026-05-12 20:00:00,110.58,111.41,110.32,110.62,4396.0
2026-05-13 00:00:00,110.39,110.47,109.63,109.88,874.0
2026-05-13 04:00:00,109.89,110.18,109.17,109.27,2568.0
2026-05-13 08:00:00,109.27,110.53,109.11,110.36,4264.0
2026-05-13 12:00:00,110.35,111.3,110.07,110.65,4491.0
2026-05-13 16:00:00,110.64,111.22,108.58,109.31,7546.0
2026-05-13 20:00:00,109.3,109.43,108.24,108.54,4097.0
2026-05-14 00:00:00,108.36,108.68,108.28,108.45,519.0
2026-05-14 04:00:00,108.42,108.98,108.04,108.77,2610.0
2026-05-14 08:00:00,108.79,109.94,107.32,109.06,5526.0
2026-05-14 12:00:00,109.05,109.46,106.62,107.56,6971.0
2026-05-14 16:00:00,107.62,108.88,107.24,107.97,7810.0
2026-05-14 20:00:00,107.95,109.56,107.84,109.4,3542.0
2026-05-15 00:00:00,109.11,109.26,108.91,109.07,566.0
2026-05-15 04:00:00,109.05,110.12,108.87,109.55,3162.0
2026-05-15 08:00:00,109.56,112.12,109.56,111.71,5596.0
2026-05-15 12:00:00,111.72,112.35,109.81,110.94,6626.0
2026-05-15 16:00:00,110.98,112.44,110.45,111.81,6929.0
2026-05-15 20:00:00,111.84,112.32,111.5,111.8,3899.0
2026-05-18 00:00:00,112.65,113.38,112.29,113.17,1015.0
2026-05-18 04:00:00,113.13,114.16,112.77,113.36,3204.0
2026-05-18 08:00:00,113.35,113.66,111.83,112.11,5192.0
2026-05-18 12:00:00,112.1,113.51,109.06,109.61,6848.0
2026-05-18 16:00:00,109.64,113.78,109.46,113.13,9252.0
2026-05-18 20:00:00,113.15,114.91,110.13,111.43,7122.0
2026-05-19 00:00:00,110.99,111.49,110.95,111.2,807.0
2026-05-19 04:00:00,111.18,112.16,111.18,111.68,2811.0
2026-05-19 08:00:00,111.71,112.77,111.58,112.27,5312.0
2026-05-19 12:00:00,112.28,113.25,111.67,112.5,4916.0
2026-05-19 16:00:00,112.46,113.56,111.52,112.68,8162.0
2026-05-19 20:00:00,112.71,113.77,112.17,112.93,4374.0
2026-05-20 00:00:00,112.7,112.73,112.46,112.64,521.0
2026-05-20 04:00:00,112.67,113.28,111.93,112.66,3394.0
2026-05-20 08:00:00,112.65,112.77,110.46,110.7,5049.0
2026-05-20 12:00:00,110.73,111.3,109.26,110.17,5744.0
2026-05-20 16:00:00,110.19,111.2,104.94,106.37,11121.0
2026-05-20 20:00:00,106.33,107.23,105.53,107.15,5957.0
2026-05-21 00:00:00,106.74,108.12,106.71,107.32,956.0
2026-05-21 04:00:00,107.3,107.52,106.66,107.07,2688.0
2026-05-21 08:00:00,107.06,108.33,106.21,106.51,5459.0
2026-05-21 12:00:00,106.57,109.26,105.2,108.87,8026.0
2026-05-21 16:00:00,108.88,110.83,107.77,107.96,9662.0
2026-05-21 20:00:00,107.96,108.34,103.65,106.4,9566.0
2026-05-22 00:00:00,105.96,106.31,105.74,106.12,685.0
2026-05-22 04:00:00,106.1,106.47,105.08,105.55,2597.0
2026-05-22 08:00:00,105.6,107.7,105.55,107.05,5290.0
2026-05-22 12:00:00,107.07,107.39,103.98,104.37,5860.0
2026-05-22 16:00:00,104.37,106.13,103.75,104.93,7646.0
2026-05-22 20:00:00,104.89,105.17,102.66,104.86,6059.0
2026-05-25 00:00:00,99.82,100.01,98.74,99.81,930.0
2026-05-25 04:00:00,99.82,100.71,98.14,98.77,3949.0
2026-05-25 08:00:00,98.78,100.55,98.41,99.6,4816.0
2026-05-25 12:00:00,99.61,99.65,97.97,99.17,4181.0
2026-05-25 16:00:00,99.19,99.72,97.2,97.26,5554.0
2026-05-25 20:00:00,97.27,97.78,97.1,97.52,863.0
2026-05-26 00:00:00,98.39,99.11,98.35,98.95,1104.0
2026-05-26 04:00:00,98.96,99.45,98.72,99.37,2042.0
2026-05-26 08:00:00,99.4,101.01,98.79,100.59,5505.0
2026-05-26 12:00:00,100.57,100.68,98.88,100.1,5148.0
2026-05-26 16:00:00,100.14,101.71,99.86,100.95,7651.0
2026-05-26 20:00:00,100.96,101.15,100.05,100.49,4544.0
2026-05-27 00:00:00,100.17,100.23,99.61,99.76,805.0
2026-05-27 04:00:00,99.76,100.01,98.65,98.76,3172.0
2026-05-27 08:00:00,98.77,99.04,96.55,97.04,5373.0
2026-05-27 12:00:00,97.05,98.21,95.4,96.26,6703.0
2026-05-27 16:00:00,96.29,98.31,96.21,96.99,8556.0
2026-05-27 20:00:00,97.0,97.24,95.73,96.56,4196.0
2026-05-28 00:00:00,97.27,97.86,97.18,97.73,660.0
2026-05-28 04:00:00,97.72,99.64,97.12,99.35,3277.0
2026-05-28 08:00:00,99.34,99.39,97.81,97.98,4586.0
2026-05-28 12:00:00,98.0,98.72,97.06,97.45,5239.0
2026-05-28 16:00:00,97.46,98.44,94.29,95.32,9263.0
2026-05-28 20:00:00,95.34,97.01,95.29,95.95,5210.0
2026-05-29 00:00:00,95.64,95.91,95.12,95.76,788.0
2026-05-29 04:00:00,95.72,95.9,94.82,95.11,3866.0
2026-05-29 08:00:00,95.12,96.4,94.68,95.87,3847.0
2026-05-29 12:00:00,95.86,95.87,93.89,94.39,5590.0
2026-05-29 16:00:00,94.36,95.61,93.28,93.92,8749.0
2026-05-29 20:00:00,93.94,95.35,93.89,95.06,4450.0
2026-06-01 00:00:00,96.03,96.61,95.98,96.03,529.0
2026-06-01 04:00:00,96.03,96.69,95.71,96.17,2411.0
2026-06-01 08:00:00,96.17,97.77,96.04,97.38,3614.0
2026-06-01 12:00:00,97.41,97.64,95.73,96.13,3855.0
2026-06-01 16:00:00,96.11,101.05,96.05,99.13,10224.0
2026-06-01 20:00:00,99.12,99.57,97.3,98.52,5480.0
2026-06-02 00:00:00,97.81,98.47,97.78,98.38,636.0
2026-06-02 04:00:00,98.38,98.59,97.15,97.19,2723.0
2026-06-02 08:00:00,97.19,97.65,95.89,96.32,4829.0
2026-06-02 12:00:00,96.33,97.4,95.87,97.1,4391.0
2026-06-02 16:00:00,97.08,99.15,97.08,98.83,7590.0
2026-06-02 20:00:00,98.82,99.39,98.61,98.88,3703.0
2026-06-03 00:00:00,99.61,100.19,99.6,99.68,693.0
2026-06-03 04:00:00,99.63,100.32,99.48,100.11,1966.0
2026-06-03 08:00:00,100.09,101.75,100.01,101.53,4518.0
2026-06-03 12:00:00,101.54,102.07,100.68,101.03,5549.0
2026-06-03 16:00:00,101.0,101.24,99.82,100.76,7737.0
2026-06-03 20:00:00,100.74,101.38,100.48,100.93,3937.0
2026-06-04 00:00:00,100.16,100.34,99.83,99.84,653.0
2026-06-04 04:00:00,99.87,100.11,99.35,99.82,2118.0
2026-06-04 08:00:00,99.83,100.3,98.95,99.45,4416.0
2026-06-04 12:00:00,99.44,99.71,96.78,97.6,6467.0
2026-06-04 16:00:00,97.61,98.31,97.49,97.6,6468.0
2026-06-04 20:00:00,97.62,98.3,97.03,97.99,3610.0
2026-06-05 00:00:00,98.06,98.08,97.65,97.72,438.0
2026-06-05 04:00:00,97.71,98.66,97.53,98.1,1936.0
2026-06-05 08:00:00,98.1,98.31,96.42,97.69,4245.0
2026-06-05 12:00:00,97.7,98.2,96.79,97.31,5138.0
2026-06-05 16:00:00,97.3,97.48,95.35,95.67,7778.0
2026-06-05 20:00:00,95.68,95.98,95.44,95.55,3920.0
2026-06-08 00:00:00,97.86,97.97,97.53,97.61,646.0
2026-06-08 04:00:00,97.61,99.84,97.42,99.72,5399.0
2026-06-08 08:00:00,99.71,100.57,99.39,99.86,6718.0
2026-06-08 12:00:00,99.85,100.07,96.32,97.31,7520.0
2026-06-08 16:00:00,97.3,97.57,96.05,96.95,7277.0
2026-06-08 20:00:00,96.95,96.96,96.31,96.56,3765.0
2026-06-09 00:00:00,96.51,96.71,96.12,96.35,614.0
2026-06-09 04:00:00,96.34,96.42,95.38,95.78,2615.0
2026-06-09 08:00:00,95.79,95.84,94.24,94.78,5263.0
2026-06-09 12:00:00,94.8,95.32,94.25,94.74,4525.0
2026-06-09 16:00:00,94.75,95.14,91.78,93.64,9213.0
2026-06-09 20:00:00,93.62,94.18,92.96,94.03,5553.0
2026-06-10 00:00:00,94.65,95.4,94.27,94.37,967.0
2026-06-10 04:00:00,94.36,94.89,93.76,94.04,2803.0
2026-06-10 08:00:00,94.02,94.43,92.87,93.18,5500.0
2026-06-10 12:00:00,93.17,95.57,92.89,94.24,7559.0
2026-06-10 16:00:00,94.29,96.51,94.15,96.12,7478.0
2026-06-10 20:00:00,96.11,96.9,95.02,96.9,5002.0
2026-06-11 00:00:00,97.06,97.59,96.75,97.19,1216.0
2026-06-11 04:00:00,97.19,97.24,96.0,96.13,3441.0
2026-06-11 08:00:00,96.12,96.16,93.74,94.18,5360.0
2026-06-11 12:00:00,94.17,96.15,93.63,94.94,6322.0
2026-06-11 16:00:00,94.91,96.05,94.0,95.48,7662.0
2026-06-11 20:00:00,95.49,95.54,90.4,91.06,9573.0
2026-06-12 00:00:00,90.61,91.29,90.61,91.22,615.0
2026-06-12 04:00:00,91.2,91.57,90.38,90.42,2537.0
2026-06-12 08:00:00,90.41,90.68,87.59,88.36,6498.0
2026-06-12 12:00:00,88.37,90.27,88.01,89.87,6243.0
2026-06-12 16:00:00,89.87,91.72,88.44,89.15,8783.0
2026-06-12 20:00:00,89.17,89.35,88.5,88.53,3903.0
2026-06-15 00:00:00,84.66,85.02,84.16,84.71,831.0
2026-06-15 04:00:00,84.71,84.99,83.9,84.09,2846.0
2026-06-15 08:00:00,84.11,84.79,83.54,83.9,4658.0
2026-06-15 12:00:00,83.89,84.15,83.38,83.98,4125.0
2026-06-15 16:00:00,83.99,84.29,83.26,84.07,5244.0
2026-06-15 20:00:00,84.08,84.72,83.76,84.35,2788.0
2026-06-16 00:00:00,84.4,84.51,84.27,84.4,389.0
2026-06-16 04:00:00,84.39,84.44,83.55,83.58,1986.0
2026-06-16 08:00:00,83.59,83.81,81.69,81.83,4419.0
2026-06-16 12:00:00,81.84,82.49,80.18,80.67,4336.0
2026-06-16 16:00:00,80.69,81.39,78.98,79.27,6813.0
2026-06-16 20:00:00,79.27,80.5,79.01,79.95,4176.0
2026-06-17 00:00:00,79.82,79.92,79.66,79.87,383.0
2026-06-17 04:00:00,79.86,79.91,78.73,78.84,2178.0
2026-06-17 08:00:00,78.83,79.86,78.12,79.42,5096.0
2026-06-17 12:00:00,79.42,80.21,78.87,79.78,4270.0
2026-06-17 16:00:00,79.76,82.76,79.28,79.29,6900.0
2026-06-17 20:00:00,79.32,79.92,78.68,78.76,4757.0
2026-06-18 00:00:00,78.86,78.87,78.53,78.83,480.0
2026-06-18 04:00:00,78.82,78.96,77.71,77.75,2154.0
2026-06-18 08:00:00,77.77,78.34,77.06,77.65,4732.0
2026-06-18 12:00:00,77.66,78.91,77.51,78.38,4283.0
2026-06-18 16:00:00,78.4,78.51,76.54,78.04,6924.0
2026-06-18 20:00:00,78.05,80.0,77.83,79.41,4624.0
2026-06-19 00:00:00,78.98,79.04,78.71,78.82,367.0
2026-06-19 04:00:00,78.81,79.66,78.75,79.41,1415.0
2026-06-19 08:00:00,79.41,80.58,79.17,79.39,3973.0
2026-06-19 12:00:00,79.43,80.32,78.81,78.88,4362.0
2026-06-19 16:00:00,78.86,80.57,78.58,80.35,4313.0
2026-06-19 20:00:00,80.36,80.37,79.9,80.15,414.0
2026-06-22 00:00:00,81.1,81.17,80.26,80.34,756.0
2026-06-22 04:00:00,80.36,80.36,78.18,78.61,3470.0
2026-06-22 08:00:00,78.6,79.57,78.1,78.57,4617.0
2026-06-22 12:00:00,78.58,78.88,77.89,78.07,3989.0
2026-06-22 16:00:00,78.09,78.67,76.85,77.34,6336.0
2026-06-22 20:00:00,77.33,77.87,76.98,77.53,2759.0
2026-06-23 00:00:00,77.71,77.75,77.51,77.72,486.0
2026-06-23 04:00:00,77.7,77.8,77.06,77.22,2587.0
2026-06-23 08:00:00,77.22,77.32,76.07,76.99,4286.0
2026-06-23 12:00:00,77.0,77.59,76.69,77.11,3605.0
2026-06-23 16:00:00,77.13,77.25,76.18,76.54,5574.0
2026-06-23 20:00:00,76.57,76.99,76.49,76.52,2875.0
2026-06-24 00:00:00,76.23,76.46,76.19,76.31,492.0
2026-06-24 04:00:00,76.31,76.52,75.66,76.19,2598.0
2026-06-24 08:00:00,76.21,76.66,75.21,75.56,3954.0
2026-06-24 12:00:00,75.59,75.78,74.33,74.42,4191.0
2026-06-24 16:00:00,74.4,74.45,73.2,74.08,6436.0
2026-06-24 20:00:00,74.08,74.17,73.21,73.29,3101.0
2026-06-25 00:00:00,73.36,73.61,73.36,73.4,335.0
2026-06-25 04:00:00,73.4,73.51,72.51,72.88,2806.0
2026-06-25 08:00:00,72.86,73.38,72.41,72.6,4157.0
2026-06-25 12:00:00,72.57,73.47,72.32,73.07,3793.0
2026-06-25 16:00:00,73.06,75.02,73.0,74.92,6094.0
2026-06-25 20:00:00,74.92,75.98,74.71,74.9,3405.0
2026-06-26 00:00:00,74.93,75.31,74.9,75.3,388.0
2026-06-26 04:00:00,75.33,75.33,73.96,73.97,2429.0
2026-06-26 08:00:00,73.96,74.52,72.36,72.76,4020.0
2026-06-26 12:00:00,72.75,73.57,72.44,72.6,4049.0
2026-06-26 16:00:00,72.58,73.77,71.82,72.54,6864.0
2026-06-26 20:00:00,72.54,73.45,72.24,73.44,3276.0
2026-06-29 00:00:00,72.83,73.18,72.47,72.99,661.0
2026-06-29 04:00:00,72.98,73.37,72.85,73.04,2983.0
2026-06-29 08:00:00,73.03,73.38,72.54,73.17,3848.0
2026-06-29 12:00:00,73.19,73.74,72.67,73.12,3504.0
2026-06-29 16:00:00,73.14,74.09,72.99,73.86,5013.0
2026-06-29 20:00:00,73.87,74.11,73.46,73.53,2390.0
2026-06-30 00:00:00,73.37,73.53,73.32,73.4,367.0
2026-06-30 04:00:00,73.4,73.93,73.22,73.39,2354.0
2026-06-30 08:00:00,73.38,73.95,72.95,73.59,3878.0
2026-06-30 12:00:00,73.6,74.69,73.55,74.08,3912.0
2026-06-30 16:00:00,74.1,74.69,73.21,73.24,5329.0
2026-06-30 20:00:00,73.23,73.41,72.58,73.27,2545.0
2026-07-01 00:00:00,73.31,73.43,73.27,73.42,326.0
2026-07-01 04:00:00,73.43,73.44,72.98,73.1,1972.0
2026-07-01 08:00:00,73.09,73.22,71.67,71.72,3114.0
2026-07-01 12:00:00,71.71,72.36,71.62,71.8,3663.0
2026-07-01 16:00:00,71.85,72.24,71.05,71.29,5287.0
2026-07-01 20:00:00,71.29,71.7,71.02,71.15,2244.0
2026-07-02 00:00:00,71.18,71.22,70.84,71.01,408.0
2026-07-02 04:00:00,71.01,71.08,70.63,70.91,2232.0
2026-07-02 08:00:00,70.91,71.2,70.41,70.83,3625.0
2026-07-02 12:00:00,70.86,70.87,70.16,70.6,3214.0
2026-07-02 16:00:00,70.6,71.31,70.43,71.16,5059.0
2026-07-02 20:00:00,71.17,71.89,71.12,71.57,2185.0
2026-07-03 00:00:00,71.51,71.63,71.46,71.54,251.0
2026-07-03 04:00:00,71.54,72.36,71.45,72.18,2351.0
2026-07-03 08:00:00,72.18,72.47,71.33,72.03,2820.0
2026-07-03 12:00:00,72.02,72.08,71.28,71.46,2418.0
2026-07-03 16:00:00,71.46,72.22,71.42,72.06,3421.0
2026-07-03 20:00:00,72.06,72.08,71.86,71.89,263.0
2026-07-06 00:00:00,71.58,71.93,71.55,71.57,401.0
2026-07-06 04:00:00,71.56,72.39,71.48,71.86,2535.0
2026-07-06 08:00:00,71.85,72.41,71.03,71.5,3318.0
2026-07-06 12:00:00,71.5,72.07,71.44,71.77,3104.0
2026-07-06 16:00:00,71.77,72.56,71.54,71.76,4754.0
2026-07-06 20:00:00,71.78,72.17,71.66,71.99,1914.0
2026-07-07 00:00:00,72.13,72.35,72.12,72.31,319.0
2026-07-07 04:00:00,72.27,72.73,72.04,72.45,1747.0
2026-07-07 08:00:00,72.46,73.09,72.44,72.82,3482.0
2026-07-07 12:00:00,72.83,73.24,72.36,72.53,3446.0
2026-07-07 16:00:00,72.54,74.12,72.53,73.98,5377.0
2026-07-07 20:00:00,73.98,76.08,73.87,75.68,4351.0
2026-07-08 00:00:00,75.96,76.17,75.5,75.51,705.0
2026-07-08 04:00:00,75.48,76.03,75.24,75.93,2876.0
2026-07-08 08:00:00,75.93,78.39,75.49,78.27,6185.0
2026-07-08 12:00:00,78.28,78.76,76.86,77.53,7020.0
2026-07-08 16:00:00,77.56,80.14,77.22,78.55,9724.0
2026-07-08 20:00:00,78.55,79.14,77.58,78.97,5440.0
2026-07-09 00:00:00,78.62,78.63,78.2,78.21,556.0
2026-07-09 04:00:00,78.2,78.83,78.05,78.55,3116.0
2026-07-09 08:00:00,78.54,78.67,76.5,77.12,5686.0
2026-07-09 12:00:00,77.14,78.86,77.07,78.26,4965.0
2026-07-09 16:00:00,78.29,78.3,75.7,75.97,6921.0
2026-07-09 20:00:00,75.98,76.29,75.44,75.9,3482.0
2026-07-10 00:00:00,76.01,76.05,75.82,75.99,439.0
2026-07-10 04:00:00,75.98,76.66,75.75,76.36,2536.0
2026-07-10 08:00:00,76.37,76.48,75.24,76.01,4421.0
2026-07-10 12:00:00,76.02,76.92,75.6,76.19,4471.0
2026-07-10 16:00:00,76.2,77.28,75.18,75.48,6811.0
2026-07-10 20:00:00,75.49,76.08,75.46,75.87,2623.0
2026-07-13 00:00:00,78.25,78.88,78.19,78.67,691.0
2026-07-13 04:00:00,78.67,79.13,78.54,78.98,3674.0
2026-07-13 08:00:00,78.97,79.49,77.32,77.61,4530.0
2026-07-13 12:00:00,77.62,79.05,77.09,78.43,4654.0
2026-07-13 16:00:00,78.42,80.44,78.01,80.23,7040.0
2026-07-13 20:00:00,80.22,83.29,80.0,82.67,6531.0
2026-07-14 00:00:00,83.15,84.92,83.11,84.35,2117.0
2026-07-14 04:00:00,84.35,84.4,83.04,83.98,6157.0
2026-07-14 08:00:00,83.97,85.84,83.09,85.81,7853.0
2026-07-14 12:00:00,85.82,85.95,84.48,85.39,7763.0
2026-07-14 16:00:00,85.38,85.63,82.43,83.64,10218.0
2026-07-14 20:00:00,83.63,84.7,83.19,84.24,4897.0
2026-07-15 00:00:00,83.93,85.09,83.92,84.7,786.0
2026-07-15 04:00:00,84.67,84.92,84.14,84.29,3598.0
2026-07-15 08:00:00,84.28,85.2,83.54,83.6,5912.0
2026-07-15 12:00:00,83.59,84.63,83.44,83.91,4817.0
2026-07-15 16:00:00,83.9,84.44,82.46,83.72,7953.0
2026-07-15 20:00:00,83.71,84.87,83.07,84.49,4317.0
2026-07-16 00:00:00,84.2,84.28,83.96,84.18,416.0
2026-07-16 04:00:00,84.17,84.36,83.31,83.46,2827.0
2026-07-16 08:00:00,83.46,83.8,83.2,83.27,4697.0
2026-07-16 12:00:00,83.27,84.85,82.83,84.68,4866.0
2026-07-16 16:00:00,84.67,85.03,83.24,83.42,7265.0
2026-07-16 20:00:00,83.43,83.99,82.95,83.87,3603.0
2026-07-17 00:00:00,83.74,84.01,83.67,83.99,491.0
2026-07-17 04:00:00,83.97,84.42,83.61,83.99,2746.0
2026-07-17 08:00:00,84.0,84.01,82.67,83.88,5496.0
2026-07-17 12:00:00,83.9,85.18,83.87,85.08,4076.0
2026-07-17 16:00:00,85.07,86.38,84.75,86.29,6590.0
2026-07-17 20:00:00,86.28,86.87,85.94,86.55,3835.0
2026-07-20 00:00:00,88.51,88.59,88.2,88.25,687.0
2026-07-20 04:00:00,88.24,88.54,87.94,88.21,3704.0
2026-07-20 08:00:00,88.18,88.92,86.1,86.39,6053.0
2026-07-20 12:00:00,86.37,86.9,84.5,86.65,6700.0
2026-07-20 16:00:00,86.64,87.19,85.69,86.73,7650.0
2026-07-20 20:00:00,86.73,87.81,86.53,87.16,4147.0
2026-07-21 00:00:00,87.11,87.18,86.95,87.13,396.0
2026-07-21 04:00:00,87.14,87.15,86.52,86.76,2787.0
2026-07-21 08:00:00,86.76,87.56,86.15,86.98,4877.0
2026-07-21 12:00:00,86.99,88.79,86.77,88.48,6177.0
2026-07-21 16:00:00,88.5,89.34,88.13,88.77,7241.0
2026-07-21 20:00:00,88.75,89.09,88.35,88.98,3315.0
2026-07-22 00:00:00,88.89,89.05,88.74,88.89,487.0
2026-07-22 04:00:00,88.88,89.83,88.81,89.44,3268.0
2026-07-22 08:00:00,89.43,91.34,89.09,90.64,5660.0
2026-07-22 12:00:00,90.64,91.06,89.99,90.6,6507.0
2026-07-22 16:00:00,90.62,90.7,89.42,89.95,7122.0
2026-07-22 20:00:00,89.96,90.6,89.93,90.16,3364.0
2026-07-23 00:00:00,90.73,91.56,90.63,91.19,948.0
2026-07-23 04:00:00,91.18,91.87,91.02,91.53,3920.0
2026-07-23 08:00:00,91.53,92.86,91.15,92.58,6106.0
2026-07-23 12:00:00,92.59,93.88,92.27,93.63,6539.0
2026-07-23 16:00:00,93.68,94.72,93.35,94.45,8518.0
2026-07-23 20:00:00,94.44,95.39,93.4,94.13,5328.0
2026-07-24 00:00:00,93.86,94.39,93.74,93.75,840.0
2026-07-24 04:00:00,93.72,94.25,93.1,93.67,4062.0
2026-07-24 08:00:00,93.66,93.81,91.36,91.59,5954.0
2026-07-24 12:00:00,91.62,92.25,90.91,91.47,5992.0
2026-07-24 16:00:00,91.48,92.13,90.22,90.91,8612.0
2026-07-24 20:00:00,90.92,92.66,90.73,92.54,4689.0
2026-07-27 00:00:00,87.09,87.36,86.56,87.26,1137.0
2026-07-27 04:00:00,87.28,88.15,86.83,87.17,4387.0
2026-07-27 08:00:00,87.19,87.25,84.94,85.03,7385.0
2026-07-27 12:00:00,85.03,86.89,84.32,86.62,6900.0
2026-07-27 16:00:00,86.56,87.01,85.32,85.72,8021.0
2026-07-27 20:00:00,85.73,85.81,84.69,84.93,4448.0
2026-07-28 00:00:00,84.96,85.14,84.55,85.05,846.0
2026-07-28 04:00:00,85.04,85.16,83.69,84.44,3906.0
2026-07-28 08:00:00,84.45,85.17,82.5,82.88,6733.0
2026-07-28 12:00:00,82.96,84.3,82.96,83.33,5432.0
2026-07-28 16:00:00,83.33,84.02,80.33,81.09,9205.0
2026-07-28 20:00:00,81.09,82.05,80.77,81.44,5108.0
2026-07-29 00:00:00,83.61,84.46,83.59,84.3,1340.0
2026-07-29 04:00:00,84.29,85.11,83.94,84.14,3905.0
2026-07-29 08:00:00,84.14,84.46,83.76,84.12,5412.0
2026-07-29 12:00:00,84.11,86.6,84.06,86.25,6160.0
2026-07-29 16:00:00,86.28,87.61,86.01,87.25,7547.0
2026-07-29 20:00:00,87.24,87.97,86.91,87.54,6149.0
2026-07-30 00:00:00,86.94,87.5,86.27,87.41,1182.0
2026-07-30 04:00:00,87.37,87.38,86.13,86.87,3824.0
2026-07-30 08:00:00,86.88,88.6,86.82,87.4,7022.0
2026-07-30 12:00:00,87.4,87.5,86.1,86.78,6130.0
2026-07-30 16:00:00,86.78,86.88,85.53,86.38,8195.0
2026-07-30 20:00:00,86.37,86.65,86.03,86.45,3969.0
2026-07-31 00:00:00,86.39,86.57,86.01,86.01,586.0
2026-07-31 04:00:00,85.98,85.98,84.25,84.27,4256.0
2026-07-31 08:00:00,84.26,85.47,83.85,85.14,5400.0
2026-07-31 12:00:00,85.12,87.97,85.12,87.67,6315.0
2026-07-31 16:00:00,87.68,87.9,86.19,86.84,7828.0
2026-07-31 20:00:00,86.85,88.46,86.73,88.39,4201.0
2026-08-03 00:00:00,82.92,83.18,82.6,82.95,871.0
2026-08-03 04:00:00,82.96,83.14,82.35,82.35,3996.0
2026-08-03 08:00:00,82.36,83.62,81.72,83.12,5804.0
2026-08-03 12:00:00,83.13,83.19,81.9,82.04,5418.0
2026-08-03 16:00:00,82.04,83.47,81.78,82.51,7154.0
2026-08-03 20:00:00,82.51,83.08,82.0,82.52,4264.0
2026-08-04 00:00:00,82.72,83.37,82.69,83.31,740.0
2026-08-04 04:00:00,83.34,83.87,82.97,83.82,2867.0
2026-08-04 08:00:00,83.83,85.03,83.14,84.85,5154.0
2026-08-04 12:00:00,84.86,84.98,79.72,80.56,8254.0
2026-08-04 16:00:00,80.59,80.89,78.08,78.96,9514.0
2026-08-04 20:00:00,78.97,79.02,78.03,78.06,4129.0
2026-08-05 00:00:00,78.07,78.47,77.77,78.41,826.0
2026-08-05 04:00:00,78.41,79.1,77.43,78.15,3775.0
2026-08-05 08:00:00,78.16,79.81,77.81,79.61,6293.0
2026-08-05 12:00:00,79.6,80.1,79.06,79.87,5141.0
2026-08-05 16:00:00,79.88,79.89,77.64,78.23,8694.0
2026-08-05 20:00:00,78.2,78.82,77.84,78.6,4100.0
2026-08-06 00:00:00,78.34,78.61,78.15,78.4,645.0
2026-08-06 04:00:00,78.38,79.42,78.13,78.25,3401.0
2026-08-06 08:00:00,78.25,79.35,78.09,78.68,4988.0
2026-08-06 12:00:00,78.67,79.86,78.54,79.79,4292.0
2026-08-06 16:00:00,79.76,81.88,79.71,81.7,7096.0
2026-08-06 20:00:00,81.69,82.6,81.17,82.38,4617.0
2026-08-07 00:00:00,82.02,82.57,82.02,82.06,705.0
2026-08-07 04:00:00,82.05,83.1,81.85,82.55,3389.0
2026-08-07 08:00:00,82.56,82.6,81.72,81.78,4161.0
2026-08-07 12:00:00,81.78,81.89,80.49,80.65,4579.0
2026-08-07 16:00:00,80.59,82.71,80.57,82.54,6311.0
2026-08-07 20:00:00,82.52,82.63,80.9,81.23,4310.0
2026-08-10 00:00:00,83.04,83.18,82.8,82.85,593.0
2026-08-10 04:00:00,82.83,83.38,82.36,82.65,2972.0
2026-08-10 08:00:00,82.66,83.49,82.05,83.31,4953.0
2026-08-10 12:00:00,83.31,84.1,82.71,83.9,4595.0
2026-08-10 16:00:00,83.91,85.95,83.54,85.87,6707.0
2026-08-10 20:00:00,85.89,86.69,85.86,86.52,3698.0
2026-08-11 00:00:00,86.25,86.56,86.19,86.34,601.0
2026-08-11 04:00:00,86.35,86.67,86.09,86.4,3191.0
2026-08-11 08:00:00,86.4,88.44,86.31,88.33,5677.0
2026-08-11 12:00:00,88.34,88.45,85.72,86.55,6614.0
2026-08-11 16:00:00,86.55,87.4,85.39,87.14,7292.0
2026-08-11 20:00:00,87.15,87.73,86.99,87.38,3557.0
2026-08-12 00:00:00,87.43,87.92,87.39,87.78,758.0
2026-08-12 04:00:00,87.78,88.27,87.65,87.68,3044.0
2026-08-12 08:00:00,87.69,88.0,87.19,87.56,4814.0
2026-08-12 12:00:00,87.58,87.66,86.48,86.83,5973.0
2026-08-12 16:00:00,86.82,87.28,86.51,86.93,6933.0
2026-08-12 20:00:00,86.92,87.52,86.83,86.86,3380.0
2026-08-13 00:00:00,86.8,86.82,86.28,86.29,636.0
2026-08-13 04:00:00,86.28,87.14,86.11,87.14,3034.0
2026-08-13 08:00:00,87.15,87.36,85.82,85.97,4815.0
2026-08-13 12:00:00,85.96,86.22,85.36,85.6,4744.0
2026-08-13 16:00:00,85.61,86.99,84.53,86.21,7476.0
2026-08-13 20:00:00,86.23,86.42,85.35,85.54,3671.0
2026-08-14 00:00:00,85.58,85.72,85.38,85.39,517.0
2026-08-14 04:00:00,85.4,85.82,85.14,85.66,2893.0
2026-08-14 08:00:00,85.66,87.08,85.58,86.37,4278.0
2026-08-14 12:00:00,86.38,86.41,85.3,85.37,3933.0
2026-08-14 16:00:00,85.39,86.51,85.14,86.42,5845.0
2026-08-14 20:00:00,86.43,87.15,86.38,86.91,2880.0
2026-08-17 00:00:00,86.79,86.79,86.33,86.36,550.0
2026-08-17 04:00:00,86.36,87.43,86.14,86.65,4050.0
2026-08-17 08:00:00,86.65,87.17,86.27,87.16,4847.0
2026-08-17 12:00:00,87.19,87.72,86.5,87.54,5453.0
2026-08-17 16:00:00,87.55,87.66,86.82,87.65,6201.0
2026-08-17 20:00:00,87.66,89.48,87.6,89.4,4709.0
2026-08-18 00:00:00,89.32,89.44,89.16,89.16,602.0
2026-08-18 04:00:00,89.18,89.8,89.01,89.59,3200.0
2026-08-18 08:00:00,89.59,90.05,89.18,89.32,4107.0
2026-08-18 12:00:00,89.34,89.77,89.06,89.63,3679.0
2026-08-18 16:00:00,89.61,90.44,89.19,89.74,6646.0
2026-08-18 20:00:00,89.76,89.87,89.37,89.82,3058.0
2026-08-19 00:00:00,89.78,90.27,89.69,90.05,761.0
2026-08-19 04:00:00,90.02,90.47,89.92,89.97,3255.0
2026-08-19 08:00:00,89.98,90.39,89.64,90.35,4526.0
2026-08-19 12:00:00,90.33,90.75,88.89,89.38,5002.0
2026-08-19 16:00:00,89.4,90.83,89.33,90.76,6808.0
2026-08-19 20:00:00,90.77,90.96,89.39,89.75,4014.0
2026-08-20 00:00:00,89.62,90.0,89.6,89.98,574.0
2026-08-20 04:00:00,89.99,90.33,89.65,89.79,3418.0
2026-08-20 08:00:00,89.78,91.72,89.65,91.59,4665.0
2026-08-20 12:00:00,91.62,92.54,91.48,91.64,4301.0
2026-08-20 16:00:00,91.67,92.08,90.88,91.34,6704.0
2026-08-20 20:00:00,91.33,92.05,91.12,91.36,3171.0
2026-08-21 00:00:00,91.18,91.53,91.17,91.46,547.0
2026-08-21 04:00:00,91.47,92.07,91.35,91.39,2818.0
2026-08-21 08:00:00,91.39,91.97,91.15,91.16,4166.0
2026-08-21 12:00:00,91.15,92.49,91.05,92.12,4808.0
2026-08-21 16:00:00,92.13,92.55,91.77,92.4,6443.0
2026-08-21 20:00:00,92.4,92.87,92.03,92.11,3145.0
2026-08-24 00:00:00,91.23,91.43,90.84,91.04,611.0
2026-08-24 04:00:00,91.03,91.11,89.97,90.95,3588.0
2026-08-24 08:00:00,90.96,91.38,90.34,90.65,4647.0
2026-08-24 12:00:00,90.65,91.62,90.48,91.01,4389.0
2026-08-24 16:00:00,91.01,91.66,89.91,90.45,6840.0
2026-08-24 20:00:00,90.44,90.44,89.86,90.06,3322.0
2026-08-25 00:00:00,90.13,90.27,89.79,89.81,511.0
2026-08-25 04:00:00,89.79,90.89,89.75,90.14,3943.0
2026-08-25 08:00:00,90.13,90.17,88.11,88.27,5451.0
2026-08-25 12:00:00,88.28,88.35,87.18,87.46,5734.0
2026-08-25 16:00:00,87.45,88.26,86.45,86.73,7016.0
2026-08-25 20:00:00,86.74,87.02,84.71,85.55,4583.0
2026-08-26 00:00:00,85.52,85.62,85.07,85.18,850.0
2026-08-26 04:00:00,85.19,85.23,84.64,85.23,3540.0
2026-08-26 08:00:00,85.22,85.6,84.37,84.54,4856.0
2026-08-26 12:00:00,84.55,85.42,84.24,85.32,4740.0
2026-08-26 16:00:00,85.33,87.94,85.15,87.18,6648.0
2026-08-26 20:00:00,87.19,87.24,86.04,86.19,2872.0
2026-08-27 00:00:00,86.09,86.17,85.83,86.06,616.0
2026-08-27 04:00:00,86.09,86.42,85.68,86.08,3454.0
2026-08-27 08:00:00,86.1,86.12,84.92,86.1,4198.0
2026-08-27 12:00:00,86.11,87.21,86.08,86.94,4322.0
2026-08-27 16:00:00,86.96,87.58,86.33,87.12,6234.0
2026-08-27 20:00:00,87.12,88.68,87.03,88.06,4161.0
2026-08-28 00:00:00,87.95,87.98,87.73,87.75,526.0
2026-08-28 04:00:00,87.76,88.02,87.54,87.79,2715.0
2026-08-28 08:00:00,87.79,87.86,87.07,87.82,4546.0
2026-08-28 12:00:00,87.84,88.12,86.87,86.92,4387.0
2026-08-28 16:00:00,86.94,87.83,86.72,87.75,6421.0
2026-08-28 20:00:00,87.75,87.87,87.33,87.72,3015.0
2026-08-31 00:00:00,88.88,88.89,88.31,88.51,687.0
2026-08-31 04:00:00,88.51,89.95,88.5,89.56,4775.0
2026-08-31 08:00:00,89.56,90.58,88.82,90.49,5009.0
2026-08-31 12:00:00,90.48,90.73,89.85,89.96,4645.0
2026-08-31 16:00:00,89.97,90.5,89.36,89.63,6093.0
2026-08-31 20:00:00,89.64,90.05,89.47,89.99,3380.0
2026-09-01 00:00:00,90.09,90.34,90.09,90.21,662.0
2026-09-01 04:00:00,90.21,90.71,90.04,90.66,3207.0
2026-09-01 08:00:00,90.67,91.62,89.9,91.56,5440.0
2026-09-01 12:00:00,91.52,91.74,90.86,91.44,4485.0
2026-09-01 16:00:00,91.45,93.32,90.97,92.95,7589.0
2026-09-01 20:00:00,92.96,94.28,92.81,94.03,5296.0
2026-09-02 00:00:00,94.0,95.38,93.89,95.37,1442.0
2026-09-02 04:00:00,95.42,95.63,93.88,93.96,5045.0
2026-09-02 08:00:00,93.97,94.46,93.27,93.45,6122.0
2026-09-02 12:00:00,93.46,93.93,92.34,93.32,5841.0
2026-09-02 16:00:00,93.31,94.48,92.61,94.34,7117.0
2026-09-02 20:00:00,94.33,94.62,93.66,93.91,4422.0
2026-09-03 00:00:00,93.74,93.87,93.63,93.79,538.0
2026-09-03 04:00:00,93.78,94.43,93.51,93.57,3619.0
2026-09-03 08:00:00,93.58,94.34,92.65,94.33,6010.0
2026-09-03 12:00:00,94.34,95.74,94.04,94.38,6253.0
2026-09-03 16:00:00,94.4,95.33,93.83,94.21,7664.0
2026-09-03 20:00:00,94.22,94.59,93.57,94.22,3504.0
2026-09-04 00:00:00,94.25,94.26,93.81,93.97,548.0
2026-09-04 04:00:00,93.98,94.49,93.88,93.89,3609.0
2026-09-04 08:00:00,93.89,94.23,93.3,93.55,5207.0
2026-09-04 12:00:00,93.56,93.97,92.78,92.82,4647.0
2026-09-04 16:00:00,92.86,94.34,91.71,94.33,7867.0
2026-09-04 20:00:00,94.33,94.82,93.85,94.26,3790.0
2026-09-07 00:00:00,94.72,94.85,94.25,94.52,650.0
2026-09-07 04:00:00,94.55,95.34,94.23,95.24,3589.0
2026-09-07 08:00:00,95.25,95.84,94.06,94.66,4814.0
2026-09-07 12:00:00,94.64,95.56,94.55,95.21,3600.0
2026-09-07 16:00:00,95.23,95.87,94.97,94.98,4504.0
2026-09-07 20:00:00,94.98,95.35,94.83,95.3,357.0
2026-09-08 00:00:00,95.09,95.27,94.71,94.96,662.0
2026-09-08 04:00:00,94.93,95.63,94.83,95.52,3212.0
2026-09-08 08:00:00,95.53,97.16,95.44,96.85,5412.0
2026-09-08 12:00:00,96.87,97.06,95.7,95.7,4688.0
2026-09-08 16:00:00,95.7,96.27,95.18,95.45,6927.0
2026-09-08 20:00:00,95.45,97.3,94.9,97.26,5486.0
2026-09-09 00:00:00,97.19,97.39,96.98,97.09,829.0
2026-09-09 04:00:00,97.1,97.48,96.88,96.89,3383.0
2026-09-09 08:00:00,96.89,98.04,96.68,97.98,4822.0
2026-09-09 12:00:00,98.03,98.74,97.98,98.51,5168.0
2026-09-09 16:00:00,98.52,99.21,98.21,98.22,7530.0
2026-09-09 20:00:00,98.22,99.33,97.92,99.23,4053.0
2026-09-10 00:00:00,99.36,99.4,98.63,98.64,818.0
2026-09-10 04:00:00,98.65,99.22,98.36,98.55,4249.0
2026-09-10 08:00:00,98.56,99.77,97.78,99.71,4916.0
2026-09-10 12:00:00,99.72,103.03,98.61,102.39,6900.0
2026-09-10 16:00:00,102.38,104.74,101.14,103.89,9794.0
2026-09-10 20:00:00,103.9,105.97,103.85,105.9,6498.0
2026-09-11 00:00:00,106.15,106.15,104.76,105.18,1774.0
2026-09-11 04:00:00,105.19,105.49,104.09,104.4,7566.0
2026-09-11 08:00:00,104.4,104.42,101.35,101.37,9459.0
2026-09-11 12:00:00,101.35,101.94,100.67,101.64,8086.0
2026-09-11 16:00:00,101.63,102.41,100.84,101.93,9343.0
2026-09-11 20:00:00,101.92,102.01,101.01,101.46,5172.0
2026-09-14 00:00:00,103.8,104.13,103.55,103.89,1166.0
2026-09-14 04:00:00,103.9,104.6,103.08,103.43,6395.0
2026-09-14 08:00:00,103.43,104.7,102.77,104.22,7045.0
2026-09-14 12:00:00,104.23,105.61,103.36,104.83,6599.0
2026-09-14 16:00:00,104.83,105.37,101.66,102.18,10763.0
2026-09-14 20:00:00,102.17,102.86,101.53,102.67,6276.0
2026-09-15 00:00:00,102.78,103.36,102.69,103.26,1027.0
2026-09-15 04:00:00,103.24,103.71,102.54,103.64,4698.0
2026-09-15 08:00:00,103.64,104.48,103.12,104.21,6448.0
2026-09-15 12:00:00,104.22,104.56,101.74,102.3,6703.0
2026-09-15 16:00:00,102.33,105.05,102.0,104.98,9575.0
2026-09-15 20:00:00,104.98,105.45,104.34,104.56,5187.0
2026-09-16 00:00:00,104.28,104.34,103.62,104.16,983.0
2026-09-16 04:00:00,104.16,104.5,103.38,103.84,5323.0
2026-09-16 08:00:00,103.86,104.35,103.22,104.05,5868.0
2026-09-16 12:00:00,104.05,104.47,102.94,103.53,6121.0
2026-09-16 16:00:00,103.55,103.72,100.35,101.96,9131.0
2026-09-16 20:00:00,101.97,102.3,101.28,101.9,5891.0
2026-09-17 00:00:00,101.41,101.43,100.39,100.71,949.0
2026-09-17 04:00:00,100.69,102.18,100.6,101.82,4772.0
2026-09-17 08:00:00,101.82,101.88,100.12,100.76,6747.0
2026-09-17 12:00:00,100.77,101.37,98.68,99.27,7784.0
2026-09-17 16:00:00,99.28,101.09,98.87,100.85,8629.0
2026-09-17 20:00:00,100.85,101.1,100.16,100.4,4368.0
2026-09-18 00:00:00,100.12,100.37,99.94,100.33,765.0
2026-09-18 04:00:00,100.34,100.47,99.57,99.81,5111.0
2026-09-18 08:00:00,99.8,100.01,98.54,99.24,6628.0
2026-09-18 12:00:00,99.26,99.95,98.78,99.83,6636.0
2026-09-18 16:00:00,99.82,101.05,99.79,99.92,7894.0
2026-09-18 20:00:00,99.94,100.19,99.25,99.53,4648.0
2026-09-21 00:00:00,99.49,99.66,98.37,98.63,1170.0
2026-09-21 04:00:00,98.63,98.63,97.37,97.93,4579.0
2026-09-21 08:00:00,97.92,98.65,97.45,98.04,5506.0
2026-09-21 12:00:00,98.01,98.41,96.59,97.66,5608.0
2026-09-21 16:00:00,97.65,97.71,95.45,95.8,8152.0
2026-09-21 20:00:00,95.8,96.92,95.79,96.39,4048.0
2026-09-22 00:00:00,96.57,97.01,96.4,96.98,694.0
2026-09-22 04:00:00,96.98,97.79,96.97,97.75,3126.0
2026-09-22 08:00:00,97.76,98.21,95.18,95.46,5526.0
2026-09-22 12:00:00,95.45,96.43,93.95,95.24,9005.0
2026-09-22 16:00:00,95.28,96.78,94.31,96.3,9170.0
2026-09-22 20:00:00,96.29,96.31,93.93,95.05,6632.0
2026-09-23 00:00:00,94.6,95.43,94.6,95.25,1039.0
2026-09-23 04:00:00,95.26,95.65,94.23,94.42,3846.0
2026-09-23 08:00:00,94.42,96.24,94.36,95.76,6102.0
2026-09-23 12:00:00,95.78,96.67,95.18,96.56,5596.0
2026-09-23 16:00:00,96.58,98.62,96.29,97.91,9512.0
2026-09-23 20:00:00,97.91,99.0,97.46,98.65,5604.0
2026-09-24 00:00:00,98.06,98.06,97.4,97.5,846.0
