<DATE>	<TIME>	<OPEN>	<HIGH>	<LOW>	<CLOSE>	<TICKVOL>	<VOL>	<SPREAD>
2023.01.03	00:00:00	85.03	85.48	84.81	85.48	1137	0	1
2023.01.03	04:00:00	85.47	86.11	85.31	86.09	2313	0	1
2023.01.03	08:00:00	86.09	86.91	84.36	84.39	6581	0	1
2023.01.03	12:00:00	84.39	85.37	83.88	84.88	8795	0	1
2023.01.03	16:00:00	84.90	85.34	82.61	83.03	11343	0	1
2023.01.03	20:00:00	83.03	83.04	81.79	82.31	3894	0	1
2023.01.04	00:00:00	81.98	82.37	81.94	82.15	590	0	2
2023.01.04	04:00:00	82.15	82.26	81.41	81.66	2371	0	1
2023.01.04	08:00:00	81.66	81.84	79.92	80.00	6417	0	1
2023.01.04	12:00:00	80.00	80.29	78.84	79.20	9080	0	1
2023.01.04	16:00:00	79.19	79.34	77.94	78.60	11231	0	1
2023.01.04	20:00:00	78.60	78.72	77.77	78.12	3833	0	1
2023.01.05	00:00:00	78.72	78.81	78.62	78.67	726	0	2
2023.01.05	04:00:00	78.67	79.11	78.56	78.69	1904	0	1
2023.01.05	08:00:00	78.69	79.98	78.22	79.70	6266	0	1
2023.01.05	12:00:00	79.71	79.72	77.65	78.27	8119	0	1
2023.01.05	16:00:00	78.27	79.65	78.03	78.55	8028	0	1
2023.01.06	00:00:00	79.37	79.56	79.34	79.50	471	0	2
2023.01.06	04:00:00	79.50	79.76	79.10	79.41	2218	0	1
2023.01.06	08:00:00	79.42	79.52	78.38	79.07	5244	0	1
2023.01.06	12:00:00	79.07	80.60	78.35	79.16	8987	0	1
2023.01.06	16:00:00	79.17	80.43	79.17	79.64	7299	0	1
2023.01.09	00:00:00	79.36	79.68	79.33	79.63	662	0	1
2023.01.09	04:00:00	79.63	79.81	79.38	79.68	1638	0	1
2023.01.09	08:00:00	79.68	81.29	79.59	81.02	5840	0	1
2023.01.09	12:00:00	81.03	81.32	80.21	81.14	7009	0	1
2023.01.09	16:00:00	81.15	81.42	79.50	79.52	9797	0	1
2023.01.09	20:00:00	79.53	79.91	79.40	79.89	2717	0	1
2023.01.10	00:00:00	79.54	79.68	79.19	79.33	632	0	1
2023.01.10	04:00:00	79.33	79.62	79.19	79.50	1944	0	2
2023.01.10	08:00:00	79.51	80.31	78.91	80.17	5607	0	1
2023.01.10	12:00:00	80.17	80.66	79.74	79.96	6614	0	1
2023.01.10	16:00:00	79.97	80.85	79.11	80.72	9160	0	1
2023.01.10	20:00:00	80.71	80.94	79.43	79.52	2655	0	0
2023.01.11	00:00:00	79.62	79.63	79.39	79.56	664	0	2
2023.01.11	04:00:00	79.56	79.74	79.38	79.69	1809	0	2
2023.01.11	08:00:00	79.69	80.84	79.52	80.52	4707	0	1
2023.01.11	12:00:00	80.53	82.23	80.38	81.52	6874	0	1
2023.01.11	16:00:00	81.53	82.97	80.97	82.71	9593	0	1
2023.01.11	20:00:00	82.71	83.05	82.33	82.97	2577	0	0
2023.01.12	00:00:00	83.00	83.03	82.77	82.80	505	0	2
2023.01.12	04:00:00	82.81	82.95	82.64	82.78	1569	0	1
2023.01.12	08:00:00	82.77	83.81	82.43	83.61	4861	0	1
2023.01.12	12:00:00	83.62	84.48	83.30	83.61	7456	0	1
2023.01.12	16:00:00	83.61	84.65	83.46	84.28	5859	0	1
2023.01.13	00:00:00	83.78	83.82	83.56	83.67	645	0	1
2023.01.13	04:00:00	83.67	83.92	83.57	83.90	1643	0	1
2023.01.13	08:00:00	83.90	84.96	83.79	84.87	4728	0	1
2023.01.13	12:00:00	84.87	84.94	83.98	84.43	5681	0	1
2023.01.13	16:00:00	84.43	85.25	84.35	85.04	5144	0	1
2023.01.16	00:00:00	85.21	85.31	84.91	85.00	599	0	1
2023.01.16	04:00:00	85.00	85.04	84.60	84.63	1458	0	1
2023.01.16	08:00:00	84.63	85.15	84.20	84.77	3929	0	1
2023.01.16	12:00:00	84.78	85.23	84.33	84.57	3980	0	1
2023.01.16	16:00:00	84.57	84.72	84.01	84.17	3075	0	1
2023.01.18	12:00:00	87.41	87.70	86.95	87.66	5914	0	1
2023.01.18	16:00:00	87.66	87.98	85.19	85.57	9957	0	1
2023.01.18	20:00:00	85.56	85.74	84.55	84.63	3087	0	1
2023.01.19	00:00:00	84.16	84.48	84.09	84.40	648	0	1
2023.01.19	04:00:00	84.40	84.57	83.95	84.55	1993	0	1
2023.01.19	08:00:00	84.56	84.73	84.09	84.55	5284	0	1
2023.01.19	12:00:00	84.56	85.95	84.33	85.68	6953	0	1
2023.01.19	16:00:00	85.68	86.93	85.15	86.36	11250	0	1
2023.01.19	20:00:00	86.34	86.52	85.96	86.37	2868	0	1
2023.01.20	00:00:00	86.77	86.78	86.60	86.64	614	0	2
2023.01.20	04:00:00	86.65	86.82	86.22	86.58	2239	0	1
2023.01.20	08:00:00	86.58	87.21	86.29	86.68	4453	0	1
2023.01.20	12:00:00	86.68	86.99	85.68	86.21	7115	0	1
2023.01.20	16:00:00	86.23	87.70	86.02	87.69	8488	0	1
2023.01.20	20:00:00	87.68	87.80	87.46	87.75	2781	0	1
2023.01.23	00:00:00	87.25	87.33	87.10	87.22	194	0	2
2023.01.23	04:00:00	87.22	87.72	87.16	87.50	1255	0	1
2023.01.23	08:00:00	87.50	88.35	86.98	88.29	5013	0	1
2023.01.23	12:00:00	88.29	88.92	88.06	88.74	5883	0	1
2023.01.23	16:00:00	88.72	89.00	88.20	88.22	6439	0	1
2023.01.24	00:00:00	88.20	88.30	88.14	88.19	226	0	3
2023.01.24	04:00:00	88.19	88.21	87.81	87.89	768	0	1
2023.01.24	08:00:00	87.89	88.35	87.24	88.06	5224	0	1
2023.01.24	12:00:00	88.06	88.61	87.73	87.80	6818	0	1
2023.01.24	16:00:00	87.81	87.84	85.97	86.14	10024	0	1
2023.01.24	20:00:00	86.14	86.43	85.87	86.42	2887	0	0
2023.01.25	00:00:00	86.73	86.86	86.51	86.55	286	0	2
2023.01.25	04:00:00	86.56	86.64	86.35	86.63	1034	0	1
2023.01.25	08:00:00	86.63	86.81	85.74	86.01	4840	0	1
2023.01.25	12:00:00	86.01	86.52	85.50	85.68	5660	0	1
2023.01.25	16:00:00	85.68	87.03	85.47	86.35	9483	0	1
2023.01.25	20:00:00	86.35	86.60	86.11	86.33	2449	0	0
2023.01.26	00:00:00	86.32	86.48	86.26	86.46	205	0	2
2023.01.26	04:00:00	86.46	86.47	86.04	86.33	921	0	2
2023.01.26	08:00:00	86.33	87.09	85.76	86.64	4233	0	1
2023.01.26	12:00:00	86.64	87.97	86.53	87.17	5751	0	1
2023.01.26	16:00:00	87.19	87.68	86.30	87.07	8041	0	1
2023.01.26	20:00:00	87.08	87.72	87.03	87.51	2259	0	1
2023.01.27	00:00:00	87.44	87.59	87.40	87.57	216	0	2
2023.01.27	04:00:00	87.57	87.78	87.55	87.62	759	0	1
2023.01.27	08:00:00	87.62	88.49	87.37	88.29	3996	0	1
2023.01.27	12:00:00	88.29	88.63	87.77	87.90	5258	0	1
2023.01.27	16:00:00	87.91	88.50	85.52	86.25	10361	0	1
2023.01.27	20:00:00	86.25	86.52	85.77	86.12	2745	0	1
2023.01.30	00:00:00	86.70	86.81	86.44	86.52	710	0	1
2023.01.30	04:00:00	86.52	86.55	85.78	85.93	1797	0	1
2023.01.30	08:00:00	85.93	86.53	85.54	86.53	5020	0	1
2023.01.30	12:00:00	86.54	86.62	84.60	85.28	7271	0	1
2023.01.30	16:00:00	85.29	86.44	84.99	85.53	6615	0	1
2023.01.31	00:00:00	84.53	84.66	84.38	84.41	570	0	1
2023.01.31	04:00:00	84.41	84.42	84.02	84.07	1336	0	1
2023.01.31	08:00:00	84.08	84.42	83.13	83.36	5093	0	1
2023.01.31	12:00:00	83.37	85.03	83.29	84.97	7190	0	1
2023.01.31	16:00:00	84.97	85.75	84.54	85.02	8615	0	1
2023.01.31	20:00:00	85.03	85.63	84.77	85.49	2259	0	0
2023.02.01	00:00:00	85.55	85.61	85.40	85.42	462	0	2
2023.02.01	04:00:00	85.41	85.79	85.39	85.48	1532	0	1
2023.02.01	08:00:00	85.48	86.16	85.14	85.26	5059	0	1
2023.02.01	12:00:00	85.26	86.10	84.77	84.81	7357	0	1
2023.02.01	16:00:00	84.89	85.28	82.35	82.66	10345	0	1
2023.02.01	20:00:00	82.68	83.46	82.53	83.03	4543	0	0
2023.02.02	00:00:00	83.34	83.49	83.27	83.46	691	0	2
2023.02.02	04:00:00	83.47	83.56	83.10	83.16	1876	0	1
2023.02.02	08:00:00	83.16	83.43	82.40	82.72	5535	0	1
2023.02.02	12:00:00	82.72	82.92	81.60	81.74	7920	0	1
2023.02.02	16:00:00	81.75	83.21	81.23	82.93	9942	0	1
2023.02.02	20:00:00	82.93	83.03	81.91	82.11	3331	0	1
2023.02.03	00:00:00	82.26	82.40	82.01	82.12	439	0	1
2023.02.03	04:00:00	82.12	82.24	81.85	82.09	1635	0	1
2023.02.03	08:00:00	82.09	82.57	81.42	82.00	5885	0	1
2023.02.03	12:00:00	82.00	83.50	81.70	83.38	8610	0	1
2023.02.03	16:00:00	83.38	84.14	79.82	80.00	12230	0	1
2023.02.03	20:00:00	80.00	80.14	79.59	79.67	2833	0	0
2023.02.06	00:00:00	80.05	80.09	79.94	80.08	661	0	1
2023.02.06	04:00:00	80.08	80.27	79.96	80.18	1797	0	1
2023.02.06	08:00:00	80.18	80.84	79.83	80.67	6653	0	1
2023.02.06	12:00:00	80.68	81.14	80.05	80.24	8160	0	1
2023.02.06	16:00:00	80.23	80.68	79.02	80.42	7334	0	1
2023.02.07	00:00:00	81.62	81.72	81.52	81.70	493	0	1
2023.02.07	04:00:00	81.71	82.09	81.47	82.05	1921	0	1
2023.02.07	08:00:00	82.06	82.77	81.86	82.39	5754	0	1
2023.02.07	12:00:00	82.40	82.42	81.41	81.90	8199	0	1
2023.02.07	16:00:00	81.91	83.70	81.59	83.37	11404	0	1
2023.02.07	20:00:00	83.36	83.92	83.29	83.92	2830	0	1
2023.02.08	00:00:00	83.48	83.80	83.48	83.74	521	0	2
2023.02.08	04:00:00	83.75	83.77	83.45	83.64	1608	0	1
2023.02.08	08:00:00	83.62	84.70	83.40	84.25	5115	0	1
2023.02.08	12:00:00	84.26	84.65	83.84	84.15	7051	0	1
2023.02.08	16:00:00	84.15	84.93	83.47	84.78	10096	0	1
2023.02.08	20:00:00	84.78	85.00	84.70	84.99	2201	0	1
2023.02.09	00:00:00	85.06	85.11	84.93	84.95	315	0	1
2023.02.09	04:00:00	84.95	85.09	84.75	85.03	1495	0	1
2023.02.09	08:00:00	85.03	85.31	84.65	85.17	4717	0	1
2023.02.09	12:00:00	85.17	85.31	83.69	83.94	7404	0	1
2023.02.09	16:00:00	83.95	84.50	82.93	84.41	9473	0	1
2023.02.09	20:00:00	84.42	84.54	83.86	84.01	2800	0	1
2023.02.10	00:00:00	84.08	84.30	83.95	84.09	495	0	2
2023.02.10	04:00:00	84.09	84.28	83.75	84.09	2093	0	1
2023.02.10	08:00:00	84.09	86.68	83.89	85.92	8096	0	1
2023.02.10	12:00:00	85.93	86.45	85.01	85.70	8032	0	1
2023.02.10	16:00:00	85.70	86.46	85.43	86.20	7932	0	1
2023.02.10	20:00:00	86.20	86.38	86.01	86.34	1854	0	1
2023.02.13	00:00:00	85.62	85.72	85.36	85.49	550	0	2
2023.02.13	04:00:00	85.49	85.54	85.25	85.38	1521	0	1
2023.02.13	08:00:00	85.38	85.56	84.92	85.37	3947	0	1
2023.02.13	12:00:00	85.38	86.27	85.25	85.68	6810	0	1
2023.02.13	16:00:00	85.69	86.36	85.29	86.36	5023	0	1
2023.02.14	00:00:00	85.63	85.81	85.48	85.80	562	0	2
2023.02.14	04:00:00	85.81	86.20	85.63	85.99	1712	0	2
2023.02.14	08:00:00	85.99	86.12	85.22	85.46	4289	0	1
2023.02.14	12:00:00	85.45	85.96	83.95	85.21	8779	0	1
2023.02.14	16:00:00	85.22	85.77	84.83	85.17	9528	0	1
2023.02.14	20:00:00	85.17	85.55	85.15	85.25	1915	0	1
2023.02.15	00:00:00	85.24	85.27	84.98	85.07	388	0	1
2023.02.15	04:00:00	85.07	85.13	84.44	84.67	1681	0	1
2023.02.15	08:00:00	84.67	84.79	83.99	84.73	5420	0	1
2023.02.15	12:00:00	84.73	85.10	84.20	84.29	7430	0	1
2023.02.15	16:00:00	84.27	85.47	83.71	85.39	9871	0	1
2023.02.15	20:00:00	85.39	85.62	84.97	85.06	1916	0	1
2023.02.16	00:00:00	85.56	85.76	85.48	85.70	679	0	1
2023.02.16	04:00:00	85.70	85.78	85.46	85.65	1649	0	2
2023.02.16	08:00:00	85.63	85.96	84.53	85.04	5475	0	1
2023.02.16	12:00:00	85.05	85.61	84.70	85.47	6952	0	1
2023.02.16	16:00:00	85.47	85.57	84.39	84.82	8421	0	1
2023.02.16	20:00:00	84.83	84.99	84.38	84.42	2601	0	1
2023.02.17	00:00:00	84.41	84.59	84.23	84.53	467	0	2
2023.02.17	04:00:00	84.53	84.57	83.88	83.95	1568	0	1
2023.02.17	08:00:00	83.94	83.99	82.85	82.88	6157	0	1
2023.02.17	12:00:00	82.87	82.97	81.61	81.95	8334	0	1
2023.02.17	16:00:00	81.96	83.10	81.70	82.64	11313	0	1
2023.02.17	20:00:00	82.63	83.07	82.55	82.78	2781	0	1
2023.02.20	00:00:00	82.88	83.25	82.86	83.10	595	0	1
2023.02.20	04:00:00	83.11	83.50	83.03	83.35	1311	0	1
2023.02.20	08:00:00	83.35	83.73	83.24	83.33	4181	0	1
2023.02.20	12:00:00	83.34	84.05	83.13	83.50	4189	0	1
2023.02.20	16:00:00	83.50	83.77	82.83	83.60	3203	0	1
2023.02.21	00:00:00	83.12	83.17	82.94	83.03	558	0	2
2023.02.21	04:00:00	83.02	83.12	82.71	82.96	1460	0	2
2023.02.21	08:00:00	82.96	83.71	82.42	83.70	5805	0	1
2023.02.21	12:00:00	83.70	83.90	82.92	83.24	7374	0	1
2023.02.21	16:00:00	83.24	83.42	82.30	83.08	10177	0	1
2023.02.21	20:00:00	83.08	83.10	82.32	82.60	2678	0	1
2023.02.22	00:00:00	82.57	83.00	82.45	82.83	755	0	2
2023.02.22	04:00:00	82.83	82.94	82.29	82.43	1463	0	1
2023.02.22	08:00:00	82.44	82.56	81.49	81.99	6019	0	1
2023.02.22	12:00:00	81.99	82.67	81.85	82.15	7471	0	1
2023.02.22	16:00:00	82.15	82.15	80.51	80.57	9031	0	1
2023.02.22	20:00:00	80.57	80.73	80.31	80.31	2533	0	0
2023.02.23	00:00:00	80.71	80.86	80.60	80.83	443	0	2
2023.02.23	04:00:00	80.84	80.89	80.56	80.68	1244	0	2
2023.02.23	08:00:00	80.68	81.18	80.51	81.14	4371	0	1
2023.02.23	12:00:00	81.14	82.36	80.94	82.17	6158	0	1
2023.02.23	16:00:00	82.18	82.47	81.27	81.76	8290	0	1
2023.02.23	20:00:00	81.75	82.33	81.67	82.29	2184	0	0
2023.02.24	00:00:00	82.61	82.70	82.43	82.44	501	0	1
2023.02.24	04:00:00	82.44	82.79	82.43	82.69	1503	0	1
2023.02.24	08:00:00	82.69	83.09	82.54	82.63	3983	0	1
2023.02.24	12:00:00	82.62	82.72	80.76	81.13	6894	0	1
2023.02.24	16:00:00	81.12	82.95	81.02	82.61	9185	0	1
2023.02.24	20:00:00	82.61	83.04	82.54	83.02	2380	0	1
2023.02.27	00:00:00	82.87	82.98	82.75	82.76	412	0	1
2023.02.27	04:00:00	82.76	82.76	82.14	82.26	1974	0	1
2023.02.27	08:00:00	82.26	83.22	82.02	82.72	4699	0	1
2023.02.27	12:00:00	82.72	82.83	81.51	81.75	7230	0	1
2023.02.27	16:00:00	81.75	82.48	81.38	81.55	9026	0	1
2023.02.27	20:00:00	81.54	82.14	81.51	82.09	2495	0	0
2023.02.28	00:00:00	81.95	82.17	81.90	82.10	492	0	1
2023.02.28	04:00:00	82.11	82.60	82.05	82.60	1379	0	1
2023.02.28	08:00:00	82.59	83.11	82.35	83.11	4442	0	1
2023.02.28	12:00:00	83.11	83.94	82.96	83.09	5844	0	1
2023.02.28	16:00:00	83.11	83.80	83.06	83.51	8236	0	1
2023.02.28	20:00:00	83.51	83.65	82.98	83.08	2126	0	0
2023.03.01	00:00:00	83.63	83.91	83.56	83.77	621	0	2
2023.03.01	04:00:00	83.77	84.04	83.75	83.92	1519	0	1
2023.03.01	08:00:00	83.91	84.06	83.88	83.90	553	0	2
2023.03.01	20:00:00	84.22	84.42	84.19	84.31	766	0	1
2023.03.02	00:00:00	84.22	84.38	84.19	84.32	540	0	2
2023.03.02	04:00:00	84.32	84.36	83.98	84.05	1345	0	2
2023.03.02	08:00:00	84.05	84.85	83.75	84.77	4673	0	1
2023.03.02	12:00:00	84.77	84.86	84.17	84.50	6093	0	1
2023.03.02	16:00:00	84.49	85.00	83.98	84.41	7133	0	1
2023.03.02	20:00:00	84.42	84.70	84.36	84.37	2035	0	1
2023.03.03	00:00:00	84.31	84.46	84.30	84.32	436	0	2
2023.03.03	04:00:00	84.32	84.57	84.30	84.48	1361	0	2
2023.03.03	08:00:00	84.47	84.78	84.15	84.51	4388	0	1
2023.03.03	12:00:00	84.51	84.58	82.28	83.95	8046	0	1
2023.03.03	16:00:00	83.90	85.74	83.62	85.64	7512	0	1
2023.03.03	20:00:00	85.64	85.88	85.58	85.87	1672	0	1
2023.03.06	00:00:00	85.23	85.23	84.98	85.01	584	0	2
2023.03.06	04:00:00	85.01	85.22	84.86	85.01	1644	0	1
2023.03.06	08:00:00	85.02	85.51	84.20	84.34	4172	0	1
2023.03.06	12:00:00	84.34	85.07	84.27	84.94	5634	0	1
2023.03.06	16:00:00	84.94	86.18	84.80	85.72	6729	0	1
2023.03.06	20:00:00	85.70	86.19	85.66	86.11	1861	0	1
2023.03.07	00:00:00	86.50	86.58	86.22	86.29	565	0	1
2023.03.07	04:00:00	86.29	86.43	86.03	86.04	1817	0	1
2023.03.07	08:00:00	86.04	86.36	85.68	85.88	4485	0	1
2023.03.07	12:00:00	85.88	85.88	85.21	85.54	5397	0	1
2023.03.07	16:00:00	85.53	85.55	83.21	83.40	11187	0	1
2023.03.07	20:00:00	83.40	83.57	82.68	82.71	2433	0	1
2023.03.08	00:00:00	83.19	83.43	83.13	83.38	611	0	1
2023.03.08	04:00:00	83.38	83.44	83.05	83.24	1657	0	1
2023.03.08	08:00:00	83.23	83.32	82.47	83.14	5363	0	1
2023.03.08	12:00:00	83.14	83.30	82.10	82.62	6963	0	1
2023.03.08	16:00:00	82.61	83.16	81.91	82.53	10046	0	1
2023.03.08	20:00:00	82.54	82.65	82.20	82.33	2105	0	1
2023.03.09	00:00:00	82.36	82.61	82.35	82.52	475	0	2
2023.03.09	04:00:00	82.52	82.63	82.38	82.56	1483	0	1
2023.03.09	08:00:00	82.57	82.71	82.00	82.45	3704	0	1
2023.03.09	12:00:00	82.46	83.80	82.24	83.61	6357	0	1
2023.03.09	16:00:00	83.61	83.69	81.44	81.46	9388	0	1
2023.03.09	20:00:00	81.45	81.80	81.23	81.32	2073	0	0
2023.03.10	00:00:00	81.35	81.39	81.03	81.14	860	0	1
2023.03.10	04:00:00	81.14	81.15	80.71	80.74	2071	0	1
2023.03.10	08:00:00	80.74	81.22	80.54	80.83	5725	0	1
2023.03.10	12:00:00	80.83	82.06	80.64	81.57	8984	0	1
2023.03.10	16:00:00	81.58	82.85	81.20	82.20	11445	0	1
2023.03.10	20:00:00	82.21	82.63	82.15	82.43	3313	0	1
2023.03.13	00:00:00	82.20	82.80	82.12	82.74	1190	0	1
2023.03.13	04:00:00	82.75	82.87	82.56	82.72	1863	0	2
2023.03.13	08:00:00	82.72	82.98	80.75	81.34	7756	0	1
2023.03.13	12:00:00	81.34	81.70	78.07	81.52	16160	0	1
2023.03.13	16:00:00	81.53	82.07	79.94	80.23	12452	0	1
2023.03.13	20:00:00	80.23	80.29	79.93	80.21	1586	0	1
2023.03.14	00:00:00	79.99	80.18	79.47	79.52	765	0	1
2023.03.14	04:00:00	79.53	79.84	79.39	79.65	2658	0	1
2023.03.14	08:00:00	79.66	79.97	78.47	78.76	7084	0	1
2023.03.14	12:00:00	78.74	80.10	78.54	79.49	12049	0	1
2023.03.14	16:00:00	79.50	80.20	76.65	76.72	9418	0	1
2023.03.14	20:00:00	76.73	77.41	76.69	77.27	1604	0	1
2023.03.15	00:00:00	77.96	78.15	77.95	78.10	556	0	1
2023.03.15	04:00:00	78.11	78.31	77.92	78.17	1840	0	1
2023.03.15	08:00:00	78.17	78.46	75.75	75.75	7336	0	1
2023.03.15	12:00:00	75.75	76.43	73.32	73.47	14775	0	1
2023.03.15	16:00:00	73.47	74.24	71.46	74.07	13931	0	1
2023.03.15	20:00:00	74.06	74.58	73.94	74.21	2101	0	1
2023.03.16	00:00:00	73.76	73.83	73.34	73.44	1204	0	1
2023.03.16	04:00:00	73.44	74.42	73.44	73.95	3445	0	1
2023.03.16	08:00:00	73.96	74.52	73.63	74.09	8181	0	1
2023.03.16	12:00:00	74.08	74.20	71.64	74.04	13847	0	1
2023.03.16	16:00:00	74.03	75.26	73.04	74.40	11942	0	1
2023.03.16	20:00:00	74.40	74.52	74.17	74.38	1302	0	1
2023.03.17	00:00:00	74.62	74.97	74.59	74.92	644	0	1
2023.03.17	04:00:00	74.92	75.39	74.52	74.73	2555	0	1
2023.03.17	08:00:00	74.73	75.69	74.61	75.49	7615	0	1
2023.03.17	12:00:00	75.50	75.50	72.26	72.28	13804	0	1
2023.03.17	16:00:00	72.28	73.50	71.38	72.62	13195	0	1
2023.03.17	20:00:00	72.62	72.68	72.22	72.37	1854	0	1
2023.03.20	00:00:00	72.99	73.21	72.78	72.81	723	0	1
2023.03.20	04:00:00	72.81	72.87	70.86	70.87	2699	0	1
2023.03.20	08:00:00	70.84	71.77	70.07	71.43	10441	0	1
2023.03.20	12:00:00	71.43	72.97	71.41	72.25	12456	0	1
2023.03.20	16:00:00	72.25	73.67	71.77	73.40	11556	0	1
2023.03.20	20:00:00	73.40	73.68	73.33	73.55	1148	0	1
2023.03.21	00:00:00	73.26	73.34	72.68	72.87	922	0	1
2023.03.21	04:00:00	72.87	73.18	72.77	73.15	2016	0	1
2023.03.21	08:00:00	73.15	74.60	72.68	74.32	6270	0	1
2023.03.21	12:00:00	74.32	75.17	73.68	74.46	10109	0	1
2023.03.21	16:00:00	74.47	75.17	73.89	74.95	9082	0	1
2023.03.21	20:00:00	74.94	75.14	74.89	75.00	821	0	1
2023.03.22	00:00:00	74.59	74.66	74.40	74.50	635	0	2
2023.03.22	04:00:00	74.49	74.84	74.32	74.63	1787	0	1
2023.03.22	08:00:00	74.63	74.95	74.36	74.85	4905	0	1
2023.03.22	12:00:00	74.84	75.95	74.63	75.81	8611	0	1
2023.03.22	16:00:00	75.81	76.84	75.37	76.33	9900	0	1
2023.03.22	20:00:00	76.33	76.37	75.47	75.53	2790	0	1
2023.03.23	00:00:00	75.63	75.90	75.50	75.85	961	0	2
2023.03.23	04:00:00	75.86	75.96	75.68	75.86	1829	0	2
2023.03.23	08:00:00	75.85	76.38	75.43	75.88	4863	0	1
2023.03.23	12:00:00	75.91	76.98	75.82	76.94	7519	0	1
2023.03.23	16:00:00	76.94	77.12	74.85	75.12	9405	0	1
2023.03.23	20:00:00	75.13	75.51	74.76	75.01	2399	0	1
2023.03.24	00:00:00	74.82	75.46	74.78	75.45	789	0	1
2023.03.24	04:00:00	75.44	75.68	75.31	75.65	1532	0	1
2023.03.24	08:00:00	75.65	75.94	72.47	73.08	7809	0	1
2023.03.24	12:00:00	73.08	74.47	72.39	73.73	12518	0	1
2023.03.24	16:00:00	73.73	74.95	73.50	74.58	8377	0	1
2023.03.24	20:00:00	74.58	74.75	74.48	74.62	861	0	1
2023.03.27	00:00:00	74.86	74.92	74.48	74.48	1157	0	1
2023.03.27	04:00:00	74.49	75.01	74.42	74.98	1795	0	1
2023.03.27	08:00:00	74.99	75.57	74.77	75.10	5158	0	1
2023.03.27	12:00:00	75.10	76.14	75.04	75.79	5814	0	1
2023.03.27	16:00:00	75.80	77.93	75.64	77.92	7550	0	1
2023.03.27	20:00:00	77.92	78.01	77.50	77.69	3329	0	1
2023.03.28	00:00:00	77.91	77.91	77.47	77.59	1060	0	2
2023.03.28	04:00:00	77.59	77.60	77.32	77.39	1388	0	1
2023.03.28	08:00:00	77.41	78.32	77.40	78.13	4588	0	1
2023.03.28	12:00:00	78.14	78.31	77.10	77.73	6234	0	1
2023.03.28	16:00:00	77.72	78.69	77.65	78.51	6518	0	1
2023.03.28	20:00:00	78.51	78.55	77.91	78.31	1980	0	1
2023.03.29	00:00:00	78.55	78.69	78.38	78.47	783	0	1
2023.03.29	04:00:00	78.48	78.53	78.21	78.46	1701	0	1
2023.03.29	08:00:00	78.47	78.84	78.23	78.80	3869	0	1
2023.03.29	12:00:00	78.80	78.99	78.48	78.78	4600	0	1
2023.03.29	16:00:00	78.77	78.99	77.29	77.52	9514	0	1
2023.03.29	20:00:00	77.54	77.73	77.37	77.53	2353	0	2
2023.03.30	00:00:00	77.59	77.68	77.27	77.30	775	0	1
2023.03.30	04:00:00	77.29	77.76	77.16	77.73	1625	0	1
2023.03.30	08:00:00	77.73	78.30	77.53	78.21	4300	0	1
2023.03.30	12:00:00	78.20	78.36	77.84	77.94	5738	0	1
2023.03.30	16:00:00	77.95	78.67	77.41	78.57	7702	0	1
2023.03.30	20:00:00	78.56	78.83	78.29	78.29	1765	0	1
2023.03.31	00:00:00	78.60	78.81	78.54	78.60	860	0	2
2023.03.31	04:00:00	78.61	78.66	78.30	78.33	1450	0	2
2023.03.31	08:00:00	78.33	78.66	77.83	78.43	4648	0	1
2023.03.31	12:00:00	78.48	79.45	78.44	79.23	5436	0	1
2023.03.31	16:00:00	79.23	79.80	78.35	79.58	6953	0	1
2023.03.31	20:00:00	79.59	79.90	79.51	79.73	1721	0	1
2023.04.03	00:00:00	84.55	84.55	83.81	84.15	1971	0	1
2023.04.03	04:00:00	84.15	84.31	83.43	83.45	2703	0	1
2023.04.03	08:00:00	83.46	84.55	83.44	83.99	5960	0	1
2023.04.03	12:00:00	83.99	85.07	83.71	84.94	6748	0	1
2023.04.03	16:00:00	84.95	85.28	83.96	84.77	8899	0	1
2023.04.03	20:00:00	84.76	85.00	84.45	84.76	1976	0	1
2023.04.04	00:00:00	84.85	85.31	84.78	85.24	942	0	1
2023.04.04	04:00:00	85.24	85.40	85.03	85.22	1914	0	1
2023.04.04	08:00:00	85.22	85.64	84.94	85.30	4690	0	1
2023.04.04	12:00:00	85.31	85.93	85.29	85.50	5310	0	1
2023.04.04	16:00:00	85.53	85.69	83.76	84.88	11329	0	1
2023.04.04	20:00:00	84.88	85.05	84.42	84.52	2385	0	1
2023.04.05	00:00:00	85.14	85.37	85.11	85.31	398	0	1
2023.04.05	04:00:00	85.31	85.39	85.15	85.20	1140	0	1
2023.04.05	08:00:00	85.20	85.44	84.55	84.59	4487	0	1
2023.04.05	12:00:00	84.60	84.96	84.37	84.70	5687	0	1
2023.04.05	16:00:00	84.71	85.07	83.91	84.99	8718	0	1
2023.04.05	20:00:00	84.99	85.12	84.63	84.75	1644	0	1
2023.04.06	00:00:00	84.74	84.81	84.15	84.31	1696	0	1
2023.04.06	04:00:00	84.31	84.79	83.95	84.50	3065	0	1
2023.04.06	08:00:00	84.50	84.69	83.95	84.66	4462	0	1
2023.04.06	12:00:00	84.64	85.32	84.15	84.63	6524	0	1
2023.04.06	16:00:00	84.64	84.96	84.38	84.81	6918	0	1
2023.04.06	20:00:00	84.81	85.00	84.72	84.78	1546	0	1
2023.04.10	00:00:00	85.16	85.33	84.77	84.93	947	0	1
2023.04.10	04:00:00	84.94	85.04	84.67	84.76	1452	0	2
2023.04.10	08:00:00	84.76	85.15	84.59	84.92	2679	0	1
2023.04.10	12:00:00	84.92	85.16	83.93	84.77	5360	0	1
2023.04.10	16:00:00	84.77	85.20	84.10	84.23	6550	0	1
2023.04.10	20:00:00	84.23	84.48	83.91	84.10	1962	0	1
2023.04.11	00:00:00	84.13	84.29	84.01	84.27	573	0	1
2023.04.11	04:00:00	84.27	84.65	84.26	84.64	1797	0	1
2023.04.11	08:00:00	84.64	84.82	84.21	84.26	4466	0	1
2023.04.11	12:00:00	84.27	84.46	83.57	84.24	6171	0	1
2023.04.11	16:00:00	84.26	85.34	84.26	85.32	6683	0	1
2023.04.11	20:00:00	85.32	85.45	85.19	85.32	1562	0	1
2023.04.12	00:00:00	85.37	85.56	85.30	85.43	1025	0	2
2023.04.12	04:00:00	85.43	85.58	85.34	85.55	1415	0	1
2023.04.12	08:00:00	85.55	85.74	85.17	85.70	3306	0	1
2023.04.12	12:00:00	85.69	86.61	85.26	86.40	6323	0	1
2023.04.12	16:00:00	86.39	87.18	86.22	86.93	7421	0	1
2023.04.12	20:00:00	86.93	87.12	86.84	86.98	1916	0	1
2023.04.13	00:00:00	86.89	87.10	86.75	86.90	946	0	1
2023.04.13	04:00:00	86.91	86.98	86.59	86.68	1424	0	1
2023.04.13	08:00:00	86.69	87.15	86.65	86.87	3774	0	1
2023.04.13	12:00:00	86.86	86.95	86.36	86.48	5489	0	1
2023.04.13	16:00:00	86.48	87.09	86.00	86.04	6761	0	1
2023.04.13	20:00:00	86.04	86.14	85.82	85.95	1521	0	1
2023.04.14	00:00:00	85.95	86.24	85.95	86.23	789	0	2
2023.04.14	04:00:00	86.22	86.31	85.99	86.21	1847	0	1
2023.04.14	08:00:00	86.21	86.21	85.40	86.14	3795	0	1
2023.04.14	12:00:00	86.15	86.60	85.76	86.48	5188	0	1
2023.04.14	16:00:00	86.46	86.59	85.31	86.09	8824	0	1
2023.04.14	20:00:00	86.09	86.22	85.80	86.17	1985	0	1
2023.04.17	16:00:00	84.38	84.70	84.26	84.36	3616	0	1
2023.04.17	20:00:00	84.36	84.75	84.15	84.66	1822	0	1
2023.04.18	00:00:00	84.44	84.85	84.39	84.75	865	0	1
2023.04.18	04:00:00	84.77	84.97	84.63	84.85	1465	0	1
2023.04.18	08:00:00	84.85	85.04	84.08	84.37	3760	0	1
2023.04.18	12:00:00	84.38	84.66	83.83	83.87	5711	0	1
2023.04.18	16:00:00	83.87	85.17	83.64	84.91	8021	0	1
2023.04.18	20:00:00	84.88	84.91	84.38	84.45	1730	0	1
2023.04.19	00:00:00	84.57	84.89	84.50	84.51	583	0	2
2023.04.19	04:00:00	84.50	84.58	84.19	84.25	1337	0	1
2023.04.19	08:00:00	84.25	84.31	82.60	83.00	6088	0	1
2023.04.19	12:00:00	83.01	83.32	82.36	82.41	6010	0	1
2023.04.19	16:00:00	82.40	83.56	82.20	83.31	8856	0	1
2023.04.19	20:00:00	83.32	83.39	82.80	82.84	1734	0	1
2023.04.20	00:00:00	82.58	82.64	82.34	82.40	725	0	1
2023.04.20	04:00:00	82.39	82.45	81.87	82.04	1466	0	1
2023.04.20	08:00:00	82.03	82.24	81.16	81.52	5071	0	1
2023.04.20	12:00:00	81.52	81.87	80.94	81.14	5998	0	1
2023.04.20	16:00:00	81.13	81.41	80.55	81.05	8347	0	1
2023.04.20	20:00:00	81.04	81.08	80.57	80.58	2192	0	1
2023.04.21	00:00:00	80.68	80.78	80.54	80.56	510	0	2
2023.04.21	04:00:00	80.56	80.96	80.54	80.66	1780	0	1
2023.04.21	08:00:00	80.66	81.07	80.23	80.80	3981	0	1
2023.04.21	12:00:00	80.80	81.82	80.66	81.50	5181	0	1
2023.04.21	16:00:00	81.50	81.66	80.85	81.37	7019	0	1
2023.04.21	20:00:00	81.37	81.56	81.26	81.42	1705	0	1
2023.04.24	00:00:00	81.02	81.23	80.83	80.83	757	0	1
2023.04.24	04:00:00	80.82	80.92	80.39	80.43	1255	0	1
2023.04.24	08:00:00	80.43	81.48	80.29	81.25	3187	0	1
2023.04.24	12:00:00	81.25	81.98	80.53	81.77	4270	0	1
2023.04.24	16:00:00	81.76	82.79	81.73	82.60	7015	0	1
2023.04.24	20:00:00	82.59	82.63	82.42	82.49	1394	0	1
2023.04.25	00:00:00	82.60	82.80	82.58	82.63	601	0	1
2023.04.25	04:00:00	82.63	82.65	82.26	82.37	1156	0	2
2023.04.25	08:00:00	82.37	82.87	82.18	82.33	3472	0	1
2023.04.25	12:00:00	82.33	82.34	80.79	80.93	5341	0	1
2023.04.25	16:00:00	80.93	81.24	80.21	80.67	7679	0	1
2023.04.25	20:00:00	80.67	80.78	80.46	80.46	1725	0	1
2023.04.26	00:00:00	80.87	80.87	80.41	80.75	1267	0	1
2023.04.26	04:00:00	80.76	81.24	80.59	81.23	1543	0	2
2023.04.26	08:00:00	81.23	81.34	80.52	80.67	4641	0	1
2023.04.26	12:00:00	80.68	80.81	79.04	79.09	6314	0	1
2023.04.26	16:00:00	79.09	80.55	78.99	79.12	8487	0	1
2023.04.26	20:00:00	79.13	79.15	77.49	77.57	3143	0	1
2023.04.27	00:00:00	77.98	78.03	77.86	77.93	800	0	1
2023.04.27	04:00:00	77.93	78.17	77.79	78.09	1728	0	1
2023.04.27	08:00:00	78.08	78.41	77.83	77.88	4845	0	1
2023.04.27	12:00:00	77.88	78.20	77.40	78.20	6226	0	1
2023.04.27	16:00:00	78.20	78.52	77.34	78.09	7912	0	1
2023.04.27	20:00:00	78.09	78.35	77.74	78.27	2018	0	1
2023.04.28	00:00:00	78.18	78.47	78.06	78.40	735	0	2
2023.04.28	04:00:00	78.40	79.03	78.28	78.72	2093	0	1
2023.04.28	08:00:00	78.72	78.78	77.48	78.39	5584	0	1
2023.04.28	12:00:00	78.39	79.00	78.08	78.17	5856	0	1
2023.04.28	16:00:00	78.17	80.48	78.15	80.33	7199	0	1
2023.04.28	20:00:00	80.33	80.46	80.09	80.24	1539	0	1
2023.05.01	00:00:00	79.75	79.78	79.61	79.66	194	0	1
2023.05.01	04:00:00	79.66	79.76	79.56	79.73	919	0	1
2023.05.01	08:00:00	79.73	79.73	78.51	78.74	2763	0	1
2023.05.01	12:00:00	78.73	79.66	78.23	79.35	4937	0	1
2023.05.01	16:00:00	79.34	79.59	78.06	78.76	8404	0	1
2023.05.01	20:00:00	78.76	79.45	78.74	79.34	1878	0	1
2023.05.02	00:00:00	79.30	79.39	79.19	79.21	280	0	1
2023.05.02	04:00:00	79.20	79.41	79.01	79.01	865	0	1
2023.05.02	08:00:00	79.01	79.71	78.74	78.88	4247	0	1
2023.05.02	12:00:00	78.87	79.22	76.94	77.03	5136	0	1
2023.05.02	16:00:00	77.03	77.07	75.24	75.40	10569	0	1
2023.05.02	20:00:00	75.41	75.45	75.02	75.28	2221	0	1
2023.05.03	00:00:00	75.25	75.30	75.18	75.22	489	0	2
2023.05.03	04:00:00	75.22	75.34	75.14	75.18	938	0	1
2023.05.03	08:00:00	75.18	75.47	73.45	73.79	5955	0	1
2023.05.03	12:00:00	73.78	73.79	72.53	72.59	7544	0	1
2023.05.03	16:00:00	72.59	72.86	71.66	72.44	10401	0	1
2023.05.03	20:00:00	72.43	72.79	71.89	71.94	4752	0	1
2023.05.04	00:00:00	71.90	73.27	71.90	72.88	2230	0	1
2023.05.04	04:00:00	72.88	73.19	72.36	73.13	2240	0	1
2023.05.04	08:00:00	73.12	73.38	72.74	72.93	6302	0	1
2023.05.04	12:00:00	72.93	73.01	71.87	72.27	6950	0	1
2023.05.04	16:00:00	72.27	73.66	71.47	73.03	12273	0	1
2023.05.04	20:00:00	73.02	73.10	72.22	72.24	2384	0	1
2023.05.05	00:00:00	72.46	72.88	72.45	72.72	748	0	1
2023.05.05	04:00:00	72.72	73.21	72.55	73.09	1769	0	1
2023.05.05	08:00:00	73.10	73.81	73.09	73.66	4613	0	1
2023.05.05	12:00:00	73.67	75.36	73.66	75.35	6768	0	1
2023.05.05	16:00:00	75.36	75.57	74.78	75.26	8136	0	1
2023.05.05	20:00:00	75.26	75.67	75.13	75.35	1718	0	1
2023.05.08	00:00:00	75.26	75.36	74.85	74.92	712	0	2
2023.05.08	04:00:00	74.92	75.74	74.91	75.70	1619	0	1
2023.05.08	08:00:00	75.70	76.66	75.58	76.58	3787	0	1
2023.05.08	12:00:00	76.58	77.32	76.43	76.56	4661	0	1
2023.05.08	16:00:00	76.55	77.15	76.31	77.07	6619	0	1
2023.05.08	20:00:00	77.07	77.15	76.58	76.64	1667	0	1
2023.05.09	00:00:00	76.72	76.73	76.34	76.44	552	0	1
2023.05.09	04:00:00	76.45	76.80	76.19	76.21	1252	0	1
2023.05.09	08:00:00	76.22	76.63	75.85	76.26	4554	0	1
2023.05.09	12:00:00	76.25	76.65	75.83	76.22	5612	0	1
2023.05.09	16:00:00	76.23	77.36	75.02	77.22	9212	0	1
2023.05.09	20:00:00	77.19	77.41	77.03	77.23	1668	0	1
2023.05.10	00:00:00	77.10	77.28	76.90	76.92	640	0	1
2023.05.10	04:00:00	76.92	76.96	76.72	76.82	1266	0	2
2023.05.10	08:00:00	76.83	77.07	76.05	76.26	4414	0	1
2023.05.10	12:00:00	76.27	77.49	76.01	76.16	6027	0	1
2023.05.10	16:00:00	76.16	76.97	75.62	76.03	10854	0	1
2023.05.10	20:00:00	76.03	76.61	75.93	76.60	2046	0	1
2023.05.11	00:00:00	76.69	76.89	76.49	76.54	805	0	1
2023.05.11	04:00:00	76.54	77.19	76.53	77.09	1302	0	1
2023.05.11	08:00:00	77.10	77.30	76.47	76.93	4576	0	1
2023.05.11	12:00:00	76.94	77.01	74.96	75.30	8206	0	1
2023.05.11	16:00:00	75.31	75.77	74.53	74.86	9503	0	1
2023.05.11	20:00:00	74.85	75.44	74.72	75.30	2074	0	1
2023.05.12	00:00:00	75.32	75.32	74.67	74.70	1283	0	1
2023.05.12	04:00:00	74.70	74.80	74.23	74.63	2738	0	1
2023.05.12	08:00:00	74.63	74.91	74.05	74.84	5891	0	1
2023.05.12	12:00:00	74.83	75.71	74.65	75.60	6185	0	1
2023.05.12	16:00:00	75.54	75.69	73.89	73.96	9559	0	1
2023.05.12	20:00:00	73.96	74.13	73.90	74.12	1560	0	1
2023.05.15	00:00:00	74.10	74.16	73.48	73.61	1130	0	1
2023.05.15	04:00:00	73.61	73.97	73.34	73.96	1772	0	1
2023.05.15	08:00:00	73.96	74.35	73.67	74.26	4066	0	1
2023.05.15	12:00:00	74.26	74.96	74.10	74.64	5945	0	1
2023.05.15	16:00:00	74.64	75.61	74.44	75.17	7081	0	1
2023.05.15	20:00:00	75.18	75.33	75.00	75.04	1272	0	2
2023.05.16	00:00:00	75.42	75.81	75.40	75.79	822	0	2
2023.05.16	04:00:00	75.79	75.79	75.21	75.23	1558	0	1
2023.05.16	08:00:00	75.23	75.67	74.52	74.87	4521	0	1
2023.05.16	12:00:00	74.88	75.73	74.72	75.33	5791	0	1
2023.05.16	16:00:00	75.33	75.53	74.39	74.68	8014	0	1
2023.05.16	20:00:00	74.68	74.84	74.54	74.60	1282	0	1
2023.05.17	00:00:00	74.42	74.73	74.33	74.48	858	0	1
2023.05.17	04:00:00	74.49	75.02	74.16	74.17	1663	0	2
2023.05.17	08:00:00	74.17	74.98	74.00	74.97	4924	0	1
2023.05.17	12:00:00	74.98	76.03	74.74	75.41	5804	0	1
2023.05.17	16:00:00	75.41	77.18	74.97	77.00	8331	0	1
2023.05.17	20:00:00	77.00	77.00	76.71	76.75	1406	0	1
2023.05.18	00:00:00	76.61	76.66	76.46	76.57	669	0	1
2023.05.18	04:00:00	76.57	76.81	76.38	76.46	1352	0	1
2023.05.18	08:00:00	76.46	76.81	76.37	76.53	3698	0	1
2023.05.18	12:00:00	76.54	76.88	75.68	75.98	5808	0	1
2023.05.18	16:00:00	75.98	76.40	75.45	75.50	9199	0	1
2023.05.18	20:00:00	75.50	75.94	75.45	75.92	1449	0	1
2023.05.19	00:00:00	75.83	75.95	75.68	75.74	965	0	2
2023.05.19	04:00:00	75.74	76.50	75.71	76.39	2204	0	1
2023.05.19	08:00:00	76.39	76.71	76.08	76.64	4086	0	1
2023.05.19	12:00:00	76.64	77.38	76.35	76.42	5452	0	1
2023.05.19	16:00:00	76.43	76.53	75.04	75.08	9786	0	1
2023.05.19	20:00:00	75.08	75.69	75.06	75.67	1711	0	1
2023.05.22	00:00:00	75.60	75.69	74.81	74.95	1820	0	1
2023.05.22	04:00:00	74.96	75.07	74.68	74.83	2309	0	1
2023.05.22	08:00:00	74.84	75.64	74.45	75.36	4840	0	1
2023.05.22	12:00:00	75.35	75.96	75.18	75.62	6378	0	1
2023.05.22	16:00:00	75.62	76.34	75.26	76.15	8282	0	1
2023.05.22	20:00:00	76.16	76.16	75.78	75.82	1371	0	2
2023.05.23	00:00:00	76.06	76.40	75.97	76.22	700	0	2
2023.05.23	04:00:00	76.21	76.27	75.92	76.10	1485	0	1
2023.05.23	08:00:00	76.09	76.24	75.53	75.94	4123	0	1
2023.05.23	12:00:00	75.93	77.30	75.81	77.28	6048	0	1
2023.05.23	16:00:00	77.28	77.49	76.73	77.16	7615	0	1
2023.05.23	20:00:00	77.17	77.26	76.53	76.87	1947	0	1
2023.05.24	00:00:00	77.50	77.74	77.46	77.59	1241	0	2
2023.05.24	04:00:00	77.59	77.61	77.38	77.49	1928	0	2
2023.05.24	08:00:00	77.49	78.16	77.25	78.07	4286	0	1
2023.05.24	12:00:00	78.07	78.27	77.56	77.90	4793	0	1
2023.05.24	16:00:00	77.90	78.51	76.95	77.67	8923	0	1
2023.05.24	20:00:00	77.67	78.30	77.61	77.93	2697	0	1
2023.05.25	00:00:00	78.21	78.30	77.97	78.14	1080	0	2
2023.05.25	04:00:00	78.13	78.39	78.02	78.03	1743	0	1
2023.05.25	08:00:00	78.04	78.15	77.15	77.16	4377	0	1
2023.05.25	12:00:00	77.16	77.46	76.00	76.33	6852	0	1
2023.05.25	16:00:00	76.33	76.77	75.08	75.83	8805	0	1
2023.05.25	20:00:00	75.83	76.24	75.82	76.17	1868	0	1
2023.05.26	00:00:00	76.16	76.17	75.70	75.76	722	0	2
2023.05.26	04:00:00	75.76	76.24	75.65	76.09	1811	0	1
2023.05.26	08:00:00	76.09	76.60	75.92	76.60	4037	0	1
2023.05.26	12:00:00	76.60	77.30	76.41	76.99	4691	0	1
2023.05.26	16:00:00	76.99	77.26	76.51	76.83	6625	0	1
2023.05.26	20:00:00	76.83	77.17	76.69	77.12	1471	0	1
2023.05.29	00:00:00	77.47	77.69	77.30	77.63	1104	0	1
2023.05.29	04:00:00	77.63	77.81	77.35	77.35	1463	0	1
2023.05.29	08:00:00	77.36	77.58	76.66	76.68	2580	0	1
2023.05.29	12:00:00	76.68	76.82	76.15	76.44	2918	0	1
2023.05.29	16:00:00	76.45	76.66	76.34	76.60	1206	0	1
2023.05.30	00:00:00	77.03	77.56	77.03	77.37	986	0	1
2023.05.30	04:00:00	77.38	77.49	76.32	76.33	2093	0	1
2023.05.30	08:00:00	76.33	76.79	75.28	75.54	5474	0	1
2023.05.30	12:00:00	75.54	76.13	74.00	74.37	7314	0	1
2023.05.30	16:00:00	74.37	74.72	73.30	73.44	9101	0	1
2023.05.30	20:00:00	73.46	74.04	73.43	73.95	1603	0	1
2023.05.31	00:00:00	73.81	73.92	73.55	73.57	1249	0	1
2023.05.31	04:00:00	73.57	73.65	73.29	73.63	1729	0	1
2023.05.31	08:00:00	73.63	73.84	72.39	72.48	5663	0	1
2023.05.31	12:00:00	72.48	73.48	71.48	73.01	7410	0	1
2023.05.31	16:00:00	73.01	73.82	72.71	72.93	8140	0	1
2023.05.31	20:00:00	72.94	72.95	72.31	72.43	1986	0	1
2023.06.01	00:00:00	72.13	72.91	72.13	72.88	1542	0	2
2023.06.01	04:00:00	72.87	73.21	72.78	72.91	2902	0	1
2023.06.01	08:00:00	72.91	73.40	72.33	72.68	4502	0	1
2023.06.01	12:00:00	72.69	72.90	72.02	72.38	6572	0	1
2023.06.01	16:00:00	72.38	75.22	72.35	74.70	8310	0	1
2023.06.01	20:00:00	74.71	74.72	74.15	74.17	1536	0	1
2023.06.02	00:00:00	74.25	74.46	74.24	74.41	799	0	1
2023.06.02	04:00:00	74.41	74.97	74.37	74.97	1934	0	1
2023.06.02	08:00:00	74.97	75.77	74.51	75.21	4574	0	1
2023.06.02	12:00:00	75.22	76.30	75.19	76.13	6095	0	1
2023.06.02	16:00:00	76.13	76.40	75.34	76.12	6846	0	1
2023.06.02	20:00:00	76.12	76.46	75.91	76.31	1631	0	1
2023.06.05	00:00:00	77.08	77.08	76.57	76.94	1830	0	1
2023.06.05	04:00:00	76.94	77.23	76.69	76.86	2946	0	1
2023.06.05	08:00:00	76.86	78.16	76.85	77.25	5048	0	1
2023.06.05	12:00:00	77.25	78.14	77.04	77.18	5822	0	1
2023.06.05	16:00:00	77.17	77.50	76.47	77.07	8461	0	1
2023.06.05	20:00:00	77.07	77.14	76.41	76.54	1902	0	2
2023.06.06	00:00:00	76.41	76.55	76.06	76.11	1118	0	1
2023.06.06	04:00:00	76.11	76.54	76.11	76.23	2136	0	1
2023.06.06	08:00:00	76.23	76.29	74.66	75.41	5277	0	1
2023.06.06	12:00:00	75.41	75.66	74.81	75.39	5999	0	1
2023.06.06	16:00:00	75.39	76.68	75.35	76.35	7060	0	1
2023.06.06	20:00:00	76.35	76.44	75.99	76.01	1217	0	1
2023.06.07	00:00:00	76.28	76.43	76.10	76.14	1055	0	2
2023.06.07	04:00:00	76.13	76.18	75.62	75.68	1818	0	1
2023.06.07	08:00:00	75.68	76.67	75.45	76.61	4466	0	1
2023.06.07	12:00:00	76.61	77.21	76.44	76.99	4784	0	1
2023.06.07	16:00:00	76.99	77.56	76.75	77.09	8203	0	1
2023.06.07	20:00:00	77.10	77.14	76.77	76.89	1387	0	1
2023.06.08	00:00:00	76.85	76.94	76.56	76.57	979	0	1
2023.06.08	04:00:00	76.57	76.96	76.57	76.81	1770	0	1
2023.06.08	08:00:00	76.80	77.23	76.41	77.11	4289	0	1
2023.06.08	12:00:00	77.12	77.62	76.34	76.61	5830	0	1
2023.06.08	16:00:00	76.61	76.74	73.56	75.97	13440	0	1
2023.06.08	20:00:00	75.97	76.16	75.66	75.67	1651	0	1
2023.06.09	00:00:00	75.56	75.76	75.46	75.47	936	0	2
2023.06.09	04:00:00	75.47	75.59	75.28	75.38	1622	0	1
2023.06.09	08:00:00	75.37	76.29	75.22	76.18	4458	0	1
2023.06.09	12:00:00	76.19	76.28	75.46	75.79	6040	0	1
2023.06.09	16:00:00	75.79	76.50	75.01	75.14	9123	0	1
2023.06.09	20:00:00	75.16	75.31	74.69	74.80	1985	0	1
2023.06.12	00:00:00	74.49	74.50	73.87	73.89	1101	0	1
2023.06.12	04:00:00	73.89	74.04	73.70	73.90	1710	0	1
2023.06.12	08:00:00	73.90	74.11	72.39	72.95	5944	0	1
2023.06.12	12:00:00	72.95	73.54	72.42	72.60	6407	0	1
2023.06.12	16:00:00	72.61	72.94	71.68	72.09	8399	0	1
2023.06.12	20:00:00	72.10	72.23	71.56	71.82	1877	0	1
2023.06.13	00:00:00	72.05	72.26	72.00	72.25	1111	0	1
2023.06.13	04:00:00	72.25	72.37	71.99	72.25	2161	0	1
2023.06.13	08:00:00	72.25	73.07	72.17	72.88	5056	0	1
2023.06.13	12:00:00	72.88	74.50	72.87	74.49	6580	0	1
2023.06.13	16:00:00	74.49	74.56	73.89	74.47	6850	0	1
2023.06.13	20:00:00	74.47	74.60	73.88	74.00	1665	0	1
2023.06.14	00:00:00	73.98	74.11	73.89	74.03	836	0	2
2023.06.14	04:00:00	74.04	74.66	74.00	74.51	1892	0	1
2023.06.14	08:00:00	74.52	75.19	74.32	75.00	4132	0	1
2023.06.14	12:00:00	75.00	75.42	74.64	74.86	6230	0	1
2023.06.14	16:00:00	74.87	74.97	73.51	73.71	9639	0	1
2023.06.14	20:00:00	73.73	73.83	73.01	73.59	4381	0	1
2023.06.15	00:00:00	73.37	73.37	73.02	73.05	1209	0	1
2023.06.15	04:00:00	73.05	73.59	72.88	73.51	2008	0	1
2023.06.15	08:00:00	73.51	74.04	73.14	73.99	6092	0	1
2023.06.15	12:00:00	73.99	74.46	73.68	74.29	6096	0	1
2023.06.15	16:00:00	74.29	75.94	74.04	75.73	7741	0	1
2023.06.15	20:00:00	75.73	75.77	75.52	75.61	1635	0	1
2023.06.16	00:00:00	75.48	75.60	75.40	75.56	713	0	1
2023.06.16	04:00:00	75.56	75.78	75.38	75.73	1752	0	1
2023.06.16	08:00:00	75.75	75.92	75.11	75.25	4848	0	1
2023.06.16	12:00:00	75.25	76.31	75.11	75.54	6099	0	1
2023.06.16	16:00:00	75.60	76.32	75.58	76.30	7405	0	1
2023.06.16	20:00:00	76.30	76.70	76.14	76.57	1519	0	1
2023.06.19	00:00:00	75.90	75.90	75.51	75.60	1101	0	1
2023.06.19	04:00:00	75.61	75.82	75.33	75.70	1838	0	2
2023.06.19	08:00:00	75.71	76.51	75.65	76.45	3207	0	1
2023.06.19	12:00:00	76.45	76.89	76.23	76.67	3866	0	1
2023.06.19	16:00:00	76.67	76.68	75.69	75.70	3001	0	1
2023.06.20	00:00:00	76.04	76.16	75.69	75.73	912	0	1
2023.06.20	04:00:00	75.74	76.02	75.74	75.92	1908	0	1
2023.06.20	08:00:00	75.92	77.06	75.60	76.53	5160	0	1
2023.06.20	12:00:00	76.55	76.89	74.69	75.15	6373	0	1
2023.06.20	16:00:00	75.16	75.54	74.50	75.47	9121	0	1
2023.06.20	20:00:00	75.47	76.03	75.29	75.67	2220	0	1
2023.06.21	00:00:00	75.69	76.11	75.62	76.07	1194	0	2
2023.06.21	04:00:00	76.07	76.33	76.02	76.10	1793	0	1
2023.06.21	08:00:00	76.10	76.35	75.63	75.86	4708	0	1
2023.06.21	12:00:00	75.85	76.60	75.50	76.46	6651	0	1
2023.06.21	16:00:00	76.46	77.23	76.11	77.08	7337	0	1
2023.06.21	20:00:00	77.08	77.21	76.98	77.02	1857	0	1
2023.06.22	00:00:00	77.07	77.11	76.99	77.02	185	0	2
2023.06.22	04:00:00	77.02	77.02	76.65	76.70	771	0	1
2023.06.22	08:00:00	76.70	77.19	76.06	76.18	4633	0	1
2023.06.22	12:00:00	76.17	76.24	74.72	74.97	6555	0	1
2023.06.22	16:00:00	74.97	75.45	73.75	73.93	8928	0	1
2023.06.22	20:00:00	73.92	74.34	73.91	74.25	2287	0	1
2023.06.23	00:00:00	74.32	74.33	73.95	73.98	427	0	1
2023.06.23	04:00:00	73.98	73.98	73.31	73.56	1465	0	1
2023.06.23	08:00:00	73.56	73.79	72.87	73.56	4957	0	1
2023.06.23	12:00:00	73.56	73.69	72.25	73.14	6252	0	1
2023.06.23	16:00:00	73.13	73.96	72.90	73.82	7194	0	1
2023.06.23	20:00:00	73.81	74.31	73.76	74.31	1716	0	1
2023.06.26	00:00:00	74.71	74.71	74.12	74.12	1380	0	1
2023.06.26	04:00:00	74.13	74.35	73.84	74.23	1987	0	1
2023.06.26	08:00:00	74.22	74.79	73.58	74.37	5083	0	1
2023.06.26	12:00:00	74.37	74.96	73.74	74.62	5340	0	1
2023.06.26	16:00:00	74.58	74.66	73.92	74.55	5157	0	1
2023.06.27	00:00:00	74.28	74.74	74.22	74.69	699	0	2
2023.06.27	04:00:00	74.69	74.90	74.55	74.86	1086	0	2
2023.06.27	08:00:00	74.87	75.05	73.15	73.41	4765	0	1
2023.06.27	12:00:00	73.42	74.21	72.75	73.48	6415	0	1
2023.06.27	16:00:00	73.48	74.32	72.61	73.03	7036	0	1
2023.06.27	20:00:00	73.03	73.04	72.31	72.60	2326	0	1
2023.06.28	00:00:00	72.71	72.81	72.55	72.61	928	0	2
2023.06.28	04:00:00	72.62	73.13	72.57	72.95	2196	0	1
2023.06.28	08:00:00	72.95	73.20	71.83	72.97	5523	0	1
2023.06.28	12:00:00	72.96	73.08	71.98	72.34	7602	0	1
2023.06.28	16:00:00	72.33	74.38	72.19	74.35	9240	0	1
2023.06.28	20:00:00	74.35	74.41	73.74	73.79	1896	0	1
2023.06.29	00:00:00	73.97	74.21	73.89	74.03	839	0	1
2023.06.29	04:00:00	74.04	74.06	73.68	73.80	1393	0	1
2023.06.29	08:00:00	73.80	74.58	73.59	74.12	4728	0	1
2023.06.29	12:00:00	74.11	74.67	73.85	74.62	6186	0	1
2023.06.29	16:00:00	74.63	75.13	73.57	74.33	9018	0	1
2023.06.29	20:00:00	74.35	74.56	74.29	74.45	1657	0	1
2023.06.30	00:00:00	74.29	74.54	74.29	74.53	676	0	2
2023.06.30	04:00:00	74.54	74.78	74.49	74.68	1552	0	1
2023.06.30	08:00:00	74.68	75.45	74.44	74.92	4238	0	1
2023.06.30	12:00:00	74.91	75.39	74.30	74.94	6658	0	1
2023.06.30	16:00:00	74.93	75.81	74.93	75.47	7095	0	1
2023.06.30	20:00:00	75.48	75.50	75.13	75.17	1811	0	2
2023.07.03	00:00:00	75.15	75.47	75.11	75.37	790	0	1
2023.07.03	04:00:00	75.37	75.49	75.22	75.26	1346	0	2
2023.07.03	08:00:00	75.25	76.55	74.73	76.21	5519	0	1
2023.07.03	12:00:00	76.20	76.34	74.97	75.13	5912	0	1
2023.07.03	16:00:00	75.12	75.98	74.82	75.42	5261	0	1
2023.07.04	00:00:00	74.84	74.95	74.70	74.95	809	0	1
2023.07.04	04:00:00	74.94	75.13	74.83	74.83	1428	0	1
2023.07.04	08:00:00	74.83	75.57	74.74	75.54	3020	0	1
2023.07.04	12:00:00	75.55	75.94	75.35	75.63	2894	0	1
2023.07.04	16:00:00	75.64	76.23	75.60	75.94	2411	0	1
2023.07.05	00:00:00	76.03	76.06	75.71	75.75	691	0	1
2023.07.05	04:00:00	75.75	75.92	75.66	75.88	946	0	1
2023.07.05	08:00:00	75.87	76.05	75.25	76.05	5054	0	1
2023.07.05	12:00:00	76.05	76.78	75.79	76.38	5733	0	1
2023.07.05	16:00:00	76.38	76.83	75.76	76.81	6464	0	1
2023.07.05	20:00:00	76.81	76.88	76.53	76.57	1477	0	1
2023.07.06	00:00:00	76.57	76.68	76.44	76.65	572	0	2
2023.07.06	04:00:00	76.66	76.74	76.15	76.25	1555	0	1
2023.07.06	08:00:00	76.25	76.99	76.19	76.79	3776	0	1
2023.07.06	12:00:00	76.80	76.87	75.27	75.33	6313	0	1
2023.07.06	16:00:00	75.33	76.50	74.96	76.36	9847	0	1
2023.07.06	20:00:00	76.38	76.63	76.32	76.45	1924	0	1
2023.07.07	00:00:00	76.47	76.50	76.28	76.38	637	0	1
2023.07.07	04:00:00	76.37	76.88	76.36	76.84	1590	0	2
2023.07.07	08:00:00	76.85	76.99	76.27	76.83	4321	0	1
2023.07.07	12:00:00	76.82	77.27	75.93	77.23	6583	0	1
2023.07.07	16:00:00	77.23	77.92	77.14	77.91	5127	0	1
2023.07.07	20:00:00	77.91	78.41	77.85	78.16	1626	0	1
2023.07.10	00:00:00	77.95	78.27	77.95	78.14	896	0	1
2023.07.10	04:00:00	78.14	78.18	77.77	77.81	1503	0	1
2023.07.10	08:00:00	77.82	77.97	77.43	77.95	3868	0	1
2023.07.10	12:00:00	77.96	78.29	77.48	78.25	5301	0	1
2023.07.10	16:00:00	78.26	78.62	77.27	77.57	6884	0	1
2023.07.10	20:00:00	77.57	77.76	77.37	77.74	1432	0	1
2023.07.11	00:00:00	77.86	77.96	77.77	77.80	636	0	1
2023.07.11	04:00:00	77.80	78.06	77.75	77.89	1729	0	1
2023.07.11	08:00:00	77.89	78.26	77.51	77.79	4134	0	1
2023.07.11	12:00:00	77.81	78.36	77.63	78.28	4583	0	1
2023.07.11	16:00:00	78.28	79.30	78.23	79.15	5212	0	1
2023.07.11	20:00:00	79.15	79.34	79.06	79.16	1392	0	1
2023.07.12	00:00:00	79.21	79.54	79.21	79.49	859	0	1
2023.07.12	04:00:00	79.48	79.55	79.13	79.15	1257	0	1
2023.07.12	08:00:00	79.16	79.60	79.05	79.45	3415	0	1
2023.07.12	12:00:00	79.46	80.30	79.12	80.07	5770	0	1
2023.07.12	16:00:00	80.10	80.35	79.49	79.94	7460	0	1
2023.07.12	20:00:00	79.95	80.21	79.74	80.08	1643	0	1
2023.07.13	00:00:00	80.01	80.17	79.92	80.16	545	0	2
2023.07.13	04:00:00	80.16	80.35	80.10	80.16	1405	0	2
2023.07.13	08:00:00	80.16	80.45	79.96	80.04	3430	0	1
2023.07.13	12:00:00	80.04	80.70	79.74	80.66	4852	0	1
2023.07.13	16:00:00	80.66	81.14	80.01	80.47	6564	0	1
2023.07.13	20:00:00	80.46	81.54	80.37	81.46	2158	0	1
2023.07.14	00:00:00	81.29	81.41	81.23	81.35	810	0	1
2023.07.14	04:00:00	81.35	81.38	81.15	81.32	1741	0	1
2023.07.14	08:00:00	81.33	81.33	80.79	81.20	3847	0	1
2023.07.14	12:00:00	81.20	81.33	80.55	80.80	5007	0	1
2023.07.14	16:00:00	80.81	80.81	79.48	79.81	7695	0	1
2023.07.14	20:00:00	79.82	79.96	79.41	79.50	1574	0	1
2023.07.17	00:00:00	79.18	79.36	78.91	78.98	851	0	2
2023.07.17	04:00:00	78.98	79.08	78.88	78.90	1240	0	1
2023.07.17	08:00:00	78.90	80.45	78.16	78.35	6534	0	1
2023.07.17	12:00:00	78.34	79.09	78.31	78.94	7501	0	1
2023.07.17	16:00:00	78.93	79.35	78.29	78.30	6202	0	1
2023.07.17	20:00:00	78.30	78.63	78.27	78.36	1511	0	1
2023.07.18	00:00:00	78.55	78.72	78.52	78.61	686	0	2
2023.07.18	04:00:00	78.60	78.72	78.48	78.56	1191	0	1
2023.07.18	08:00:00	78.56	78.97	78.14	78.91	3684	0	1
2023.07.18	12:00:00	78.92	79.36	78.34	79.29	4872	0	1
2023.07.18	16:00:00	79.29	79.88	78.97	79.79	5747	0	1
2023.07.18	20:00:00	79.79	79.87	79.38	79.57	1718	0	1
2023.07.19	00:00:00	79.52	79.67	79.51	79.55	617	0	2
2023.07.19	04:00:00	79.56	79.64	79.28	79.61	1314	0	1
2023.07.19	08:00:00	79.61	80.25	79.29	79.89	3935	0	1
2023.07.19	12:00:00	79.89	80.76	79.68	80.70	4568	0	1
2023.07.19	16:00:00	80.69	80.79	79.24	79.24	8229	0	1
2023.07.19	20:00:00	79.25	79.45	79.08	79.38	1876	0	1
2023.07.20	00:00:00	79.33	79.66	79.33	79.52	823	0	2
2023.07.20	04:00:00	79.52	79.60	79.33	79.43	1486	0	2
2023.07.20	08:00:00	79.43	79.77	79.21	79.42	4172	0	1
2023.07.20	12:00:00	79.42	80.14	79.38	79.90	4788	0	1
2023.07.20	16:00:00	79.89	80.14	78.59	79.55	7882	0	1
2023.07.20	20:00:00	79.56	79.72	79.34	79.60	1799	0	1
2023.07.21	00:00:00	79.62	80.02	79.61	80.02	675	0	2
2023.07.21	04:00:00	80.02	80.35	79.97	80.17	1613	0	2
2023.07.21	08:00:00	80.17	80.51	79.95	80.45	4434	0	1
2023.07.21	12:00:00	80.45	80.73	79.82	79.84	5589	0	1
2023.07.21	16:00:00	79.83	80.81	79.75	80.59	6010	0	1
2023.07.21	20:00:00	80.59	81.09	80.53	80.70	1586	0	1
2023.07.24	00:00:00	80.53	80.59	80.35	80.47	982	0	2
2023.07.24	04:00:00	80.46	80.85	80.42	80.69	1649	0	1
2023.07.24	08:00:00	80.69	81.49	80.27	81.45	4443	0	1
2023.07.24	12:00:00	81.46	81.79	80.96	81.72	6444	0	1
2023.07.24	16:00:00	81.72	82.92	81.63	82.52	7369	0	1
2023.07.24	20:00:00	82.52	82.71	82.43	82.64	1731	0	1
2023.07.25	00:00:00	82.64	82.73	82.46	82.59	770	0	2
2023.07.25	04:00:00	82.59	82.80	82.55	82.70	1777	0	1
2023.07.25	08:00:00	82.70	82.82	81.97	82.32	4369	0	1
2023.07.25	12:00:00	82.32	82.77	82.06	82.36	4885	0	1
2023.07.25	16:00:00	82.36	83.49	82.34	83.46	6446	0	1
2023.07.25	20:00:00	83.46	83.50	82.95	83.00	1452	0	1
2023.07.26	00:00:00	82.90	83.06	82.77	83.04	593	0	1
2023.07.26	04:00:00	83.04	83.04	82.73	82.79	1184	0	1
2023.07.26	08:00:00	82.79	83.24	82.42	82.46	3524	0	1
2023.07.26	12:00:00	82.46	82.99	82.24	82.89	3898	0	1
2023.07.26	16:00:00	82.89	83.45	82.54	82.69	5703	0	1
2023.07.26	20:00:00	82.68	82.81	82.38	82.66	2680	0	1
2023.07.27	00:00:00	82.90	83.30	82.89	83.30	759	0	1
2023.07.27	04:00:00	83.30	83.45	83.16	83.17	1198	0	1
2023.07.27	08:00:00	83.17	83.43	82.97	83.25	3473	0	1
2023.07.27	12:00:00	83.25	83.76	82.62	82.91	5012	0	1
2023.07.27	16:00:00	82.91	84.10	82.88	83.40	6385	0	1
2023.07.27	20:00:00	83.41	83.89	83.24	83.43	2219	0	1
2023.07.28	00:00:00	83.30	83.50	83.27	83.45	1051	0	3
2023.07.28	04:00:00	83.45	83.51	83.16	83.51	2173	0	1
2023.07.28	08:00:00	83.52	83.88	83.39	83.47	3026	0	1
2023.07.28	12:00:00	83.47	83.87	82.85	83.42	4361	0	1
2023.07.28	16:00:00	83.41	84.04	83.25	83.93	6784	0	1
2023.07.28	20:00:00	83.92	84.50	83.82	84.48	1716	0	2
2023.07.31	00:00:00	84.13	84.34	84.02	84.18	750	0	1
2023.07.31	04:00:00	84.18	84.21	83.87	83.98	1439	0	1
2023.07.31	08:00:00	84.00	84.88	83.99	84.85	3693	0	1
2023.07.31	12:00:00	84.85	85.32	84.84	85.07	4746	0	1
2023.07.31	16:00:00	85.07	85.42	84.72	85.16	5430	0	1
2023.07.31	20:00:00	85.17	85.53	85.10	85.42	1389	0	1
2023.08.01	00:00:00	85.19	85.34	85.11	85.18	595	0	2
2023.08.01	04:00:00	85.19	85.25	85.01	85.08	1296	0	1
2023.08.01	08:00:00	85.08	85.28	84.76	85.00	3236	0	1
2023.08.01	12:00:00	85.00	85.33	84.51	84.80	4868	0	1
2023.08.01	16:00:00	84.80	85.36	84.22	85.05	6544	0	1
2023.08.01	20:00:00	85.05	85.69	84.78	85.62	1714	0	1
2023.08.02	00:00:00	85.68	85.92	85.57	85.90	709	0	1
2023.08.02	04:00:00	85.90	85.92	85.49	85.69	1372	0	1
2023.08.02	08:00:00	85.70	85.75	84.99	85.26	3868	0	1
2023.08.02	12:00:00	85.26	85.57	84.30	84.36	5094	0	1
2023.08.02	16:00:00	84.36	84.74	82.67	82.75	9648	0	1
2023.08.02	20:00:00	82.76	83.50	82.75	83.38	1885	0	1
2023.08.03	00:00:00	83.26	83.60	83.17	83.46	649	0	1
2023.08.03	04:00:00	83.46	83.48	83.14	83.19	2101	0	1
2023.08.03	08:00:00	83.19	83.27	82.29	83.07	5321	0	1
2023.08.03	12:00:00	83.07	84.57	82.79	83.84	8055	0	1
2023.08.03	16:00:00	83.84	85.32	83.71	85.03	7336	0	1
2023.08.03	20:00:00	85.04	85.29	84.91	85.20	1808	0	1
2023.08.04	00:00:00	85.37	85.50	85.08	85.14	895	0	2
2023.08.04	04:00:00	85.14	85.24	84.97	85.20	1420	0	1
2023.08.04	08:00:00	85.20	85.62	85.04	85.61	3984	0	1
2023.08.04	12:00:00	85.61	85.74	85.07	85.26	5819	0	1
2023.08.04	16:00:00	85.25	86.54	85.04	86.34	5632	0	1
2023.08.04	20:00:00	86.34	86.35	85.80	85.89	1723	0	1
2023.08.07	00:00:00	86.51	86.51	85.99	86.21	1155	0	1
2023.08.07	04:00:00	86.22	86.24	85.93	85.99	1234	0	1
2023.08.07	08:00:00	85.99	86.12	85.21	85.35	3757	0	1
2023.08.07	12:00:00	85.34	85.76	85.10	85.18	4917	0	1
2023.08.07	16:00:00	85.18	85.69	84.91	85.40	6552	0	1
2023.08.07	20:00:00	85.40	85.76	85.11	85.70	1551	0	1
2023.08.08	00:00:00	85.54	85.54	85.12	85.14	726	0	1
2023.08.08	04:00:00	85.14	85.48	85.07	85.11	1936	0	1
2023.08.08	08:00:00	85.11	85.12	83.71	83.82	4491	0	1
2023.08.08	12:00:00	83.81	84.20	83.19	83.95	6867	0	1
2023.08.08	16:00:00	83.97	85.86	83.97	85.84	6940	0	1
2023.08.08	20:00:00	85.83	86.16	85.71	85.85	1777	0	1
2023.08.09	00:00:00	85.81	85.96	85.77	85.92	995	0	2
2023.08.09	04:00:00	85.92	85.93	85.73	85.74	1242	0	1
2023.08.09	08:00:00	85.75	86.70	85.73	86.62	3890	0	1
2023.08.09	12:00:00	86.63	87.01	86.40	86.86	5443	0	1
2023.08.09	16:00:00	86.85	87.40	86.12	86.77	8293	0	1
2023.08.09	20:00:00	86.78	87.35	86.71	87.16	1821	0	1
2023.08.10	00:00:00	87.22	87.25	87.05	87.10	649	0	2
2023.08.10	04:00:00	87.09	87.54	87.05	87.53	1351	0	1
2023.08.10	08:00:00	87.53	87.81	87.09	87.14	3976	0	1
2023.08.10	12:00:00	87.14	87.28	86.62	87.05	6730	0	1
2023.08.10	16:00:00	87.05	87.21	85.99	86.09	7721	0	1
2023.08.10	20:00:00	86.09	86.42	85.97	86.14	2406	0	1
2023.08.11	00:00:00	86.29	86.44	86.27	86.33	997	0	2
2023.08.11	04:00:00	86.33	86.33	85.97	86.04	1669	0	1
2023.08.11	08:00:00	86.03	86.43	85.61	85.99	4349	0	1
2023.08.11	12:00:00	85.99	86.82	85.96	86.27	6576	0	1
2023.08.11	16:00:00	86.26	87.04	86.26	87.01	7758	0	1
2023.08.11	20:00:00	87.02	87.04	86.28	86.29	1898	0	1
2023.08.14	00:00:00	86.11	86.33	86.00	86.29	1450	0	2
2023.08.14	04:00:00	86.28	86.33	85.43	85.56	1898	0	1
2023.08.14	08:00:00	85.56	86.34	85.31	86.25	4864	0	1
2023.08.14	12:00:00	86.26	86.32	85.17	85.59	6194	0	1
2023.08.14	16:00:00	85.58	86.32	85.40	86.06	7099	0	1
2023.08.14	20:00:00	86.05	86.25	85.73	85.85	1757	0	1
2023.08.15	00:00:00	85.84	86.07	85.76	86.02	813	0	2
2023.08.15	04:00:00	86.02	86.04	85.78	85.90	1501	0	1
2023.08.15	08:00:00	85.89	86.27	85.28	85.32	4898	0	1
2023.08.15	12:00:00	85.32	85.53	84.54	84.56	7321	0	1
2023.08.15	16:00:00	84.56	84.64	83.97	84.19	7623	0	1
2023.08.15	20:00:00	84.19	84.69	84.19	84.61	1679	0	1
2023.08.16	00:00:00	84.52	84.65	84.23	84.54	893	0	2
2023.08.16	04:00:00	84.53	84.54	84.13	84.17	1587	0	1
2023.08.16	08:00:00	84.17	84.80	84.09	84.43	4646	0	1
2023.08.16	12:00:00	84.43	85.03	84.33	84.56	5538	0	1
2023.08.16	16:00:00	84.56	84.80	83.35	83.65	7989	0	1
2023.08.16	20:00:00	83.65	83.68	82.87	83.06	2532	0	1
2023.08.17	00:00:00	82.83	83.32	82.81	83.28	1261	0	1
2023.08.17	04:00:00	83.27	83.35	82.98	83.11	1507	0	2
2023.08.17	08:00:00	83.11	83.73	83.07	83.61	4238	0	1
2023.08.17	12:00:00	83.61	84.40	83.60	84.04	5688	0	1
2023.08.17	16:00:00	84.04	84.59	83.81	83.83	5573	0	1
2023.08.17	20:00:00	83.83	83.98	83.46	83.56	1789	0	1
2023.08.18	00:00:00	83.75	84.07	83.72	84.02	1187	0	1
2023.08.18	04:00:00	84.02	84.08	83.65	83.93	1569	0	1
2023.08.18	08:00:00	83.93	84.23	83.32	83.56	4701	0	1
2023.08.18	12:00:00	83.56	84.28	83.04	83.78	5517	0	1
2023.08.18	16:00:00	83.79	84.77	83.44	84.70	6907	0	1
2023.08.18	20:00:00	84.68	84.69	84.33	84.47	1543	0	1
2023.08.21	00:00:00	84.39	85.21	84.36	85.19	1283	0	1
2023.08.21	04:00:00	85.20	85.35	84.92	85.03	1489	0	1
2023.08.21	08:00:00	85.03	85.29	84.81	85.07	3402	0	1
2023.08.21	12:00:00	85.08	85.53	84.72	84.77	4560	0	1
2023.08.21	16:00:00	84.75	85.08	84.11	84.22	6238	0	1
2023.08.21	20:00:00	84.23	84.34	84.03	84.23	1859	0	1
2023.08.22	00:00:00	84.31	84.35	83.96	83.99	808	0	2
2023.08.22	04:00:00	83.99	84.15	83.94	83.99	1592	0	2
2023.08.22	08:00:00	83.98	84.25	83.72	83.87	3860	0	1
2023.08.22	12:00:00	83.89	84.40	83.65	84.19	4826	0	1
2023.08.22	16:00:00	84.18	84.37	83.69	83.88	5729	0	1
2023.08.22	20:00:00	83.87	83.91	83.57	83.63	1498	0	1
2023.08.23	00:00:00	83.58	83.83	83.56	83.81	722	0	1
2023.08.23	04:00:00	83.81	83.98	83.75	83.92	1198	0	2
2023.08.23	08:00:00	83.91	83.93	82.92	82.96	3486	0	1
2023.08.23	12:00:00	82.96	82.96	81.72	82.22	4860	0	1
2023.08.23	16:00:00	82.23	83.44	82.21	82.98	7156	0	1
2023.08.23	20:00:00	82.99	83.28	82.48	82.58	1804	0	1
2023.08.24	00:00:00	82.66	82.77	82.32	82.40	649	0	1
2023.08.24	04:00:00	82.40	82.92	82.38	82.82	1722	0	2
2023.08.24	08:00:00	82.82	83.25	82.28	83.25	4010	0	1
2023.08.24	12:00:00	83.25	83.28	81.66	82.60	4637	0	1
2023.08.24	16:00:00	82.59	83.16	82.33	82.76	6791	0	1
2023.08.24	20:00:00	82.76	83.05	82.62	82.75	1571	0	1
2023.08.25	00:00:00	82.91	83.38	82.91	83.34	593	0	2
2023.08.25	04:00:00	83.34	83.49	83.10	83.46	1330	0	1
2023.08.25	08:00:00	83.46	84.15	83.25	84.03	2879	0	1
2023.08.25	12:00:00	84.04	84.24	83.64	83.73	3902	0	1
2023.08.25	16:00:00	83.74	84.10	82.27	83.29	8363	0	1
2023.08.25	20:00:00	83.30	84.45	83.20	84.18	2396	0	1
2023.08.28	00:00:00	84.13	84.25	83.82	83.82	756	0	1
2023.08.28	04:00:00	83.83	84.10	83.75	83.98	1262	0	1
2023.08.28	08:00:00	83.99	84.40	83.98	84.17	2791	0	1
2023.08.28	12:00:00	84.17	84.69	83.59	84.59	4221	0	1
2023.08.28	16:00:00	84.58	84.68	83.56	83.74	5159	0	1
2023.08.28	20:00:00	83.75	84.03	83.56	83.89	1494	0	1
2023.08.29	00:00:00	83.81	83.82	83.55	83.66	595	0	1
2023.08.29	04:00:00	83.66	83.90	83.61	83.76	1027	0	1
2023.08.29	08:00:00	83.76	84.52	83.60	84.40	2850	0	1
2023.08.29	12:00:00	84.40	84.59	83.53	83.62	3972	0	1
2023.08.29	16:00:00	83.61	84.91	83.28	84.90	5982	0	1
2023.08.29	20:00:00	84.90	85.04	84.64	84.96	1421	0	1
2023.08.30	00:00:00	85.03	85.27	85.02	85.25	556	0	1
2023.08.30	04:00:00	85.25	85.26	85.07	85.19	900	0	1
2023.08.30	08:00:00	85.15	85.42	84.81	85.37	2902	0	1
2023.08.30	12:00:00	85.38	85.62	85.05	85.50	3733	0	1
2023.08.30	16:00:00	85.50	85.64	84.57	84.96	6731	0	1
2023.08.30	20:00:00	84.95	85.27	84.85	85.24	1559	0	1
2023.08.31	00:00:00	85.29	85.35	85.21	85.21	403	0	2
2023.08.31	04:00:00	85.21	85.32	85.05	85.28	865	0	1
2023.08.31	08:00:00	85.30	85.68	85.05	85.47	2641	0	1
2023.08.31	12:00:00	85.47	86.19	85.41	86.06	3900	0	1
2023.08.31	16:00:00	86.07	86.49	85.41	86.47	6068	0	1
2023.08.31	20:00:00	86.47	86.82	86.41	86.73	1484	0	1
2023.09.01	00:00:00	86.78	86.94	86.78	86.90	640	0	2
2023.09.01	04:00:00	86.90	87.03	86.83	86.99	893	0	2
2023.09.01	08:00:00	86.99	87.68	86.88	87.65	2540	0	1
2023.09.01	12:00:00	87.66	88.23	87.32	88.18	4742	0	1
2023.09.01	16:00:00	88.17	88.50	87.61	88.50	6289	0	1
2023.09.01	20:00:00	88.49	88.75	88.26	88.72	1523	0	1
2023.09.04	00:00:00	88.62	88.63	88.35	88.40	966	0	2
2023.09.04	04:00:00	88.40	88.49	88.28	88.31	1273	0	2
2023.09.04	08:00:00	88.31	88.57	88.13	88.43	2742	0	1
2023.09.04	12:00:00	88.42	88.75	88.30	88.72	2393	0	1
2023.09.04	16:00:00	88.72	88.85	88.52	88.77	2002	0	1
2023.09.05	00:00:00	88.72	88.93	88.53	88.58	649	0	2
2023.09.05	04:00:00	88.58	88.81	88.47	88.62	1242	0	1
2023.09.05	08:00:00	88.62	88.66	87.90	88.38	3263	0	1
2023.09.05	12:00:00	88.38	90.53	87.96	90.10	5379	0	1
2023.09.05	16:00:00	90.11	90.95	89.28	89.81	6962	0	1
2023.09.05	20:00:00	89.81	89.92	89.53	89.84	1906	0	1
2023.09.06	00:00:00	89.97	90.14	89.88	89.95	622	0	1
2023.09.06	04:00:00	89.94	90.02	89.78	89.80	1349	0	1
2023.09.06	08:00:00	89.80	89.86	89.08	89.30	3330	0	1
2023.09.06	12:00:00	89.31	90.10	89.24	90.04	4305	0	1
2023.09.06	16:00:00	90.01	90.83	89.25	90.70	6427	0	1
2023.09.06	20:00:00	90.71	90.88	90.34	90.45	1535	0	1
2023.09.07	00:00:00	90.56	90.67	90.39	90.41	930	0	1
2023.09.07	04:00:00	90.40	90.44	89.96	90.01	1258	0	2
2023.09.07	08:00:00	90.01	90.27	89.68	89.83	3244	0	1
2023.09.07	12:00:00	89.83	90.46	89.82	89.98	4493	0	1
2023.09.07	16:00:00	89.98	90.44	89.25	89.72	6521	0	1
2023.09.07	20:00:00	89.72	89.92	89.54	89.57	1629	0	1
2023.09.08	00:00:00	89.41	89.64	89.23	89.26	808	0	2
2023.09.08	04:00:00	89.26	89.39	89.07	89.26	1307	0	2
2023.09.08	08:00:00	89.26	90.16	89.23	90.15	3691	0	1
2023.09.08	12:00:00	90.15	90.54	89.80	90.01	4725	0	1
2023.09.08	16:00:00	90.01	90.77	89.93	90.54	5780	0	1
2023.09.08	20:00:00	90.54	90.65	90.19	90.19	1307	0	1
2023.09.11	00:00:00	89.99	90.11	89.86	90.04	1185	0	2
2023.09.11	04:00:00	90.05	90.55	89.99	90.31	1901	0	2
2023.09.11	08:00:00	90.31	90.52	89.92	90.12	3855	0	1
2023.09.11	12:00:00	90.12	91.16	89.94	90.59	4538	0	1
2023.09.11	16:00:00	90.58	90.85	90.01	90.54	4168	0	1
2023.09.12	00:00:00	90.30	90.41	90.25	90.34	700	0	2
2023.09.12	04:00:00	90.34	90.82	90.30	90.67	1512	0	2
2023.09.12	08:00:00	90.68	91.09	90.42	90.92	3375	0	1
2023.09.12	12:00:00	90.92	91.96	90.79	91.69	4441	0	1
2023.09.12	16:00:00	91.68	92.03	91.43	91.83	4983	0	1
2023.09.12	20:00:00	91.82	91.95	91.62	91.64	1452	0	1
2023.09.13	00:00:00	91.79	91.95	91.77	91.81	680	0	2
2023.09.13	04:00:00	91.81	92.00	91.62	91.88	1334	0	1
2023.09.13	08:00:00	91.88	92.43	91.70	92.21	3025	0	1
2023.09.13	12:00:00	92.20	92.30	91.45	91.74	4377	0	1
2023.09.13	16:00:00	91.73	92.16	91.26	91.45	6045	0	1
2023.09.13	20:00:00	91.44	91.83	91.28	91.82	1331	0	1
2023.09.14	00:00:00	91.85	91.98	91.81	91.94	612	0	2
2023.09.14	04:00:00	91.93	92.10	91.82	92.04	1390	0	1
2023.09.14	08:00:00	92.03	92.32	91.93	92.12	2985	0	1
2023.09.14	12:00:00	92.12	93.04	92.11	92.94	4072	0	1
2023.09.14	16:00:00	92.95	93.45	92.77	93.31	4944	0	1
2023.09.14	20:00:00	93.30	93.74	93.12	93.71	1716	0	1
2023.09.15	00:00:00	93.65	93.85	93.63	93.76	976	0	1
2023.09.15	04:00:00	93.75	94.17	93.74	93.86	1697	0	1
2023.09.15	08:00:00	93.86	93.98	93.36	93.45	3417	0	1
2023.09.15	12:00:00	93.45	93.69	92.23	92.76	4146	0	1
2023.09.15	16:00:00	92.80	93.57	92.74	93.31	6319	0	1
2023.09.15	20:00:00	93.31	93.70	93.10	93.69	1617	0	1
2023.09.18	00:00:00	93.47	93.68	93.47	93.62	670	0	1
2023.09.18	04:00:00	93.62	93.99	93.56	93.97	1429	0	1
2023.09.18	08:00:00	93.98	94.14	93.31	93.66	3741	0	1
2023.09.18	12:00:00	93.67	94.19	93.60	93.64	4421	0	1
2023.09.18	16:00:00	93.64	94.23	93.61	93.80	3923	0	1
2023.09.19	00:00:00	93.87	93.96	93.75	93.76	581	0	1
2023.09.19	04:00:00	93.76	94.17	93.64	94.01	1636	0	1
2023.09.19	08:00:00	94.01	94.30	93.76	93.98	3800	0	1
2023.09.19	12:00:00	93.98	94.95	93.74	94.41	5207	0	1
2023.09.19	16:00:00	94.41	94.59	93.35	93.44	6715	0	1
2023.09.19	20:00:00	93.44	93.83	93.31	93.74	2048	0	1
2023.09.20	00:00:00	93.21	93.30	93.09	93.11	717	0	2
2023.09.20	04:00:00	93.10	93.12	92.26	92.43	1895	0	1
2023.09.20	08:00:00	92.43	92.73	91.96	92.63	4557	0	1
2023.09.20	12:00:00	92.64	93.20	92.39	93.16	5150	0	1
2023.09.20	16:00:00	93.16	93.80	92.71	92.92	7072	0	1
2023.09.20	20:00:00	92.91	92.95	92.22	92.31	3110	0	1
2023.09.21	00:00:00	92.20	92.20	91.86	92.02	821	0	2
2023.09.21	04:00:00	92.02	92.10	91.85	91.92	1346	0	1
2023.09.21	08:00:00	91.91	91.94	91.36	91.71	3788	0	1
2023.09.21	12:00:00	91.70	93.68	91.62	93.46	6811	0	1
2023.09.21	16:00:00	93.46	93.52	92.47	92.75	7065	0	1
2023.09.21	20:00:00	92.76	92.90	92.35	92.39	2051	0	1
2023.09.22	00:00:00	92.62	92.79	92.54	92.69	781	0	1
2023.09.22	04:00:00	92.68	93.12	92.68	92.95	1547	0	1
2023.09.22	08:00:00	92.95	93.16	92.43	93.14	4076	0	1
2023.09.22	12:00:00	93.15	93.58	92.99	93.49	4789	0	1
2023.09.22	16:00:00	93.48	93.56	91.80	92.11	6843	0	1
2023.09.22	20:00:00	92.09	92.60	92.04	92.43	2107	0	1
2023.09.25	00:00:00	92.44	92.58	92.14	92.14	608	0	2
2023.09.25	04:00:00	92.14	92.55	92.13	92.39	1471	0	1
2023.09.25	08:00:00	92.40	92.85	91.92	92.32	3564	0	1
2023.09.25	12:00:00	92.32	92.47	91.71	91.98	4518	0	1
2023.09.25	16:00:00	91.98	92.20	91.30	92.06	4015	0	1
2023.09.26	00:00:00	91.78	92.04	91.71	91.94	561	0	2
2023.09.26	04:00:00	91.93	92.02	91.43	91.49	1347	0	1
2023.09.26	08:00:00	91.49	91.52	90.49	91.19	4218	0	1
2023.09.26	12:00:00	91.18	91.90	91.04	91.84	4819	0	1
2023.09.26	16:00:00	91.84	92.74	91.47	92.69	6196	0	1
2023.09.26	20:00:00	92.70	92.71	92.41	92.61	1526	0	1
2023.09.27	00:00:00	92.66	93.22	92.63	93.21	792	0	1
2023.09.27	04:00:00	93.22	93.32	93.10	93.25	1376	0	1
2023.09.27	08:00:00	93.25	93.35	92.79	93.13	3430	0	1
2023.09.27	12:00:00	93.13	94.16	93.10	93.94	5487	0	1
2023.09.27	16:00:00	93.93	94.79	93.82	94.38	7219	0	1
2023.09.27	20:00:00	94.38	94.73	94.22	94.29	2315	0	1
2023.09.28	00:00:00	94.97	95.31	94.86	95.00	1059	0	1
2023.09.28	04:00:00	95.01	95.15	94.79	94.95	1848	0	1
2023.09.28	08:00:00	94.94	95.06	93.80	93.81	4853	0	1
2023.09.28	12:00:00	93.81	94.18	93.47	93.67	5626	0	1
2023.09.28	16:00:00	93.67	94.12	92.79	92.87	7102	0	1
2023.09.28	20:00:00	92.87	93.17	92.71	93.08	2167	0	1
2023.09.29	00:00:00	92.96	93.36	92.87	93.35	446	0	2
2023.09.29	04:00:00	93.35	93.36	92.82	92.98	1234	0	1
2023.09.29	08:00:00	92.97	93.41	92.66	93.35	3946	0	1
2023.09.29	12:00:00	93.35	94.00	92.59	92.74	5843	0	1
2023.09.29	16:00:00	92.77	92.92	91.85	92.03	8106	0	1
2023.09.29	20:00:00	92.04	92.33	91.88	92.08	2211	0	1
2023.10.02	00:00:00	92.11	92.28	91.98	92.20	271	0	2
2023.10.02	04:00:00	92.20	92.29	91.96	91.99	713	0	2
2023.10.02	08:00:00	91.99	92.77	91.76	92.72	3929	0	1
2023.10.02	12:00:00	92.72	93.06	91.33	91.65	5325	0	1
2023.10.02	16:00:00	91.66	91.92	90.39	90.91	5526	0	1
2023.10.03	00:00:00	89.91	89.92	89.44	89.47	363	0	1
2023.10.03	04:00:00	89.48	89.75	89.28	89.34	1554	0	1
2023.10.03	08:00:00	89.34	90.51	89.31	90.41	4050	0	1
2023.10.03	12:00:00	90.41	90.81	89.39	90.52	6267	0	1
2023.10.03	16:00:00	90.51	91.23	89.92	90.72	8013	0	1
2023.10.03	20:00:00	90.72	90.83	90.46	90.61	1693	0	1
2023.10.04	00:00:00	90.78	90.80	90.27	90.47	509	0	2
2023.10.04	04:00:00	90.47	90.60	90.28	90.39	1342	0	1
2023.10.04	08:00:00	90.39	90.42	89.52	89.67	4588	0	1
2023.10.04	12:00:00	89.67	89.76	87.86	88.17	6152	0	1
2023.10.04	16:00:00	88.13	88.20	85.48	85.48	7891	0	1
2023.10.04	20:00:00	85.48	85.98	85.40	85.67	2362	0	1
2023.10.05	00:00:00	85.73	85.77	85.59	85.69	453	0	1
2023.10.05	04:00:00	85.69	86.11	85.68	85.86	1310	0	1
2023.10.05	08:00:00	85.86	86.12	84.45	84.63	5007	0	1
2023.10.05	12:00:00	84.62	85.30	83.72	84.78	7951	0	1
2023.10.05	16:00:00	84.77	85.55	83.46	84.38	9572	0	1
2023.10.05	20:00:00	84.38	84.39	83.58	83.90	2562	0	1
2023.10.06	00:00:00	84.22	84.22	83.96	83.99	405	0	1
2023.10.06	04:00:00	83.99	84.09	83.68	83.75	965	0	1
2023.10.06	08:00:00	83.75	84.41	83.41	83.59	4713	0	1
2023.10.06	12:00:00	83.59	84.49	83.15	83.55	7837	0	1
2023.10.06	16:00:00	83.55	84.52	83.17	84.06	8747	0	1
2023.10.06	20:00:00	84.05	84.40	83.95	83.98	1874	0	1
2023.10.09	00:00:00	87.55	88.45	87.48	87.51	1809	0	1
2023.10.09	04:00:00	87.51	87.52	86.64	86.93	2812	0	1
2023.10.09	08:00:00	86.93	87.09	85.87	86.65	6092	0	1
2023.10.09	12:00:00	86.66	87.44	86.33	86.45	6092	0	1
2023.10.09	16:00:00	86.46	87.67	86.46	87.11	4775	0	1
2023.10.10	00:00:00	87.34	87.45	87.07	87.38	888	0	1
2023.10.10	04:00:00	87.38	87.52	86.97	87.07	1793	0	1
2023.10.10	08:00:00	87.07	87.81	86.49	87.17	4914	0	1
2023.10.10	12:00:00	87.17	87.48	86.72	86.77	6359	0	1
2023.10.10	16:00:00	86.77	87.37	86.32	87.07	7453	0	1
2023.10.10	20:00:00	87.08	87.28	86.89	87.07	1814	0	1
2023.10.11	00:00:00	87.38	87.40	87.10	87.18	756	0	2
2023.10.11	04:00:00	87.17	87.44	87.13	87.25	1308	0	2
2023.10.11	08:00:00	87.25	87.62	86.44	86.54	4068	0	1
2023.10.11	12:00:00	86.53	86.94	86.03	86.11	6657	0	1
2023.10.11	16:00:00	86.09	86.25	84.72	85.76	8791	0	1
2023.10.11	20:00:00	85.77	85.87	85.06	85.14	2663	0	1
2023.10.12	00:00:00	85.17	85.18	84.86	84.98	714	0	2
2023.10.12	04:00:00	84.98	85.16	84.71	84.92	1332	0	1
2023.10.12	08:00:00	84.92	86.50	84.80	86.23	4113	0	1
2023.10.12	12:00:00	86.23	87.01	86.07	86.49	5495	0	1
2023.10.12	16:00:00	86.50	86.93	84.98	85.16	9126	0	1
2023.10.12	20:00:00	85.15	85.84	84.98	85.76	2283	0	1
2023.10.13	00:00:00	85.78	85.87	85.67	85.84	521	0	1
2023.10.13	04:00:00	85.84	86.13	85.76	86.03	1087	0	1
2023.10.13	08:00:00	86.03	88.49	85.97	88.41	3466	0	1
2023.10.13	12:00:00	88.41	89.21	87.89	88.07	6917	0	1
2023.10.13	16:00:00	88.08	89.73	88.07	89.68	7331	0	1
2023.10.13	20:00:00	89.67	90.22	89.61	90.10	2126	0	1
2023.10.16	00:00:00	89.74	90.01	89.53	89.98	1280	0	2
2023.10.16	04:00:00	89.97	90.16	89.64	89.78	1795	0	1
2023.10.16	08:00:00	89.78	89.98	89.23	89.95	4928	0	1
2023.10.16	12:00:00	89.96	90.48	89.30	89.34	5295	0	1
2023.10.16	16:00:00	89.34	89.59	88.69	89.26	5045	0	1
2023.10.17	00:00:00	89.03	89.03	88.73	88.77	721	0	2
2023.10.17	04:00:00	88.77	88.95	88.40	88.92	1683	0	1
2023.10.17	08:00:00	88.93	89.28	88.57	89.25	4444	0	1
2023.10.17	12:00:00	89.24	89.32	88.59	89.04	5514	0	1
2023.10.17	16:00:00	89.04	89.59	88.03	88.71	7364	0	1
2023.10.17	20:00:00	88.71	89.89	88.52	89.88	2124	0	1
2023.10.18	00:00:00	90.38	91.01	90.34	91.00	1176	0	1
2023.10.18	04:00:00	91.02	91.21	90.48	90.63	1831	0	1
2023.10.18	08:00:00	90.64	92.05	90.26	91.58	4849	0	1
2023.10.18	12:00:00	91.58	91.82	89.78	90.31	6624	0	1
2023.10.18	16:00:00	90.31	91.01	89.94	90.46	7516	0	1
2023.10.18	20:00:00	90.46	90.92	90.41	90.49	2130	0	1
2023.10.19	00:00:00	90.03	90.37	90.00	90.17	677	0	1
2023.10.19	04:00:00	90.17	90.38	90.05	90.24	1439	0	1
2023.10.19	08:00:00	90.23	90.43	88.83	89.10	5320	0	1
2023.10.19	12:00:00	89.11	90.21	89.03	89.87	4979	0	1
2023.10.19	16:00:00	89.87	91.44	89.76	91.39	7200	0	1
2023.10.19	20:00:00	91.38	92.49	91.24	92.30	2697	0	1
2023.10.20	00:00:00	92.16	92.34	92.04	92.14	829	0	1
2023.10.20	04:00:00	92.14	92.47	92.04	92.41	1460	0	1
2023.10.20	08:00:00	92.40	92.72	91.84	92.50	4733	0	1
2023.10.20	12:00:00	92.50	92.65	91.77	92.39	5541	0	1
2023.10.20	16:00:00	92.40	92.68	91.08	91.49	7698	0	1
2023.10.20	20:00:00	91.50	91.55	90.79	91.30	2432	0	1
2023.10.23	00:00:00	90.57	90.58	90.13	90.40	1137	0	1
2023.10.23	04:00:00	90.41	90.57	90.08	90.28	1709	0	1
2023.10.23	08:00:00	90.27	91.40	90.22	90.86	4464	0	1
2023.10.23	12:00:00	90.86	91.22	90.12	90.51	5758	0	1
2023.10.23	16:00:00	90.51	90.88	89.48	89.52	5476	0	1
2023.10.24	00:00:00	89.41	89.60	89.23	89.49	901	0	1
2023.10.24	04:00:00	89.49	89.65	89.06	89.17	1642	0	1
2023.10.24	08:00:00	89.17	89.67	88.50	89.35	4367	0	1
2023.10.24	12:00:00	89.35	89.51	87.96	88.32	5699	0	1
2023.10.24	16:00:00	88.32	88.57	86.55	87.48	8587	0	1
2023.10.24	20:00:00	87.47	87.61	87.10	87.39	2062	0	1
2023.10.25	00:00:00	87.21	87.42	87.12	87.28	785	0	2
2023.10.25	04:00:00	87.26	87.39	86.91	86.93	1813	0	1
2023.10.25	08:00:00	86.93	87.73	86.80	87.48	4493	0	1
2023.10.25	12:00:00	87.47	87.81	87.10	87.24	4925	0	1
2023.10.25	16:00:00	87.24	89.25	85.90	88.65	10005	0	1
2023.10.25	20:00:00	88.65	89.42	88.49	89.09	2935	0	1
2023.10.26	00:00:00	89.27	89.30	88.93	88.94	929	0	2
2023.10.26	04:00:00	88.94	89.05	88.31	88.33	1550	0	1
2023.10.26	08:00:00	88.34	89.35	88.24	88.54	4165	0	1
2023.10.26	12:00:00	88.55	88.55	86.61	87.76	6643	0	1
2023.10.26	16:00:00	87.76	88.22	86.96	87.21	7602	0	1
2023.10.26	20:00:00	87.21	87.53	86.89	87.48	2120	0	1
2023.10.27	00:00:00	87.47	87.85	87.38	87.79	940	0	1
2023.10.27	04:00:00	87.79	88.61	87.73	88.51	1902	0	1
2023.10.27	08:00:00	88.51	89.20	88.07	89.07	3762	0	1
2023.10.27	12:00:00	89.09	89.24	87.06	87.19	6578	0	1
2023.10.27	16:00:00	87.19	89.38	86.88	89.36	8366	0	1
2023.10.27	20:00:00	89.36	89.50	88.62	88.78	2914	0	1
2023.10.30	00:00:00	88.47	88.51	88.25	88.39	523	0	1
2023.10.30	04:00:00	88.38	88.40	87.99	88.20	1685	0	1
2023.10.30	08:00:00	88.20	88.41	87.43	88.30	4860	0	1
2023.10.30	12:00:00	88.30	88.37	86.88	86.93	7350	0	1
2023.10.30	16:00:00	86.94	87.02	85.79	86.47	8019	0	1
2023.10.30	20:00:00	86.48	86.79	86.41	86.60	725	0	1
2023.10.31	00:00:00	86.58	86.75	86.56	86.61	473	0	2
2023.10.31	04:00:00	86.61	87.03	86.27	86.86	1980	0	1
2023.10.31	08:00:00	86.86	87.32	86.46	86.99	4578	0	1
2023.10.31	12:00:00	86.99	87.34	85.97	86.80	7380	0	1
2023.10.31	16:00:00	86.82	86.91	84.73	85.11	6876	0	1
2023.10.31	20:00:00	85.11	85.42	85.07	85.31	714	0	1
2023.11.01	00:00:00	85.16	85.33	85.08	85.30	321	0	1
2023.11.01	04:00:00	85.30	85.42	85.09	85.42	1230	0	1
2023.11.01	08:00:00	85.42	86.40	85.28	86.32	3565	0	1
2023.11.01	12:00:00	86.32	87.14	86.24	86.83	6468	0	3
2023.11.01	16:00:00	86.83	86.85	84.52	84.68	7538	0	3
2023.11.01	20:00:00	84.69	85.01	84.67	84.90	826	0	3
2023.11.02	00:00:00	85.37	85.43	85.32	85.43	270	0	3
2023.11.02	04:00:00	85.42	85.51	85.20	85.44	1524	0	3
2023.11.02	08:00:00	85.44	86.12	85.17	85.59	3603	0	3
2023.11.02	12:00:00	85.59	85.98	84.56	85.60	6537	0	3
2023.11.02	16:00:00	85.60	86.95	85.12	86.78	6323	0	3
2023.11.02	20:00:00	86.79	86.80	86.59	86.77	646	0	3
2023.11.03	00:00:00	86.63	86.99	86.63	86.98	420	0	3
2023.11.03	04:00:00	86.99	87.09	86.82	86.94	1281	0	3
2023.11.03	08:00:00	86.94	87.26	86.40	86.81	3354	0	3
2023.11.03	12:00:00	86.82	87.67	85.17	85.48	9017	0	3
2023.11.03	16:00:00	85.47	86.52	84.47	85.17	7513	0	3
2023.11.03	20:00:00	85.17	85.37	84.96	84.98	687	0	3
2023.11.08	08:00:00	81.52	81.76	80.79	81.02	3960	0	1
2023.11.08	12:00:00	81.02	81.38	80.18	80.93	7295	0	1
2023.11.08	16:00:00	80.93	80.96	79.17	79.53	9255	0	1
2023.11.08	20:00:00	79.53	79.82	79.30	79.72	2172	0	2
2023.11.09	00:00:00	79.99	79.99	79.73	79.73	482	0	2
2023.11.09	04:00:00	79.74	79.98	79.37	79.98	1734	0	2
2023.11.09	08:00:00	79.98	80.32	79.88	80.14	4206	0	1
2023.11.09	12:00:00	80.14	80.63	79.81	80.36	5728	0	1
2023.11.09	16:00:00	80.36	81.34	79.99	80.26	7347	0	1
2023.11.09	20:00:00	80.27	80.40	79.65	79.79	2144	0	1
2023.11.10	00:00:00	79.99	80.28	79.92	80.25	466	0	2
2023.11.10	04:00:00	80.24	80.56	80.15	80.31	1800	0	2
2023.11.10	08:00:00	80.31	80.78	80.08	80.63	3513	0	1
2023.11.10	12:00:00	80.64	81.15	80.58	81.02	4973	0	1
2023.11.10	16:00:00	81.02	81.92	80.77	81.57	7362	0	1
2023.11.10	20:00:00	81.58	81.86	81.24	81.52	1863	0	1
2023.11.13	00:00:00	80.80	80.84	80.52	80.53	771	0	2
2023.11.13	04:00:00	80.52	80.80	80.46	80.78	1252	0	2
2023.11.13	08:00:00	80.77	81.47	80.27	81.41	2863	0	2
2023.11.13	12:00:00	81.40	82.08	81.20	81.98	5219	0	1
2023.11.13	16:00:00	81.98	82.60	81.77	82.46	5861	0	1
2023.11.13	20:00:00	82.47	82.63	82.24	82.58	1639	0	2
2023.11.14	00:00:00	82.54	82.63	82.41	82.58	558	0	2
2023.11.14	04:00:00	82.58	82.69	82.46	82.58	1226	0	1
2023.11.14	08:00:00	82.58	82.66	82.10	82.57	3346	0	1
2023.11.14	12:00:00	82.57	83.47	81.89	83.41	5878	0	1
2023.11.14	16:00:00	83.40	83.77	82.28	82.54	6626	0	1
2023.11.14	20:00:00	82.54	82.57	81.95	82.29	1715	0	2
2023.11.15	00:00:00	82.36	82.61	82.36	82.58	509	0	2
2023.11.15	04:00:00	82.58	82.86	82.48	82.78	1256	0	2
2023.11.15	08:00:00	82.77	82.78	81.63	82.00	4088	0	1
2023.11.15	12:00:00	82.00	82.32	81.26	81.52	5541	0	1
2023.11.15	16:00:00	81.52	82.10	80.94	80.96	7233	0	1
2023.11.15	20:00:00	80.97	81.20	80.73	80.93	1879	0	1
2023.11.16	00:00:00	80.44	80.47	80.33	80.39	276	0	3
2023.11.16	04:00:00	80.39	80.84	80.30	80.84	1265	0	2
2023.11.16	08:00:00	80.84	81.08	80.28	80.89	3382	0	1
2023.11.16	12:00:00	80.89	81.11	78.32	78.34	5786	0	1
2023.11.16	16:00:00	78.34	78.72	76.67	77.01	7475	0	1
2023.11.16	20:00:00	77.00	77.70	76.99	77.56	1269	0	1
2023.11.17	00:00:00	77.58	77.69	77.55	77.59	315	0	1
2023.11.17	04:00:00	77.60	77.80	77.47	77.54	1057	0	1
2023.11.17	08:00:00	77.54	78.33	77.43	78.27	3795	0	1
2023.11.17	12:00:00	78.27	79.05	78.16	79.00	4465	0	1
2023.11.17	16:00:00	79.01	80.66	78.98	80.59	6800	0	1
2023.11.17	20:00:00	80.59	80.69	80.32	80.42	1762	0	2
2023.11.20	00:00:00	80.79	81.17	80.72	81.05	662	0	2
2023.11.20	04:00:00	81.05	81.32	81.01	81.20	1072	0	1
2023.11.20	08:00:00	81.20	81.52	80.73	81.50	3410	0	1
2023.11.20	12:00:00	81.50	82.38	81.45	82.18	4310	0	1
2023.11.20	16:00:00	82.18	82.86	82.07	82.79	4200	0	1
2023.11.20	20:00:00	82.79	82.79	81.98	82.12	1403	0	1
2023.11.21	00:00:00	82.25	82.26	82.09	82.16	321	0	1
2023.11.21	04:00:00	82.16	82.19	81.66	81.72	1211	0	1
2023.11.21	08:00:00	81.72	82.28	81.56	82.12	3145	0	1
2023.11.21	12:00:00	82.11	82.21	81.47	81.93	5326	0	1
2023.11.21	16:00:00	81.93	82.38	81.62	82.38	5907	0	1
2023.11.21	20:00:00	82.37	82.54	82.29	82.44	1304	0	1
2023.11.22	00:00:00	82.34	82.42	82.14	82.31	393	0	1
2023.11.22	04:00:00	82.32	82.48	82.18	82.24	898	0	1
2023.11.22	08:00:00	82.24	82.63	81.65	81.89	3277	0	1
2023.11.22	12:00:00	81.89	81.93	78.71	79.00	9799	0	1
2023.11.22	16:00:00	78.99	81.72	78.47	81.58	8404	0	1
2023.11.22	20:00:00	81.59	81.92	81.43	81.56	1850	0	1
2023.11.23	00:00:00	80.75	80.92	80.72	80.85	395	0	3
2023.11.23	04:00:00	80.85	80.92	80.63	80.89	1114	0	2
2023.11.23	08:00:00	80.89	81.36	80.55	81.05	4092	0	1
2023.11.23	12:00:00	81.05	81.25	80.10	80.38	4606	0	1
2023.11.23	16:00:00	80.37	81.23	80.23	81.17	2854	0	1
2023.11.24	00:00:00	81.63	81.63	81.31	81.32	498	0	3
2023.11.24	04:00:00	81.31	81.56	81.13	81.41	1369	0	2
2023.11.24	08:00:00	81.40	81.55	81.16	81.52	3050	0	1
2023.11.24	12:00:00	81.53	81.72	80.85	81.67	4320	0	1
2023.11.24	16:00:00	81.67	82.03	81.19	81.38	4013	0	1
2023.11.27	00:00:00	80.14	80.20	79.87	79.89	581	0	2
2023.11.27	04:00:00	79.90	79.98	79.66	79.91	1463	0	2
2023.11.27	08:00:00	79.92	80.23	79.07	79.23	4129	0	1
2023.11.27	12:00:00	79.23	80.40	79.09	80.27	6061	0	1
2023.11.27	16:00:00	80.26	81.09	79.52	80.29	7520	0	1
2023.11.27	20:00:00	80.30	80.35	79.75	80.03	1605	0	1
2023.11.28	00:00:00	80.34	80.37	80.06	80.06	351	0	1
2023.11.28	04:00:00	80.06	80.16	79.73	80.02	1353	0	2
2023.11.28	08:00:00	80.03	80.88	79.86	80.71	2963	0	1
2023.11.28	12:00:00	80.72	80.77	79.69	80.38	6087	0	1
2023.11.28	16:00:00	80.38	81.94	80.37	81.57	5484	0	1
2023.11.28	20:00:00	81.56	81.68	81.25	81.35	1362	0	2
2023.11.29	00:00:00	81.52	81.58	81.35	81.40	365	0	2
2023.11.29	04:00:00	81.41	81.69	81.25	81.54	1236	0	2
2023.11.29	08:00:00	81.54	82.46	81.30	82.42	3852	0	1
2023.11.29	12:00:00	82.43	82.77	81.41	81.42	4975	0	1
2023.11.29	16:00:00	81.42	82.77	80.71	82.58	9216	0	1
2023.11.29	20:00:00	82.59	82.96	82.57	82.62	1888	0	1
2023.11.30	00:00:00	82.39	82.89	82.38	82.80	1084	0	2
2023.11.30	04:00:00	82.77	83.34	82.55	83.16	2354	0	1
2023.11.30	08:00:00	83.16	84.50	82.83	84.32	7129	0	1
2023.11.30	12:00:00	84.30	84.55	82.91	83.72	14318	0	1
2023.11.30	16:00:00	83.75	84.18	80.00	80.77	13880	0	1
2023.11.30	20:00:00	80.77	80.99	79.98	80.55	2728	0	1
2023.12.01	00:00:00	80.62	80.63	80.11	80.47	771	0	2
2023.12.01	04:00:00	80.47	80.77	80.31	80.51	1627	0	2
2023.12.01	08:00:00	80.51	81.22	80.29	81.00	6481	0	1
2023.12.01	12:00:00	80.97	81.14	80.05	81.07	8185	0	1
2023.12.01	16:00:00	81.08	81.47	79.19	79.19	10190	0	1
2023.12.01	20:00:00	79.19	79.43	78.73	79.14	2327	0	1
2023.12.04	00:00:00	78.57	78.58	78.27	78.49	603	0	2
2023.12.04	04:00:00	78.49	78.51	78.07	78.10	1439	0	2
2023.12.04	08:00:00	78.12	78.56	77.66	78.32	3674	0	1
2023.12.04	12:00:00	78.32	78.98	77.80	77.82	7748	0	1
2023.12.04	16:00:00	77.82	79.52	77.53	78.13	9397	0	1
2023.12.04	20:00:00	78.13	78.30	77.98	78.20	1399	0	1
2023.12.05	00:00:00	78.11	78.22	78.04	78.11	478	0	1
2023.12.05	04:00:00	78.11	78.24	77.95	78.16	1065	0	1
2023.12.05	08:00:00	78.16	79.07	78.04	78.40	3381	0	1
2023.12.05	12:00:00	78.38	78.97	77.18	78.79	7035	0	1
2023.12.05	16:00:00	78.80	79.04	77.10	77.16	8489	0	1
2023.12.05	20:00:00	77.15	77.57	77.01	77.05	1654	0	1
2023.12.06	00:00:00	77.29	77.48	77.29	77.41	350	0	1
2023.12.06	04:00:00	77.41	77.52	77.10	77.37	1186	0	1
2023.12.06	08:00:00	77.37	77.61	76.33	76.74	3702	0	1
2023.12.06	12:00:00	76.73	76.77	75.47	75.52	6250	0	1
2023.12.06	16:00:00	75.51	75.83	74.14	74.70	7907	0	1
2023.12.06	20:00:00	74.68	74.88	74.18	74.22	1855	0	1
2023.12.07	00:00:00	74.60	74.73	74.58	74.69	377	0	1
2023.12.07	04:00:00	74.70	74.79	74.57	74.78	1163	0	1
2023.12.07	08:00:00	74.79	75.48	74.59	75.00	4628	0	1
2023.12.07	12:00:00	75.00	75.50	74.65	75.02	6908	0	1
2023.12.07	16:00:00	75.01	75.19	73.67	74.26	11128	0	1
2023.12.07	20:00:00	74.26	74.51	74.02	74.43	3014	0	1
2023.12.08	00:00:00	75.15	75.28	74.99	75.13	1289	0	1
2023.12.08	04:00:00	75.13	75.84	75.08	75.64	3149	0	1
2023.12.08	08:00:00	75.61	76.14	75.15	75.41	5101	0	1
2023.12.08	12:00:00	75.41	75.99	75.25	75.57	9335	0	1
2023.12.08	16:00:00	75.57	76.42	75.29	75.91	10398	0	1
2023.12.08	20:00:00	75.89	76.06	75.74	76.04	2344	0	1
2023.12.11	00:00:00	76.13	76.26	76.06	76.19	394	0	1
2023.12.11	04:00:00	76.19	76.56	76.15	76.55	919	0	1
2023.12.11	08:00:00	76.54	76.55	75.30	75.34	3622	0	1
2023.12.11	12:00:00	75.32	76.09	75.12	75.93	5392	0	1
2023.12.11	16:00:00	75.91	76.46	75.34	76.44	7153	0	1
2023.12.11	20:00:00	76.44	76.51	75.98	76.18	1767	0	1
2023.12.12	00:00:00	76.16	76.31	76.13	76.29	537	0	1
2023.12.12	04:00:00	76.30	76.74	76.24	76.65	1950	0	1
2023.12.12	08:00:00	76.69	76.75	75.83	75.84	2951	0	1
2023.12.12	12:00:00	75.84	76.00	73.71	73.87	6007	0	1
2023.12.12	16:00:00	73.88	74.32	73.05	73.11	5751	0	1
2023.12.12	20:00:00	73.11	73.69	73.05	73.60	1385	0	1
2023.12.13	00:00:00	73.37	73.54	73.29	73.46	387	0	1
2023.12.13	04:00:00	73.46	73.47	72.68	72.72	1323	0	1
2023.12.13	08:00:00	72.72	73.57	72.49	73.51	6589	0	1
2023.12.13	12:00:00	73.49	74.17	73.26	74.05	4939	0	1
2023.12.13	16:00:00	74.05	74.56	73.78	74.29	6358	0	1
2023.12.13	20:00:00	74.28	74.74	74.25	74.72	1927	0	1
2023.12.14	00:00:00	74.86	74.86	74.61	74.71	444	0	1
2023.12.14	04:00:00	74.71	74.84	74.58	74.82	1046	0	1
2023.12.14	08:00:00	74.82	75.99	74.80	75.85	3220	0	1
2023.12.14	12:00:00	75.84	76.94	75.55	76.91	4053	0	1
2023.12.14	16:00:00	76.90	77.43	76.71	77.24	4900	0	1
2023.12.14	20:00:00	77.24	77.30	76.58	76.76	1792	0	1
2023.12.15	00:00:00	76.91	77.14	76.90	77.14	318	0	1
2023.12.15	04:00:00	77.11	77.21	76.78	77.00	1221	0	1
2023.12.15	08:00:00	77.00	77.27	76.59	77.20	3830	0	1
2023.12.15	12:00:00	77.17	77.39	76.24	76.32	7128	0	1
2023.12.15	16:00:00	76.32	77.15	75.46	76.89	8638	0	1
2023.12.15	20:00:00	76.86	76.97	76.61	76.95	1502	0	1
2023.12.18	00:00:00	76.98	77.12	76.96	76.96	308	0	1
2023.12.18	04:00:00	76.96	77.49	76.90	77.46	1371	0	1
2023.12.18	08:00:00	77.45	77.45	75.86	76.23	3563	0	3
2023.12.18	12:00:00	76.23	79.54	76.09	79.52	6693	0	3
2023.12.18	16:00:00	79.51	79.60	78.14	78.17	6034	0	3
2023.12.18	20:00:00	78.17	78.35	77.62	78.13	1820	0	3
2023.12.19	00:00:00	78.26	78.29	78.07	78.16	479	0	3
2023.12.19	04:00:00	78.15	78.25	78.06	78.12	896	0	3
2023.12.19	08:00:00	78.13	78.24	77.52	78.11	3862	0	3
2023.12.19	12:00:00	78.13	79.05	77.70	78.96	4338	0	3
2023.12.19	16:00:00	78.96	79.71	78.62	79.25	5400	0	3
2023.12.19	20:00:00	79.26	79.70	78.97	79.34	1480	0	3
2023.12.20	00:00:00	79.39	79.39	79.18	79.34	353	0	3
2023.12.20	04:00:00	79.33	79.41	79.15	79.40	954	0	3
2023.12.20	08:00:00	79.39	80.36	79.33	80.19	3084	0	3
2023.12.20	12:00:00	80.18	80.67	79.84	80.41	4307	0	3
2023.12.20	16:00:00	80.42	80.57	79.21	79.46	6919	0	3
2023.12.20	20:00:00	79.45	79.91	79.17	79.17	2140	0	3
2023.12.21	00:00:00	79.28	79.48	79.27	79.48	363	0	3
2023.12.21	04:00:00	79.48	79.78	79.31	79.75	1446	0	3
2023.12.21	08:00:00	79.74	80.19	79.40	79.50	3237	0	3
2023.12.21	12:00:00	79.49	79.61	77.91	78.91	7413	0	3
2023.12.21	16:00:00	78.94	79.48	78.49	78.96	7282	0	3
2023.12.21	20:00:00	78.95	79.39	78.89	79.33	1636	0	3
2023.12.22	00:00:00	79.82	79.95	79.73	79.94	399	0	3
2023.12.22	04:00:00	79.93	80.11	79.61	79.88	1803	0	3
2023.12.22	08:00:00	79.87	80.20	79.72	79.90	3000	0	3
2023.12.22	12:00:00	79.91	80.23	79.33	80.04	4944	0	3
2023.12.22	16:00:00	80.03	80.23	78.78	79.29	5755	0	3
2023.12.22	20:00:00	79.29	79.36	78.86	78.96	937	0	3
2023.12.26	00:00:00	78.91	79.02	78.77	78.80	287	0	7
2023.12.26	04:00:00	78.80	79.10	78.76	78.90	704	0	7
2023.12.26	08:00:00	78.91	79.16	78.44	78.83	2832	0	2
2023.12.26	12:00:00	78.84	80.90	78.54	80.67	4500	0	2
2023.12.26	16:00:00	80.66	81.41	80.56	81.29	3353	0	2
2023.12.26	20:00:00	81.28	81.36	80.35	80.48	2108	0	2
2023.12.27	00:00:00	80.65	80.74	80.54	80.68	335	0	7
2023.12.27	04:00:00	80.67	80.93	80.58	80.91	1023	0	7
2023.12.27	08:00:00	80.91	80.98	80.25	80.35	3095	0	4
2023.12.27	12:00:00	80.37	80.70	79.56	80.29	5260	0	2
2023.12.27	16:00:00	80.30	80.52	79.51	79.51	5916	0	2
2023.12.27	20:00:00	79.50	79.68	79.21	79.25	1745	0	2
2023.12.28	00:00:00	79.71	79.79	79.56	79.58	309	0	4
2023.12.28	04:00:00	79.59	79.75	79.41	79.70	1016	0	4
2023.12.28	08:00:00	79.69	79.80	78.43	78.77	4017	0	2
2023.12.28	12:00:00	78.78	79.23	78.18	79.09	5421	0	2
2023.12.28	16:00:00	79.08	79.25	77.31	77.48	6866	0	3
2023.12.28	20:00:00	77.48	77.59	77.20	77.49	1876	0	3
2023.12.29	00:00:00	77.52	77.62	77.43	77.52	290	0	3
2023.12.29	04:00:00	77.53	77.83	77.23	77.54	1505	0	3
2023.12.29	08:00:00	77.55	78.08	77.35	77.80	2839	0	3
2023.12.29	12:00:00	77.82	78.05	77.35	77.83	4972	0	3
2023.12.29	16:00:00	77.85	77.93	76.96	77.40	5273	0	3
2023.12.29	20:00:00	77.39	77.54	76.96	77.19	982	0	3
2024.01.02	00:00:00	77.92	78.28	77.92	78.17	557	0	7
2024.01.02	04:00:00	78.18	78.56	78.15	78.50	958	0	7
2024.01.02	08:00:00	78.49	78.98	77.98	78.96	3563	0	2
2024.01.02	12:00:00	78.96	79.01	76.88	77.19	6878	0	1
2024.01.02	16:00:00	77.19	77.62	75.76	75.77	8912	0	1
2024.01.02	20:00:00	75.76	76.14	75.59	76.00	1890	0	2
2024.01.03	00:00:00	75.89	76.00	75.87	75.97	223	0	3
2024.01.03	04:00:00	75.98	76.20	75.69	76.04	1222	0	3
2024.01.03	08:00:00	76.03	76.04	74.88	75.51	4727	0	3
2024.01.03	12:00:00	75.52	77.76	75.52	77.72	6331	0	3
2024.01.03	16:00:00	77.70	78.50	77.70	78.27	7649	0	3
2024.01.03	20:00:00	78.26	78.75	78.11	78.56	1863	0	3
2024.01.04	00:00:00	78.65	78.68	78.45	78.45	401	0	3
2024.01.04	04:00:00	78.48	79.00	78.42	78.88	1309	0	3
2024.01.04	08:00:00	78.88	79.49	78.74	78.93	3592	0	3
2024.01.04	12:00:00	78.93	79.11	77.99	78.39	5841	0	3
2024.01.04	16:00:00	78.40	78.64	76.60	77.74	8711	0	3
2024.01.04	20:00:00	77.72	77.81	77.41	77.74	2019	0	3
2024.01.05	00:00:00	78.00	78.13	77.90	78.05	390	0	4
2024.01.05	04:00:00	78.06	78.22	77.94	78.10	1109	0	4
2024.01.05	08:00:00	78.10	78.57	77.73	77.92	3473	0	3
2024.01.05	12:00:00	77.91	79.22	77.77	79.05	6617	0	3
2024.01.05	16:00:00	79.06	79.33	78.47	79.01	7169	0	3
2024.01.05	20:00:00	79.00	79.07	78.68	78.84	1475	0	3
2024.01.08	00:00:00	78.31	78.34	77.88	77.92	552	0	3
2024.01.08	04:00:00	77.91	78.01	77.65	77.83	1199	0	3
2024.01.08	08:00:00	77.82	78.29	76.88	76.89	3854	0	3
2024.01.08	12:00:00	76.90	77.01	75.33	75.76	6309	0	3
2024.01.08	16:00:00	75.77	76.40	75.49	75.94	6079	0	3
2024.01.08	20:00:00	75.93	76.53	75.93	76.25	1587	0	3
2024.01.09	00:00:00	76.44	76.60	76.37	76.43	386	0	3
2024.01.09	04:00:00	76.43	76.59	76.02	76.15	1250	0	3
2024.01.09	08:00:00	76.17	77.78	76.17	77.58	3488	0	3
2024.01.09	12:00:00	77.57	78.25	76.84	77.23	5665	0	3
2024.01.09	16:00:00	77.21	78.18	76.85	78.04	6772	0	3
2024.01.09	20:00:00	78.05	78.05	77.48	77.59	1481	0	3
2024.01.10	00:00:00	77.89	78.04	77.83	77.94	305	0	3
2024.01.10	04:00:00	77.93	78.03	77.81	77.93	1170	0	3
2024.01.10	08:00:00	77.94	78.11	77.08	77.59	4177	0	3
2024.01.10	12:00:00	77.60	78.79	77.53	78.43	5594	0	3
2024.01.10	16:00:00	78.43	78.74	76.46	76.80	8102	0	3
2024.01.10	20:00:00	76.81	76.94	76.67	76.80	1302	0	3
2024.01.11	00:00:00	77.05	77.22	76.93	76.96	623	0	3
2024.01.11	04:00:00	76.94	77.53	76.90	77.43	1303	0	3
2024.01.11	08:00:00	77.45	78.35	76.85	78.08	3946	0	3
2024.01.11	12:00:00	78.09	78.66	77.81	78.63	6185	0	3
2024.01.11	16:00:00	78.64	79.15	77.24	77.42	7530	0	3
2024.01.11	20:00:00	77.41	78.16	77.33	78.14	2059	0	3
2024.01.12	00:00:00	79.29	79.31	78.82	79.22	704	0	3
2024.01.12	04:00:00	79.24	79.30	78.64	79.17	1592	0	3
2024.01.12	08:00:00	79.16	80.59	78.88	80.44	4456	0	3
2024.01.12	12:00:00	80.43	80.81	79.26	79.76	7007	0	3
2024.01.12	16:00:00	79.77	79.81	78.04	78.70	7610	0	3
2024.01.12	20:00:00	78.69	78.70	78.24	78.34	1891	0	3
2024.01.15	00:00:00	78.25	78.62	78.23	78.60	507	0	3
2024.01.15	04:00:00	78.60	78.67	78.31	78.36	1134	0	3
2024.01.15	08:00:00	78.36	78.68	77.68	77.76	3350	0	3
2024.01.15	12:00:00	77.78	77.89	76.90	77.72	4362	0	3
2024.01.15	16:00:00	77.72	78.29	77.33	78.22	3143	0	3
2024.01.16	00:00:00	78.05	78.19	77.98	78.03	404	0	4
2024.01.16	04:00:00	78.02	78.40	77.91	78.32	1754	0	4
2024.01.16	08:00:00	78.32	79.22	77.89	78.88	4302	0	3
2024.01.16	12:00:00	78.86	79.44	78.02	78.09	6515	0	3
2024.01.16	16:00:00	78.09	78.83	77.66	78.02	7848	0	3
2024.01.16	20:00:00	78.03	78.51	77.70	77.81	1792	0	3
2024.01.17	00:00:00	77.77	78.02	77.75	77.80	357	0	3
2024.01.17	04:00:00	77.80	78.01	77.61	77.81	1715	0	3
2024.01.17	08:00:00	77.80	77.80	76.59	76.95	3780	0	3
2024.01.17	12:00:00	76.95	77.22	76.55	76.91	5327	0	3
2024.01.17	16:00:00	76.90	77.79	76.63	77.75	6909	0	3
2024.01.17	20:00:00	77.74	78.20	77.72	78.12	1564	0	3
2024.01.18	00:00:00	78.15	78.15	77.80	77.86	460	0	3
2024.01.18	04:00:00	77.85	78.47	77.85	78.40	1216	0	3
2024.01.18	08:00:00	78.39	78.48	77.98	78.41	3487	0	3
2024.01.18	12:00:00	78.41	78.58	77.40	78.10	6036	0	3
2024.01.18	16:00:00	78.09	79.31	78.07	79.31	6013	0	3
2024.01.18	20:00:00	79.32	79.33	78.95	79.04	1492	0	3
2024.01.19	00:00:00	79.05	79.05	78.83	78.87	330	0	4
2024.01.19	04:00:00	78.86	79.19	78.86	79.18	954	0	4
2024.01.19	08:00:00	79.17	79.73	79.00	79.38	3405	0	4
2024.01.19	12:00:00	79.37	79.70	78.74	79.68	4581	0	3
2024.01.19	16:00:00	79.72	79.76	78.37	78.50	6437	0	3
2024.01.19	20:00:00	78.51	78.95	78.45	78.68	1755	0	3
2024.01.22	00:00:00	78.21	78.41	78.14	78.41	352	0	3
2024.01.22	04:00:00	78.40	78.70	78.15	78.28	1531	0	3
2024.01.22	08:00:00	78.28	78.84	77.83	78.72	3597	0	3
2024.01.22	12:00:00	78.71	79.60	78.55	79.30	4980	0	3
2024.01.22	16:00:00	79.29	80.57	79.22	80.49	5181	0	3
2024.01.22	20:00:00	80.49	80.51	79.77	79.86	1766	0	3
2024.01.23	00:00:00	79.86	80.05	79.81	79.97	507	0	3
2024.01.23	04:00:00	79.98	80.28	79.90	80.12	1254	0	3
2024.01.23	08:00:00	80.10	80.45	79.47	79.54	3575	0	3
2024.01.23	12:00:00	79.55	79.82	78.72	79.65	5373	0	3
2024.01.23	16:00:00	79.65	80.42	79.12	79.35	6257	0	3
2024.01.23	20:00:00	79.36	79.83	79.33	79.68	1307	0	3
2024.01.24	00:00:00	79.72	79.75	79.56	79.56	264	0	3
2024.01.24	04:00:00	79.56	79.78	79.40	79.77	1102	0	3
2024.01.24	08:00:00	79.78	80.14	79.52	79.54	3872	0	3
2024.01.24	12:00:00	79.55	80.27	79.08	79.77	5577	0	3
2024.01.24	16:00:00	79.78	80.78	79.60	79.96	6426	0	3
2024.01.24	20:00:00	79.95	80.49	79.88	80.30	1456	0	3
2024.01.25	00:00:00	80.20	80.36	80.12	80.33	415	0	3
2024.01.25	04:00:00	80.33	80.51	80.28	80.38	1118	0	3
2024.01.25	08:00:00	80.37	81.29	80.32	81.20	3256	0	3
2024.01.25	12:00:00	81.20	81.53	80.51	81.49	4548	0	3
2024.01.25	16:00:00	81.50	82.04	80.93	81.90	5200	0	3
2024.01.25	20:00:00	81.92	82.54	81.82	82.18	1415	0	3
2024.01.26	00:00:00	81.91	82.20	81.90	82.18	471	0	3
2024.01.26	04:00:00	82.17	82.23	81.88	81.90	1578	0	3
2024.01.26	08:00:00	81.92	82.10	81.56	81.88	3403	0	3
2024.01.26	12:00:00	81.87	82.34	81.57	82.29	4218	0	3
2024.01.26	16:00:00	82.29	83.40	81.24	82.83	7038	0	3
2024.01.26	20:00:00	82.80	83.63	82.76	83.51	2165	0	3
2024.01.29	00:00:00	83.70	83.77	83.53	83.67	593	0	3
2024.01.29	04:00:00	83.68	83.89	83.52	83.62	1358	0	3
2024.01.29	08:00:00	83.61	83.89	82.91	83.40	3671	0	3
2024.01.29	12:00:00	83.41	83.64	81.99	82.41	5054	0	3
2024.01.29	16:00:00	82.42	82.75	81.89	82.37	6613	0	3
2024.01.29	20:00:00	82.37	82.56	81.87	82.32	2091	0	3
2024.01.30	00:00:00	82.61	82.63	82.30	82.50	448	0	3
2024.01.30	04:00:00	82.50	82.69	82.35	82.49	998	0	3
2024.01.30	08:00:00	82.49	82.58	81.80	82.38	3985	0	3
2024.01.30	12:00:00	82.35	82.59	81.22	82.27	5809	0	3
2024.01.30	16:00:00	82.28	83.22	81.92	83.03	5776	0	3
2024.01.30	20:00:00	83.02	83.04	82.70	82.80	1672	0	3
2024.01.31	00:00:00	82.58	82.71	82.47	82.65	364	0	3
2024.01.31	04:00:00	82.64	82.82	82.48	82.60	1115	0	3
2024.01.31	08:00:00	82.61	82.86	81.78	82.04	3794	0	3
2024.01.31	12:00:00	82.06	82.62	81.73	81.94	5388	0	3
2024.01.31	16:00:00	81.95	82.15	80.67	80.98	8539	0	3
2024.01.31	20:00:00	80.99	81.24	80.66	80.77	3464	0	3
2024.02.01	00:00:00	81.42	81.56	81.39	81.49	545	0	3
2024.02.01	04:00:00	81.49	81.51	80.91	80.92	1207	0	3
2024.02.01	08:00:00	80.93	81.77	80.52	81.45	4527	0	3
2024.02.01	12:00:00	81.43	81.84	81.01	81.43	5954	0	3
2024.02.01	16:00:00	81.41	81.91	79.06	79.75	11364	0	3
2024.02.01	20:00:00	79.74	79.94	78.96	79.26	3677	0	3
2024.02.02	00:00:00	79.67	79.69	79.50	79.57	556	0	4
2024.02.02	04:00:00	79.58	79.63	79.14	79.40	1541	0	3
2024.02.02	08:00:00	79.39	79.75	78.93	79.42	4319	0	3
2024.02.02	12:00:00	79.41	79.51	77.44	77.55	6513	0	3
2024.02.02	16:00:00	77.54	78.35	77.21	77.89	9252	0	3
2024.02.02	20:00:00	77.90	77.98	77.38	77.70	1957	0	3
2024.02.05	00:00:00	77.82	77.93	77.60	77.68	610	0	3
2024.02.05	04:00:00	77.67	78.23	77.67	77.91	1790	0	3
2024.02.05	08:00:00	77.90	78.01	77.13	77.26	3690	0	3
2024.02.05	12:00:00	77.27	77.95	76.93	77.11	5237	0	3
2024.02.05	16:00:00	77.12	78.62	76.98	78.35	7670	0	3
2024.02.05	20:00:00	78.34	78.47	78.11	78.29	1734	0	3
2024.02.06	00:00:00	78.43	78.50	78.26	78.28	322	0	3
2024.02.06	04:00:00	78.28	78.54	78.28	78.40	1065	0	3
2024.02.06	08:00:00	78.39	78.71	77.94	78.41	3381	0	3
2024.02.06	12:00:00	78.40	79.08	78.36	78.85	4657	0	3
2024.02.06	16:00:00	78.86	79.34	78.32	78.87	8159	0	3
2024.02.06	20:00:00	78.86	79.11	78.50	78.97	1761	0	3
2024.02.07	00:00:00	79.14	79.19	79.00	79.03	348	0	3
2024.02.07	04:00:00	79.02	79.08	78.83	78.88	819	0	3
2024.02.07	08:00:00	78.89	79.57	78.76	79.38	3280	0	3
2024.02.07	12:00:00	79.37	79.75	79.01	79.04	4818	0	3
2024.02.07	16:00:00	79.03	79.66	78.96	79.22	7201	0	3
2024.02.07	20:00:00	79.22	79.73	79.16	79.61	1246	0	3
2024.02.08	00:00:00	79.70	79.90	79.70	79.82	302	0	3
2024.02.08	04:00:00	79.81	79.92	79.68	79.87	881	0	3
2024.02.08	08:00:00	79.86	80.19	79.30	80.16	3138	0	3
2024.02.08	12:00:00	80.13	81.05	80.11	81.01	3978	0	3
2024.02.08	16:00:00	81.00	81.92	80.90	81.69	5184	0	3
2024.02.08	20:00:00	81.68	82.17	81.61	82.05	1476	0	3
2024.02.09	00:00:00	81.81	81.84	81.64	81.78	351	0	3
2024.02.09	04:00:00	81.78	81.96	81.61	81.76	1046	0	3
2024.02.09	08:00:00	81.78	82.10	81.71	81.93	2810	0	3
2024.02.09	12:00:00	81.94	82.71	81.47	82.56	4080	0	3
2024.02.09	16:00:00	82.55	82.71	81.61	82.26	5818	0	3
2024.02.09	20:00:00	82.25	82.51	82.11	82.13	1244	0	3
2024.02.12	00:00:00	81.99	82.09	81.97	82.02	124	0	3
2024.02.12	04:00:00	82.02	82.19	81.92	82.15	386	0	3
2024.02.12	08:00:00	82.15	82.19	81.49	81.68	3134	0	3
2024.02.12	12:00:00	81.67	82.35	81.00	82.10	4542	0	3
2024.02.12	16:00:00	82.11	82.41	81.75	81.97	4915	0	3
2024.02.12	20:00:00	81.98	82.34	81.94	82.20	1257	0	3
2024.02.13	00:00:00	82.26	82.33	82.20	82.29	128	0	3
2024.02.13	04:00:00	82.30	82.55	82.22	82.50	461	0	3
2024.02.13	08:00:00	82.51	83.15	82.18	82.87	3101	0	3
2024.02.13	12:00:00	82.88	83.01	82.22	82.51	5079	0	3
2024.02.13	16:00:00	82.49	83.44	82.22	83.06	5647	0	3
2024.02.13	20:00:00	83.06	83.29	82.73	82.90	1834	0	3
2024.02.14	00:00:00	82.67	82.75	82.55	82.72	226	0	3
2024.02.14	04:00:00	82.71	82.94	82.71	82.83	656	0	4
2024.02.14	08:00:00	82.77	83.27	82.74	83.24	3120	0	3
2024.02.14	12:00:00	83.22	83.79	82.81	83.61	4037	0	3
2024.02.14	16:00:00	83.59	83.79	81.82	82.10	7433	0	3
2024.02.14	20:00:00	82.13	82.30	81.58	81.66	1650	0	3
2024.02.15	00:00:00	81.42	81.53	81.38	81.51	194	0	3
2024.02.15	04:00:00	81.51	81.57	81.34	81.53	553	0	3
2024.02.15	08:00:00	81.53	81.89	81.09	81.16	3385	0	3
2024.02.15	12:00:00	81.17	82.52	80.89	82.17	4808	0	3
2024.02.15	16:00:00	82.18	83.43	82.18	82.98	5363	0	3
2024.02.15	20:00:00	82.99	83.21	82.92	83.00	1485	0	3
2024.02.16	00:00:00	82.93	83.04	82.89	83.03	155	0	3
2024.02.16	04:00:00	83.02	83.03	82.87	82.93	531	0	3
2024.02.16	08:00:00	82.94	83.01	82.09	82.22	2582	0	3
2024.02.16	12:00:00	82.22	83.50	82.06	82.87	4794	0	3
2024.02.16	16:00:00	82.88	83.84	82.69	83.53	5707	0	3
2024.02.16	20:00:00	83.53	83.70	83.31	83.43	1877	0	3
2024.02.19	00:00:00	83.07	83.07	82.93	83.00	517	0	3
2024.02.19	04:00:00	83.01	83.12	82.88	82.90	856	0	3
2024.02.19	08:00:00	82.91	83.08	82.68	82.92	1964	0	3
2024.02.19	12:00:00	82.92	83.62	82.90	83.48	2395	0	3
2024.02.19	16:00:00	83.49	83.73	83.48	83.62	1235	0	3
2024.02.20	00:00:00	83.59	83.60	83.51	83.54	305	0	3
2024.02.20	04:00:00	83.54	83.69	83.48	83.57	770	0	3
2024.02.20	08:00:00	83.58	83.75	82.83	83.11	2944	0	3
2024.02.20	12:00:00	83.09	83.61	82.71	83.22	4782	0	3
2024.02.20	16:00:00	83.21	83.35	82.18	82.77	6672	0	3
2024.02.20	20:00:00	82.76	82.81	82.26	82.58	1599	0	3
2024.02.21	00:00:00	82.68	82.74	82.63	82.67	357	0	3
2024.02.21	04:00:00	82.67	82.84	82.54	82.61	1019	0	3
2024.02.21	08:00:00	82.60	82.71	81.77	82.10	3882	0	3
2024.02.21	12:00:00	82.08	82.81	81.80	82.60	4641	0	3
2024.02.21	16:00:00	82.60	83.17	82.27	82.98	6320	0	3
2024.02.21	20:00:00	82.99	83.24	82.96	83.18	1507	0	3
2024.02.22	00:00:00	83.15	83.24	83.04	83.24	309	0	3
2024.02.22	04:00:00	83.24	83.43	83.19	83.38	829	0	3
2024.02.22	08:00:00	83.38	83.58	83.21	83.29	2766	0	3
2024.02.22	12:00:00	83.29	83.35	82.44	83.07	4573	0	3
2024.02.22	16:00:00	83.10	83.96	82.97	83.76	5014	0	3
2024.02.22	20:00:00	83.77	83.86	83.54	83.56	1122	0	3
2024.02.23	00:00:00	83.56	83.56	83.44	83.45	201	0	3
2024.02.23	04:00:00	83.44	83.44	83.22	83.29	598	0	3
2024.02.23	08:00:00	83.29	83.40	82.53	82.72	2892	0	3
2024.02.23	12:00:00	82.73	82.95	81.94	82.22	4670	0	3
2024.02.23	16:00:00	82.21	82.68	81.65	81.96	6013	0	3
2024.02.23	20:00:00	81.95	82.15	81.75	81.84	1616	0	3
2024.02.26	00:00:00	81.34	81.42	81.33	81.39	213	0	3
2024.02.26	04:00:00	81.39	81.59	81.29	81.55	599	0	3
2024.02.26	08:00:00	81.52	81.56	81.11	81.56	2505	0	3
2024.02.26	12:00:00	81.55	82.10	81.29	82.08	2867	0	3
2024.02.26	16:00:00	82.09	83.08	81.99	82.75	3813	0	3
2024.02.26	20:00:00	82.74	82.86	82.52	82.62	1206	0	3
2024.02.27	00:00:00	82.59	82.60	82.47	82.51	274	0	3
2024.02.27	04:00:00	82.52	82.78	82.47	82.71	694	0	3
2024.02.27	08:00:00	82.70	82.95	82.21	82.36	2774	0	3
2024.02.27	12:00:00	82.38	83.17	82.15	83.13	3381	0	3
2024.02.27	16:00:00	83.14	83.65	82.84	83.55	4215	0	3
2024.02.27	20:00:00	83.56	83.62	83.08	83.22	1271	0	3
2024.02.28	00:00:00	83.29	83.32	83.18	83.26	264	0	3
2024.02.28	04:00:00	83.26	83.30	83.06	83.07	735	0	3
2024.02.28	08:00:00	83.07	83.27	82.43	82.67	2503	0	3
2024.02.28	12:00:00	82.64	84.01	82.62	83.97	3366	0	3
2024.02.28	16:00:00	83.94	83.96	82.60	82.79	5763	0	3
2024.02.28	20:00:00	82.80	83.12	82.73	82.73	1483	0	3
2024.02.29	00:00:00	82.91	82.97	82.85	82.87	303	0	3
2024.02.29	04:00:00	82.88	83.06	82.84	82.87	664	0	3
2024.02.29	08:00:00	82.88	83.01	82.35	82.75	2807	0	3
2024.02.29	12:00:00	82.74	83.16	82.45	82.88	4863	0	3
2024.02.29	16:00:00	82.91	83.68	82.62	83.00	5233	0	3
2024.02.29	20:00:00	82.99	83.07	82.53	82.80	1488	0	3
2024.03.01	00:00:00	83.03	83.06	82.95	83.02	212	0	3
2024.03.01	04:00:00	83.01	83.12	82.97	82.99	625	0	3
2024.03.01	08:00:00	82.98	83.94	82.63	83.65	2802	0	3
2024.03.01	12:00:00	83.64	84.30	83.59	84.01	3844	0	3
2024.03.01	16:00:00	84.06	85.18	83.79	84.49	4750	0	3
2024.03.01	20:00:00	84.48	84.54	84.14	84.17	1182	0	3
2024.03.04	00:00:00	84.53	84.54	84.38	84.44	480	0	3
2024.03.04	04:00:00	84.43	84.44	84.20	84.32	1006	0	3
2024.03.04	08:00:00	84.31	84.82	84.08	84.15	3063	0	3
2024.03.04	12:00:00	84.17	84.79	83.70	84.34	3791	0	3
2024.03.04	16:00:00	84.35	84.39	83.31	83.45	5543	0	3
2024.03.04	20:00:00	83.46	83.64	83.35	83.53	1426	0	3
2024.03.05	00:00:00	83.50	83.52	83.22	83.34	314	0	3
2024.03.05	04:00:00	83.33	83.40	83.11	83.15	729	0	3
2024.03.05	08:00:00	83.14	83.74	83.00	83.61	3252	0	3
2024.03.05	12:00:00	83.62	83.65	82.42	83.28	5627	0	3
2024.03.05	16:00:00	83.29	83.85	82.53	82.56	7478	0	3
2024.03.05	20:00:00	82.56	82.93	82.50	82.67	1438	0	3
2024.03.06	00:00:00	82.56	82.81	82.54	82.77	243	0	3
2024.03.06	04:00:00	82.77	83.01	82.69	82.94	758	0	3
2024.03.06	08:00:00	82.94	83.44	82.85	83.20	3058	0	3
2024.03.06	12:00:00	83.21	83.96	83.14	83.87	3734	0	3
2024.03.06	16:00:00	83.87	84.73	83.78	83.89	5582	0	3
2024.03.06	20:00:00	83.89	83.89	83.46	83.55	1286	0	3
2024.03.07	00:00:00	83.64	83.69	83.50	83.66	396	0	3
2024.03.07	04:00:00	83.67	83.73	83.48	83.61	878	0	3
2024.03.07	08:00:00	83.61	83.63	82.87	83.03	3767	0	3
2024.03.07	12:00:00	83.02	83.48	82.71	82.94	5051	0	3
2024.03.07	16:00:00	82.94	84.12	82.78	83.75	6392	0	3
2024.03.07	20:00:00	83.74	83.80	83.38	83.74	1631	0	3
2024.03.08	00:00:00	83.92	83.95	83.80	83.86	229	0	3
2024.03.08	04:00:00	83.87	84.17	83.82	84.14	762	0	3
2024.03.08	08:00:00	84.15	84.46	83.22	83.24	3446	0	3
2024.03.08	12:00:00	83.25	83.57	82.91	83.18	5432	0	3
2024.03.08	16:00:00	83.17	83.30	82.32	82.48	6200	0	3
2024.03.08	20:00:00	82.49	82.81	82.36	82.42	1326	0	3
2024.03.11	00:00:00	81.97	82.02	81.90	81.95	270	0	3
2024.03.11	04:00:00	81.94	82.37	81.94	82.34	951	0	3
2024.03.11	08:00:00	82.32	82.94	82.30	82.42	3699	0	3
2024.03.11	12:00:00	82.43	82.58	81.60	82.11	6274	0	3
2024.03.11	16:00:00	82.12	83.26	82.05	82.91	4432	0	3
2024.03.11	20:00:00	82.90	82.99	82.90	82.94	340	0	3
2024.03.12	00:00:00	82.95	82.95	82.85	82.92	310	0	3
2024.03.12	04:00:00	82.91	83.11	82.86	83.09	752	0	3
2024.03.12	08:00:00	83.09	83.51	82.91	83.26	3166	0	3
2024.03.12	12:00:00	83.25	83.25	82.17	83.17	6549	0	3
2024.03.12	16:00:00	83.18	83.34	82.27	82.44	5308	0	3
2024.03.12	20:00:00	82.44	82.88	82.43	82.87	458	0	3
2024.03.13	00:00:00	82.83	82.87	82.74	82.80	243	0	3
2024.03.13	04:00:00	82.81	83.04	82.72	82.94	861	0	3
2024.03.13	08:00:00	82.95	83.58	82.44	83.45	3218	0	3
2024.03.13	12:00:00	83.46	84.34	83.36	83.84	4920	0	3
2024.03.13	16:00:00	83.83	84.66	83.72	84.65	4278	0	3
2024.03.13	20:00:00	84.65	84.69	84.36	84.39	386	0	3
2024.03.14	00:00:00	84.65	84.66	84.50	84.55	255	0	3
2024.03.14	04:00:00	84.56	84.67	84.45	84.56	883	0	3
2024.03.14	08:00:00	84.55	85.24	84.51	84.97	3183	0	3
2024.03.14	12:00:00	84.97	85.98	84.88	85.81	4358	0	3
2024.03.14	16:00:00	85.82	86.12	85.30	85.73	3978	0	3
2024.03.14	20:00:00	85.74	85.77	85.58	85.61	356	0	3
2024.03.15	00:00:00	85.65	85.73	85.61	85.64	271	0	3
2024.03.15	04:00:00	85.65	85.71	85.58	85.65	1028	0	3
2024.03.15	08:00:00	85.66	85.79	85.04	85.44	3091	0	3
2024.03.15	12:00:00	85.44	85.77	85.13	85.68	4999	0	3
2024.03.15	16:00:00	85.69	85.97	85.54	85.69	4047	0	3
2024.03.15	20:00:00	85.68	85.76	85.61	85.67	403	0	3
2024.03.18	00:00:00	85.90	86.00	85.87	85.92	315	0	3
2024.03.18	04:00:00	85.91	86.11	85.89	86.05	685	0	3
2024.03.18	08:00:00	86.06	86.60	86.00	86.22	3029	0	3
2024.03.18	12:00:00	86.22	86.49	85.76	86.29	5275	0	3
2024.03.18	16:00:00	86.30	87.33	86.09	87.30	4246	0	3
2024.03.18	20:00:00	87.30	87.52	87.22	87.25	547	0	3
2024.03.19	00:00:00	87.03	87.20	87.02	87.03	254	0	3
2024.03.19	04:00:00	87.03	87.13	86.92	87.01	977	0	3
2024.03.19	08:00:00	87.02	87.22	86.79	86.93	3062	0	3
2024.03.19	12:00:00	86.94	87.87	86.30	87.80	3742	0	3
2024.03.19	16:00:00	87.81	88.00	87.48	87.70	4409	0	3
2024.03.19	20:00:00	87.71	87.78	87.40	87.45	432	0	3
2024.03.20	00:00:00	87.47	87.47	87.37	87.40	224	0	4
2024.03.20	04:00:00	87.41	87.61	87.36	87.42	719	0	3
2024.03.20	08:00:00	87.41	87.44	86.50	86.64	3079	0	3
2024.03.20	12:00:00	86.66	87.10	85.90	86.38	6259	0	3
2024.03.20	16:00:00	86.39	86.47	85.85	86.22	5206	0	3
2024.03.20	20:00:00	86.23	86.52	86.22	86.51	581	0	3
2024.03.21	00:00:00	86.72	86.73	86.63	86.64	180	0	3
2024.03.21	04:00:00	86.65	86.83	86.61	86.65	682	0	3
2024.03.21	08:00:00	86.64	86.86	85.90	86.05	3052	0	3
2024.03.21	12:00:00	86.05	86.30	85.39	85.40	4968	0	3
2024.03.21	16:00:00	85.41	86.06	85.33	85.91	3932	0	3
2024.03.21	20:00:00	85.90	86.03	85.81	85.81	292	0	3
2024.03.22	00:00:00	85.51	85.61	85.35	85.39	369	0	3
2024.03.22	04:00:00	85.39	85.54	85.38	85.50	865	0	3
2024.03.22	08:00:00	85.50	86.14	85.42	86.10	2445	0	3
2024.03.22	12:00:00	86.11	86.35	85.61	85.84	4213	0	3
2024.03.22	16:00:00	85.83	85.99	85.43	85.64	4297	0	3
2024.03.22	20:00:00	85.64	85.83	85.60	85.80	354	0	3
2024.03.25	00:00:00	86.02	86.12	86.00	86.08	183	0	3
2024.03.25	04:00:00	86.08	86.17	85.84	85.86	733	0	3
2024.03.25	08:00:00	85.85	86.29	85.64	86.03	2515	0	3
2024.03.25	12:00:00	86.01	87.23	85.71	86.93	4287	0	3
2024.03.25	16:00:00	86.94	87.00	86.49	86.98	3469	0	3
2024.03.25	20:00:00	86.98	87.01	86.72	86.75	385	0	3
2024.03.26	00:00:00	87.03	87.10	86.82	86.85	295	0	3
2024.03.26	04:00:00	86.85	86.91	86.69	86.69	927	0	3
2024.03.26	08:00:00	86.70	86.92	86.41	86.68	2165	0	3
2024.03.26	12:00:00	86.68	87.05	86.14	86.49	3970	0	3
2024.03.26	16:00:00	86.50	86.84	86.19	86.19	3743	0	3
2024.03.26	20:00:00	86.20	86.20	85.92	85.92	425	0	3
2024.03.27	00:00:00	85.63	85.71	85.43	85.48	260	0	3
2024.03.27	04:00:00	85.49	85.65	85.47	85.51	786	0	3
2024.03.27	08:00:00	85.51	85.84	85.25	85.73	2415	0	3
2024.03.27	12:00:00	85.72	86.20	85.59	85.99	4099	0	3
2024.03.27	16:00:00	85.98	86.30	85.73	86.28	3593	0	3
2024.03.27	20:00:00	86.29	86.36	86.25	86.33	330	0	3
2024.03.28	00:00:00	86.42	86.61	86.38	86.58	251	0	3
2024.03.28	04:00:00	86.58	86.61	86.29	86.43	1109	0	3
2024.03.28	08:00:00	86.43	86.82	86.15	86.80	2200	0	3
2024.03.28	12:00:00	86.81	87.35	86.80	87.26	4153	0	3
2024.03.28	16:00:00	87.27	87.70	86.98	87.54	3238	0	3
2024.03.28	20:00:00	87.55	87.62	87.48	87.54	326	0	3
2024.04.01	00:00:00	87.32	87.83	87.32	87.80	518	0	3
2024.04.01	04:00:00	87.81	87.92	87.74	87.89	597	0	3
2024.04.01	08:00:00	87.88	88.01	87.27	87.46	2049	0	3
2024.04.01	12:00:00	87.47	87.95	86.98	87.54	3683	0	3
2024.04.01	16:00:00	87.50	88.57	87.40	88.07	4415	0	3
2024.04.01	20:00:00	88.08	88.23	87.92	88.23	1153	0	3
2024.04.02	00:00:00	88.35	88.41	88.22	88.35	455	0	3
2024.04.02	04:00:00	88.34	88.44	88.22	88.41	764	0	3
2024.04.02	08:00:00	88.42	89.60	88.41	89.55	2772	0	3
2024.04.02	12:00:00	89.54	89.65	88.70	88.90	4059	0	3
2024.04.02	16:00:00	88.89	89.49	88.50	89.35	4556	0	3
2024.04.02	20:00:00	89.35	89.84	89.28	89.80	1040	0	3
2024.04.03	00:00:00	89.50	89.66	89.46	89.48	489	0	3
2024.04.03	04:00:00	89.48	89.73	89.47	89.62	940	0	3
2024.04.03	08:00:00	89.63	89.82	89.23	89.78	2701	0	3
2024.04.03	12:00:00	89.78	90.44	89.66	90.18	3465	0	3
2024.04.03	16:00:00	90.22	90.55	89.90	90.17	4238	0	3
2024.04.03	20:00:00	90.18	90.19	89.89	90.03	950	0	3
2024.04.04	00:00:00	90.20	90.24	90.07	90.08	167	0	3
2024.04.04	04:00:00	90.07	90.25	90.04	90.11	523	0	3
2024.04.04	08:00:00	90.11	90.12	89.52	89.77	2652	0	3
2024.04.04	12:00:00	89.77	90.00	89.39	89.88	3439	0	3
2024.04.04	16:00:00	89.90	90.46	89.26	90.42	3789	0	3
2024.04.04	20:00:00	90.41	91.84	90.41	91.49	3443	0	3
2024.04.05	00:00:00	91.67	91.69	91.39	91.41	401	0	3
2024.04.05	04:00:00	91.42	91.69	91.40	91.65	717	0	3
2024.04.05	08:00:00	91.64	91.79	91.09	91.36	3057	0	3
2024.04.05	12:00:00	91.35	91.82	91.14	91.35	4711	0	3
2024.04.05	16:00:00	91.34	92.45	91.27	92.28	4745	0	3
2024.04.05	20:00:00	92.29	92.31	91.38	91.40	1395	0	3
2024.04.08	00:00:00	89.92	89.99	89.24	89.97	1297	0	3
2024.04.08	04:00:00	89.98	90.40	89.94	90.01	1746	0	3
2024.04.08	08:00:00	90.00	91.16	90.00	90.78	4055	0	3
2024.04.08	12:00:00	90.76	91.56	90.58	90.74	5040	0	3
2024.04.08	16:00:00	90.75	90.84	89.91	90.66	6671	0	3
2024.04.08	20:00:00	90.67	91.14	90.62	90.93	1493	0	3
2024.04.09	00:00:00	91.32	91.32	90.98	91.01	521	0	3
2024.04.09	04:00:00	91.00	91.19	90.83	90.86	968	0	3
2024.04.09	08:00:00	90.87	91.38	90.82	91.10	3007	0	3
2024.04.09	12:00:00	91.09	91.20	90.66	90.82	4770	0	3
2024.04.09	16:00:00	90.81	90.91	89.69	89.85	5585	0	3
2024.04.09	20:00:00	89.86	89.97	89.79	89.87	1264	0	3
2024.04.10	00:00:00	89.85	90.02	89.74	90.02	619	0	3
2024.04.10	04:00:00	90.01	90.02	89.82	89.90	847	0	3
2024.04.10	08:00:00	89.90	90.34	89.78	90.11	2729	0	3
2024.04.10	12:00:00	90.10	90.62	89.87	90.01	5037	0	3
2024.04.10	16:00:00	90.02	90.91	89.25	90.81	7997	0	3
2024.04.10	20:00:00	90.79	91.09	90.60	90.85	2330	0	3
2024.04.11	00:00:00	90.97	91.05	90.91	90.96	518	0	3
2024.04.11	04:00:00	90.97	91.19	90.90	90.91	864	0	3
2024.04.11	08:00:00	90.91	91.33	90.75	90.84	3334	0	3
2024.04.11	12:00:00	90.85	90.85	90.15	90.23	5350	0	3
2024.04.11	16:00:00	90.24	90.58	89.78	90.13	6436	0	3
2024.04.11	20:00:00	90.15	90.67	90.03	90.55	2036	0	3
2024.04.12	00:00:00	90.50	90.86	90.43	90.86	590	0	3
2024.04.12	04:00:00	90.87	90.97	90.56	90.80	910	0	3
2024.04.12	08:00:00	90.80	91.05	90.64	90.99	2997	0	3
2024.04.12	12:00:00	90.98	92.50	90.96	92.10	4585	0	3
2024.04.12	16:00:00	92.09	92.56	90.82	91.05	7825	0	3
2024.04.12	20:00:00	91.04	91.31	90.43	90.45	1980	0	3
2024.04.15	00:00:00	90.62	90.76	90.10	90.66	1295	0	3
2024.04.15	04:00:00	90.65	90.70	90.32	90.47	1569	0	3
2024.04.15	08:00:00	90.46	90.47	89.52	89.90	4139	0	3
2024.04.15	12:00:00	89.91	90.35	89.61	89.73	5280	0	3
2024.04.15	16:00:00	89.71	90.51	89.05	90.51	7858	0	3
2024.04.15	20:00:00	90.52	90.72	90.22	90.66	1988	0	3
2024.04.16	00:00:00	90.88	91.06	90.73	91.03	792	0	3
2024.04.16	04:00:00	91.03	91.13	90.82	90.96	1485	0	3
2024.04.16	08:00:00	90.95	90.98	89.97	90.08	4008	0	3
2024.04.16	12:00:00	90.09	90.41	89.70	90.11	5065	0	3
2024.04.16	16:00:00	90.10	90.67	89.85	90.27	5698	0	3
2024.04.16	20:00:00	90.26	90.51	90.09	90.24	1927	0	3
2024.04.17	00:00:00	90.16	90.23	89.80	89.83	717	0	3
2024.04.17	04:00:00	89.84	89.97	89.71	89.83	1146	0	3
2024.04.17	08:00:00	89.83	90.16	89.40	89.42	3748	0	3
2024.04.17	12:00:00	89.41	89.86	88.81	89.51	4848	0	3
2024.04.17	16:00:00	89.52	89.72	87.40	87.66	7714	0	3
2024.04.17	20:00:00	87.65	87.92	87.49	87.68	2046	0	3
2024.04.18	00:00:00	87.63	87.74	87.46	87.68	682	0	3
2024.04.18	04:00:00	87.68	87.89	87.64	87.74	1165	0	3
2024.04.18	08:00:00	87.75	87.81	86.64	86.65	4383	0	3
2024.04.18	12:00:00	86.66	87.92	86.33	87.62	6354	0	3
2024.04.18	16:00:00	87.61	88.04	86.71	87.53	7092	0	3
2024.04.18	20:00:00	87.53	87.55	87.05	87.06	1633	0	3
2024.04.19	00:00:00	87.59	90.56	87.55	90.06	2966	0	3
2024.04.19	04:00:00	90.11	90.97	88.78	88.92	6719	0	3
2024.04.19	08:00:00	88.91	89.06	87.14	87.17	6443	0	3
2024.04.19	12:00:00	87.17	87.55	86.41	87.33	6245	0	3
2024.04.19	16:00:00	87.33	88.07	87.18	87.71	6142	0	3
2024.04.19	20:00:00	87.70	87.76	87.34	87.43	1810	0	3
2024.04.22	00:00:00	86.97	87.01	86.63	86.68	1457	0	3
2024.04.22	04:00:00	86.69	86.93	86.40	86.45	1524	0	3
2024.04.22	08:00:00	86.44	86.94	85.95	86.87	3796	0	3
2024.04.22	12:00:00	86.87	87.11	86.05	86.67	5439	0	3
2024.04.22	16:00:00	86.69	87.42	86.57	86.91	5789	0	3
2024.04.22	20:00:00	86.91	87.35	86.85	87.33	1328	0	3
2024.04.23	00:00:00	87.60	87.70	87.11	87.24	883	0	3
2024.04.23	04:00:00	87.24	87.67	87.24	87.40	1599	0	3
2024.04.23	08:00:00	87.41	88.35	87.23	87.27	4328	0	3
2024.04.23	12:00:00	87.26	87.31	86.17	87.16	5548	0	3
2024.04.23	16:00:00	87.16	88.42	87.08	88.38	6041	0	3
2024.04.23	20:00:00	88.37	88.54	88.32	88.45	1252	0	3
2024.04.24	00:00:00	88.52	88.56	88.32	88.35	659	0	3
2024.04.24	04:00:00	88.35	88.61	88.30	88.56	1133	0	3
2024.04.24	08:00:00	88.57	88.87	87.97	88.11	3517	0	3
2024.04.24	12:00:00	88.10	88.52	87.88	88.17	4368	0	3
2024.04.24	16:00:00	88.17	88.76	87.72	87.82	6580	0	3
2024.04.24	20:00:00	87.80	88.27	87.71	88.05	1521	0	3
2024.04.25	00:00:00	88.00	88.03	87.82	87.88	551	0	3
2024.04.25	04:00:00	87.87	88.26	87.86	88.20	1139	0	3
2024.04.25	08:00:00	88.21	88.50	87.90	88.03	2581	0	3
2024.04.25	12:00:00	88.02	88.48	87.38	87.66	4618	0	3
2024.04.25	16:00:00	87.65	88.27	87.25	88.25	5570	0	3
2024.04.25	20:00:00	88.24	89.04	88.14	88.98	1434	0	3
2024.04.26	00:00:00	89.06	89.17	88.92	89.00	598	0	3
2024.04.26	04:00:00	89.00	89.27	88.94	89.21	753	0	3
2024.04.26	08:00:00	89.20	89.40	88.78	89.18	2767	0	3
2024.04.26	12:00:00	89.19	89.65	89.08	89.23	3945	0	3
2024.04.26	16:00:00	89.22	89.36	88.64	89.21	4564	0	3
2024.04.26	20:00:00	89.20	89.36	89.03	89.05	880	0	3
2024.04.29	00:00:00	88.57	88.57	88.23	88.34	860	0	3
2024.04.29	04:00:00	88.34	88.49	88.31	88.47	860	0	3
2024.04.29	08:00:00	88.48	88.91	88.23	88.80	2424	0	3
2024.04.29	12:00:00	88.82	89.14	88.39	88.77	3605	0	3
2024.04.29	16:00:00	88.78	88.82	87.87	87.95	4680	0	3
2024.04.29	20:00:00	87.94	88.25	87.87	88.18	1323	0	3
2024.04.30	00:00:00	87.94	88.05	87.89	87.98	541	0	3
2024.04.30	04:00:00	87.98	88.11	87.73	87.84	971	0	3
2024.04.30	08:00:00	87.83	88.46	87.79	88.26	2263	0	3
2024.04.30	12:00:00	88.25	88.69	86.66	86.66	4100	0	3
2024.04.30	16:00:00	86.67	87.73	86.33	87.24	7271	0	3
2024.04.30	20:00:00	87.23	87.45	86.72	86.84	1694	0	3
2024.05.01	00:00:00	86.40	86.55	86.40	86.49	164	0	3
2024.05.01	04:00:00	86.48	86.53	86.39	86.52	586	0	3
2024.05.01	08:00:00	86.51	86.53	85.65	85.74	2314	0	3
2024.05.01	12:00:00	85.73	86.42	85.62	86.42	4369	0	3
2024.05.01	16:00:00	86.42	86.73	84.24	84.38	7956	0	3
2024.05.01	20:00:00	84.42	84.56	84.12	84.38	3529	0	3
2024.05.02	00:00:00	84.41	84.55	84.32	84.50	341	0	3
2024.05.02	04:00:00	84.52	84.87	84.49	84.78	848	0	3
2024.05.02	08:00:00	84.77	85.20	84.60	85.05	3196	0	3
2024.05.02	12:00:00	85.04	85.24	84.14	84.26	5289	0	3
2024.05.02	16:00:00	84.26	84.76	83.85	84.36	6976	0	3
2024.05.02	20:00:00	84.37	84.95	84.28	84.44	2084	0	3
2024.05.03	00:00:00	84.83	84.84	84.55	84.66	289	0	3
2024.05.03	04:00:00	84.66	84.75	84.54	84.68	715	0	3
2024.05.03	08:00:00	84.67	84.92	84.34	84.44	2400	0	3
2024.05.03	12:00:00	84.45	85.16	84.08	84.28	4995	0	3
2024.05.03	16:00:00	84.28	84.41	83.84	83.87	5760	0	3
2024.05.03	20:00:00	83.88	84.02	83.56	83.56	1265	0	3
2024.05.06	00:00:00	83.76	84.13	83.74	83.91	1165	0	2
2024.05.06	04:00:00	83.91	84.11	83.78	84.10	1067	0	2
2024.05.06	08:00:00	84.10	84.49	84.07	84.34	2088	0	2
2024.05.06	12:00:00	84.34	84.51	83.96	84.32	4922	0	3
2024.05.06	16:00:00	84.31	84.50	83.45	83.71	11602	0	3
2024.05.06	20:00:00	83.72	84.28	83.72	84.16	2696	0	3
2024.05.07	00:00:00	84.37	84.45	84.10	84.15	970	0	26
2024.05.07	04:00:00	84.15	84.29	84.00	84.22	1527	0	26
2024.05.07	08:00:00	84.22	84.38	83.81	83.81	4055	0	26
2024.05.07	12:00:00	83.81	83.85	83.17	83.45	4984	0	31
2024.05.07	16:00:00	83.43	84.49	83.07	84.10	7251	0	31
2024.05.07	20:00:00	84.11	84.17	83.59	83.60	1776	0	31
2024.05.08	00:00:00	83.61	83.65	83.39	83.41	639	0	26
2024.05.08	04:00:00	83.41	83.55	83.27	83.30	1293	0	26
2024.05.08	08:00:00	83.30	83.36	82.33	82.79	4441	0	26
2024.05.08	12:00:00	82.83	83.31	82.65	83.27	5949	0	31
2024.05.08	16:00:00	83.28	84.45	83.23	84.09	6565	0	31
2024.05.08	20:00:00	84.10	84.42	84.09	84.34	1638	0	31
2024.05.09	00:00:00	84.50	84.53	84.32	84.45	776	0	26
2024.05.09	04:00:00	84.45	84.60	84.39	84.46	1026	0	26
2024.05.09	08:00:00	84.47	84.95	84.39	84.60	2989	0	26
2024.05.09	12:00:00	84.61	84.94	84.13	84.60	5160	0	31
2024.05.09	16:00:00	84.59	84.69	84.06	84.21	5861	0	31
2024.05.09	20:00:00	84.22	84.83	84.21	84.74	1583	0	31
2024.05.10	00:00:00	84.83	84.97	84.80	84.89	612	0	26
2024.05.10	04:00:00	84.90	85.05	84.77	85.04	990	0	26
2024.05.10	08:00:00	85.04	85.11	84.55	85.01	2705	0	26
2024.05.10	12:00:00	85.00	85.09	84.60	84.79	3667	0	31
2024.05.10	16:00:00	84.79	84.80	83.39	83.42	5614	0	31
2024.05.10	20:00:00	83.41	83.65	83.25	83.25	1481	0	31
2024.05.13	00:00:00	83.02	83.03	82.75	82.75	713	0	26
2024.05.13	04:00:00	82.76	83.10	82.76	83.02	1112	0	26
2024.05.13	08:00:00	83.02	83.67	83.02	83.39	3491	0	26
2024.05.13	12:00:00	83.38	84.08	83.32	84.07	4682	0	31
2024.05.13	16:00:00	84.08	84.33	83.43	83.81	5317	0	31
2024.05.13	20:00:00	83.83	84.02	83.67	83.94	1666	0	31
2024.05.14	00:00:00	84.09	84.09	83.83	83.88	561	0	26
2024.05.14	04:00:00	83.89	84.01	83.77	83.94	946	0	26
2024.05.14	08:00:00	83.95	83.97	83.45	83.83	2780	0	26
2024.05.14	12:00:00	83.83	84.00	82.58	83.62	5989	0	31
2024.05.14	16:00:00	83.61	83.66	82.58	82.69	6316	0	31
2024.05.14	20:00:00	82.69	83.31	82.69	83.18	1507	0	31
2024.05.15	00:00:00	83.07	83.34	83.07	83.30	718	0	26
2024.05.15	04:00:00	83.30	83.51	83.27	83.38	1417	0	26
2024.05.15	08:00:00	83.39	83.45	82.93	82.96	3903	0	26
2024.05.15	12:00:00	82.96	83.01	81.51	81.78	6728	0	31
2024.05.15	16:00:00	81.78	83.32	81.49	83.15	7628	0	31
2024.05.15	20:00:00	83.16	83.42	83.12	83.37	1361	0	31
2024.05.16	00:00:00	83.64	83.66	83.43	83.49	750	0	26
2024.05.16	04:00:00	83.50	83.64	83.44	83.54	1136	0	26
2024.05.16	08:00:00	83.54	83.65	82.84	82.88	3337	0	26
2024.05.16	12:00:00	82.89	84.19	82.71	83.90	4578	0	31
2024.05.16	16:00:00	83.89	84.05	83.38	83.66	4789	0	31
2024.05.16	20:00:00	83.67	83.86	83.58	83.75	1248	0	31
2024.05.17	00:00:00	83.74	84.00	83.69	83.99	812	0	26
2024.05.17	04:00:00	83.99	84.04	83.78	84.00	1507	0	26
2024.05.17	08:00:00	84.00	84.24	83.53	83.82	3618	0	26
2024.05.17	12:00:00	83.83	84.17	83.46	83.92	5054	0	31
2024.05.17	16:00:00	83.93	84.33	83.55	84.31	4696	0	31
2024.05.17	20:00:00	84.32	84.43	84.24	84.30	1236	0	31
2024.05.20	00:00:00	84.29	84.59	84.13	84.44	1353	0	26
2024.05.20	04:00:00	84.45	84.65	84.28	84.63	1598	0	26
2024.05.20	08:00:00	84.64	84.75	84.03	84.05	3618	0	26
2024.05.20	12:00:00	84.05	84.30	83.52	84.27	5053	0	31
2024.05.20	16:00:00	84.26	84.79	83.43	83.58	6724	0	31
2024.05.20	20:00:00	83.59	84.06	83.59	83.92	1973	0	31
2024.05.21	00:00:00	83.85	84.02	83.71	83.75	875	0	26
2024.05.21	04:00:00	83.76	83.77	83.41	83.49	1879	0	26
2024.05.21	08:00:00	83.50	83.63	83.09	83.19	4423	0	26
2024.05.21	12:00:00	83.20	83.34	82.31	83.03	6158	0	31
2024.05.21	16:00:00	83.03	83.65	82.60	83.25	7176	0	31
2024.05.21	20:00:00	83.26	83.47	82.75	82.80	2458	0	31
2024.05.22	00:00:00	82.58	82.76	82.40	82.56	998	0	26
2024.05.22	04:00:00	82.56	82.69	82.44	82.56	1489	0	26
2024.05.22	08:00:00	82.57	82.62	81.82	82.50	3937	0	26
2024.05.22	12:00:00	82.51	82.79	81.96	82.19	5726	0	31
2024.05.22	16:00:00	82.18	82.84	81.97	82.26	7624	0	31
2024.05.22	20:00:00	82.26	82.27	81.88	81.89	1792	0	31
2024.05.23	00:00:00	81.71	81.73	81.43	81.54	756	0	26
2024.05.23	04:00:00	81.54	81.80	81.53	81.58	1294	0	26
2024.05.23	08:00:00	81.59	82.69	81.55	82.67	4107	0	26
2024.05.23	12:00:00	82.67	83.19	82.56	82.86	5295	0	31
2024.05.23	16:00:00	82.85	82.91	81.17	81.29	8176	0	31
2024.05.23	20:00:00	81.30	81.78	81.14	81.55	2203	0	31
2024.05.24	00:00:00	81.51	81.74	81.48	81.67	728	0	26
2024.05.24	04:00:00	81.68	81.70	81.48	81.57	1117	0	26
2024.05.24	08:00:00	81.58	81.70	80.84	80.96	3843	0	26
2024.05.24	12:00:00	80.96	82.03	80.86	81.86	5266	0	31
2024.05.24	16:00:00	81.87	82.46	81.72	82.37	5374	0	31
2024.05.24	20:00:00	82.37	82.60	82.19	82.30	1488	0	31
2024.05.27	00:00:00	82.39	82.43	82.26	82.42	743	0	26
2024.05.27	04:00:00	82.42	82.55	82.36	82.53	1018	0	26
2024.05.27	08:00:00	82.54	82.72	82.26	82.72	2259	0	26
2024.05.27	12:00:00	82.71	83.10	82.67	83.04	2186	0	31
2024.05.27	16:00:00	83.03	83.36	82.93	83.22	2319	0	31
2024.05.28	00:00:00	83.25	83.38	83.22	83.33	805	0	26
2024.05.28	04:00:00	83.33	83.51	83.31	83.35	1136	0	26
2024.05.28	08:00:00	83.35	83.54	83.15	83.33	3446	0	26
2024.05.28	12:00:00	83.34	83.92	83.25	83.70	5540	0	31
2024.05.28	16:00:00	83.70	84.42	83.52	84.19	4521	0	31
2024.05.28	20:00:00	84.20	84.69	84.16	84.64	1317	0	31
2024.05.29	00:00:00	84.60	84.65	84.48	84.51	743	0	26
2024.05.29	04:00:00	84.51	84.60	84.47	84.54	970	0	26
2024.05.29	08:00:00	84.54	85.08	84.48	85.04	3172	0	26
2024.05.29	12:00:00	85.06	85.10	84.11	84.25	4141	0	31
2024.05.29	16:00:00	84.26	84.49	83.64	83.85	5861	0	31
2024.05.29	20:00:00	83.86	83.97	83.50	83.83	1529	0	31
2024.05.30	00:00:00	83.71	83.94	83.67	83.90	843	0	36
2024.05.30	04:00:00	83.89	83.93	83.50	83.50	1750	0	36
2024.05.30	08:00:00	83.51	83.87	83.31	83.42	3500	0	36
2024.05.30	12:00:00	83.43	83.80	82.78	83.56	5421	0	31
2024.05.30	16:00:00	83.56	83.69	82.25	82.28	8574	0	31
2024.05.30	20:00:00	82.29	82.61	82.20	82.26	2388	0	31
2024.05.31	00:00:00	82.11	82.16	81.96	82.02	953	0	36
2024.05.31	04:00:00	82.02	82.21	81.88	82.18	1383	0	36
2024.05.31	08:00:00	82.18	82.54	81.91	82.38	3790	0	36
2024.05.31	12:00:00	82.37	83.03	82.21	82.25	6362	0	31
2024.05.31	16:00:00	82.28	82.33	81.10	81.54	7437	0	31
2024.05.31	20:00:00	81.54	81.79	81.36	81.71	2614	0	31
2024.06.03	00:00:00	81.42	81.93	81.41	81.77	1418	0	36
2024.06.03	04:00:00	81.78	81.96	81.10	81.17	2061	0	36
2024.06.03	08:00:00	81.16	81.76	81.00	81.27	3864	0	36
2024.06.03	12:00:00	81.26	81.61	79.40	79.50	5157	0	31
2024.06.03	16:00:00	79.51	79.93	78.47	78.51	9165	0	31
2024.06.03	20:00:00	78.53	78.72	78.40	78.44	2181	0	31
2024.06.04	00:00:00	78.36	78.47	78.01	78.22	1037	0	36
2024.06.04	04:00:00	78.22	78.25	77.78	77.91	1675	0	36
2024.06.04	08:00:00	77.90	78.07	77.08	77.28	4645	0	36
2024.06.04	12:00:00	77.27	77.61	77.04	77.05	6067	0	31
2024.06.04	16:00:00	77.05	78.15	77.04	78.13	7494	0	31
2024.06.04	20:00:00	78.14	78.17	77.47	77.49	1888	0	31
2024.06.05	00:00:00	77.69	77.87	77.58	77.82	856	0	36
2024.06.05	04:00:00	77.82	77.91	77.70	77.76	992	0	36
2024.06.05	08:00:00	77.74	78.10	77.44	77.79	3320	0	36
2024.06.05	12:00:00	77.77	78.39	77.62	78.22	5216	0	31
2024.06.05	16:00:00	78.23	78.76	77.48	78.75	6930	0	31
2024.06.05	20:00:00	78.74	78.84	78.51	78.79	1354	0	31
2024.06.06	00:00:00	79.04	79.09	78.90	79.00	816	0	36
2024.06.06	04:00:00	78.99	79.08	78.90	78.97	1143	0	36
2024.06.06	08:00:00	78.98	79.41	78.67	78.94	3058	0	36
2024.06.06	12:00:00	78.95	79.50	78.64	78.96	5261	0	31
2024.06.06	16:00:00	78.97	80.34	78.89	80.31	5725	0	31
2024.06.06	20:00:00	80.29	80.29	80.06	80.14	1528	0	31
2024.06.07	00:00:00	80.33	80.47	80.06	80.06	860	0	36
2024.06.07	04:00:00	80.06	80.35	79.99	80.23	1378	0	36
2024.06.07	08:00:00	80.22	80.27	79.80	80.16	3507	0	36
2024.06.07	12:00:00	80.17	80.62	79.93	80.41	5335	0	31
2024.06.07	16:00:00	80.42	80.63	79.73	80.01	5438	0	31
2024.06.07	20:00:00	80.02	80.04	79.54	79.62	1466	0	31
2024.06.10	00:00:00	79.88	80.01	79.83	79.98	230	0	36
2024.06.10	04:00:00	79.98	80.21	79.96	80.03	864	0	36
2024.06.10	08:00:00	80.02	80.34	79.67	79.89	3755	0	36
2024.06.10	12:00:00	79.88	80.70	79.82	80.69	5602	0	31
2024.06.10	16:00:00	80.67	81.91	80.33	81.81	6637	0	31
2024.06.10	20:00:00	81.80	82.17	81.66	82.16	1707	0	31
2024.06.11	00:00:00	82.01	82.03	81.74	81.85	1462	0	36
2024.06.11	04:00:00	81.84	81.84	81.57	81.65	1791	0	36
2024.06.11	08:00:00	81.66	82.00	81.48	81.72	4002	0	36
2024.06.11	12:00:00	81.72	82.20	81.45	81.54	5401	0	31
2024.06.11	16:00:00	81.52	82.56	81.41	82.23	6001	0	31
2024.06.11	20:00:00	82.22	82.40	81.95	82.37	1769	0	31
2024.06.12	00:00:00	82.29	82.44	82.28	82.42	715	0	36
2024.06.12	04:00:00	82.42	82.65	82.36	82.62	1042	0	36
2024.06.12	08:00:00	82.63	83.14	82.48	83.04	2955	0	36
2024.06.12	12:00:00	83.03	83.54	82.83	83.51	4827	0	31
2024.06.12	16:00:00	83.52	83.54	82.20	83.01	6763	0	31
2024.06.12	20:00:00	83.01	83.02	82.54	82.65	2754	0	31
2024.06.13	00:00:00	82.64	82.64	82.35	82.42	1076	0	36
2024.06.13	04:00:00	82.41	82.62	82.40	82.45	1434	0	36
2024.06.13	08:00:00	82.45	82.76	81.99	82.04	3591	0	36
2024.06.13	12:00:00	82.03	83.21	82.00	82.92	5278	0	31
2024.06.13	16:00:00	82.93	83.24	82.33	82.89	6943	0	31
2024.06.13	20:00:00	82.88	82.98	82.22	82.28	1799	0	31
2024.06.14	00:00:00	82.25	82.65	82.16	82.59	752	0	36
2024.06.14	04:00:00	82.60	82.65	82.33	82.54	1863	0	36
2024.06.14	08:00:00	82.54	82.99	82.34	82.80	3450	0	36
2024.06.14	12:00:00	82.81	83.56	82.65	83.44	5104	0	31
2024.06.14	16:00:00	83.42	83.44	82.55	83.00	6646	0	31
2024.06.14	20:00:00	83.00	83.07	82.60	82.72	1804	0	31
2024.06.17	00:00:00	82.61	82.65	82.41	82.64	1253	0	36
2024.06.17	04:00:00	82.65	82.65	82.35	82.40	1398	0	36
2024.06.17	08:00:00	82.41	83.14	82.23	82.70	3258	0	36
2024.06.17	12:00:00	82.70	83.45	82.58	83.36	4485	0	31
2024.06.17	16:00:00	83.37	84.13	83.28	84.12	5537	0	31
2024.06.17	20:00:00	84.12	84.65	83.99	84.53	2035	0	31
2024.06.18	00:00:00	84.46	84.55	84.32	84.33	883	0	36
2024.06.18	04:00:00	84.36	84.42	84.17	84.29	1147	0	36
2024.06.18	08:00:00	84.29	84.36	83.79	84.22	3448	0	36
2024.06.18	12:00:00	84.23	84.97	84.13	84.94	4975	0	31
2024.06.18	16:00:00	84.93	85.40	84.74	85.11	5712	0	31
2024.06.18	20:00:00	85.12	85.59	85.00	85.52	2510	0	31
2024.06.19	00:00:00	85.55	85.58	85.43	85.50	759	0	36
2024.06.19	04:00:00	85.51	85.56	85.40	85.51	1257	0	36
2024.06.19	08:00:00	85.50	85.52	85.01	85.27	3543	0	36
2024.06.19	12:00:00	85.30	85.84	85.27	85.58	3526	0	31
2024.06.19	16:00:00	85.57	85.95	85.16	85.31	2877	0	31
2024.06.20	00:00:00	85.17	85.28	85.11	85.18	729	0	36
2024.06.20	04:00:00	85.19	85.30	85.16	85.21	1197	0	36
2024.06.20	08:00:00	85.22	85.54	85.04	85.32	3657	0	36
2024.06.20	12:00:00	85.32	86.01	85.29	85.88	4723	0	31
2024.06.20	16:00:00	85.88	86.06	85.40	85.75	6912	0	31
2024.06.20	20:00:00	85.77	86.01	85.60	85.81	1218	0	31
2024.06.21	00:00:00	85.68	85.76	85.63	85.73	733	0	36
2024.06.21	04:00:00	85.74	85.80	85.61	85.76	1015	0	36
2024.06.21	08:00:00	85.76	85.86	85.40	85.78	3527	0	36
2024.06.21	12:00:00	85.78	86.08	85.57	85.77	4678	0	31
2024.06.21	16:00:00	85.76	86.29	85.08	85.26	6893	0	31
2024.06.21	20:00:00	85.26	85.43	84.93	85.22	1887	0	31
2024.06.24	00:00:00	84.99	85.08	84.85	85.08	985	0	36
2024.06.24	04:00:00	85.08	85.34	85.00	85.24	1389	0	36
2024.06.24	08:00:00	85.25	85.73	85.09	85.62	2731	0	36
2024.06.24	12:00:00	85.62	85.71	84.87	85.54	4509	0	31
2024.06.24	16:00:00	85.54	86.19	85.37	86.18	5046	0	31
2024.06.24	20:00:00	86.19	86.20	86.02	86.09	1438	0	31
2024.06.25	00:00:00	86.17	86.28	86.00	86.05	756	0	36
2024.06.25	04:00:00	86.04	86.20	85.93	86.06	1286	0	36
2024.06.25	08:00:00	86.07	86.12	85.63	85.64	3286	0	36
2024.06.25	12:00:00	85.64	85.94	85.38	85.68	4227	0	31
2024.06.25	16:00:00	85.67	86.09	85.19	85.44	5300	0	31
2024.06.25	20:00:00	85.44	85.45	84.81	85.02	1617	0	31
2024.06.26	00:00:00	85.01	85.19	84.96	85.16	552	0	36
2024.06.26	04:00:00	85.17	85.54	85.17	85.46	1126	0	36
2024.06.26	08:00:00	85.47	85.85	85.19	85.82	2489	0	36
2024.06.26	12:00:00	85.82	85.87	84.83	85.41	4246	0	31
2024.06.26	16:00:00	85.44	85.90	84.58	85.72	7037	0	31
2024.06.26	20:00:00	85.73	85.80	85.02	85.31	1472	0	31
2024.06.27	00:00:00	85.01	85.03	84.93	84.96	515	0	36
2024.06.27	04:00:00	84.97	85.23	84.96	85.22	772	0	36
2024.06.27	08:00:00	85.22	86.08	85.11	85.78	2549	0	36
2024.06.27	12:00:00	85.77	86.42	85.52	86.03	5072	0	31
2024.06.27	16:00:00	86.02	86.26	85.50	85.93	6005	0	31
2024.06.27	20:00:00	85.93	86.29	85.86	86.15	1360	0	31
2024.06.28	00:00:00	86.20	86.42	86.20	86.39	631	0	36
2024.06.28	04:00:00	86.39	86.60	86.37	86.54	1159	0	36
2024.06.28	08:00:00	86.54	87.00	86.47	86.84	2704	0	36
2024.06.28	12:00:00	86.83	86.90	85.74	85.75	5138	0	31
2024.06.28	16:00:00	85.78	86.12	85.34	85.84	5926	0	31
2024.06.28	20:00:00	85.83	85.95	85.54	85.71	1549	0	31
2024.07.01	00:00:00	85.90	86.10	85.84	86.05	622	0	36
2024.07.01	04:00:00	86.04	86.25	85.99	86.22	1234	0	36
2024.07.01	08:00:00	86.22	86.49	85.95	85.99	2888	0	36
2024.07.01	12:00:00	85.98	86.75	85.92	86.54	3870	0	31
2024.07.01	16:00:00	86.56	87.33	85.93	87.29	5523	0	31
2024.07.01	20:00:00	87.30	87.64	87.22	87.47	1305	0	31
2024.07.02	00:00:00	87.43	87.59	87.40	87.57	537	0	36
2024.07.02	04:00:00	87.57	87.62	87.49	87.55	946	0	36
2024.07.02	08:00:00	87.56	88.09	87.34	87.92	3322	0	36
2024.07.02	12:00:00	87.93	88.19	87.63	87.83	4533	0	31
2024.07.02	16:00:00	87.81	87.83	87.21	87.36	6830	0	31
2024.07.02	20:00:00	87.36	87.53	86.90	87.21	1911	0	31
2024.07.03	00:00:00	87.17	87.34	87.16	87.29	433	0	36
2024.07.03	04:00:00	87.30	87.45	87.28	87.32	1076	0	36
2024.07.03	08:00:00	87.32	87.53	86.90	86.99	3114	0	36
2024.07.03	12:00:00	87.00	87.36	86.89	87.29	4284	0	31
2024.07.03	16:00:00	87.31	87.61	86.60	87.53	7094	0	31
2024.07.03	20:00:00	87.54	88.10	87.52	87.77	1560	0	31
2024.07.04	00:00:00	87.70	87.74	87.60	87.63	487	0	36
2024.07.04	04:00:00	87.62	87.68	87.49	87.52	718	0	36
2024.07.04	08:00:00	87.51	87.73	87.19	87.54	2441	0	36
2024.07.04	12:00:00	87.53	87.95	87.36	87.93	2557	0	31
2024.07.04	16:00:00	87.94	88.28	87.77	88.24	2691	0	31
2024.07.05	00:00:00	88.17	88.20	87.92	87.94	408	0	36
2024.07.05	04:00:00	87.93	87.93	87.69	87.76	1199	0	36
2024.07.05	08:00:00	87.77	88.30	87.73	87.94	2593	0	36
2024.07.05	12:00:00	87.95	88.35	87.84	88.25	4741	0	31
2024.07.05	16:00:00	88.25	88.61	87.43	87.47	6069	0	31
2024.07.05	20:00:00	87.48	87.55	87.15	87.45	2176	0	31
2024.07.08	00:00:00	87.01	87.07	86.84	86.87	948	0	36
2024.07.08	04:00:00	86.88	87.09	86.81	86.82	1215	0	36
2024.07.08	08:00:00	86.83	86.87	86.24	86.25	3763	0	36
2024.07.08	12:00:00	86.26	86.87	86.16	86.68	5299	0	31
2024.07.08	16:00:00	86.68	86.94	86.25	86.34	5703	0	31
2024.07.08	20:00:00	86.35	86.45	86.13	86.25	1355	0	31
2024.07.09	00:00:00	86.26	86.33	86.12	86.14	386	0	36
2024.07.09	04:00:00	86.13	86.40	86.02	86.38	848	0	36
2024.07.09	08:00:00	86.37	86.41	85.68	85.93	2666	0	36
2024.07.09	12:00:00	85.91	86.19	85.65	85.67	4236	0	31
2024.07.09	16:00:00	85.67	86.38	85.10	85.49	6783	0	31
2024.07.09	20:00:00	85.51	85.54	85.08	85.41	1803	0	31
2024.07.10	00:00:00	85.38	85.40	85.16	85.18	489	0	36
2024.07.10	04:00:00	85.19	85.24	84.67	84.68	934	0	36
2024.07.10	08:00:00	84.67	85.54	84.52	85.33	3099	0	36
2024.07.10	12:00:00	85.34	85.39	84.70	85.01	4225	0	31
2024.07.10	16:00:00	85.00	86.18	84.90	85.80	6689	0	31
2024.07.10	20:00:00	85.79	85.91	85.50	85.87	1406	0	31
2024.07.11	00:00:00	86.02	86.33	86.01	86.31	645	0	36
2024.07.11	04:00:00	86.30	86.39	86.17	86.30	1102	0	36
2024.07.11	08:00:00	86.29	86.29	85.67	85.80	2867	0	36
2024.07.11	12:00:00	85.80	86.03	85.14	85.48	5694	0	31
2024.07.11	16:00:00	85.47	86.18	85.28	85.95	6296	0	31
2024.07.11	20:00:00	85.94	86.29	85.75	86.10	1743	0	31
2024.07.12	00:00:00	86.22	86.27	85.92	86.05	476	0	36
2024.07.12	04:00:00	86.06	86.28	85.98	86.14	1099	0	36
2024.07.12	08:00:00	86.13	86.83	86.13	86.65	3054	0	36
2024.07.12	12:00:00	86.64	86.65	85.92	86.06	4606	0	31
2024.07.12	16:00:00	86.07	86.47	85.62	85.82	6350	0	31
2024.07.12	20:00:00	85.81	85.82	85.42	85.46	1687	0	31
2024.07.15	00:00:00	85.00	85.65	84.85	85.60	973	0	36
2024.07.15	04:00:00	85.60	85.62	85.42	85.46	1168	0	36
2024.07.15	08:00:00	85.46	85.67	85.12	85.51	3472	0	36
2024.07.15	12:00:00	85.51	85.58	84.82	85.14	4833	0	31
2024.07.15	16:00:00	85.14	85.54	84.87	85.19	6476	0	31
2024.07.15	20:00:00	85.19	85.38	85.08	85.23	1323	0	31
2024.07.16	00:00:00	85.17	85.23	84.98	85.04	532	0	36
2024.07.16	04:00:00	85.04	85.09	84.83	84.86	975	0	36
2024.07.16	08:00:00	84.86	84.86	84.42	84.59	2436	0	36
2024.07.16	12:00:00	84.60	84.64	83.67	84.04	5543	0	31
2024.07.16	16:00:00	84.04	84.67	83.91	84.43	5827	0	31
2024.07.16	20:00:00	84.44	84.49	83.97	84.03	1908	0	31
2024.07.17	00:00:00	83.97	84.05	83.78	84.05	877	0	36
2024.07.17	04:00:00	84.04	84.20	83.91	83.93	1359	0	36
2024.07.17	08:00:00	83.93	84.44	83.78	84.00	3539	0	36
2024.07.17	12:00:00	84.00	85.23	83.93	85.20	4018	0	31
2024.07.17	16:00:00	85.19	85.52	84.89	85.46	6378	0	31
2024.07.17	20:00:00	85.45	85.50	85.18	85.49	2062	0	31
2024.07.18	00:00:00	85.60	85.95	85.57	85.77	799	0	36
2024.07.18	04:00:00	85.76	85.85	85.57	85.78	1213	0	36
2024.07.18	08:00:00	85.79	86.14	85.23	85.40	3417	0	36
2024.07.18	12:00:00	85.39	85.52	84.85	84.88	5015	0	31
2024.07.18	16:00:00	84.87	85.92	84.55	85.83	6199	0	31
2024.07.18	20:00:00	85.82	85.85	84.86	85.02	2076	0	31
2024.07.19	00:00:00	84.95	84.99	84.78	84.85	723	0	36
2024.07.19	04:00:00	84.85	85.15	84.82	84.89	1248	0	36
2024.07.19	08:00:00	84.88	85.64	84.77	85.43	2573	0	36
2024.07.19	12:00:00	84.11	84.20	83.30	83.92	4222	0	20
2024.07.19	16:00:00	83.92	83.95	81.86	81.95	5819	0	14
2024.07.19	20:00:00	81.96	82.09	81.71	81.89	1700	0	31
2024.07.22	00:00:00	82.19	82.25	81.92	81.93	644	0	47
2024.07.22	04:00:00	81.91	82.30	81.90	82.23	1119	0	46
2024.07.22	08:00:00	82.22	82.24	81.53	81.69	2739	0	17
2024.07.22	12:00:00	81.69	81.73	80.78	80.95	3345	0	14
2024.07.22	16:00:00	80.99	81.62	80.93	81.41	4577	0	10
2024.07.22	20:00:00	81.40	81.65	81.24	81.51	1186	0	20
2024.07.23	00:00:00	81.42	81.76	81.41	81.69	474	0	33
2024.07.23	04:00:00	81.68	81.73	81.42	81.44	837	0	17
2024.07.23	08:00:00	81.44	81.89	81.43	81.71	2566	0	24
2024.07.23	12:00:00	81.71	81.75	80.42	80.79	3733	0	20
2024.07.23	16:00:00	80.80	81.80	80.00	81.14	8793	0	17
2024.07.23	20:00:00	81.13	81.74	81.12	81.71	2111	0	31
2024.07.24	00:00:00	81.57	81.60	81.33	81.53	646	0	36
2024.07.24	04:00:00	81.52	81.59	81.29	81.39	1335	0	36
2024.07.24	08:00:00	81.37	81.92	81.34	81.83	3301	0	36
2024.07.24	12:00:00	81.84	82.11	81.50	81.56	4432	0	31
2024.07.24	16:00:00	81.55	82.36	81.16	81.87	7932	0	31
2024.07.24	20:00:00	81.87	82.04	81.58	81.63	2252	0	31
2024.07.25	00:00:00	81.55	81.56	81.40	81.41	776	0	36
2024.07.25	04:00:00	81.41	81.42	81.08	81.26	1892	0	36
2024.07.25	08:00:00	81.25	81.55	80.43	80.45	4054	0	36
2024.07.25	12:00:00	80.46	81.17	80.30	80.56	6593	0	31
2024.07.25	16:00:00	80.56	82.48	80.47	82.41	7797	0	31
2024.07.25	20:00:00	82.40	82.61	82.18	82.35	1807	0	31
2024.07.26	00:00:00	82.38	82.73	82.34	82.72	976	0	36
2024.07.26	04:00:00	82.72	82.72	82.48	82.52	1255	0	36
2024.07.26	08:00:00	82.51	82.67	82.04	82.04	2929	0	36
2024.07.26	12:00:00	82.03	82.20	81.38	81.39	4780	0	31
2024.07.26	16:00:00	81.38	81.63	80.43	81.33	7638	0	31
2024.07.26	20:00:00	81.33	81.58	80.69	80.85	2681	0	31
2024.07.29	00:00:00	81.56	81.62	81.14	81.39	1298	0	36
2024.07.29	04:00:00	81.38	81.71	81.22	81.67	1815	0	36
2024.07.29	08:00:00	81.66	81.79	80.93	81.26	3709	0	36
2024.07.29	12:00:00	81.25	81.54	80.65	81.16	5577	0	31
2024.07.29	16:00:00	81.15	81.32	79.56	79.82	8128	0	31
2024.07.29	20:00:00	79.84	80.10	79.76	79.98	2011	0	31
2024.07.30	00:00:00	79.74	79.75	79.56	79.59	910	0	36
2024.07.30	04:00:00	79.59	79.69	79.46	79.60	1292	0	36
2024.07.30	08:00:00	79.60	80.08	79.43	79.88	3299	0	36
2024.07.30	12:00:00	79.87	79.92	78.94	79.04	5487	0	31
2024.07.30	16:00:00	79.03	79.47	78.82	79.11	9014	0	31
2024.07.30	20:00:00	79.13	79.43	78.87	79.40	2577	0	31
2024.07.31	00:00:00	79.43	79.62	79.36	79.57	760	0	36
2024.07.31	04:00:00	79.58	80.41	79.55	80.28	2130	0	36
2024.07.31	08:00:00	80.26	81.01	80.10	80.86	3690	0	36
2024.07.31	12:00:00	80.85	81.54	80.58	81.16	5773	0	31
2024.07.31	16:00:00	81.15	81.81	80.63	81.78	7347	0	31
2024.07.31	20:00:00	81.77	82.36	81.57	82.34	3775	0	31
2024.08.01	00:00:00	82.35	82.47	82.08	82.12	1436	0	36
2024.08.01	04:00:00	82.12	82.46	81.98	82.39	2240	0	36
2024.08.01	08:00:00	82.38	82.64	82.04	82.33	4621	0	36
2024.08.01	12:00:00	82.34	82.50	82.00	82.24	5176	0	31
2024.08.01	16:00:00	82.23	82.28	80.57	80.71	9349	0	31
2024.08.01	20:00:00	80.72	81.13	80.27	80.86	3059	0	31
2024.08.02	00:00:00	80.57	80.91	80.49	80.80	1118	0	36
2024.08.02	04:00:00	80.81	81.10	80.60	81.05	2488	0	36
2024.08.02	08:00:00	81.06	81.26	80.52	80.53	4638	0	36
2024.08.02	12:00:00	80.52	80.59	78.10	78.13	8674	0	31
2024.08.02	16:00:00	78.14	78.22	77.20	77.22	10330	0	31
2024.08.02	20:00:00	77.22	78.21	77.21	78.16	3056	0	31
2024.08.05	00:00:00	77.33	77.87	77.09	77.70	2435	0	36
2024.08.05	04:00:00	77.71	78.04	76.73	76.75	4586	0	36
2024.08.05	08:00:00	76.75	77.46	75.73	75.92	10525	0	36
2024.08.05	12:00:00	75.93	77.16	75.84	76.82	11772	0	31
2024.08.05	16:00:00	76.81	77.66	76.63	76.96	12460	0	31
2024.08.05	20:00:00	76.96	77.94	76.81	77.81	3347	0	31
2024.08.06	00:00:00	78.34	78.34	77.73	78.09	1903	0	36
2024.08.06	04:00:00	78.10	78.12	77.71	77.74	2993	0	36
2024.08.06	08:00:00	77.75	77.81	76.87	77.23	6196	0	36
2024.08.06	12:00:00	77.23	77.58	76.25	77.28	8607	0	31
2024.08.06	16:00:00	77.24	77.82	76.87	77.46	10634	0	31
2024.08.06	20:00:00	77.44	77.72	76.74	77.00	3106	0	31
2024.08.07	00:00:00	76.94	77.07	76.58	77.00	1495	0	36
2024.08.07	04:00:00	77.01	77.57	76.91	77.26	2744	0	36
2024.08.07	08:00:00	77.26	78.00	76.93	77.98	5658	0	36
2024.08.07	12:00:00	77.97	78.93	77.90	78.35	6787	0	31
2024.08.07	16:00:00	78.34	79.52	78.22	78.96	9943	0	31
2024.08.07	20:00:00	78.96	79.21	78.79	79.18	2909	0	31
2024.08.08	00:00:00	79.12	79.30	78.92	78.96	1530	0	36
2024.08.08	04:00:00	78.97	79.33	78.80	78.81	3280	0	36
2024.08.08	08:00:00	78.80	79.07	78.25	78.37	5682	0	36
2024.08.08	12:00:00	78.37	79.29	78.37	78.89	7773	0	31
2024.08.08	16:00:00	78.90	80.00	78.67	79.96	8566	0	31
2024.08.08	20:00:00	79.94	79.98	79.57	79.63	2324	0	31
2024.08.09	00:00:00	79.59	79.84	79.43	79.82	1079	0	36
2024.08.09	04:00:00	79.82	79.94	79.65	79.67	1629	0	36
2024.08.09	08:00:00	79.67	79.87	79.37	79.86	3565	0	36
2024.08.09	12:00:00	79.87	80.28	79.47	79.53	5081	0	31
2024.08.09	16:00:00	79.53	80.43	79.42	80.10	7053	0	31
2024.08.09	20:00:00	80.11	80.40	79.90	80.26	2404	0	31
2024.08.12	00:00:00	80.23	80.31	79.99	80.30	899	0	36
2024.08.12	04:00:00	80.30	80.48	80.21	80.46	1285	0	36
2024.08.12	08:00:00	80.45	80.95	80.38	80.91	2857	0	36
2024.08.12	12:00:00	80.91	81.37	80.78	81.08	4101	0	31
2024.08.12	16:00:00	81.09	82.42	80.81	82.39	5993	0	31
2024.08.12	20:00:00	82.37	82.93	82.32	82.46	2897	0	31
2024.08.13	00:00:00	82.31	82.47	82.28	82.29	1042	0	26
2024.08.13	04:00:00	82.30	82.36	82.00	82.14	2049	0	36
2024.08.13	08:00:00	82.14	82.63	82.13	82.58	3397	0	36
2024.08.13	12:00:00	82.59	82.80	81.77	81.97	6083	0	31
2024.08.13	16:00:00	81.97	82.06	81.12	81.35	7029	0	31
2024.08.13	20:00:00	81.35	81.45	81.05	81.36	2291	0	31
2024.08.14	00:00:00	81.56	81.86	81.53	81.82	1172	0	36
2024.08.14	04:00:00	81.82	81.82	81.37	81.64	2339	0	36
2024.08.14	08:00:00	81.66	81.90	81.37	81.44	3784	0	36
2024.08.14	12:00:00	81.44	81.65	80.79	81.16	5863	0	31
2024.08.14	16:00:00	81.15	81.17	80.37	80.46	8219	0	31
2024.08.14	20:00:00	80.46	80.51	80.07	80.29	2351	0	31
2024.08.15	00:00:00	80.32	80.47	80.06	80.36	1233	0	36
2024.08.15	04:00:00	80.36	80.51	80.11	80.33	2024	0	36
2024.08.15	08:00:00	80.33	80.75	80.27	80.73	3706	0	36
2024.08.15	12:00:00	80.74	81.58	80.61	81.31	5804	0	31
2024.08.15	16:00:00	81.32	81.87	80.98	81.33	6041	0	31
2024.08.15	20:00:00	81.31	81.67	81.24	81.32	2115	0	31
2024.08.16	00:00:00	81.31	81.43	81.18	81.35	794	0	36
2024.08.16	04:00:00	81.35	81.37	81.10	81.18	1288	0	36
2024.08.16	08:00:00	81.18	81.41	80.22	80.38	3405	0	36
2024.08.16	12:00:00	80.37	80.52	79.02	80.27	6476	0	31
2024.08.16	16:00:00	80.27	80.42	79.61	80.26	7617	0	31
2024.08.16	20:00:00	80.27	80.48	79.97	80.08	2209	0	31
2024.08.19	00:00:00	79.73	80.05	79.60	79.99	1190	0	36
2024.08.19	04:00:00	80.00	80.07	79.64	79.75	2225	0	36
2024.08.19	08:00:00	79.75	79.92	79.26	79.32	4287	0	36
2024.08.19	12:00:00	79.31	80.06	79.05	79.68	5444	0	31
2024.08.19	16:00:00	79.67	79.82	77.82	77.87	9234	0	31
2024.08.19	20:00:00	77.89	78.19	77.81	78.04	2523	0	31
2024.08.20	00:00:00	77.77	78.05	77.74	77.75	1015	0	36
2024.08.20	04:00:00	77.76	77.76	77.23	77.26	1572	0	36
2024.08.20	08:00:00	77.26	77.84	76.83	77.83	5284	0	36
2024.08.20	12:00:00	77.83	78.58	77.70	78.52	6333	0	31
2024.08.20	16:00:00	78.51	78.62	77.34	77.58	8605	0	31
2024.08.20	20:00:00	77.57	77.70	77.37	77.43	2103	0	31
2024.08.21	00:00:00	77.49	77.60	77.34	77.35	968	0	36
2024.08.21	04:00:00	77.36	77.43	77.20	77.31	1376	0	36
2024.08.21	08:00:00	77.33	77.84	77.26	77.78	4321	0	36
2024.08.21	12:00:00	77.80	78.10	77.41	77.99	5397	0	31
2024.08.21	16:00:00	77.97	78.45	75.95	75.97	9880	0	31
2024.08.21	20:00:00	75.96	76.59	75.90	76.31	2669	0	31
2024.08.22	00:00:00	76.17	76.29	76.08	76.10	852	0	36
2024.08.22	04:00:00	76.11	76.37	75.99	76.27	1351	0	36
2024.08.22	08:00:00	76.26	76.72	76.05	76.68	4758	0	36
2024.08.22	12:00:00	76.67	77.07	76.39	76.97	6133	0	31
2024.08.22	16:00:00	76.98	77.92	76.78	77.52	8054	0	31
2024.08.22	20:00:00	77.51	77.71	77.22	77.38	1807	0	31
2024.08.23	00:00:00	77.52	77.55	77.36	77.39	913	0	36
2024.08.23	04:00:00	77.38	77.55	77.23	77.42	1775	0	36
2024.08.23	08:00:00	77.41	78.30	77.38	78.22	3653	0	36
2024.08.23	12:00:00	78.22	78.86	78.01	78.57	5304	0	31
2024.08.23	16:00:00	78.57	79.34	78.53	79.18	7099	0	31
2024.08.23	20:00:00	79.18	79.26	79.03	79.10	1772	0	31
2024.08.26	00:00:00	79.53	79.64	79.46	79.59	939	0	36
2024.08.26	04:00:00	79.58	79.61	79.44	79.47	1265	0	36
2024.08.26	08:00:00	79.48	79.96	79.46	79.69	2940	0	36
2024.08.26	12:00:00	79.70	81.42	79.68	81.39	6032	0	31
2024.08.26	16:00:00	81.38	81.44	80.79	81.10	6265	0	31
2024.08.26	20:00:00	81.10	81.36	80.93	81.00	1695	0	31
2024.08.27	00:00:00	81.00	81.03	80.75	80.97	970	0	36
2024.08.27	04:00:00	80.96	81.16	80.89	81.14	1381	0	36
2024.08.27	08:00:00	81.12	81.34	80.41	80.58	3673	0	36
2024.08.27	12:00:00	80.58	80.94	80.42	80.54	4662	0	31
2024.08.27	16:00:00	80.52	80.58	79.44	79.57	7031	0	31
2024.08.27	20:00:00	79.58	79.84	79.43	79.83	2080	0	31
2024.08.28	00:00:00	79.88	79.95	79.70	79.73	719	0	36
2024.08.28	04:00:00	79.72	79.75	79.40	79.49	1656	0	36
2024.08.28	08:00:00	79.50	79.65	78.48	78.72	4441	0	36
2024.08.28	12:00:00	78.71	79.01	78.16	78.65	5706	0	31
2024.08.28	16:00:00	78.65	79.34	78.10	78.61	9223	0	31
2024.08.28	20:00:00	78.61	78.70	78.32	78.33	2002	0	31
2024.08.29	00:00:00	78.38	78.63	78.38	78.53	738	0	36
2024.08.29	04:00:00	78.52	78.66	78.45	78.64	1557	0	36
2024.08.29	08:00:00	78.63	78.66	77.82	78.20	4361	0	36
2024.08.29	12:00:00	78.21	80.28	78.18	80.22	6212	0	31
2024.08.29	16:00:00	80.20	80.39	79.05	79.35	8531	0	31
2024.08.29	20:00:00	79.34	79.81	79.34	79.70	2115	0	31
2024.08.30	00:00:00	79.56	79.82	79.48	79.68	827	0	36
2024.08.30	04:00:00	79.67	80.00	79.67	79.91	1587	0	36
2024.08.30	08:00:00	79.91	80.32	79.49	79.50	4472	0	36
2024.08.30	12:00:00	79.50	79.89	77.59	77.79	8362	0	31
2024.08.30	16:00:00	77.80	78.16	77.48	77.76	8837	0	31
2024.08.30	20:00:00	77.78	77.93	77.51	77.73	2483	0	31
2024.09.02	00:00:00	77.33	77.42	77.06	77.10	1056	0	36
2024.09.02	04:00:00	77.10	77.16	76.91	77.10	1845	0	36
2024.09.02	08:00:00	77.11	77.94	76.97	77.59	4576	0	36
2024.09.02	12:00:00	77.57	77.88	77.41	77.52	4324	0	31
2024.09.02	16:00:00	77.52	78.33	77.47	77.98	4292	0	31
2024.09.03	00:00:00	77.89	77.95	77.73	77.87	472	0	36
2024.09.03	04:00:00	77.88	78.17	77.81	78.07	1910	0	36
2024.09.03	08:00:00	78.08	78.22	76.70	76.71	5974	0	36
2024.09.03	12:00:00	76.71	76.97	74.88	74.92	8921	0	31
2024.09.03	16:00:00	74.94	75.09	74.20	74.22	9159	0	31
2024.09.03	20:00:00	74.22	74.52	74.17	74.37	1939	0	31
2024.09.04	00:00:00	74.05	74.12	73.86	74.00	1161	0	26
2024.09.04	04:00:00	74.00	74.10	73.78	74.08	2155	0	36
2024.09.04	08:00:00	74.08	74.54	73.25	74.01	6466	0	36
2024.09.04	12:00:00	74.03	75.44	73.49	73.84	9946	0	31
2024.09.04	16:00:00	73.82	74.74	73.36	73.43	11105	0	31
2024.09.04	20:00:00	73.42	73.62	72.93	73.01	2835	0	31
2024.09.05	00:00:00	73.52	73.76	73.47	73.61	1082	0	36
2024.09.05	04:00:00	73.62	73.69	73.38	73.55	1804	0	36
2024.09.05	08:00:00	73.56	74.24	73.43	73.84	4674	0	36
2024.09.05	12:00:00	73.84	74.18	73.46	73.91	6743	0	31
2024.09.05	16:00:00	73.90	74.78	72.96	73.04	11076	0	31
2024.09.05	20:00:00	73.03	73.47	73.02	73.33	2372	0	31
2024.09.06	00:00:00	73.37	73.53	73.27	73.42	914	0	36
2024.09.06	04:00:00	73.43	73.48	73.17	73.41	1899	0	36
2024.09.06	08:00:00	73.40	73.81	73.05	73.67	4828	0	36
2024.09.06	12:00:00	73.66	74.10	73.19	74.00	7274	0	31
2024.09.06	16:00:00	74.00	74.10	71.17	71.59	11734	0	31
2024.09.06	20:00:00	71.60	72.12	71.51	72.00	2810	0	31
2024.09.09	00:00:00	72.19	72.59	72.01	72.39	1601	0	36
2024.09.09	04:00:00	72.39	72.67	72.06	72.10	2566	0	36
2024.09.09	08:00:00	72.10	72.71	72.04	72.26	5595	0	36
2024.09.09	12:00:00	72.26	72.58	71.13	71.47	8142	0	31
2024.09.09	16:00:00	71.47	72.57	71.47	72.31	10249	0	31
2024.09.09	20:00:00	72.29	72.52	72.16	72.41	2534	0	31
2024.09.10	00:00:00	72.50	72.75	72.37	72.44	1246	0	36
2024.09.10	04:00:00	72.45	72.47	72.08	72.18	2287	0	36
2024.09.10	08:00:00	72.18	72.23	71.17	71.37	5290	0	36
2024.09.10	12:00:00	71.37	72.32	71.29	71.34	7801	0	31
2024.09.10	16:00:00	71.34	71.42	69.13	69.51	13383	0	31
2024.09.10	20:00:00	69.51	70.22	69.33	70.15	2730	0	31
2024.09.11	00:00:00	69.94	70.06	69.74	69.97	1423	0	36
2024.09.11	04:00:00	69.98	70.42	69.88	70.32	2916	0	36
2024.09.11	08:00:00	70.32	71.27	70.20	71.16	6150	0	36
2024.09.11	12:00:00	71.19	71.37	70.17	70.37	8323	0	31
2024.09.11	16:00:00	70.36	71.52	69.43	71.25	12573	0	31
2024.09.11	20:00:00	71.26	71.28	70.83	71.06	2580	0	31
2024.09.12	00:00:00	71.29	71.49	71.09	71.14	1195	0	36
2024.09.12	04:00:00	71.15	71.85	71.11	71.85	2548	0	36
2024.09.12	08:00:00	71.85	72.29	71.61	72.29	5230	0	36
2024.09.12	12:00:00	72.30	72.34	71.46	71.53	7484	0	31
2024.09.12	16:00:00	71.51	73.30	71.46	72.60	9759	0	31
2024.09.12	20:00:00	72.59	72.69	72.33	72.54	2531	0	31
2024.09.13	00:00:00	72.71	72.85	72.57	72.70	1125	0	36
2024.09.13	04:00:00	72.71	72.91	72.57	72.80	2402	0	36
2024.09.13	08:00:00	72.81	73.16	72.59	73.08	5131	0	36
2024.09.13	12:00:00	73.07	73.47	72.83	73.36	6347	0	31
2024.09.13	16:00:00	73.36	73.65	72.04	72.12	8541	0	31
2024.09.13	20:00:00	72.13	72.55	71.87	72.46	2607	0	31
2024.09.16	00:00:00	72.08	72.15	71.99	72.09	397	0	36
2024.09.16	04:00:00	72.08	72.18	71.85	72.09	1343	0	36
2024.09.16	08:00:00	72.08	72.74	72.02	72.33	4172	0	36
2024.09.16	12:00:00	72.33	73.42	72.00	73.33	6288	0	31
2024.09.16	16:00:00	73.34	73.72	72.65	73.22	7961	0	31
2024.09.16	20:00:00	73.21	73.38	72.99	73.28	2218	0	31
2024.09.17	00:00:00	73.18	73.43	73.16	73.32	247	0	36
2024.09.17	04:00:00	73.33	73.47	73.25	73.44	983	0	36
2024.09.17	08:00:00	73.43	73.52	72.64	72.65	3874	0	36
2024.09.17	12:00:00	72.66	73.65	72.47	73.54	5740	0	31
2024.09.17	16:00:00	73.56	74.59	73.48	74.13	6880	0	31
2024.09.17	20:00:00	74.13	74.24	73.87	73.95	2295	0	31
2024.09.18	00:00:00	73.97	74.06	73.55	73.71	2135	0	36
2024.09.18	04:00:00	73.72	73.85	73.35	73.52	2611	0	36
2024.09.18	08:00:00	73.53	73.63	72.59	72.66	4675	0	36
2024.09.18	12:00:00	72.68	73.82	72.59	73.71	6930	0	31
2024.09.18	16:00:00	73.71	74.18	73.05	73.66	9297	0	31
2024.09.18	20:00:00	73.66	74.39	73.01	73.20	5954	0	31
2024.09.19	00:00:00	73.66	73.66	73.17	73.36	1457	0	36
2024.09.19	04:00:00	73.37	74.16	73.35	74.12	3262	0	36
2024.09.19	08:00:00	74.14	74.99	74.14	74.79	4897	0	36
2024.09.19	12:00:00	74.80	75.05	74.09	74.44	6597	0	31
2024.09.19	16:00:00	74.45	75.45	74.29	75.05	8112	0	31
2024.09.19	20:00:00	75.05	75.21	74.95	75.08	1875	0	31
2024.09.20	00:00:00	74.92	74.95	74.76	74.84	1046	0	36
2024.09.20	04:00:00	74.85	75.05	74.73	74.87	2448	0	36
2024.09.20	08:00:00	74.87	75.11	74.64	74.79	4225	0	36
2024.09.20	12:00:00	74.77	74.96	74.28	74.37	6256	0	31
2024.09.20	16:00:00	74.35	75.24	74.25	75.13	7522	0	31
2024.09.20	20:00:00	75.13	75.13	74.61	74.91	2499	0	31
2024.09.23	00:00:00	74.88	75.30	74.86	75.24	1270	0	36
2024.09.23	04:00:00	75.23	75.30	75.03	75.23	2026	0	36
2024.09.23	08:00:00	75.23	75.27	74.36	74.77	6086	0	36
2024.09.23	12:00:00	74.77	75.32	74.47	75.23	6499	0	31
2024.09.23	16:00:00	75.23	75.37	73.33	74.11	10089	0	31
2024.09.23	20:00:00	74.10	74.38	74.03	74.36	1928	0	31
2024.09.24	00:00:00	74.19	74.68	74.17	74.50	1491	0	36
2024.09.24	04:00:00	74.50	74.99	74.38	74.88	2504	0	36
2024.09.24	08:00:00	74.88	75.90	74.84	75.88	4311	0	36
2024.09.24	12:00:00	75.89	76.04	75.34	75.53	5917	0	31
2024.09.24	16:00:00	75.53	75.53	74.87	75.19	8603	0	31
2024.09.24	20:00:00	75.18	75.48	75.09	75.32	1994	0	31
2024.09.25	00:00:00	75.23	75.55	75.14	75.24	1477	0	36
2024.09.25	04:00:00	75.23	75.28	74.97	75.07	2073	0	36
2024.09.25	08:00:00	75.06	75.45	74.82	75.01	5443	0	36
2024.09.25	12:00:00	75.01	75.03	73.83	74.74	7491	0	31
2024.09.25	16:00:00	74.72	75.04	73.37	73.65	11744	0	31
2024.09.25	20:00:00	73.64	73.93	73.62	73.89	2396	0	31
2024.09.26	00:00:00	73.88	74.12	73.71	74.04	797	0	36
2024.09.26	04:00:00	74.04	74.05	71.94	72.18	3882	0	36
2024.09.26	08:00:00	72.17	72.76	71.07	72.67	10097	0	36
2024.09.26	12:00:00	72.68	72.79	71.17	71.63	11239	0	31
2024.09.26	16:00:00	71.63	72.59	71.48	71.75	12081	0	31
2024.09.26	20:00:00	71.76	71.99	71.48	71.61	2736	0	31
2024.09.27	00:00:00	71.37	71.63	71.31	71.59	1463	0	36
2024.09.27	04:00:00	71.60	71.81	71.45	71.63	2958	0	36
2024.09.27	08:00:00	71.64	72.35	71.62	71.93	6236	0	36
2024.09.27	12:00:00	71.92	72.16	71.25	71.54	7848	0	31
2024.09.27	16:00:00	71.52	72.71	71.39	71.90	10330	0	31
2024.09.27	20:00:00	71.90	72.77	71.82	72.75	3190	0	31
2024.09.30	00:00:00	72.52	73.08	72.25	72.41	2712	0	36
2024.09.30	04:00:00	72.40	73.53	72.30	73.33	3879	0	36
2024.09.30	08:00:00	73.35	73.49	72.20	72.35	6876	0	36
2024.09.30	12:00:00	72.35	72.60	71.76	72.08	7363	0	31
2024.09.30	16:00:00	72.06	73.26	71.89	72.52	9407	0	31
2024.09.30	20:00:00	72.53	72.71	72.26	72.60	2951	0	31
2024.10.01	00:00:00	72.54	72.57	72.47	72.53	294	0	36
2024.10.01	04:00:00	72.54	72.68	72.43	72.48	1263	0	36
2024.10.01	08:00:00	72.48	72.55	70.62	71.36	6492	0	36
2024.10.01	12:00:00	71.36	74.66	71.35	74.27	10231	0	31
2024.10.01	16:00:00	74.28	76.19	73.98	74.47	15674	0	31
2024.10.01	20:00:00	74.47	75.09	74.11	75.03	5127	0	31
2024.10.02	00:00:00	75.23	75.45	75.17	75.39	639	0	36
2024.10.02	04:00:00	75.39	75.71	75.05	75.51	2696	0	36
2024.10.02	08:00:00	75.50	76.35	75.27	76.27	6754	0	36
2024.10.02	12:00:00	76.26	76.86	75.97	76.54	7055	0	31
2024.10.02	16:00:00	76.55	76.77	74.30	74.82	10179	0	31
2024.10.02	20:00:00	74.81	75.45	74.40	75.40	2711	0	31
2024.10.03	00:00:00	75.23	75.45	75.21	75.39	636	0	36
2024.10.03	04:00:00	75.39	75.62	75.20	75.50	1628	0	36
2024.10.03	08:00:00	75.49	76.29	75.01	75.78	6445	0	36
2024.10.03	12:00:00	75.79	76.56	75.11	76.39	8643	0	31
2024.10.03	16:00:00	76.36	78.36	76.36	77.96	12360	0	31
2024.10.03	20:00:00	77.93	78.71	77.80	78.21	3567	0	31
2024.10.04	00:00:00	78.51	78.52	78.17	78.29	981	0	26
2024.10.04	04:00:00	78.30	78.45	78.12	78.21	1925	0	36
2024.10.04	08:00:00	78.22	79.22	78.08	78.99	6275	0	36
2024.10.04	12:00:00	78.99	79.70	78.43	78.76	9409	0	31
2024.10.04	16:00:00	78.77	79.99	78.56	79.91	9110	0	31
2024.10.04	20:00:00	79.91	79.94	78.50	78.98	4587	0	31
2024.10.07	00:00:00	78.27	78.37	78.14	78.21	936	0	26
2024.10.07	04:00:00	78.21	78.47	78.20	78.39	1933	0	36
2024.10.07	08:00:00	78.40	80.41	78.31	80.24	6234	0	36
2024.10.07	12:00:00	80.25	80.57	79.28	79.81	7857	0	31
2024.10.07	16:00:00	79.81	81.58	79.71	81.35	8732	0	31
2024.10.07	20:00:00	81.36	81.81	81.19	81.63	2751	0	31
2024.10.08	00:00:00	81.03	81.21	80.88	80.89	1766	0	36
2024.10.08	04:00:00	80.89	80.96	79.79	80.22	4783	0	36
2024.10.08	08:00:00	80.22	80.47	79.53	79.99	6709	0	36
2024.10.08	12:00:00	79.99	80.30	78.51	78.71	9270	0	31
2024.10.08	16:00:00	78.72	78.83	76.95	78.23	12566	0	31
2024.10.08	20:00:00	78.22	78.43	77.58	77.95	4063	0	31
2024.10.09	00:00:00	78.10	78.39	77.88	77.98	1899	0	36
2024.10.09	04:00:00	77.98	78.51	77.77	78.40	4304	0	36
2024.10.09	08:00:00	78.41	78.59	77.96	78.38	6901	0	36
2024.10.09	12:00:00	78.36	78.48	75.94	76.25	10325	0	31
2024.10.09	16:00:00	76.24	77.43	75.73	77.12	13031	0	31
2024.10.09	20:00:00	77.12	77.45	76.96	77.26	3149	0	31
2024.10.10	00:00:00	77.58	77.62	77.27	77.40	1897	0	36
2024.10.10	04:00:00	77.40	77.84	77.28	77.68	3295	0	36
2024.10.10	08:00:00	77.67	78.40	77.31	78.18	4910	0	36
2024.10.10	12:00:00	78.18	78.81	77.68	78.27	8242	0	31
2024.10.10	16:00:00	78.27	80.22	78.15	80.08	9104	0	31
2024.10.10	20:00:00	80.06	80.27	79.41	79.61	3196	0	31
2024.10.11	00:00:00	79.60	79.79	79.33	79.53	1257	0	36
2024.10.11	04:00:00	79.53	79.88	79.39	79.60	3024	0	36
2024.10.11	08:00:00	79.59	79.60	78.56	79.30	6460	0	36
2024.10.11	12:00:00	79.28	79.59	79.05	79.23	6795	0	31
2024.10.11	16:00:00	79.24	80.03	78.87	79.80	9007	0	31
2024.10.11	20:00:00	79.78	79.84	79.21	79.54	2811	0	31
2024.10.14	00:00:00	78.44	78.51	78.07	78.31	2896	0	36
2024.10.14	04:00:00	78.30	78.73	78.08	78.53	3602	0	36
2024.10.14	08:00:00	78.53	78.58	77.32	77.42	5905	0	36
2024.10.14	12:00:00	77.41	78.59	77.33	78.39	7349	0	31
2024.10.14	16:00:00	78.38	78.52	77.56	78.14	8613	0	31
2024.10.14	20:00:00	78.15	78.22	76.65	76.82	2424	0	31
2024.10.15	00:00:00	75.76	75.97	75.48	75.52	1968	0	36
2024.10.15	04:00:00	75.52	75.73	74.65	74.88	4085	0	36
2024.10.15	08:00:00	74.89	75.21	73.84	73.91	6310	0	36
2024.10.15	12:00:00	73.90	75.19	73.74	74.45	9047	0	31
2024.10.15	16:00:00	74.46	74.81	73.81	74.39	9980	0	31
2024.10.15	20:00:00	74.39	75.15	74.36	74.97	2692	0	31
2024.10.16	00:00:00	74.89	75.05	74.76	74.99	1492	0	36
2024.10.16	04:00:00	74.99	75.01	74.70	74.87	3094	0	36
2024.10.16	08:00:00	74.87	75.29	74.33	74.68	5854	0	36
2024.10.16	12:00:00	74.64	75.01	74.08	74.34	7157	0	31
2024.10.16	16:00:00	74.34	74.85	73.79	74.59	8172	0	31
2024.10.16	20:00:00	74.59	74.88	74.48	74.78	1996	0	31
2024.10.17	00:00:00	75.05	75.15	74.90	75.13	973	0	36
2024.10.17	04:00:00	75.13	75.26	74.65	74.73	2843	0	36
2024.10.17	08:00:00	74.73	74.97	74.24	74.84	4872	0	36
2024.10.17	12:00:00	74.83	75.00	74.30	74.80	6509	0	31
2024.10.17	16:00:00	74.79	75.03	73.61	74.49	9016	0	31
2024.10.17	20:00:00	74.48	74.94	74.48	74.89	2295	0	31
2024.10.18	00:00:00	74.98	75.09	74.81	74.83	1365	0	26
2024.10.18	04:00:00	74.83	75.21	74.77	75.10	2822	0	36
2024.10.18	08:00:00	75.08	75.27	74.64	74.69	4699	0	36
2024.10.18	12:00:00	74.71	74.86	73.60	73.81	7660	0	31
2024.10.18	16:00:00	73.82	74.11	72.82	73.86	9601	0	31
2024.10.18	20:00:00	73.86	73.87	73.29	73.46	2527	0	31
2024.10.21	00:00:00	73.54	73.63	73.11	73.11	1790	0	36
2024.10.21	04:00:00	73.11	73.75	73.09	73.50	2797	0	36
2024.10.21	08:00:00	73.51	74.39	73.49	74.35	4269	0	36
2024.10.21	12:00:00	74.34	74.82	74.25	74.47	6393	0	31
2024.10.21	16:00:00	74.47	74.81	73.77	74.69	7531	0	31
2024.10.21	20:00:00	74.68	74.70	74.24	74.30	2258	0	31
2024.10.22	00:00:00	74.23	74.33	74.07	74.21	1346	0	36
2024.10.22	04:00:00	74.22	74.36	74.11	74.15	2649	0	36
2024.10.22	08:00:00	74.16	75.28	73.80	75.03	6870	0	36
2024.10.22	12:00:00	75.03	76.16	74.81	75.62	7726	0	31
2024.10.22	16:00:00	75.60	76.55	75.24	76.05	9016	0	31
2024.10.22	20:00:00	76.05	76.33	75.85	75.85	2159	0	31
2024.10.23	00:00:00	75.95	76.03	75.83	75.97	1031	0	36
2024.10.23	04:00:00	75.95	76.24	75.91	76.14	2133	0	36
2024.10.23	08:00:00	76.13	76.13	75.31	75.40	7593	0	36
2024.10.23	12:00:00	75.39	75.79	74.62	75.65	14255	0	31
2024.10.23	16:00:00	75.66	75.91	74.85	75.24	17626	0	31
2024.10.23	20:00:00	75.25	75.45	75.03	75.40	4132	0	31
2024.10.24	00:00:00	75.95	75.99	75.82	75.88	1129	0	36
2024.10.24	04:00:00	75.87	76.11	75.82	75.90	2031	0	36
2024.10.24	08:00:00	75.91	76.67	75.81	76.58	4860	0	36
2024.10.24	12:00:00	76.58	76.72	75.27	75.64	7088	0	31
2024.10.24	16:00:00	75.64	75.71	74.20	74.51	9025	0	31
2024.10.24	20:00:00	74.52	74.98	74.35	74.79	1935	0	31
2024.10.25	00:00:00	74.98	74.98	74.72	74.74	1242	0	36
2024.10.25	04:00:00	74.74	74.90	74.65	74.74	2158	0	36
2024.10.25	08:00:00	74.74	74.99	74.35	74.90	5696	0	36
2024.10.25	12:00:00	74.91	75.76	74.80	75.63	5922	0	31
2024.10.25	16:00:00	75.62	76.28	75.21	76.03	8651	0	31
2024.10.25	20:00:00	76.04	76.27	75.84	76.00	2359	0	31
2024.10.28	00:00:00	72.93	72.96	72.75	72.80	795	0	36
2024.10.28	04:00:00	72.81	73.16	72.64	73.04	2568	0	36
2024.10.28	08:00:00	73.05	73.17	71.46	71.81	6595	0	36
2024.10.28	12:00:00	71.83	72.37	71.30	72.34	8252	0	31
2024.10.28	16:00:00	72.35	72.36	71.42	71.69	7161	0	31
2024.10.28	20:00:00	71.70	72.14	71.58	72.12	1646	0	31
2024.10.29	00:00:00	71.70	71.83	71.66	71.69	803	0	36
2024.10.29	04:00:00	71.68	71.70	71.26	71.34	2052	0	36
2024.10.29	08:00:00	71.33	72.27	71.32	72.19	5537	0	36
2024.10.29	12:00:00	72.19	72.57	71.37	71.55	8669	0	31
2024.10.29	16:00:00	71.56	71.66	70.74	71.14	8375	0	31
2024.10.29	20:00:00	71.14	71.55	71.09	71.51	909	0	31
2024.10.30	00:00:00	71.46	71.54	71.37	71.45	693	0	26
2024.10.30	04:00:00	71.45	71.79	71.43	71.79	1887	0	36
2024.10.30	08:00:00	71.77	72.12	71.51	71.76	5416	0	36
2024.10.30	12:00:00	71.76	72.88	71.68	72.47	9517	0	31
2024.10.30	16:00:00	72.46	73.11	72.29	72.74	7764	0	31
2024.10.30	20:00:00	72.73	73.11	72.68	73.11	998	0	31
2024.10.31	00:00:00	72.81	72.98	72.80	72.95	743	0	36
2024.10.31	04:00:00	72.95	73.12	72.92	73.00	1565	0	36
2024.10.31	08:00:00	73.01	73.23	72.24	72.81	6418	0	36
2024.10.31	12:00:00	72.81	73.59	72.74	73.43	8729	0	31
2024.10.31	16:00:00	73.44	74.50	72.86	74.46	9242	0	31
2024.10.31	20:00:00	74.46	74.73	74.35	74.38	2333	0	31
2024.11.01	00:00:00	74.47	74.59	74.28	74.33	820	0	36
2024.11.01	04:00:00	74.34	74.72	74.25	74.48	2077	0	36
2024.11.01	08:00:00	74.49	75.38	74.41	74.57	5365	0	36
2024.11.01	12:00:00	74.59	75.16	73.87	74.32	9647	0	31
2024.11.01	16:00:00	74.31	74.46	73.41	73.49	8417	0	31
2024.11.01	20:00:00	73.50	73.58	73.42	73.47	790	0	31
2024.11.04	00:00:00	74.46	74.59	74.32	74.40	943	0	36
2024.11.04	04:00:00	74.39	74.86	74.36	74.75	1895	0	36
2024.11.04	08:00:00	74.74	75.46	74.62	75.28	4469	0	36
2024.11.04	12:00:00	75.29	75.77	75.09	75.18	6034	0	31
2024.11.04	16:00:00	75.18	75.57	74.65	75.48	7963	0	31
2024.11.04	20:00:00	75.46	75.76	75.35	75.61	2312	0	31
2024.11.05	00:00:00	75.39	75.61	75.33	75.53	774	0	36
2024.11.05	04:00:00	75.54	75.63	75.34	75.38	1737	0	36
2024.11.05	08:00:00	75.37	76.02	75.37	75.75	4031	0	36
2024.11.05	12:00:00	75.75	76.24	75.62	76.08	5574	0	31
2024.11.05	16:00:00	76.09	76.61	75.37	75.62	6496	0	31
2024.11.05	20:00:00	75.61	76.14	75.56	75.81	2912	0	31
2024.11.06	00:00:00	75.50	75.65	75.47	75.56	1375	0	36
2024.11.06	04:00:00	75.57	75.57	73.99	74.63	5702	0	36
2024.11.06	08:00:00	74.63	75.22	74.16	74.85	7535	0	36
2024.11.06	12:00:00	74.84	75.22	73.70	75.14	9509	0	31
2024.11.06	16:00:00	75.14	76.34	74.97	75.28	10696	0	31
2024.11.06	20:00:00	75.29	75.64	75.13	75.55	3162	0	31
2024.11.07	00:00:00	75.74	75.96	75.71	75.90	1033	0	36
2024.11.07	04:00:00	75.89	75.95	75.46	75.54	2464	0	36
2024.11.07	08:00:00	75.55	75.55	74.64	74.78	4555	0	36
2024.11.07	12:00:00	74.75	75.25	74.39	74.89	7809	0	31
2024.11.07	16:00:00	74.88	76.41	74.47	76.17	9637	0	31
2024.11.07	20:00:00	76.11	76.32	75.67	75.88	3203	0	31
2024.11.08	00:00:00	75.74	75.76	75.58	75.60	860	0	36
2024.11.08	04:00:00	75.61	75.66	75.35	75.38	2180	0	36
2024.11.08	08:00:00	75.39	75.54	74.72	74.82	5077	0	36
2024.11.08	12:00:00	74.83	75.36	74.53	74.57	6761	0	31
2024.11.08	16:00:00	74.55	74.55	73.76	74.08	8418	0	31
2024.11.08	20:00:00	74.07	74.40	74.06	74.29	1965	0	31
2024.11.11	00:00:00	73.93	73.99	73.77	73.97	754	0	36
2024.11.11	04:00:00	73.95	74.24	73.77	74.23	2198	0	36
2024.11.11	08:00:00	74.22	74.39	73.02	73.06	5628	0	36
2024.11.11	12:00:00	73.05	73.24	72.20	72.49	7043	0	31
2024.11.11	16:00:00	72.50	72.59	71.87	72.16	6921	0	31
2024.11.11	20:00:00	72.15	72.31	71.97	72.12	2360	0	31
2024.11.12	00:00:00	72.08	72.09	71.85	71.94	806	0	36
2024.11.12	04:00:00	71.93	72.06	71.80	71.97	1982	0	36
2024.11.12	08:00:00	71.98	72.66	71.89	72.50	5018	0	36
2024.11.12	12:00:00	72.50	73.08	72.13	72.85	6851	0	31
2024.11.12	16:00:00	72.85	72.98	71.83	72.08	8310	0	31
2024.11.12	20:00:00	72.08	72.34	71.96	71.98	2040	0	31
2024.11.13	00:00:00	72.24	72.44	72.21	72.42	734	0	36
2024.11.13	04:00:00	72.42	72.47	72.18	72.27	1962	0	36
2024.11.13	08:00:00	72.27	72.86	72.04	72.72	4326	0	36
2024.11.13	12:00:00	72.72	72.82	71.06	71.07	7892	0	31
2024.11.13	16:00:00	71.06	72.83	71.00	72.72	8959	0	31
2024.11.13	20:00:00	72.73	72.83	72.01	72.14	2919	0	31
2024.11.14	00:00:00	72.40	72.47	72.29	72.35	810	0	36
2024.11.14	04:00:00	72.34	72.44	72.01	72.06	2229	0	36
2024.11.14	08:00:00	72.06	72.84	72.01	72.77	5176	0	36
2024.11.14	12:00:00	72.77	73.44	72.60	73.27	6832	0	31
2024.11.14	16:00:00	73.29	73.40	72.17	72.60	8740	0	31
2024.11.14	20:00:00	72.60	72.94	72.59	72.62	2417	0	31
2024.11.15	00:00:00	72.40	72.42	72.27	72.32	666	0	36
2024.11.15	04:00:00	72.32	72.40	71.83	71.84	1868	0	36
2024.11.15	08:00:00	71.84	72.09	71.53	71.99	5293	0	36
2024.11.15	12:00:00	72.00	72.69	71.89	72.23	7085	0	31
2024.11.15	16:00:00	72.21	72.67	71.05	71.12	8983	0	31
2024.11.15	20:00:00	71.13	71.42	71.13	71.24	2515	0	31
2024.11.18	00:00:00	71.34	71.45	71.24	71.41	777	0	36
2024.11.18	04:00:00	71.41	71.61	71.23	71.45	2216	0	36
2024.11.18	08:00:00	71.43	71.95	70.99	71.80	4596	0	36
2024.11.18	12:00:00	71.80	72.92	71.37	72.58	6807	0	31
2024.11.18	16:00:00	72.61	73.51	72.60	73.44	6726	0	31
2024.11.18	20:00:00	73.43	73.63	73.42	73.49	2048	0	31
2024.11.19	00:00:00	73.53	73.60	73.41	73.42	649	0	36
2024.11.19	04:00:00	73.43	73.67	73.39	73.51	2058	0	36
2024.11.19	08:00:00	73.53	73.53	72.82	73.15	5568	0	36
2024.11.19	12:00:00	73.13	73.93	72.87	73.82	7507	0	31
2024.11.19	16:00:00	73.83	74.02	72.76	73.48	9239	0	31
2024.11.19	20:00:00	73.46	73.65	73.28	73.44	2681	0	31
2024.11.20	00:00:00	73.34	73.49	73.31	73.48	565	0	36
2024.11.20	04:00:00	73.48	73.52	73.32	73.44	1542	0	36
2024.11.20	08:00:00	73.43	74.06	73.43	73.64	4520	0	36
2024.11.20	12:00:00	73.65	74.07	73.58	73.67	5350	0	31
2024.11.20	16:00:00	73.67	73.86	72.89	73.04	6592	0	31
2024.11.20	20:00:00	73.03	73.31	72.84	73.18	2005	0	31
2024.11.21	00:00:00	73.27	73.33	73.19	73.19	647	0	36
2024.11.21	04:00:00	73.19	73.37	73.02	73.33	1683	0	36
2024.11.21	08:00:00	73.34	74.10	73.32	74.08	4333	0	36
2024.11.21	12:00:00	74.07	74.49	73.93	74.09	6633	0	31
2024.11.21	16:00:00	74.10	74.31	73.62	74.03	7828	0	31
2024.11.21	20:00:00	74.02	74.49	74.00	74.31	2110	0	31
2024.11.22	00:00:00	74.60	74.71	74.54	74.67	653	0	36
2024.11.22	04:00:00	74.68	74.76	74.29	74.34	1950	0	36
2024.11.22	08:00:00	74.33	74.96	74.23	74.45	5335	0	36
2024.11.22	12:00:00	74.46	74.69	73.54	74.65	6803	0	31
2024.11.22	16:00:00	74.65	75.40	74.56	75.35	6090	0	31
2024.11.22	20:00:00	75.34	75.46	75.05	75.16	2186	0	31
2024.11.25	00:00:00	75.05	75.08	74.82	74.87	725	0	36
2024.11.25	04:00:00	74.88	75.02	74.52	74.74	2351	0	36
2024.11.25	08:00:00	74.73	75.05	74.35	74.82	4748	0	36
2024.11.25	12:00:00	74.82	75.18	73.48	73.72	7365	0	31
2024.11.25	16:00:00	73.75	73.85	72.86	72.99	7906	0	31
2024.11.25	20:00:00	72.98	73.17	72.91	73.13	1731	0	31
2024.11.26	00:00:00	72.87	73.16	72.86	73.09	733	0	36
2024.11.26	04:00:00	73.08	73.29	73.03	73.08	1900	0	36
2024.11.26	08:00:00	73.08	73.72	72.95	73.56	4011	0	36
2024.11.26	12:00:00	73.55	74.32	73.18	73.64	5802	0	31
2024.11.26	16:00:00	73.64	73.91	72.14	72.49	8303	0	31
2024.11.26	20:00:00	72.49	72.98	72.47	72.85	2206	0	31
2024.11.27	00:00:00	72.67	72.87	72.64	72.85	730	0	36
2024.11.27	04:00:00	72.84	73.07	72.68	73.00	2106	0	36
2024.11.27	08:00:00	73.01	73.36	72.71	73.04	4475	0	36
2024.11.27	12:00:00	73.03	73.36	72.65	73.17	5817	0	31
2024.11.27	16:00:00	73.18	73.26	72.21	72.39	7342	0	31
2024.11.27	20:00:00	72.37	72.90	72.35	72.86	1958	0	31
2024.11.28	00:00:00	72.73	72.81	72.70	72.79	505	0	36
2024.11.28	04:00:00	72.78	72.88	72.51	72.74	1433	0	36
2024.11.28	08:00:00	72.74	73.38	72.34	73.38	3430	0	36
2024.11.28	12:00:00	73.39	73.46	72.99	73.10	3197	0	31
2024.11.28	16:00:00	73.10	73.33	72.68	73.19	3254	0	31
2024.11.29	00:00:00	73.16	73.26	73.08	73.21	621	0	36
2024.11.29	04:00:00	73.22	73.39	73.20	73.34	1664	0	36
2024.11.29	08:00:00	73.33	73.33	72.50	72.51	4408	0	36
2024.11.29	12:00:00	72.50	73.71	72.50	73.60	6064	0	31
2024.11.29	16:00:00	73.60	73.82	72.71	72.76	7081	0	31
2024.11.29	20:00:00	72.76	72.76	72.73	72.74	25	0	31
2024.12.02	00:00:00	72.51	72.78	72.49	72.73	948	0	36
2024.12.02	04:00:00	72.72	73.01	72.56	72.80	1824	0	36
2024.12.02	08:00:00	72.80	73.13	72.63	73.00	4906	0	36
2024.12.02	12:00:00	72.98	73.31	72.36	72.49	5115	0	31
2024.12.02	16:00:00	72.48	72.98	71.96	72.17	7214	0	31
2024.12.02	20:00:00	72.16	72.34	72.07	72.30	1649	0	31
2024.12.03	00:00:00	72.22	72.26	72.09	72.14	641	0	36
2024.12.03	04:00:00	72.14	72.60	72.10	72.52	1621	0	36
2024.12.03	08:00:00	72.52	73.12	72.46	72.81	3271	0	36
2024.12.03	12:00:00	72.82	73.57	72.77	73.13	5134	0	31
2024.12.03	16:00:00	73.12	74.28	73.04	74.23	6690	0	31
2024.12.03	20:00:00	74.22	74.33	73.90	74.01	1820	0	31
2024.12.04	00:00:00	73.96	74.14	73.94	74.09	592	0	36
2024.12.04	04:00:00	74.10	74.30	74.02	74.26	1565	0	36
2024.12.04	08:00:00	74.25	74.68	74.02	74.42	3753	0	36
2024.12.04	12:00:00	74.41	74.52	73.92	74.18	5032	0	31
2024.12.04	16:00:00	74.18	74.18	72.70	72.77	8231	0	31
2024.12.04	20:00:00	72.76	73.06	72.66	72.78	2338	0	31
2024.12.05	00:00:00	72.76	72.83	72.68	72.70	506	0	26
2024.12.05	04:00:00	72.70	72.78	72.59	72.71	1278	0	36
2024.12.05	08:00:00	72.71	73.11	72.58	72.98	3960	0	36
2024.12.05	12:00:00	72.97	73.30	72.19	73.24	7851	0	31
2024.12.05	16:00:00	73.25	73.26	72.39	72.75	6560	0	31
2024.12.05	20:00:00	72.74	72.79	72.43	72.50	1922	0	31
2024.12.06	00:00:00	72.14	72.36	72.12	72.34	540	0	36
2024.12.06	04:00:00	72.34	72.51	72.33	72.36	1485	0	36
2024.12.06	08:00:00	72.35	72.51	71.84	71.84	3063	0	36
2024.12.06	12:00:00	71.86	71.98	71.39	71.48	5483	0	31
2024.12.06	16:00:00	71.46	71.91	71.22	71.81	6034	0	31
2024.12.06	20:00:00	71.82	71.82	71.34	71.35	1922	0	31
2024.12.09	00:00:00	71.76	71.80	71.62	71.71	437	0	36
2024.12.09	04:00:00	71.70	71.86	71.58	71.86	1440	0	36
2024.12.09	08:00:00	71.85	72.45	71.67	72.13	3626	0	36
2024.12.09	12:00:00	72.14	72.59	72.09	72.58	4314	0	31
2024.12.09	16:00:00	72.58	72.97	72.50	72.59	5302	0	31
2024.12.09	20:00:00	72.58	72.64	72.17	72.26	1574	0	31
2024.12.10	00:00:00	72.26	72.36	72.16	72.19	592	0	36
2024.12.10	04:00:00	72.20	72.24	72.01	72.17	1361	0	36
2024.12.10	08:00:00	72.16	72.54	71.95	71.98	3243	0	36
2024.12.10	12:00:00	71.97	72.57	71.83	72.39	4748	0	31
2024.12.10	16:00:00	72.39	73.03	72.31	72.69	4888	0	31
2024.12.10	20:00:00	72.70	72.77	72.20	72.35	1722	0	31
2024.12.11	00:00:00	72.76	72.96	72.74	72.88	459	0	36
2024.12.11	04:00:00	72.89	73.05	72.82	73.02	1227	0	36
2024.12.11	08:00:00	73.01	73.28	72.59	73.15	3403	0	36
2024.12.11	12:00:00	73.14	73.51	72.99	73.25	4858	0	31
2024.12.11	16:00:00	73.25	73.79	72.82	73.72	6093	0	31
2024.12.11	20:00:00	73.71	74.05	73.67	73.79	1632	0	31
2024.12.12	00:00:00	73.76	73.85	73.73	73.83	459	0	36
2024.12.12	04:00:00	73.83	74.11	73.81	73.97	1575	0	36
2024.12.12	08:00:00	73.97	74.26	73.74	73.75	2673	0	36
2024.12.12	12:00:00	73.74	73.95	73.19	73.24	5196	0	31
2024.12.12	16:00:00	73.25	74.10	72.70	73.79	6711	0	31
2024.12.12	20:00:00	73.78	73.92	73.64	73.65	1907	0	31
2024.12.13	00:00:00	73.58	73.72	73.56	73.63	599	0	36
2024.12.13	04:00:00	73.63	73.78	73.57	73.77	1798	0	36
2024.12.13	08:00:00	73.76	74.45	73.62	74.44	2890	0	36
2024.12.13	12:00:00	74.43	74.56	73.87	74.21	4379	0	31
2024.12.13	16:00:00	74.20	74.83	74.01	74.71	4953	0	31
2024.12.13	20:00:00	74.72	74.86	74.53	74.62	1470	0	31
2024.12.16	00:00:00	74.59	74.60	74.43	74.47	563	0	36
2024.12.16	04:00:00	74.46	74.61	74.32	74.41	1520	0	36
2024.12.16	08:00:00	74.41	74.55	74.04	74.06	3232	0	36
2024.12.16	12:00:00	74.07	74.49	73.91	74.23	4006	0	31
2024.12.16	16:00:00	74.23	74.56	73.92	74.12	5411	0	31
2024.12.16	20:00:00	74.13	74.25	73.94	74.04	1360	0	31
2024.12.17	00:00:00	74.16	74.18	74.02	74.05	384	0	36
2024.12.17	04:00:00	74.05	74.35	73.98	74.32	1154	0	36
2024.12.17	08:00:00	74.31	74.38	73.41	73.56	3514	0	36
2024.12.17	12:00:00	73.55	73.64	72.91	72.99	4999	0	31
2024.12.17	16:00:00	72.99	73.48	72.68	73.44	5295	0	31
2024.12.17	20:00:00	73.43	73.56	73.27	73.52	1687	0	31
2024.12.18	00:00:00	73.55	73.60	73.42	73.46	413	0	36
2024.12.18	04:00:00	73.45	73.50	73.36	73.44	1245	0	36
2024.12.18	08:00:00	73.46	74.00	73.46	73.71	2688	0	36
2024.12.18	12:00:00	73.70	74.19	73.67	73.88	3622	0	31
2024.12.18	16:00:00	73.86	74.39	73.60	73.69	5848	0	31
2024.12.18	20:00:00	73.69	73.88	72.98	73.00	2802	0	31
2024.12.19	00:00:00	73.19	73.20	73.00	73.20	520	0	36
2024.12.19	04:00:00	73.19	73.40	73.04	73.35	1470	0	36
2024.12.19	08:00:00	73.35	73.71	72.88	73.50	3311	0	36
2024.12.19	12:00:00	73.51	74.03	73.20	73.81	4854	0	31
2024.12.19	16:00:00	73.80	73.84	72.81	73.07	6198	0	31
2024.12.19	20:00:00	73.06	73.10	72.68	72.80	1557	0	31
2024.12.20	00:00:00	72.73	72.74	72.60	72.63	378	0	36
2024.12.20	04:00:00	72.63	72.85	72.50	72.71	1376	0	36
2024.12.20	08:00:00	72.70	72.83	72.24	72.24	3283	0	36
2024.12.20	12:00:00	72.25	72.83	72.15	72.23	4538	0	31
2024.12.20	16:00:00	72.26	73.44	72.23	73.21	5224	0	31
2024.12.20	20:00:00	73.22	73.28	72.98	73.09	1865	0	31
2024.12.23	00:00:00	73.39	73.48	73.33	73.42	526	0	26
2024.12.23	04:00:00	73.43	73.45	73.26	73.32	1303	0	36
2024.12.23	08:00:00	73.33	73.47	72.78	72.78	3232	0	36
2024.12.23	12:00:00	72.78	72.96	72.51	72.51	4033	0	31
2024.12.23	16:00:00	72.53	72.86	72.12	72.86	4395	0	31
2024.12.23	20:00:00	72.85	73.14	72.70	73.13	1635	0	31
2024.12.24	00:00:00	72.96	73.19	72.96	73.01	518	0	36
2024.12.24	04:00:00	73.01	73.14	72.89	73.03	1593	0	36
2024.12.24	08:00:00	73.04	73.39	73.02	73.38	1864	0	36
2024.12.24	12:00:00	73.38	73.68	72.98	73.49	4077	0	31
2024.12.24	16:00:00	73.48	73.85	73.39	73.66	4057	0	31
2024.12.26	00:00:00	73.73	73.81	73.65	73.73	265	0	36
2024.12.26	04:00:00	73.75	73.90	73.52	73.66	1152	0	36
2024.12.26	08:00:00	73.67	74.01	73.61	73.99	1675	0	36
2024.12.26	12:00:00	73.99	74.16	73.75	73.86	2880	0	31
2024.12.26	16:00:00	73.88	73.92	73.28	73.38	4036	0	31
2024.12.26	20:00:00	73.37	73.42	72.98	73.22	1415	0	31
2024.12.27	00:00:00	73.24	73.30	73.15	73.21	348	0	36
2024.12.27	04:00:00	73.22	73.33	73.09	73.18	960	0	36
2024.12.27	08:00:00	73.19	73.79	73.17	73.77	2848	0	36
2024.12.27	12:00:00	73.76	74.14	73.71	73.99	3265	0	31
2024.12.27	16:00:00	74.00	74.25	73.68	74.23	4851	0	31
2024.12.27	20:00:00	74.22	74.33	73.74	73.79	1469	0	31
2024.12.30	00:00:00	74.28	74.28	74.18	74.18	323	0	36
2024.12.30	04:00:00	74.19	74.28	74.06	74.09	934	0	36
2024.12.30	08:00:00	74.10	74.23	73.76	74.00	2942	0	36
2024.12.30	12:00:00	74.01	74.72	73.96	74.65	3491	0	31
2024.12.30	16:00:00	74.64	74.87	74.32	74.47	4362	0	31
2024.12.30	20:00:00	74.47	74.62	74.16	74.44	1696	0	31
2024.12.31	00:00:00	74.85	74.85	74.70	74.74	457	0	36
2024.12.31	04:00:00	74.73	75.09	74.64	75.06	1867	0	36
2024.12.31	08:00:00	75.07	75.07	74.66	74.81	2407	0	36
2024.12.31	12:00:00	74.82	75.02	74.19	74.86	3934	0	31
2024.12.31	16:00:00	74.85	75.25	74.65	75.07	4029	0	31
2025.01.02	00:00:00	75.42	75.46	75.26	75.38	548	0	36
2025.01.02	04:00:00	75.38	75.38	75.06	75.19	1380	0	36
2025.01.02	08:00:00	75.20	76.05	75.07	76.04	3677	0	36
2025.01.02	12:00:00	76.03	76.60	75.83	76.60	4170	0	31
2025.01.02	16:00:00	76.59	76.89	76.23	76.31	6497	0	31
2025.01.02	20:00:00	76.31	76.53	76.16	76.19	1912	0	31
2025.01.03	00:00:00	76.38	76.59	76.31	76.39	724	0	36
2025.01.03	04:00:00	76.40	76.53	76.24	76.26	1568	0	36
2025.01.03	08:00:00	76.25	76.36	75.86	75.93	2614	0	36
2025.01.03	12:00:00	75.92	76.60	75.86	76.49	3958	0	31
2025.01.03	16:00:00	76.50	77.07	76.50	76.89	4551	0	31
2025.01.03	20:00:00	76.88	77.00	76.77	76.89	1401	0	31
2025.01.06	00:00:00	76.97	76.97	76.75	76.79	616	0	36
2025.01.06	04:00:00	76.80	76.82	76.43	76.58	1504	0	36
2025.01.06	08:00:00	76.57	76.89	76.37	76.79	2875	0	36
2025.01.06	12:00:00	76.78	77.69	76.70	77.66	5442	0	31
2025.01.06	16:00:00	77.68	77.79	76.24	76.39	5995	0	31
2025.01.06	20:00:00	76.39	76.73	76.37	76.47	1776	0	31
2025.01.07	00:00:00	76.46	76.55	76.37	76.49	648	0	36
2025.01.07	04:00:00	76.49	76.63	76.41	76.54	1571	0	36
2025.01.07	08:00:00	76.53	77.04	76.19	76.99	3895	0	36
2025.01.07	12:00:00	77.02	77.43	76.95	77.33	4714	0	31
2025.01.07	16:00:00	77.31	77.57	76.90	77.36	5387	0	31
2025.01.07	20:00:00	77.33	77.53	77.24	77.41	1532	0	31
2025.01.08	00:00:00	77.69	77.70	77.50	77.57	375	0	36
2025.01.08	04:00:00	77.56	77.92	77.51	77.68	1424	0	36
2025.01.08	08:00:00	77.67	78.16	77.24	77.32	3696	0	36
2025.01.08	12:00:00	77.32	77.81	77.12	77.45	5430	0	31
2025.01.08	16:00:00	77.45	77.58	76.30	76.36	6824	0	31
2025.01.08	20:00:00	76.37	76.60	76.34	76.43	1782	0	31
2025.01.09	00:00:00	76.02	76.24	76.02	76.22	559	0	36
2025.01.09	04:00:00	76.23	76.56	76.21	76.53	1615	0	36
2025.01.09	08:00:00	76.52	76.61	76.16	76.55	3756	0	36
2025.01.09	12:00:00	76.54	77.01	76.47	76.86	3969	0	31
2025.01.09	16:00:00	76.85	77.49	76.84	77.26	3829	0	31
2025.01.09	20:00:00	77.26	77.49	77.11	77.46	1561	0	31
2025.01.10	00:00:00	77.35	77.46	77.27	77.33	604	0	36
2025.01.10	04:00:00	77.35	77.67	77.32	77.62	1392	0	36
2025.01.10	08:00:00	77.62	79.14	77.61	79.07	4786	0	36
2025.01.10	12:00:00	79.06	81.01	79.04	80.36	9478	0	31
2025.01.10	16:00:00	80.34	80.41	78.70	79.85	9706	0	31
2025.01.10	20:00:00	79.85	80.16	79.77	79.88	2256	0	31
2025.01.13	00:00:00	81.43	81.52	81.14	81.27	854	0	36
2025.01.13	04:00:00	81.27	81.62	81.10	81.49	3120	0	36
2025.01.13	08:00:00	81.50	81.90	80.75	81.31	7289	0	36
2025.01.13	12:00:00	81.33	81.67	80.58	80.87	8058	0	31
2025.01.13	16:00:00	80.86	81.64	80.63	81.11	8437	0	31
2025.01.13	20:00:00	81.12	81.45	80.99	81.07	2715	0	31
2025.01.14	00:00:00	81.01	81.06	80.70	80.83	859	0	26
2025.01.14	04:00:00	80.83	81.00	80.58	80.69	2245	0	36
2025.01.14	08:00:00	80.70	81.36	80.43	80.54	5953	0	36
2025.01.14	12:00:00	80.55	81.11	80.22	80.31	7352	0	31
2025.01.14	16:00:00	80.31	80.74	80.08	80.27	8189	0	31
2025.01.14	20:00:00	80.26	80.67	80.09	80.48	2429	0	31
2025.01.15	00:00:00	80.16	80.16	79.96	80.07	930	0	26
2025.01.15	04:00:00	80.07	80.67	80.01	80.58	2411	0	36
2025.01.15	08:00:00	80.57	80.84	79.82	80.20	5770	0	36
2025.01.15	12:00:00	80.13	81.26	80.10	81.25	6778	0	31
2025.01.15	16:00:00	81.26	82.09	80.90	82.03	8751	0	31
2025.01.15	20:00:00	82.02	82.83	82.00	82.57	3504	0	31
2025.01.16	00:00:00	82.33	82.58	82.23	82.47	1084	0	36
2025.01.16	04:00:00	82.46	82.67	82.20	82.43	3450	0	36
2025.01.16	08:00:00	82.43	82.50	81.78	81.85	5515	0	36
2025.01.16	12:00:00	81.84	82.20	81.21	81.87	6940	0	31
2025.01.16	16:00:00	81.86	81.89	80.57	81.21	10165	0	31
2025.01.16	20:00:00	81.22	81.62	81.05	81.45	2458	0	31
2025.01.17	00:00:00	81.71	81.83	81.66	81.77	637	0	36
2025.01.17	04:00:00	81.77	82.06	81.73	81.75	2353	0	36
2025.01.17	08:00:00	81.76	82.10	81.37	81.69	5855	0	36
2025.01.17	12:00:00	81.70	81.89	80.73	81.20	7529	0	31
2025.01.17	16:00:00	81.21	81.44	80.73	81.09	7572	0	31
2025.01.17	20:00:00	81.08	81.31	80.77	80.94	2305	0	31
2025.01.20	00:00:00	80.96	80.99	80.75	80.84	1053	0	36
2025.01.20	04:00:00	80.83	80.99	80.47	80.64	2029	0	36
2025.01.20	08:00:00	80.63	80.87	80.27	80.49	4355	0	36
2025.01.20	12:00:00	80.50	81.07	79.57	79.90	7006	0	31
2025.01.20	16:00:00	79.90	80.39	79.59	80.08	5921	0	31
2025.01.20	20:00:00	80.07	80.14	79.92	79.98	597	0	31
2025.01.21	00:00:00	80.13	80.59	80.12	80.32	1350	0	36
2025.01.21	04:00:00	80.31	80.40	79.93	79.96	2382	0	36
2025.01.21	08:00:00	79.97	80.09	79.02	79.04	5642	0	36
2025.01.21	12:00:00	79.01	79.41	78.58	79.23	7123	0	31
2025.01.21	16:00:00	79.24	79.75	79.06	79.26	6866	0	31
2025.01.21	20:00:00	79.27	79.68	79.04	79.53	2059	0	31
2025.01.22	00:00:00	79.41	79.43	79.26	79.39	610	0	36
2025.01.22	04:00:00	79.38	79.52	79.06	79.09	1614	0	36
2025.01.22	08:00:00	79.10	79.98	78.92	79.92	4744	0	36
2025.01.22	12:00:00	79.93	80.01	78.96	78.99	5548	0	31
2025.01.22	16:00:00	79.00	79.75	78.94	79.22	7969	0	31
2025.01.22	20:00:00	79.21	79.25	78.96	79.03	1530	0	31
2025.01.23	00:00:00	78.84	78.92	78.81	78.86	367	0	36
2025.01.23	04:00:00	78.86	78.92	78.69	78.74	1404	0	36
2025.01.23	08:00:00	78.74	79.40	78.69	79.18	3915	0	36
2025.01.23	12:00:00	79.18	79.65	79.06	79.61	5372	0	31
2025.01.23	16:00:00	79.62	79.69	78.14	78.45	9379	0	31
2025.01.23	20:00:00	78.44	78.53	77.87	77.95	2326	0	31
2025.01.24	00:00:00	78.13	78.38	78.10	78.36	756	0	26
2025.01.24	04:00:00	78.37	78.38	78.14	78.31	1718	0	36
2025.01.24	08:00:00	78.30	78.83	78.16	78.80	4051	0	26
2025.01.24	12:00:00	78.80	79.01	78.26	78.29	5156	0	21
2025.01.24	16:00:00	78.29	78.62	77.99	78.60	6693	0	21
2025.01.24	20:00:00	78.61	78.64	78.32	78.43	1777	0	5
2025.01.27	00:00:00	77.54	77.65	77.40	77.48	621	0	5
2025.01.27	04:00:00	77.47	77.92	77.41	77.68	838	0	5
2025.01.27	08:00:00	77.67	78.56	77.64	78.43	2013	0	5
2025.01.27	12:00:00	78.44	78.80	77.70	78.09	2712	0	5
2025.01.27	16:00:00	78.08	78.29	76.32	76.46	5165	0	5
2025.01.27	20:00:00	76.47	77.10	76.47	76.91	1877	0	5
2025.01.28	00:00:00	76.92	77.18	76.92	77.04	339	0	5
2025.01.28	04:00:00	77.03	77.39	76.92	77.33	1238	0	5
2025.01.28	08:00:00	77.32	77.70	77.20	77.25	1891	0	6
2025.01.28	12:00:00	77.23	77.89	77.16	77.57	2481	0	6
2025.01.28	16:00:00	77.59	77.98	76.71	76.79	4731	0	5
2025.01.28	20:00:00	76.79	77.43	76.73	77.34	2383	0	5
2025.01.29	00:00:00	77.32	77.38	77.17	77.18	180	0	6
2025.01.29	04:00:00	77.17	77.23	77.00	77.02	582	0	5
2025.01.29	08:00:00	77.03	77.43	76.46	76.55	1954	0	5
2025.01.29	12:00:00	76.54	77.09	76.40	76.83	1893	0	5
2025.01.29	16:00:00	76.84	77.30	76.31	76.34	4783	0	5
2025.01.29	20:00:00	76.35	76.67	76.13	76.62	2204	0	5
2025.01.30	00:00:00	76.51	76.53	76.40	76.53	173	0	6
2025.01.30	04:00:00	76.52	76.53	76.14	76.27	591	0	5
2025.01.30	08:00:00	76.28	76.37	75.72	75.81	1684	0	5
2025.01.30	12:00:00	75.80	76.49	75.76	76.11	2367	0	5
2025.01.30	16:00:00	76.12	77.24	76.08	76.59	4055	0	5
2025.01.30	20:00:00	76.60	77.34	76.52	76.91	2836	0	5
2025.01.31	00:00:00	76.80	77.08	76.76	76.89	330	0	6
2025.01.31	04:00:00	76.90	77.16	76.88	77.01	521	0	6
2025.01.31	08:00:00	77.00	77.05	76.32	76.43	1835	0	6
2025.01.31	12:00:00	76.42	76.83	76.20	76.67	2341	0	6
2025.01.31	16:00:00	76.68	76.84	75.87	76.23	5395	0	5
2025.01.31	20:00:00	76.25	77.08	76.19	76.79	3227	0	5
2025.02.03	00:00:00	76.78	76.97	76.70	76.76	565	0	5
2025.02.03	04:00:00	76.75	77.11	76.57	77.07	1346	0	5
2025.02.03	08:00:00	77.06	77.49	76.81	77.25	2923	0	5
2025.02.03	12:00:00	77.26	77.68	77.04	77.68	3473	0	5
2025.02.03	16:00:00	77.67	77.89	75.69	76.12	7999	0	5
2025.02.03	20:00:00	76.13	76.66	76.00	76.16	3078	0	5
2025.02.04	00:00:00	76.04	76.16	75.96	76.03	377	0	6
2025.02.04	04:00:00	76.04	76.24	75.66	75.67	1152	0	5
2025.02.04	08:00:00	75.66	75.97	75.41	75.70	2523	0	5
2025.02.04	12:00:00	75.69	75.93	75.10	75.17	3092	0	5
2025.02.04	16:00:00	75.15	77.27	74.75	76.76	6933	0	5
2025.02.04	20:00:00	76.77	77.18	76.28	76.69	2714	0	5
2025.02.05	00:00:00	76.79	76.92	76.57	76.65	1168	0	6
2025.02.05	04:00:00	76.64	76.67	76.35	76.62	900	0	5
2025.02.05	08:00:00	76.63	76.73	76.09	76.29	2059	0	5
2025.02.05	12:00:00	76.28	76.29	75.70	75.97	2565	0	5
2025.02.05	16:00:00	75.95	76.12	75.03	75.39	4773	0	3
2025.02.05	20:00:00	75.40	75.41	75.15	75.20	1537	0	5
2025.02.06	00:00:00	75.26	75.34	75.22	75.30	378	0	5
2025.02.06	04:00:00	75.29	75.42	75.21	75.40	730	0	5
2025.02.06	08:00:00	75.41	75.62	75.16	75.47	1710	0	5
2025.02.06	12:00:00	75.48	75.87	75.43	75.69	2295	0	6
2025.02.06	16:00:00	75.68	75.94	74.81	74.86	5588	0	5
2025.02.06	20:00:00	74.85	75.03	74.65	74.77	1771	0	5
2025.02.07	00:00:00	74.81	75.04	74.78	75.03	301	0	6
2025.02.07	04:00:00	75.04	75.28	75.02	75.15	757	0	6
2025.02.07	08:00:00	75.16	75.64	75.13	75.48	1893	0	5
2025.02.07	12:00:00	75.49	75.56	75.13	75.22	2364	0	5
2025.02.07	16:00:00	75.23	75.52	74.82	75.17	4641	0	5
2025.02.07	20:00:00	75.16	75.40	75.09	75.18	1482	0	1
2025.02.10	00:00:00	75.49	75.55	75.42	75.52	458	0	5
2025.02.10	04:00:00	75.53	75.74	75.50	75.59	770	0	5
2025.02.10	08:00:00	75.58	75.91	75.42	75.85	1562	0	5
2025.02.10	12:00:00	75.83	76.22	75.73	75.92	1725	0	6
2025.02.10	16:00:00	75.91	76.52	75.75	76.42	3482	0	5
2025.02.10	20:00:00	76.42	76.51	76.15	76.50	1279	0	5
2025.02.11	00:00:00	76.40	76.47	76.34	76.39	283	0	5
2025.02.11	04:00:00	76.38	76.70	76.34	76.67	853	0	5
2025.02.11	08:00:00	76.66	77.26	76.65	77.24	1757	0	5
2025.02.11	12:00:00	77.25	77.72	77.11	77.44	2298	0	5
2025.02.11	16:00:00	77.45	77.58	76.91	77.34	3989	0	5
2025.02.11	20:00:00	77.35	77.50	77.22	77.29	1564	0	5
2025.02.12	00:00:00	77.21	77.25	77.03	77.13	269	0	6
2025.02.12	04:00:00	77.14	77.26	77.08	77.10	640	0	6
2025.02.12	08:00:00	77.11	77.33	76.56	76.69	1808	0	5
2025.02.12	12:00:00	76.70	76.82	76.44	76.73	2283	0	5
2025.02.12	16:00:00	76.74	76.74	75.71	75.84	5149	0	5
2025.02.12	20:00:00	75.84	75.84	75.33	75.33	1836	0	5
2025.02.13	00:00:00	75.38	75.39	74.94	74.97	546	0	6
2025.02.13	04:00:00	74.96	75.01	74.75	74.83	846	0	5
2025.02.13	08:00:00	74.84	75.24	74.63	74.63	2408	0	5
2025.02.13	12:00:00	74.66	74.88	74.43	74.60	2244	0	5
2025.02.13	16:00:00	74.59	75.52	74.53	75.33	3842	0	5
2025.02.13	20:00:00	75.34	75.61	75.30	75.59	1537	0	5
2025.02.14	00:00:00	75.34	75.67	75.34	75.55	356	0	5
2025.02.14	04:00:00	75.54	75.62	75.45	75.54	680	0	6
2025.02.14	08:00:00	75.53	75.91	75.46	75.64	1746	0	5
2025.02.14	12:00:00	75.63	76.20	75.35	75.67	2513	0	5
2025.02.14	16:00:00	75.70	75.92	74.97	75.15	3834	0	5
2025.02.14	20:00:00	75.15	75.28	74.91	75.08	1506	0	5
2025.02.17	00:00:00	74.72	74.95	74.64	74.86	478	0	5
2025.02.17	04:00:00	74.87	75.23	74.81	75.13	953	0	5
2025.02.17	08:00:00	75.14	75.49	74.86	75.14	1904	0	5
2025.02.17	12:00:00	75.13	75.46	74.73	75.08	2224	0	5
2025.02.17	16:00:00	75.06	75.53	74.88	75.52	2004	0	5
2025.02.17	20:00:00	75.52	75.65	75.45	75.59	339	0	5
2025.02.18	00:00:00	75.50	75.54	75.34	75.35	300	0	6
2025.02.18	04:00:00	75.36	75.74	75.30	75.64	737	0	6
2025.02.18	08:00:00	75.66	76.14	75.51	75.82	1693	0	6
2025.02.18	12:00:00	75.81	76.31	75.15	75.25	2567	0	5
2025.02.18	16:00:00	75.24	76.04	75.20	75.75	3730	0	5
2025.02.18	20:00:00	75.74	76.14	75.59	76.02	1521	0	5
2025.02.19	00:00:00	76.07	76.28	76.02	76.21	422	0	6
2025.02.19	04:00:00	76.22	76.29	76.06	76.29	632	0	6
2025.02.19	08:00:00	76.28	76.70	76.24	76.65	1381	0	5
2025.02.19	12:00:00	76.64	76.80	76.38	76.66	1756	0	5
2025.02.19	16:00:00	76.68	77.05	76.37	76.43	3242	0	5
2025.02.19	20:00:00	76.42	76.46	76.13	76.28	1395	0	5
2025.02.20	00:00:00	76.27	76.31	75.96	76.00	318	0	6
2025.02.20	04:00:00	75.99	76.08	75.92	76.07	599	0	6
2025.02.20	08:00:00	76.08	76.50	76.00	76.38	1711	0	6
2025.02.20	12:00:00	76.39	76.74	76.23	76.67	1810	0	5
2025.02.20	16:00:00	76.67	77.34	76.54	77.02	3383	0	5
2025.02.20	20:00:00	77.01	77.23	76.59	76.78	1606	0	5
2025.02.21	00:00:00	76.84	76.92	76.56	76.58	317	0	5
2025.02.21	04:00:00	76.59	76.67	76.46	76.47	624	0	6
2025.02.21	08:00:00	76.46	76.55	76.07	76.26	1624	0	6
2025.02.21	12:00:00	76.25	76.40	75.82	76.26	1831	0	6
2025.02.21	16:00:00	76.25	76.25	75.05	75.11	3727	0	5
2025.02.21	20:00:00	75.11	75.14	74.43	74.47	1145	0	5
2025.02.24	00:00:00	74.49	74.59	74.31	74.53	438	0	5
2025.02.24	04:00:00	74.52	74.73	74.37	74.45	734	0	5
2025.02.24	08:00:00	74.44	74.63	74.24	74.47	1521	0	5
2025.02.24	12:00:00	74.48	74.88	74.40	74.46	1771	0	5
2025.02.24	16:00:00	74.45	75.00	74.42	74.80	3388	0	5
2025.02.24	20:00:00	74.79	74.97	74.71	74.93	1262	0	5
2025.02.25	00:00:00	74.77	75.11	74.75	75.09	356	0	6
2025.02.25	04:00:00	75.10	75.28	75.08	75.17	597	0	6
2025.02.25	08:00:00	75.18	75.18	74.70	74.71	1244	0	6
2025.02.25	12:00:00	74.72	74.92	74.20	74.21	1706	0	5
2025.02.25	16:00:00	74.22	74.49	72.72	72.87	4197	0	5
2025.02.25	20:00:00	72.88	73.22	72.79	73.10	1701	0	5
2025.02.26	00:00:00	73.09	73.28	73.07	73.20	220	0	6
2025.02.26	04:00:00	73.19	73.25	73.04	73.14	562	0	6
2025.02.26	08:00:00	73.12	73.31	72.89	73.01	1588	0	5
2025.02.26	12:00:00	73.00	73.09	72.71	72.77	2297	0	6
2025.02.26	16:00:00	72.74	73.13	72.42	72.72	4247	0	5
2025.02.26	20:00:00	72.71	72.83	72.45	72.75	1625	0	5
2025.02.27	00:00:00	72.70	72.82	72.64	72.76	344	0	5
2025.02.27	04:00:00	72.77	72.86	72.65	72.71	333	0	5
2025.02.27	08:00:00	72.72	73.25	72.51	73.25	1342	0	5
2025.02.27	12:00:00	73.24	73.74	73.14	73.30	2004	0	5
2025.02.27	16:00:00	73.29	74.23	73.24	73.92	3603	0	5
2025.02.27	20:00:00	73.91	74.14	73.74	73.81	1642	0	5
2025.02.28	00:00:00	73.76	73.83	73.67	73.67	294	0	6
2025.02.28	04:00:00	73.66	73.82	73.57	73.66	755	0	6
2025.02.28	08:00:00	73.67	73.68	73.22	73.34	1602	0	5
2025.02.28	12:00:00	73.34	73.38	73.04	73.21	1917	0	6
2025.02.28	16:00:00	73.20	73.48	72.78	73.36	3470	0	5
2025.02.28	20:00:00	73.35	73.73	73.14	73.54	1904	0	5
2025.03.03	00:00:00	73.83	74.02	73.81	73.96	311	0	6
2025.03.03	04:00:00	73.97	74.09	73.38	73.47	908	0	5
2025.03.03	08:00:00	73.46	73.48	72.76	72.79	1899	0	5
2025.03.03	12:00:00	72.78	73.80	72.78	73.61	2160	0	5
2025.03.03	16:00:00	73.60	73.80	72.78	73.07	4767	0	5
2025.03.03	20:00:00	73.06	73.08	71.58	71.87	4136	0	5
2025.03.04	00:00:00	71.72	71.73	71.43	71.46	589	0	6
2025.03.04	04:00:00	71.47	71.69	71.29	71.39	1040	0	6
2025.03.04	08:00:00	71.40	71.54	70.89	70.96	2331	0	5
2025.03.04	12:00:00	70.95	71.32	70.57	70.84	2982	0	5
2025.03.04	16:00:00	70.85	71.28	70.14	71.23	5599	0	5
2025.03.04	20:00:00	71.23	71.69	71.13	71.48	2618	0	5
2025.03.05	00:00:00	71.36	71.43	71.21	71.27	609	0	6
2025.03.05	04:00:00	71.31	71.35	70.98	71.18	1142	0	5
2025.03.05	08:00:00	71.19	71.54	70.86	70.88	2446	0	5
2025.03.05	12:00:00	70.89	70.93	70.10	70.10	3034	0	5
2025.03.05	16:00:00	70.09	70.14	68.69	69.59	5941	0	5
2025.03.05	20:00:00	69.60	69.84	69.36	69.72	2433	0	5
2025.03.06	00:00:00	69.81	70.12	69.77	70.09	426	0	5
2025.03.06	04:00:00	70.09	70.20	69.82	69.85	796	0	5
2025.03.06	08:00:00	69.86	70.24	69.43	69.88	2360	0	5
2025.03.06	12:00:00	69.90	70.21	69.56	69.81	2889	0	5
2025.03.06	16:00:00	69.85	70.20	69.09	69.74	6328	0	5
2025.03.06	20:00:00	69.74	70.04	69.69	69.75	2655	0	5
2025.03.07	00:00:00	69.73	69.97	69.64	69.89	397	0	6
2025.03.07	04:00:00	69.88	70.06	69.78	69.86	743	0	5
2025.03.07	08:00:00	69.87	70.78	69.81	70.76	2128	0	5
2025.03.07	12:00:00	70.77	71.10	70.60	70.61	2685	0	5
2025.03.07	16:00:00	70.60	71.74	70.42	70.57	6454	0	5
2025.03.07	20:00:00	70.58	70.96	70.38	70.74	1956	0	5
2025.03.10	00:00:00	70.16	70.50	70.14	70.35	706	0	6
2025.03.10	04:00:00	70.34	70.44	70.14	70.26	1001	0	6
2025.03.10	08:00:00	70.27	70.96	70.19	70.81	2381	0	5
2025.03.10	12:00:00	70.82	71.16	70.18	70.22	3069	0	5
2025.03.10	16:00:00	70.21	70.37	69.51	69.59	4465	0	5
2025.03.10	20:00:00	69.58	69.64	69.35	69.49	1281	0	5
2025.03.11	00:00:00	69.27	69.43	68.90	69.36	1021	0	6
2025.03.11	04:00:00	69.35	69.67	69.31	69.61	1040	0	5
2025.03.11	08:00:00	69.62	70.11	69.56	69.99	2073	0	5
2025.03.11	12:00:00	69.98	70.70	69.97	70.46	2964	0	5
2025.03.11	16:00:00	70.42	70.57	69.79	69.83	4455	0	5
2025.03.11	20:00:00	69.82	70.27	69.63	70.17	1676	0	5
2025.03.12	00:00:00	70.23	70.29	70.03	70.22	543	0	6
2025.03.12	04:00:00	70.23	70.39	70.16	70.18	685	0	6
2025.03.12	08:00:00	70.19	70.31	69.74	70.29	1991	0	6
2025.03.12	12:00:00	70.30	70.97	70.27	70.76	3002	0	5
2025.03.12	16:00:00	70.74	71.37	70.70	71.17	3852	0	5
2025.03.12	20:00:00	71.15	71.31	71.13	71.24	874	0	5
2025.03.13	00:00:00	71.15	71.23	71.05	71.07	522	0	6
2025.03.13	04:00:00	71.08	71.35	71.04	71.05	735	0	6
2025.03.13	08:00:00	71.06	71.50	70.82	70.82	2155	0	6
2025.03.13	12:00:00	70.83	71.14	70.53	70.63	2697	0	5
2025.03.13	16:00:00	70.62	70.88	69.98	70.00	4552	0	5
2025.03.13	20:00:00	69.99	70.35	69.95	70.32	1281	0	5
2025.03.14	00:00:00	70.35	70.43	70.21	70.42	556	0	6
2025.03.14	04:00:00	70.43	70.68	70.39	70.62	696	0	5
2025.03.14	08:00:00	70.61	70.98	70.51	70.87	1660	0	5
2025.03.14	12:00:00	70.86	70.88	70.20	70.55	2711	0	5
2025.03.14	16:00:00	70.53	70.88	70.18	70.69	3131	0	5
2025.03.14	20:00:00	70.70	70.88	70.70	70.82	670	0	5
2025.03.17	00:00:00	71.22	71.99	71.22	71.55	974	0	5
2025.03.17	04:00:00	71.54	71.56	71.13	71.25	861	0	6
2025.03.17	08:00:00	71.23	71.56	71.15	71.49	1762	0	6
2025.03.17	12:00:00	71.50	71.79	71.32	71.47	2218	0	6
2025.03.17	16:00:00	71.48	71.49	70.89	71.42	3350	0	5
2025.03.17	20:00:00	71.42	71.52	71.17	71.18	1037	0	5
2025.03.18	00:00:00	71.10	71.42	71.08	71.40	556	0	6
2025.03.18	04:00:00	71.40	71.65	71.35	71.65	664	0	6
2025.03.18	08:00:00	71.64	72.31	71.58	72.28	1517	0	5
2025.03.18	12:00:00	72.27	72.37	71.64	71.67	2437	0	5
2025.03.18	16:00:00	71.66	71.67	70.54	70.82	4056	0	5
2025.03.18	20:00:00	70.81	70.93	70.46	70.56	1200	0	5
2025.03.19	00:00:00	70.59	70.65	70.40	70.41	644	0	6
2025.03.19	04:00:00	70.42	70.60	70.37	70.40	758	0	6
2025.03.19	08:00:00	70.41	70.59	70.06	70.34	1853	0	5
2025.03.19	12:00:00	70.33	70.88	70.31	70.72	2243	0	5
2025.03.19	16:00:00	70.73	71.40	70.65	71.01	3420	0	5
2025.03.19	20:00:00	71.01	71.13	70.77	71.08	1281	0	5
2025.03.20	00:00:00	71.07	71.30	71.02	71.19	506	0	6
2025.03.20	04:00:00	71.20	71.37	71.18	71.28	647	0	6
2025.03.20	08:00:00	71.27	71.55	71.04	71.08	1553	0	6
2025.03.20	12:00:00	71.07	71.25	70.68	70.92	2480	0	6
2025.03.20	16:00:00	70.91	72.27	70.90	72.13	3583	0	5
2025.03.20	20:00:00	72.12	72.45	72.06	72.44	828	0	5
2025.03.21	00:00:00	72.51	72.63	72.41	72.43	591	0	6
2025.03.21	04:00:00	72.44	72.48	72.26	72.39	668	0	5
2025.03.21	08:00:00	72.40	72.48	71.90	71.98	1861	0	5
2025.03.21	12:00:00	71.99	72.02	71.65	71.82	2606	0	5
2025.03.21	16:00:00	71.81	72.38	71.81	72.25	2998	0	5
2025.03.21	20:00:00	72.24	72.37	72.17	72.20	558	0	5
2025.03.24	00:00:00	72.33	72.38	71.90	71.92	564	0	5
2025.03.24	04:00:00	71.91	72.13	71.89	72.09	667	0	5
2025.03.24	08:00:00	72.09	72.54	72.01	72.52	1720	0	5
2025.03.24	12:00:00	72.51	72.86	72.23	72.60	2085	0	5
2025.03.24	16:00:00	72.61	73.22	72.43	72.89	3056	0	5
2025.03.24	20:00:00	72.90	73.19	72.83	73.07	868	0	5
2025.03.25	00:00:00	73.06	73.10	72.93	72.95	406	0	6
2025.03.25	04:00:00	72.96	73.11	72.94	73.01	538	0	6
2025.03.25	08:00:00	73.00	73.46	72.76	73.45	1314	0	5
2025.03.25	12:00:00	73.46	73.54	73.28	73.48	1592	0	5
2025.03.25	16:00:00	73.47	73.50	72.51	72.87	3292	0	5
2025.03.25	20:00:00	72.86	73.24	72.84	73.19	817	0	5
2025.03.26	00:00:00	73.24	73.35	73.17	73.33	313	0	6
2025.03.26	04:00:00	73.32	73.35	73.12	73.25	529	0	6
2025.03.26	08:00:00	73.26	73.53	73.09	73.49	1397	0	6
2025.03.26	12:00:00	73.47	73.86	73.40	73.81	1916	0	5
2025.03.26	16:00:00	73.81	74.11	73.51	73.56	2687	0	5
2025.03.26	20:00:00	73.55	73.97	73.53	73.95	764	0	5
2025.03.27	00:00:00	73.77	73.84	73.68	73.74	438	0	6
2025.03.27	04:00:00	73.75	73.83	73.59	73.59	460	0	6
2025.03.27	08:00:00	73.61	73.63	73.23	73.42	1566	0	5
2025.03.27	12:00:00	73.41	73.67	73.13	73.56	2158	0	5
2025.03.27	16:00:00	73.55	73.89	73.36	73.80	2877	0	5
2025.03.27	20:00:00	73.78	73.97	73.75	73.95	683	0	5
2025.03.28	00:00:00	73.91	74.05	73.80	73.87	455	0	6
2025.03.28	04:00:00	73.86	74.00	73.61	73.70	808	0	5
2025.03.28	08:00:00	73.72	74.03	73.52	73.98	1257	0	5
2025.03.28	12:00:00	73.99	74.04	73.50	73.59	2029	0	5
2025.03.28	16:00:00	73.58	73.67	72.93	73.27	3501	0	5
2025.03.28	20:00:00	73.28	73.38	73.11	73.11	520	0	5
2025.03.31	00:00:00	73.37	73.43	72.80	72.86	366	0	5
2025.03.31	04:00:00	72.90	73.21	72.86	72.98	1345	0	6
2025.03.31	08:00:00	72.97	74.08	72.97	73.82	2182	0	5
2025.03.31	12:00:00	73.84	73.85	73.33	73.71	1844	0	5
2025.03.31	16:00:00	73.69	75.58	73.44	75.47	3857	0	5
2025.03.31	20:00:00	75.46	75.46	75.22	75.23	1360	0	5
2025.04.01	00:00:00	75.24	75.30	75.13	75.22	183	0	5
2025.04.01	04:00:00	75.25	75.54	75.17	75.49	997	0	5
2025.04.01	08:00:00	75.48	75.54	74.93	75.10	1843	0	5
2025.04.01	12:00:00	75.09	75.80	75.05	75.28	2036	0	5
2025.04.01	16:00:00	75.31	75.80	75.06	75.10	4247	0	5
2025.04.01	20:00:00	75.09	75.16	74.85	74.97	1367	0	5
2025.04.02	00:00:00	74.99	75.03	74.87	74.92	262	0	6
2025.04.02	04:00:00	74.93	75.11	74.84	74.99	877	0	5
2025.04.02	08:00:00	75.00	75.03	74.45	74.91	1762	0	6
2025.04.02	12:00:00	74.92	75.00	74.35	74.55	2032	0	6
2025.04.02	16:00:00	74.54	75.59	74.54	75.41	4694	0	5
2025.04.02	20:00:00	75.39	75.65	75.34	75.56	1595	0	5
2025.04.03	00:00:00	73.31	73.50	72.99	73.48	1024	0	5
2025.04.03	04:00:00	73.49	73.87	73.18	73.79	2451	0	5
2025.04.03	08:00:00	73.78	73.78	72.74	72.79	3237	0	5
2025.04.03	12:00:00	72.83	72.91	70.37	70.80	4635	0	5
2025.04.03	16:00:00	70.79	70.98	69.93	70.50	6501	0	5
2025.04.03	20:00:00	70.51	70.83	70.22	70.41	2154	0	5
2025.04.04	00:00:00	70.44	70.54	70.28	70.31	305	0	6
2025.04.04	04:00:00	70.30	70.36	69.71	69.76	1331	0	5
2025.04.04	08:00:00	69.77	70.07	67.99	68.01	3057	0	5
2025.04.04	12:00:00	68.00	68.61	64.58	65.68	9807	0	5
2025.04.04	16:00:00	65.66	67.14	64.43	65.94	9831	0	5
2025.04.04	20:00:00	65.95	66.90	65.57	66.73	3882	0	5
2025.04.07	00:00:00	63.83	64.03	63.37	63.98	997	0	6
2025.04.07	04:00:00	63.97	64.84	63.86	64.20	4714	0	5
2025.04.07	08:00:00	64.21	64.79	62.85	63.40	7155	0	5
2025.04.07	12:00:00	63.37	65.17	63.09	64.89	7917	0	5
2025.04.07	16:00:00	64.86	67.78	63.91	64.63	13142	0	5
2025.04.07	20:00:00	64.66	65.45	64.44	64.72	6414	0	5
2025.04.08	00:00:00	64.88	65.41	64.78	65.02	750	0	5
2025.04.08	04:00:00	65.01	65.53	64.82	65.53	2811	0	5
2025.04.08	08:00:00	65.54	65.54	64.00	64.73	5050	0	5
2025.04.08	12:00:00	64.72	65.09	64.43	64.90	5154	0	5
2025.04.08	16:00:00	64.87	65.47	63.29	63.43	9759	0	5
2025.04.08	20:00:00	63.45	63.92	61.68	62.19	6825	0	5
2025.04.09	00:00:00	61.53	61.73	60.48	60.54	990	0	6
2025.04.09	04:00:00	60.57	61.45	60.46	60.69	4420	0	6
2025.04.09	08:00:00	60.68	61.81	60.43	61.22	6598	0	6
2025.04.09	12:00:00	61.24	61.53	58.69	59.62	8504	0	6
2025.04.09	16:00:00	59.61	61.40	59.60	60.81	10160	0	5
2025.04.09	20:00:00	60.82	66.34	60.05	65.88	8419	0	5
2025.04.10	00:00:00	66.26	66.39	65.51	65.61	746	0	5
2025.04.10	04:00:00	65.62	65.69	64.79	65.06	3307	0	5
2025.04.10	08:00:00	65.08	65.59	63.62	63.67	5461	0	5
2025.04.10	12:00:00	63.68	64.44	63.48	63.65	5074	0	6
2025.04.10	16:00:00	63.63	64.04	62.30	63.12	10186	0	5
2025.04.10	20:00:00	63.11	64.06	62.78	63.94	5620	0	5
2025.04.11	00:00:00	63.34	63.64	63.22	63.41	980	0	6
2025.04.11	04:00:00	63.42	63.58	63.05	63.44	3057	0	6
2025.04.11	08:00:00	63.45	64.66	63.38	63.70	5367	0	5
2025.04.11	12:00:00	63.68	64.20	63.12	63.57	5736	0	6
2025.04.11	16:00:00	63.59	64.62	63.11	64.61	8295	0	5
2025.04.11	20:00:00	64.62	65.35	64.56	65.06	3487	0	5
2025.04.14	00:00:00	64.81	65.19	64.81	64.97	384	0	5
2025.04.14	04:00:00	64.94	64.99	64.65	64.83	1702	0	6
2025.04.14	08:00:00	64.84	65.49	64.77	65.48	2562	0	5
2025.04.14	12:00:00	65.47	66.13	65.33	65.87	2360	0	5
2025.04.14	16:00:00	65.83	65.83	64.28	64.51	5805	0	5
2025.04.14	20:00:00	64.50	65.28	64.39	65.19	2205	0	5
2025.04.15	00:00:00	65.20	65.45	65.19	65.33	210	0	5
2025.04.15	04:00:00	65.31	65.36	65.10	65.31	865	0	6
2025.04.15	08:00:00	65.32	65.62	64.84	65.03	2291	0	5
2025.04.15	12:00:00	65.02	65.17	64.47	64.60	2627	0	6
2025.04.15	16:00:00	64.61	65.39	64.44	64.74	5223	0	5
2025.04.15	20:00:00	64.75	65.16	64.69	65.06	1429	0	5
2025.04.16	00:00:00	65.01	65.05	64.88	64.95	225	0	6
2025.04.16	04:00:00	64.94	65.10	64.63	64.79	1166	0	6
2025.04.16	08:00:00	64.77	65.76	64.00	65.40	3846	0	5
2025.04.16	12:00:00	65.42	65.88	65.31	65.81	2674	0	5
2025.04.16	16:00:00	65.79	66.32	65.49	66.15	5042	0	5
2025.04.16	20:00:00	66.15	66.52	65.80	66.29	2625	0	5
2025.04.17	00:00:00	66.47	66.50	66.15	66.32	403	0	5
2025.04.17	04:00:00	66.33	66.83	66.20	66.79	1328	0	6
2025.04.17	08:00:00	66.78	66.97	66.34	66.65	1921	0	6
2025.04.17	12:00:00	66.64	67.12	66.39	66.95	2601	0	6
2025.04.17	16:00:00	66.92	68.32	66.64	68.26	5081	0	5
2025.04.17	20:00:00	68.26	68.34	67.71	67.79	2115	0	5
2025.04.21	00:00:00	67.22	67.51	67.15	67.19	318	0	6
2025.04.21	04:00:00	67.20	67.22	66.76	66.93	1670	0	6
2025.04.21	08:00:00	66.94	67.27	66.59	66.66	1737	0	6
2025.04.21	12:00:00	66.67	66.69	66.15	66.54	1892	0	5
2025.04.21	16:00:00	66.53	66.60	65.81	66.10	5051	0	5
2025.04.21	20:00:00	66.09	66.84	66.04	66.81	1766	0	5
2025.04.22	00:00:00	66.93	67.07	66.83	66.92	264	0	6
2025.04.22	04:00:00	66.90	67.17	66.66	66.77	1387	0	5
2025.04.22	08:00:00	66.76	67.50	66.67	67.20	2361	0	5
2025.04.22	12:00:00	67.21	67.47	67.03	67.22	2081	0	6
2025.04.22	16:00:00	67.23	68.16	66.79	68.09	4436	0	5
2025.04.22	20:00:00	68.09	68.11	67.32	67.41	2541	0	5
2025.04.23	00:00:00	68.10	68.27	67.91	68.22	440	0	6
2025.04.23	04:00:00	68.21	68.22	67.79	68.12	1240	0	6
2025.04.23	08:00:00	68.13	68.75	68.10	68.61	2063	0	6
2025.04.23	12:00:00	68.63	68.69	66.50	67.09	3469	0	5
2025.04.23	16:00:00	67.09	67.79	65.44	66.05	7757	0	5
2025.04.23	20:00:00	66.06	66.36	65.67	66.25	2430	0	5
2025.04.24	00:00:00	66.24	66.35	66.03	66.25	271	0	5
2025.04.24	04:00:00	66.27	66.47	66.14	66.27	1240	0	5
2025.04.24	08:00:00	66.26	66.91	66.09	66.51	2206	0	5
2025.04.24	12:00:00	66.52	67.16	66.26	66.80	2701	0	5
2025.04.24	16:00:00	66.81	67.12	65.99	66.79	5845	0	5
2025.04.24	20:00:00	66.79	66.85	66.46	66.59	1629	0	5
2025.04.25	00:00:00	66.70	66.98	66.68	66.90	221	0	5
2025.04.25	04:00:00	66.91	67.22	66.67	67.18	1192	0	6
2025.04.25	08:00:00	67.19	67.19	66.44	66.62	2336	0	5
2025.04.25	12:00:00	66.61	66.70	65.66	65.79	3310	0	5
2025.04.25	16:00:00	65.81	66.87	65.72	66.81	4450	0	5
2025.04.25	20:00:00	66.80	67.11	66.52	66.99	2252	0	5
2025.04.28	00:00:00	66.85	66.96	66.78	66.85	385	0	5
2025.04.28	04:00:00	66.87	67.08	66.57	66.99	1551	0	5
2025.04.28	08:00:00	67.00	67.19	66.59	66.61	2014	0	5
2025.04.28	12:00:00	66.62	66.71	66.28	66.57	2276	0	5
2025.04.28	16:00:00	66.56	66.76	65.20	65.27	5588	0	5
2025.04.28	20:00:00	65.26	65.75	65.15	65.64	1633	0	5
2025.04.29	00:00:00	65.58	65.61	65.41	65.48	258	0	6
2025.04.29	04:00:00	65.47	65.71	65.14	65.17	1469	0	5
2025.04.29	08:00:00	65.19	65.22	64.50	64.51	2446	0	5
2025.04.29	12:00:00	64.52	65.03	64.30	64.42	3133	0	5
2025.04.29	16:00:00	64.44	64.76	63.96	64.01	5317	0	5
2025.04.29	20:00:00	64.02	64.38	63.98	64.01	1982	0	5
2025.04.30	00:00:00	64.02	64.05	63.91	63.96	180	0	6
2025.04.30	04:00:00	63.95	64.17	63.31	63.40	1579	0	5
2025.04.30	08:00:00	63.41	63.55	62.94	63.14	2295	0	6
2025.04.30	12:00:00	63.15	63.83	63.14	63.26	2932	0	6
2025.04.30	16:00:00	63.22	63.67	61.57	61.67	7540	0	5
2025.04.30	20:00:00	61.66	62.68	61.65	61.82	3040	0	5
2025.05.01	00:00:00	62.02	62.11	61.89	61.94	361	0	6
2025.05.01	04:00:00	61.92	62.01	61.69	61.81	1004	0	6
2025.05.01	08:00:00	61.82	61.96	60.68	60.90	2120	0	6
2025.05.01	12:00:00	60.92	61.45	60.07	61.30	3479	0	6
2025.05.01	16:00:00	61.26	62.59	61.15	61.89	6910	0	5
2025.05.01	20:00:00	61.91	63.17	61.86	62.71	3122	0	5
2025.05.02	00:00:00	62.64	63.14	62.64	63.13	459	0	6
2025.05.02	04:00:00	63.14	63.49	63.12	63.33	1155	0	6
2025.05.02	08:00:00	63.35	63.35	62.51	62.53	2377	0	6
2025.05.02	12:00:00	62.52	62.88	62.19	62.86	3020	0	6
2025.05.02	16:00:00	62.83	62.97	61.43	61.76	6422	0	5
2025.05.02	20:00:00	61.75	62.33	61.57	62.31	2279	0	5
2025.05.05	00:00:00	59.64	60.01	59.50	59.77	458	0	6
2025.05.05	04:00:00	59.78	60.10	59.64	59.71	1615	0	6
2025.05.05	08:00:00	59.72	60.91	59.72	60.72	2869	0	6
2025.05.05	12:00:00	60.71	61.45	60.60	61.03	2894	0	6
2025.05.05	16:00:00	61.04	61.34	60.23	60.86	4999	0	5
2025.05.05	20:00:00	60.85	61.07	60.75	60.80	1755	0	5
2025.05.06	00:00:00	60.92	61.11	60.81	61.11	223	0	6
2025.05.06	04:00:00	61.10	61.90	61.10	61.87	2848	0	6
2025.05.06	08:00:00	61.86	62.43	61.73	62.39	2512	0	6
2025.05.06	12:00:00	62.40	62.66	62.01	62.41	2901	0	6
2025.05.06	16:00:00	62.42	63.45	62.32	62.78	4784	0	5
2025.05.06	20:00:00	62.79	63.13	62.66	62.80	1638	0	5
2025.05.07	00:00:00	63.28	63.37	63.14	63.36	392	0	6
2025.05.07	04:00:00	63.35	63.37	63.05	63.36	1687	0	6
2025.05.07	08:00:00	63.35	63.85	63.24	63.36	1924	0	6
2025.05.07	12:00:00	63.35	63.40	62.71	62.86	2505	0	6
2025.05.07	16:00:00	62.85	62.85	61.91	62.08	4568	0	5
2025.05.07	20:00:00	62.09	62.14	61.48	61.72	2138	0	5
2025.05.08	00:00:00	61.73	61.78	61.60	61.77	275	0	6
2025.05.08	04:00:00	61.75	62.24	61.74	62.11	1251	0	6
2025.05.08	08:00:00	62.10	62.34	61.74	62.33	2494	0	6
2025.05.08	12:00:00	62.34	62.79	62.20	62.42	2378	0	6
2025.05.08	16:00:00	62.41	63.56	62.34	63.52	4669	0	5
2025.05.08	20:00:00	63.51	63.60	63.37	63.55	1338	0	5
2025.05.09	00:00:00	63.65	63.65	63.47	63.50	266	0	6
2025.05.09	04:00:00	63.49	63.79	63.43	63.76	1483	0	6
2025.05.09	08:00:00	63.73	64.34	63.71	64.33	1811	0	5
2025.05.09	12:00:00	64.34	64.84	64.22	64.37	2066	0	5
2025.05.09	16:00:00	64.37	64.42	63.75	64.38	3881	0	5
2025.05.09	20:00:00	64.37	64.60	64.34	64.47	1239	0	5
2025.05.12	00:00:00	64.68	64.70	64.42	64.49	325	0	6
2025.05.12	04:00:00	64.52	64.84	64.39	64.84	1392	0	5
2025.05.12	08:00:00	64.84	66.82	64.78	66.06	3935	0	5
2025.05.12	12:00:00	66.05	66.90	66.05	66.73	2441	0	5
2025.05.12	16:00:00	66.74	66.76	65.52	65.74	3982	0	5
2025.05.12	20:00:00	65.71	65.74	65.19	65.32	1289	0	5
2025.05.13	00:00:00	65.36	65.38	65.15	65.19	194	0	5
2025.05.13	04:00:00	65.21	65.42	65.11	65.30	1126	0	5
2025.05.13	08:00:00	65.31	65.82	65.18	65.72	2139	0	5
2025.05.13	12:00:00	65.71	66.30	65.54	66.28	2005	0	5
2025.05.13	16:00:00	66.29	67.31	65.94	67.28	3622	0	5
2025.05.13	20:00:00	67.26	67.31	67.03	67.04	1201	0	5
2025.05.14	00:00:00	67.04	67.04	66.85	66.86	177	0	6
2025.05.14	04:00:00	66.87	66.91	66.60	66.70	1095	0	6
2025.05.14	08:00:00	66.69	67.06	66.62	66.80	1913	0	6
2025.05.14	12:00:00	66.79	66.91	66.19	66.47	1935	0	5
2025.05.14	16:00:00	66.50	66.97	66.39	66.80	3535	0	5
2025.05.14	20:00:00	66.79	66.89	66.20	66.20	1159	0	5
2025.05.15	00:00:00	65.72	65.76	65.49	65.53	360	0	5
2025.05.15	04:00:00	65.54	65.74	64.76	65.05	1903	0	5
2025.05.15	08:00:00	65.04	65.11	63.95	64.04	3490	0	5
2025.05.15	12:00:00	64.05	64.77	63.86	64.74	2666	0	5
2025.05.15	16:00:00	64.76	65.30	64.49	64.97	4766	0	5
2025.05.15	20:00:00	64.98	65.17	64.85	65.14	1415	0	5
2025.05.16	00:00:00	65.10	65.13	64.89	64.89	198	0	6
2025.05.16	04:00:00	64.90	65.63	64.84	65.26	1380	0	5
2025.05.16	08:00:00	65.25	65.26	64.57	64.70	2531	0	5
2025.05.16	12:00:00	64.69	65.37	64.62	65.32	2248	0	5
2025.05.16	16:00:00	65.31	65.95	64.97	65.79	3229	0	5
2025.05.16	20:00:00	65.78	65.95	65.65	65.66	1164	0	5
2025.05.19	00:00:00	65.81	65.81	65.67	65.71	312	0	5
2025.05.19	04:00:00	65.73	65.79	65.35	65.38	1546	0	5
2025.05.19	08:00:00	65.39	65.45	65.09	65.30	1998	0	6
2025.05.19	12:00:00	65.31	65.62	64.75	65.59	1914	0	5
2025.05.19	16:00:00	65.58	66.33	65.24	65.86	3814	0	5
2025.05.19	20:00:00	65.85	65.95	65.27	65.84	1908	0	5
2025.05.20	00:00:00	65.85	66.01	65.84	65.84	212	0	6
2025.05.20	04:00:00	65.82	65.91	65.58	65.59	1255	0	6
2025.05.20	08:00:00	65.60	66.28	65.29	65.73	2387	0	5
2025.05.20	12:00:00	65.76	65.87	65.42	65.65	2086	0	5
2025.05.20	16:00:00	65.67	65.99	65.17	65.91	3525	0	5
2025.05.20	20:00:00	65.92	66.03	65.57	65.95	1432	0	5
2025.05.21	00:00:00	66.51	66.70	66.41	66.54	695	0	5
2025.05.21	04:00:00	66.53	66.89	66.36	66.71	1601	0	5
2025.05.21	08:00:00	66.73	66.77	66.21	66.42	2259	0	5
2025.05.21	12:00:00	66.41	66.72	66.03	66.40	2151	0	5
2025.05.21	16:00:00	66.42	66.42	64.93	65.52	4221	0	5
2025.05.21	20:00:00	65.51	65.66	64.88	64.89	2170	0	5
2025.05.22	00:00:00	64.92	64.94	64.74	64.81	296	0	5
2025.05.22	04:00:00	64.80	65.19	64.69	65.16	1290	0	5
2025.05.22	08:00:00	65.17	65.26	63.90	64.34	3269	0	5
2025.05.22	12:00:00	64.35	64.46	63.76	64.04	2970	0	6
2025.05.22	16:00:00	64.06	64.67	63.96	64.63	4417	0	5
2025.05.22	20:00:00	64.60	64.77	64.37	64.39	1347	0	5
2025.05.23	00:00:00	64.22	64.37	64.19	64.35	240	0	6
2025.05.23	04:00:00	64.34	64.42	64.11	64.21	965	0	5
2025.05.23	08:00:00	64.22	64.40	64.03	64.17	2246	0	6
2025.05.23	12:00:00	64.16	64.85	63.51	63.87	3707	0	5
2025.05.23	16:00:00	63.86	65.22	63.69	64.84	5196	0	5
2025.05.23	20:00:00	64.84	65.21	64.78	65.05	1541	0	5
2025.05.26	00:00:00	65.29	65.41	65.14	65.14	362	0	5
2025.05.26	04:00:00	65.13	65.22	64.89	65.15	1369	0	5
2025.05.26	08:00:00	65.14	65.39	64.94	65.20	1716	0	5
2025.05.26	12:00:00	65.24	65.30	64.66	64.85	1305	0	6
2025.05.26	16:00:00	64.86	65.02	64.61	64.84	1696	0	5
2025.05.26	20:00:00	64.84	64.90	64.80	64.89	97	0	5
2025.05.27	00:00:00	64.79	65.03	64.68	65.02	238	0	6
2025.05.27	04:00:00	65.00	65.05	64.54	64.57	1090	0	5
2025.05.27	08:00:00	64.58	65.04	64.41	64.91	2323	0	5
2025.05.27	12:00:00	64.90	65.18	64.33	64.59	2307	0	5
2025.05.27	16:00:00	64.57	64.67	63.64	64.10	4066	0	5
2025.05.27	20:00:00	64.09	64.36	63.93	64.36	1359	0	5
2025.05.28	00:00:00	64.55	64.74	64.55	64.67	187	0	6
2025.05.28	04:00:00	64.65	64.74	64.47	64.52	960	0	5
2025.05.28	08:00:00	64.54	64.69	64.17	64.34	1746	0	5
2025.05.28	12:00:00	64.31	65.06	64.28	65.04	1572	0	5
2025.05.28	16:00:00	65.03	65.72	64.84	65.30	3828	0	5
2025.05.28	20:00:00	65.31	65.34	64.64	64.71	1225	0	5
2025.05.29	00:00:00	65.35	65.64	65.28	65.64	523	0	6
2025.05.29	04:00:00	65.63	65.85	65.51	65.85	1433	0	5
2025.05.29	08:00:00	65.84	66.14	65.56	65.64	1786	0	5
2025.05.29	12:00:00	65.65	65.85	64.59	64.68	2222	0	5
2025.05.29	16:00:00	64.69	64.79	63.77	63.99	4231	0	5
2025.05.29	20:00:00	64.00	64.10	63.88	63.99	1213	0	5
2025.05.30	00:00:00	63.93	64.01	63.75	63.83	216	0	6
2025.05.30	04:00:00	63.82	63.83	63.55	63.74	1271	0	6
2025.05.30	08:00:00	63.73	64.31	63.59	64.29	1965	0	5
2025.05.30	12:00:00	64.28	64.71	62.97	63.20	2929	0	5
2025.05.30	16:00:00	63.17	63.81	62.71	63.03	5039	0	5
2025.05.30	20:00:00	63.02	63.58	63.00	63.34	2230	0	5
2025.06.02	00:00:00	64.45	64.67	64.41	64.67	369	0	6
2025.06.02	04:00:00	64.66	65.06	64.61	64.78	1325	0	5
2025.06.02	08:00:00	64.79	65.30	64.64	65.25	2603	0	5
2025.06.02	12:00:00	65.26	66.11	65.07	65.94	2594	0	5
2025.06.02	16:00:00	65.95	66.28	65.07	65.66	4654	0	5
2025.06.02	20:00:00	65.67	65.70	64.94	65.70	1821	0	5
2025.06.03	00:00:00	65.74	65.81	65.56	65.56	244	0	6
2025.06.03	04:00:00	65.58	65.89	65.35	65.38	1817	0	5
2025.06.03	08:00:00	65.40	65.78	65.24	65.35	1952	0	5
2025.06.03	12:00:00	65.34	66.02	65.06	65.76	2144	0	5
2025.06.03	16:00:00	65.78	66.45	65.51	66.36	3483	0	5
2025.06.03	20:00:00	66.37	66.51	66.05	66.13	1347	0	5
2025.06.04	00:00:00	66.05	66.12	65.99	66.03	216	0	6
2025.06.04	04:00:00	66.02	66.15	65.89	65.90	894	0	6
2025.06.04	08:00:00	65.89	66.33	65.85	66.03	1492	0	5
2025.06.04	12:00:00	66.02	66.48	65.66	65.79	1815	0	5
2025.06.04	16:00:00	65.81	66.49	64.80	65.24	5518	0	5
2025.06.04	20:00:00	65.23	65.61	65.22	65.43	1379	0	5
2025.06.05	00:00:00	65.27	65.32	65.14	65.25	137	0	6
2025.06.05	04:00:00	65.23	65.43	65.14	65.23	649	0	6
2025.06.05	08:00:00	65.22	65.76	65.18	65.65	1279	0	5
2025.06.05	12:00:00	65.64	66.13	65.41	66.10	1701	0	5
2025.06.05	16:00:00	66.12	66.36	65.73	65.77	3532	0	5
2025.06.05	20:00:00	65.77	65.93	65.72	65.81	1194	0	5
2025.06.06	00:00:00	65.73	65.78	65.66	65.77	166	0	6
2025.06.06	04:00:00	65.76	65.79	65.59	65.65	716	0	6
2025.06.06	08:00:00	65.64	65.79	65.31	65.64	1421	0	6
2025.06.06	12:00:00	65.63	66.15	65.47	66.11	1537	0	5
2025.06.06	16:00:00	66.12	67.17	66.00	66.98	3664	0	5
2025.06.06	20:00:00	66.98	67.12	66.77	66.99	1033	0	5
2025.06.09	00:00:00	66.91	66.95	66.84	66.87	162	0	6
2025.06.09	04:00:00	66.86	66.93	66.79	66.84	978	0	5
2025.06.09	08:00:00	66.85	67.03	66.51	66.96	1395	0	5
2025.06.09	12:00:00	66.97	67.45	66.93	67.30	1282	0	6
2025.06.09	16:00:00	67.31	67.51	66.75	67.20	2817	0	5
2025.06.09	20:00:00	67.20	67.57	67.09	67.47	959	0	5
2025.06.10	00:00:00	67.53	67.61	67.50	67.57	150	0	6
2025.06.10	04:00:00	67.58	67.81	67.51	67.64	976	0	5
2025.06.10	08:00:00	67.63	67.72	67.37	67.67	1868	0	5
2025.06.10	12:00:00	67.68	67.98	67.53	67.67	1482	0	5
2025.06.10	16:00:00	67.70	68.41	67.60	67.69	3113	0	5
2025.06.10	20:00:00	67.68	67.70	66.90	67.16	1654	0	5
2025.06.11	00:00:00	67.01	67.02	66.87	66.95	218	0	6
2025.06.11	04:00:00	66.97	67.19	66.95	67.17	1033	0	5
2025.06.11	08:00:00	67.19	67.48	67.08	67.32	1593	0	5
2025.06.11	12:00:00	67.31	68.57	66.90	68.45	3071	0	5
2025.06.11	16:00:00	68.44	68.85	68.15	68.76	3822	0	5
2025.06.11	20:00:00	68.75	70.38	68.68	69.93	3370	0	5
2025.06.12	00:00:00	70.60	70.64	70.10	70.16	925	0	6
2025.06.12	04:00:00	70.15	70.28	69.61	69.87	2352	0	5
2025.06.12	08:00:00	69.86	69.91	69.22	69.50	2775	0	5
2025.06.12	12:00:00	69.49	69.53	68.75	69.19	2730	0	5
2025.06.12	16:00:00	69.18	70.23	68.96	69.95	5735	0	5
2025.06.12	20:00:00	69.96	70.14	69.63	70.00	1898	0	5
2025.06.13	00:00:00	71.24	75.69	71.13	74.85	3177	0	5
2025.06.13	04:00:00	74.83	78.91	74.25	75.12	9219	0	5
2025.06.13	08:00:00	75.13	75.83	72.58	74.59	7902	0	5
2025.06.13	12:00:00	74.57	76.06	74.05	75.26	6798	0	5
2025.06.13	16:00:00	75.25	75.39	73.32	73.89	8312	0	5
2025.06.13	20:00:00	73.91	75.60	73.85	74.62	5309	0	5
2025.06.16	00:00:00	75.74	75.82	75.16	75.34	773	0	6
2025.06.16	04:00:00	75.33	75.57	74.53	75.23	3157	0	5
2025.06.16	08:00:00	75.22	75.32	73.91	73.96	4383	0	5
2025.06.16	12:00:00	73.97	74.35	72.95	73.22	4216	0	5
2025.06.16	16:00:00	73.21	74.01	71.02	73.46	8660	0	5
2025.06.16	20:00:00	73.48	73.65	72.89	73.20	3020	0	5
2025.06.17	00:00:00	75.12	75.13	73.85	73.96	1486	0	5
2025.06.17	04:00:00	73.97	75.04	73.44	74.11	4205	0	5
2025.06.17	08:00:00	74.12	74.78	72.95	74.54	4441	0	5
2025.06.17	12:00:00	74.55	75.30	74.21	74.84	4181	0	5
2025.06.17	16:00:00	74.81	76.14	74.36	75.69	7723	0	5
2025.06.17	20:00:00	75.68	77.21	75.58	76.78	3369	0	5
2025.06.18	00:00:00	77.17	77.17	76.72	76.98	704	0	5
2025.06.18	04:00:00	76.96	77.18	76.54	76.79	2346	0	5
2025.06.18	08:00:00	76.80	76.86	75.77	75.84	4810	0	5
2025.06.18	12:00:00	75.85	77.22	75.59	76.96	4894	0	5
2025.06.18	16:00:00	76.97	77.74	74.73	76.27	8955	0	5
2025.06.18	20:00:00	76.26	77.36	75.68	76.61	3946	0	5
2025.06.19	00:00:00	76.64	76.80	76.15	76.20	434	0	5
2025.06.19	04:00:00	76.19	77.04	75.94	76.83	2061	0	5
2025.06.19	08:00:00	76.82	77.92	76.80	77.21	4148	0	5
2025.06.19	12:00:00	77.21	78.08	76.85	77.86	3539	0	5
2025.06.19	16:00:00	77.84	79.30	77.74	79.13	6372	0	5
2025.06.19	20:00:00	79.14	79.14	78.64	79.02	580	0	5
2025.06.20	00:00:00	77.61	77.64	77.19	77.62	848	0	6
2025.06.20	04:00:00	77.65	77.75	76.96	77.43	2623	0	6
2025.06.20	08:00:00	77.42	77.74	76.51	77.38	4266	0	6
2025.06.20	12:00:00	77.36	77.70	75.80	76.65	4497	0	5
2025.06.20	16:00:00	76.72	77.17	76.24	76.93	6332	0	5
2025.06.20	20:00:00	76.93	77.57	76.57	77.47	2997	0	5
2025.06.23	00:00:00	79.09	79.51	78.98	79.28	878	0	5
2025.06.23	04:00:00	79.27	79.43	78.24	78.24	3391	0	5
2025.06.23	08:00:00	78.23	78.54	76.52	77.11	4817	0	5
2025.06.23	12:00:00	77.12	78.28	76.74	77.13	4214	0	5
2025.06.23	16:00:00	77.15	77.83	75.12	75.70	8587	0	5
2025.06.23	20:00:00	75.71	75.74	71.44	71.48	6887	0	5
2025.06.24	00:00:00	68.87	69.99	68.84	69.52	1543	0	5
2025.06.24	04:00:00	69.49	70.84	69.49	70.22	4481	0	5
2025.06.24	08:00:00	70.24	70.32	68.15	69.60	6436	0	5
2025.06.24	12:00:00	69.59	70.18	68.75	69.18	4803	0	5
2025.06.24	16:00:00	69.17	69.73	67.33	67.51	7231	0	5
2025.06.24	20:00:00	67.50	68.30	67.50	68.14	2469	0	5
2025.06.25	00:00:00	68.28	68.36	68.18	68.22	238	0	6
2025.06.25	04:00:00	68.27	68.53	68.24	68.31	1504	0	6
2025.06.25	08:00:00	68.32	68.80	68.19	68.40	2824	0	6
2025.06.25	12:00:00	68.39	68.44	67.57	68.08	2655	0	6
2025.06.25	16:00:00	68.04	68.87	67.77	68.54	5327	0	5
2025.06.25	20:00:00	68.55	68.67	67.74	68.04	2161	0	5
2025.06.26	00:00:00	67.86	67.98	67.72	67.93	172	0	5
2025.06.26	04:00:00	67.94	68.25	67.89	68.08	1137	0	5
2025.06.26	08:00:00	68.07	68.41	67.67	67.72	2154	0	5
2025.06.26	12:00:00	67.71	68.29	67.55	67.90	2596	0	5
2025.06.26	16:00:00	67.89	69.12	67.84	68.80	4826	0	5
2025.06.26	20:00:00	68.79	68.81	67.80	68.21	2235	0	5
2025.06.27	00:00:00	68.14	68.21	68.08	68.19	141	0	6
2025.06.27	04:00:00	68.20	68.48	68.20	68.38	1031	0	5
2025.06.27	08:00:00	68.39	68.61	68.29	68.53	2054	0	5
2025.06.27	12:00:00	68.55	68.59	68.00	68.20	1974	0	5
2025.06.27	16:00:00	68.24	68.59	67.41	67.86	4480	0	5
2025.06.27	20:00:00	67.85	68.25	67.69	67.74	1741	0	5
2025.06.30	00:00:00	67.32	67.36	67.09	67.24	223	0	5
2025.06.30	04:00:00	67.23	67.86	67.22	67.80	1288	0	5
2025.06.30	08:00:00	67.79	68.38	67.59	68.05	1845	0	5
2025.06.30	12:00:00	68.04	68.22	67.69	67.97	2140	0	5
2025.06.30	16:00:00	67.98	68.09	67.43	67.94	3842	0	5
2025.06.30	20:00:00	67.93	68.01	67.67	67.82	1357	0	5
2025.07.01	00:00:00	67.73	67.77	67.64	67.71	130	0	6
2025.07.01	04:00:00	67.73	67.75	67.48	67.58	661	0	6
2025.07.01	08:00:00	67.57	68.11	67.52	67.88	1857	0	5
2025.07.01	12:00:00	67.87	68.65	67.66	68.52	2145	0	5
2025.07.01	16:00:00	68.51	68.56	67.81	68.37	3955	0	5
2025.07.01	20:00:00	68.37	68.54	68.17	68.52	1188	0	5
2025.07.02	00:00:00	68.28	68.39	68.20	68.20	156	0	6
2025.07.02	04:00:00	68.22	68.36	68.17	68.31	643	0	5
2025.07.02	08:00:00	68.30	68.60	68.05	68.55	1788	0	5
2025.07.02	12:00:00	68.54	69.22	68.49	68.88	1792	0	5
2025.07.02	16:00:00	68.85	69.63	68.28	69.63	3941	0	5
2025.07.02	20:00:00	69.65	70.35	69.61	70.05	1940	0	5
2025.07.03	00:00:00	70.07	70.10	69.93	69.93	147	0	5
2025.07.03	04:00:00	69.95	69.95	69.51	69.72	980	0	5
2025.07.03	08:00:00	69.71	69.83	69.41	69.72	1942	0	6
2025.07.03	12:00:00	69.73	70.25	69.46	70.10	1873	0	5
2025.07.03	16:00:00	70.09	70.25	69.45	69.73	3949	0	5
2025.07.03	20:00:00	69.72	70.08	69.71	70.03	1316	0	5
2025.07.04	00:00:00	69.92	69.95	69.80	69.90	119	0	5
2025.07.04	04:00:00	69.89	69.94	69.47	69.71	704	0	5
2025.07.04	08:00:00	69.70	69.84	69.27	69.32	1673	0	5
2025.07.04	12:00:00	69.33	69.45	68.80	69.26	1714	0	5
2025.07.04	16:00:00	69.27	69.53	69.05	69.38	2269	0	5
2025.07.04	20:00:00	69.36	69.63	69.36	69.55	173	0	5
2025.07.07	00:00:00	68.58	68.64	68.26	68.64	351	0	5
2025.07.07	04:00:00	68.63	68.98	68.27	68.91	1291	0	5
2025.07.07	08:00:00	68.91	69.66	68.83	69.56	2182	0	5
2025.07.07	12:00:00	69.55	69.92	69.38	69.77	1902	0	5
2025.07.07	16:00:00	69.75	70.54	69.64	70.34	3862	0	5
2025.07.07	20:00:00	70.35	70.90	69.97	70.58	2083	0	5
2025.07.08	00:00:00	70.39	70.40	70.15	70.20	199	0	5
2025.07.08	04:00:00	70.19	70.32	69.97	70.17	978	0	6
2025.07.08	08:00:00	70.18	70.52	70.02	70.09	1926	0	6
2025.07.08	12:00:00	70.10	70.63	70.02	70.56	1650	0	5
2025.07.08	16:00:00	70.60	71.41	70.23	71.40	3592	0	5
2025.07.08	20:00:00	71.39	71.61	71.02	71.04	1486	0	5
2025.07.09	00:00:00	70.81	70.91	70.72	70.88	142	0	6
2025.07.09	04:00:00	70.89	70.97	70.77	70.85	931	0	5
2025.07.09	08:00:00	70.84	71.59	70.77	71.57	1528	0	5
2025.07.09	12:00:00	71.58	71.58	70.90	71.06	1882	0	5
2025.07.09	16:00:00	71.07	71.44	70.50	71.38	3925	0	5
2025.07.09	20:00:00	71.39	71.49	70.94	70.99	1176	0	5
2025.07.10	00:00:00	70.86	70.86	70.75	70.81	145	0	6
2025.07.10	04:00:00	70.82	71.18	70.82	71.16	644	0	5
2025.07.10	08:00:00	71.15	71.26	70.66	70.79	1779	0	5
2025.07.10	12:00:00	70.80	71.30	70.20	70.53	2397	0	5
2025.07.10	16:00:00	70.54	70.59	69.41	69.63	4167	0	5
2025.07.10	20:00:00	69.62	69.82	69.37	69.74	1349	0	5
2025.07.11	00:00:00	69.65	69.72	69.45	69.46	351	0	5
2025.07.11	04:00:00	69.45	69.94	69.44	69.50	969	0	5
2025.07.11	08:00:00	69.49	69.99	69.34	69.40	1902	0	5
2025.07.11	12:00:00	69.41	70.29	69.37	70.09	2146	0	5
2025.07.11	16:00:00	70.08	71.31	70.03	71.06	3461	0	5
2025.07.11	20:00:00	71.06	71.39	71.02	71.39	1276	0	5
2025.07.14	00:00:00	71.25	71.25	71.09	71.21	215	0	5
2025.07.14	04:00:00	71.20	71.27	71.04	71.24	906	0	5
2025.07.14	08:00:00	71.20	71.97	71.03	71.64	2072	0	5
2025.07.14	12:00:00	71.63	72.22	71.45	71.70	1937	0	5
2025.07.14	16:00:00	71.72	71.72	70.02	70.21	4592	0	5
2025.07.14	20:00:00	70.21	70.28	69.78	69.86	1520	0	5
2025.07.15	00:00:00	69.80	69.80	69.62	69.65	143	0	5
2025.07.15	04:00:00	69.66	69.77	69.44	69.53	989	0	5
2025.07.15	08:00:00	69.55	69.78	69.23	69.54	2044	0	5
2025.07.15	12:00:00	69.56	70.05	69.43	69.76	2380	0	5
2025.07.15	16:00:00	69.77	70.02	69.23	69.23	4139	0	5
2025.07.15	20:00:00	69.24	69.49	69.23	69.45	1235	0	5
2025.07.16	00:00:00	69.58	69.60	69.49	69.57	125	0	5
2025.07.16	04:00:00	69.56	69.68	69.40	69.45	628	0	5
2025.07.16	08:00:00	69.47	69.67	69.05	69.14	1409	0	5
2025.07.16	12:00:00	69.13	69.21	68.51	68.73	1827	0	5
2025.07.16	16:00:00	68.74	69.11	68.30	69.04	4564	0	5
2025.07.16	20:00:00	69.03	69.47	68.96	69.36	1729	0	5
2025.07.17	00:00:00	69.31	69.55	69.31	69.48	130	0	5
2025.07.17	04:00:00	69.46	69.57	69.28	69.32	712	0	5
2025.07.17	08:00:00	69.31	69.34	68.86	69.04	1452	0	5
2025.07.17	12:00:00	69.05	69.53	68.83	69.17	2047	0	5
2025.07.17	16:00:00	69.19	69.96	68.93	69.91	3574	0	5
2025.07.17	20:00:00	69.92	70.18	69.72	70.13	1237	0	5
2025.07.18	00:00:00	70.06	70.18	70.00	70.14	138	0	6
2025.07.18	04:00:00	70.15	70.43	69.93	70.35	965	0	6
2025.07.18	08:00:00	70.34	70.83	70.12	70.51	2278	0	5
2025.07.18	12:00:00	70.52	71.30	70.39	70.87	2459	0	5
2025.07.18	16:00:00	70.84	71.06	69.75	69.80	4514	0	5
2025.07.18	20:00:00	69.82	69.94	69.66	69.73	1197	0	5
2025.07.21	00:00:00	69.74	69.84	69.65	69.78	139	0	6
2025.07.21	04:00:00	69.77	69.91	69.64	69.73	982	0	6
2025.07.21	08:00:00	69.75	70.02	69.25	69.30	1953	0	5
2025.07.21	12:00:00	69.33	69.68	69.13	69.34	1958	0	5
2025.07.21	16:00:00	69.37	69.53	68.83	69.15	3279	0	5
2025.07.21	20:00:00	69.14	69.64	69.12	69.37	1217	0	5
2025.07.22	00:00:00	69.46	69.47	69.29	69.33	131	0	6
2025.07.22	04:00:00	69.34	69.34	68.83	68.93	959	0	5
2025.07.22	08:00:00	68.94	69.34	68.66	68.88	2110	0	5
2025.07.22	12:00:00	68.87	69.39	68.83	68.97	2311	0	5
2025.07.22	16:00:00	68.96	69.08	68.50	68.78	4097	0	5
2025.07.22	20:00:00	68.77	69.27	68.63	69.15	1387	0	5
2025.07.23	00:00:00	69.22	69.30	69.14	69.27	222	0	6
2025.07.23	04:00:00	69.26	69.38	69.01	69.13	1324	0	5
2025.07.23	08:00:00	69.14	69.27	68.68	68.72	1880	0	5
2025.07.23	12:00:00	68.73	68.94	68.33	68.60	2136	0	5
2025.07.23	16:00:00	68.62	68.86	68.32	68.67	4012	0	5
2025.07.23	20:00:00	68.67	69.07	68.61	69.02	1304	0	5
2025.07.24	00:00:00	69.00	69.10	68.96	68.99	162	0	6
2025.07.24	04:00:00	68.98	69.12	68.89	69.11	861	0	6
2025.07.24	08:00:00	69.10	69.73	68.91	69.35	2299	0	5
2025.07.24	12:00:00	69.36	69.81	69.09	69.48	1932	0	5
2025.07.24	16:00:00	69.50	69.79	68.82	68.83	4427	0	5
2025.07.24	20:00:00	68.85	69.63	68.75	69.55	1511	0	5
2025.07.25	00:00:00	69.57	69.59	69.48	69.48	94	0	6
2025.07.25	04:00:00	69.49	69.82	69.41	69.50	1202	0	5
2025.07.25	08:00:00	69.49	69.99	69.48	69.60	1770	0	6
2025.07.25	12:00:00	69.61	69.87	69.44	69.83	1804	0	5
2025.07.25	16:00:00	69.87	69.87	68.73	68.85	3433	0	5
2025.07.25	20:00:00	68.86	68.99	68.56	68.57	1131	0	5
2025.07.28	00:00:00	68.70	68.81	68.70	68.81	118	0	5
2025.07.28	04:00:00	68.80	68.97	68.70	68.93	874	0	5
2025.07.28	08:00:00	68.94	69.20	68.71	69.17	1631	0	5
2025.07.28	12:00:00	69.16	69.94	69.03	69.89	1716	0	5
2025.07.28	16:00:00	69.86	70.49	69.76	70.08	3637	0	5
2025.07.28	20:00:00	70.09	70.65	69.92	70.62	1129	0	5
2025.07.29	00:00:00	70.42	70.45	70.36	70.40	113	0	6
2025.07.29	04:00:00	70.39	70.39	70.12	70.17	670	0	5
2025.07.29	08:00:00	70.16	70.74	70.09	70.73	1585	0	5
2025.07.29	12:00:00	70.71	70.75	70.22	70.73	1488	0	5
2025.07.29	16:00:00	70.72	71.33	70.62	71.20	2848	0	5
2025.07.29	20:00:00	71.19	73.16	71.11	72.79	2685	0	5
2025.07.30	00:00:00	72.57	72.73	72.57	72.68	283	0	6
2025.07.30	04:00:00	72.62	72.77	72.45	72.70	1063	0	6
2025.07.30	08:00:00	72.69	73.15	72.19	72.30	1976	0	5
2025.07.30	12:00:00	72.28	73.00	71.83	72.97	2497	0	5
2025.07.30	16:00:00	72.96	73.58	72.64	73.49	3707	0	5
2025.07.30	20:00:00	73.46	73.76	73.25	73.69	1825	0	5
2025.07.31	00:00:00	73.69	73.70	73.49	73.50	266	0	5
2025.07.31	04:00:00	73.51	73.51	73.09	73.11	902	0	5
2025.07.31	08:00:00	73.12	73.52	73.04	73.19	1842	0	5
2025.07.31	12:00:00	73.18	73.20	72.65	72.83	1798	0	5
2025.07.31	16:00:00	72.84	73.13	71.89	72.58	3796	0	5
2025.07.31	20:00:00	72.57	72.76	72.20	72.49	1473	0	5
2025.08.01	00:00:00	72.58	72.71	72.54	72.54	235	0	5
2025.08.01	04:00:00	72.55	72.83	72.42	72.74	952	0	5
2025.08.01	08:00:00	72.75	72.80	72.07	72.20	2194	0	5
2025.08.01	12:00:00	72.21	72.66	71.77	72.39	2894	0	5
2025.08.01	16:00:00	72.38	72.70	70.25	70.66	5928	0	5
2025.08.01	20:00:00	70.67	70.83	70.25	70.36	2017	0	5
2025.08.04	00:00:00	69.96	70.17	69.91	70.17	258	0	6
2025.08.04	04:00:00	70.16	70.31	69.89	70.19	1149	0	5
2025.08.04	08:00:00	70.20	70.72	69.45	69.53	1843	0	5
2025.08.04	12:00:00	69.52	69.75	68.74	68.75	2423	0	5
2025.08.04	16:00:00	68.79	70.11	68.72	69.50	4203	0	5
2025.08.04	20:00:00	69.52	69.64	69.20	69.32	1124	0	5
2025.08.05	00:00:00	69.47	69.55	69.38	69.40	115	0	6
2025.08.05	04:00:00	69.39	69.57	69.20	69.37	772	0	5
2025.08.05	08:00:00	69.36	69.55	68.99	69.10	1852	0	5
2025.08.05	12:00:00	69.11	69.17	68.39	68.53	2510	0	5
2025.08.05	16:00:00	68.54	68.92	68.21	68.45	4013	0	5
2025.08.05	20:00:00	68.47	68.73	68.25	68.33	1338	0	5
2025.08.06	00:00:00	68.43	68.49	68.40	68.48	99	0	6
2025.08.06	04:00:00	68.47	68.79	68.47	68.75	606	0	5
2025.08.06	08:00:00	68.74	69.31	68.62	69.23	1510	0	5
2025.08.06	12:00:00	69.24	69.47	68.93	69.28	1808	0	5
2025.08.06	16:00:00	69.30	69.84	67.87	68.51	5397	0	5
2025.08.06	20:00:00	68.53	68.55	66.86	67.28	2667	0	5
2025.08.07	00:00:00	67.49	67.87	67.49	67.86	224	0	5
2025.08.07	04:00:00	67.85	68.21	67.84	67.97	982	0	5
2025.08.07	08:00:00	67.96	68.10	67.32	67.74	2322	0	5
2025.08.07	12:00:00	67.76	68.29	67.71	67.85	2195	0	5
2025.08.07	16:00:00	67.86	67.89	67.06	67.38	3503	0	5
2025.08.07	20:00:00	67.38	67.42	66.89	66.91	1114	0	5
2025.08.08	00:00:00	66.97	67.03	66.94	67.02	140	0	6
2025.08.08	04:00:00	67.01	67.12	66.88	66.92	695	0	6
2025.08.08	08:00:00	66.93	67.30	66.39	67.29	2081	0	5
2025.08.08	12:00:00	67.28	67.66	67.08	67.36	1901	0	5
2025.08.08	16:00:00	67.38	67.79	66.12	67.37	4881	0	5
2025.08.08	20:00:00	67.35	67.68	66.94	67.02	1552	0	5
2025.08.11	00:00:00	66.69	66.73	66.30	66.37	248	0	5
2025.08.11	04:00:00	66.38	66.83	66.38	66.70	1064	0	5
2025.08.11	08:00:00	66.70	66.95	66.38	66.73	2015	0	5
2025.08.11	12:00:00	66.74	67.53	66.70	67.45	1632	0	5
2025.08.11	16:00:00	67.42	67.62	66.87	67.24	3505	0	5
2025.08.11	20:00:00	67.23	67.35	67.04	67.24	1199	0	5
2025.08.12	00:00:00	67.27	67.40	67.25	67.25	135	0	6
2025.08.12	04:00:00	67.26	67.48	67.08	67.46	814	0	6
2025.08.12	08:00:00	67.45	67.49	66.99	67.06	1663	0	5
2025.08.12	12:00:00	67.07	67.53	66.59	66.68	1944	0	5
2025.08.12	16:00:00	66.72	67.09	66.46	66.58	3184	0	5
2025.08.12	20:00:00	66.57	66.78	66.50	66.59	1177	0	5
2025.08.13	00:00:00	66.60	66.62	66.57	66.61	89	0	6
2025.08.13	04:00:00	66.59	66.69	66.42	66.64	765	0	6
2025.08.13	08:00:00	66.65	66.77	66.01	66.30	1592	0	5
2025.08.13	12:00:00	66.31	66.76	66.09	66.62	1716	0	6
2025.08.13	16:00:00	66.64	66.64	65.45	65.70	3415	0	5
2025.08.13	20:00:00	65.70	66.26	65.67	66.17	1295	0	5
2025.08.14	00:00:00	66.21	66.33	66.19	66.31	145	0	6
2025.08.14	04:00:00	66.30	66.40	66.16	66.31	759	0	6
2025.08.14	08:00:00	66.30	66.49	66.14	66.23	1820	0	5
2025.08.14	12:00:00	66.24	66.61	65.99	66.49	1709	0	5
2025.08.14	16:00:00	66.47	67.29	66.44	67.12	3036	0	5
2025.08.14	20:00:00	67.11	67.41	66.90	67.37	1187	0	5
2025.08.15	00:00:00	67.27	67.45	67.14	67.17	195	0	6
2025.08.15	04:00:00	67.18	67.29	67.02	67.06	734	0	6
2025.08.15	08:00:00	67.04	67.22	66.54	66.55	1519	0	5
2025.08.15	12:00:00	66.56	67.03	66.56	66.72	1609	0	5
2025.08.15	16:00:00	66.70	66.92	66.27	66.62	3337	0	5
2025.08.15	20:00:00	66.63	66.68	66.12	66.51	1271	0	5
2025.08.18	00:00:00	65.87	66.09	65.81	66.08	170	0	0
2025.08.18	04:00:00	66.09	66.22	65.79	66.15	1162	0	0
2025.08.18	08:00:00	66.17	66.54	65.94	66.19	1780	0	0
2025.08.18	12:00:00	66.20	66.63	66.14	66.25	1548	0	0
2025.08.18	16:00:00	66.23	66.52	65.61	66.50	3052	0	5
2025.08.18	20:00:00	66.50	67.12	66.46	66.84	1693	0	5
2025.08.19	00:00:00	66.76	66.82	66.72	66.75	121	0	6
2025.08.19	04:00:00	66.74	66.75	66.41	66.43	709	0	5
2025.08.19	08:00:00	66.39	66.65	66.13	66.14	1753	0	5
2025.08.19	12:00:00	66.13	66.42	66.00	66.16	2009	0	5
2025.08.19	16:00:00	66.16	66.49	65.93	66.04	2603	0	5
2025.08.19	20:00:00	66.04	66.28	65.89	66.18	1073	0	5
2025.08.20	00:00:00	66.30	66.36	66.28	66.35	76	0	6
2025.08.20	04:00:00	66.34	66.43	66.08	66.25	866	0	6
2025.08.20	08:00:00	66.24	66.96	66.23	66.88	1547	0	6
2025.08.20	12:00:00	66.86	66.89	66.38	66.80	1390	0	6
2025.08.20	16:00:00	66.78	67.30	66.45	67.16	3241	0	5
2025.08.20	20:00:00	67.16	67.31	66.97	67.25	1160	0	5
2025.08.21	00:00:00	67.19	67.27	67.16	67.17	130	0	6
2025.08.21	04:00:00	67.15	67.51	67.11	67.37	774	0	6
2025.08.21	08:00:00	67.36	67.71	67.30	67.65	1315	0	6
2025.08.21	12:00:00	67.66	67.82	67.22	67.26	1562	0	6
2025.08.21	16:00:00	67.22	67.89	66.97	67.83	3365	0	5
2025.08.21	20:00:00	67.83	68.02	67.72	67.78	1062	0	5
2025.08.22	00:00:00	67.82	67.86	67.79	67.83	126	0	6
2025.08.22	04:00:00	67.84	67.88	67.64	67.85	761	0	5
2025.08.22	08:00:00	67.84	68.13	67.67	67.75	1634	0	5
2025.08.22	12:00:00	67.74	68.12	67.61	67.93	1349	0	5
2025.08.22	16:00:00	67.92	68.18	67.72	67.89	3332	0	5
2025.08.22	20:00:00	67.92	68.09	67.84	68.05	1166	0	5
2025.08.25	00:00:00	67.93	67.99	67.91	67.99	91	0	5
2025.08.25	04:00:00	67.98	68.05	67.71	67.92	846	0	5
2025.08.25	08:00:00	67.94	68.17	67.82	68.13	1170	0	5
2025.08.25	12:00:00	68.12	68.38	67.99	68.23	979	0	6
2025.08.25	16:00:00	68.22	69.17	68.16	69.13	2190	0	5
2025.08.25	20:00:00	69.13	69.14	68.76	68.89	923	0	5
2025.08.26	00:00:00	68.78	68.78	68.48	68.52	319	0	6
2025.08.26	04:00:00	68.53	68.66	68.50	68.56	686	0	6
2025.08.26	08:00:00	68.55	68.63	68.14	68.17	1468	0	5
2025.08.26	12:00:00	68.16	68.22	67.73	67.83	1509	0	5
2025.08.26	16:00:00	67.86	68.32	67.35	67.40	3030	0	5
2025.08.26	20:00:00	67.39	67.49	67.25	67.40	950	0	5
2025.08.27	00:00:00	67.52	67.52	67.41	67.42	110	0	6
2025.08.27	04:00:00	67.43	67.43	67.21	67.31	767	0	6
2025.08.27	08:00:00	67.32	67.37	67.01	67.05	1550	0	5
2025.08.27	12:00:00	67.04	67.62	67.00	67.62	1478	0	5
2025.08.27	16:00:00	67.66	67.98	67.36	67.82	2672	0	5
2025.08.27	20:00:00	67.81	68.13	67.74	67.83	1035	0	5
2025.08.28	00:00:00	67.73	67.79	67.68	67.74	106	0	6
2025.08.28	04:00:00	67.73	67.77	67.49	67.49	635	0	5
2025.08.28	08:00:00	67.43	67.90	67.43	67.56	1520	0	5
2025.08.28	12:00:00	67.56	68.05	67.56	68.00	1224	0	5
2025.08.28	16:00:00	68.01	68.01	67.42	67.58	2887	0	5
2025.08.28	20:00:00	67.59	68.68	67.54	68.30	1657	0	5
2025.08.29	00:00:00	68.19	68.24	68.12	68.18	118	0	6
2025.08.29	04:00:00	68.17	68.24	68.05	68.19	505	0	6
2025.08.29	08:00:00	68.20	68.37	68.03	68.15	1406	0	5
2025.08.29	12:00:00	68.16	68.53	67.97	68.46	1337	0	5
2025.08.29	16:00:00	68.46	68.49	67.89	68.01	2505	0	5
2025.08.29	20:00:00	68.01	68.16	67.95	68.02	807	0	5
2025.09.01	00:00:00	67.96	67.96	67.87	67.92	91	0	6
2025.09.01	04:00:00	67.91	67.91	67.65	67.73	579	0	5
2025.09.01	08:00:00	67.72	68.48	67.68	68.47	1076	0	5
2025.09.01	12:00:00	68.48	68.89	68.47	68.85	901	0	5
2025.09.01	16:00:00	68.82	68.90	68.63	68.68	1441	0	5
2025.09.01	20:00:00	68.68	68.73	68.64	68.71	73	0	5
2025.09.02	00:00:00	68.69	68.90	68.67	68.88	123	0	5
2025.09.02	04:00:00	68.87	69.11	68.87	68.92	650	0	6
2025.09.02	08:00:00	68.91	69.84	68.89	69.80	1537	0	5
2025.09.02	12:00:00	69.79	70.06	68.59	68.62	1992	0	5
2025.09.02	16:00:00	68.60	69.82	68.59	69.74	3562	0	5
2025.09.02	20:00:00	69.75	69.81	69.57	69.67	1128	0	5
2025.09.03	00:00:00	69.62	69.68	69.57	69.65	88	0	6
2025.09.03	04:00:00	69.66	69.74	69.38	69.45	575	0	6
2025.09.03	08:00:00	69.44	69.61	69.25	69.47	1431	0	5
2025.09.03	12:00:00	69.46	69.46	68.21	68.57	2758	0	5
2025.09.03	16:00:00	68.59	68.92	67.97	68.16	4204	0	5
2025.09.03	20:00:00	68.17	68.22	67.90	68.04	1214	0	5
2025.09.04	00:00:00	67.87	67.89	67.79	67.86	139	0	5
2025.09.04	04:00:00	67.84	67.84	67.59	67.65	694	0	5
2025.09.04	08:00:00	67.66	67.84	67.15	67.47	1941	0	5
2025.09.04	12:00:00	67.46	67.53	67.00	67.26	1656	0	5
2025.09.04	16:00:00	67.27	67.67	66.83	67.60	3410	0	5
2025.09.04	20:00:00	67.60	67.66	67.24	67.32	1040	0	5
2025.09.05	00:00:00	67.23	67.29	67.19	67.25	91	0	6
2025.09.05	04:00:00	67.27	67.39	67.08	67.33	584	0	6
2025.09.05	08:00:00	67.30	67.43	67.06	67.39	1472	0	6
2025.09.05	12:00:00	67.40	67.49	65.80	66.17	2259	0	5
2025.09.05	16:00:00	66.20	66.41	65.52	65.94	3898	0	5
2025.09.05	20:00:00	65.92	66.17	65.71	66.16	1107	0	5
2025.09.08	00:00:00	66.34	66.36	66.20	66.27	164	0	5
2025.09.08	04:00:00	66.23	66.75	66.19	66.67	941	0	5
2025.09.08	08:00:00	66.68	67.17	66.65	67.01	1694	0	5
2025.09.08	12:00:00	67.02	67.44	67.02	67.14	1521	0	5
2025.09.08	16:00:00	67.15	67.20	66.13	66.34	3177	0	5
2025.09.08	20:00:00	66.33	66.56	66.31	66.51	934	0	5
2025.09.09	00:00:00	66.63	66.65	66.52	66.57	108	0	6
2025.09.09	04:00:00	66.58	66.90	66.50	66.89	666	0	6
2025.09.09	08:00:00	66.90	67.32	66.75	67.15	1422	0	5
2025.09.09	12:00:00	67.13	67.16	66.74	66.99	1704	0	5
2025.09.09	16:00:00	67.01	67.75	66.84	66.92	3965	0	5
2025.09.09	20:00:00	66.93	67.05	66.71	66.81	1003	0	5
2025.09.10	00:00:00	67.15	67.19	67.03	67.19	225	0	6
2025.09.10	04:00:00	67.17	67.42	67.12	67.42	607	0	6
2025.09.10	08:00:00	67.43	67.56	67.17	67.37	1561	0	6
2025.09.10	12:00:00	67.38	67.55	67.06	67.41	1255	0	6
2025.09.10	16:00:00	67.40	68.15	67.10	68.09	3199	0	5
2025.09.10	20:00:00	68.08	68.08	67.82	67.98	744	0	5
2025.09.11	00:00:00	67.95	67.96	67.89	67.90	89	0	6
2025.09.11	04:00:00	67.89	67.89	67.68	67.69	430	0	6
2025.09.11	08:00:00	67.70	67.85	67.39	67.59	1377	0	5
2025.09.11	12:00:00	67.57	67.79	66.89	66.96	1722	0	5
2025.09.11	16:00:00	66.93	66.95	66.50	66.77	3180	0	5
2025.09.11	20:00:00	66.77	66.88	66.56	66.59	992	0	5
2025.09.12	00:00:00	66.51	66.56	66.38	66.41	159	0	6
2025.09.12	04:00:00	66.43	66.44	66.09	66.17	787	0	5
2025.09.12	08:00:00	66.17	66.85	66.02	66.75	1493	0	5
2025.09.12	12:00:00	66.74	68.50	66.73	68.05	2625	0	5
2025.09.12	16:00:00	68.06	68.06	67.16	67.16	2919	0	5
2025.09.12	20:00:00	67.15	67.35	67.03	67.15	1028	0	5
2025.09.15	00:00:00	67.20	67.42	67.19	67.42	125	0	5
2025.09.15	04:00:00	67.42	67.70	67.41	67.60	630	0	5
2025.09.15	08:00:00	67.59	67.79	67.39	67.55	1411	0	5
2025.09.15	12:00:00	67.54	67.61	67.27	67.39	1374	0	5
2025.09.15	16:00:00	67.40	68.10	67.37	67.62	2500	0	5
2025.09.15	20:00:00	67.62	67.89	67.61	67.74	749	0	5
2025.09.16	00:00:00	67.75	67.81	67.73	67.77	106	0	6
2025.09.16	04:00:00	67.76	67.94	67.76	67.85	564	0	6
2025.09.16	08:00:00	67.84	67.90	67.27	67.34	1554	0	6
2025.09.16	12:00:00	67.33	68.42	67.26	68.37	1923	0	5
2025.09.16	16:00:00	68.35	68.77	68.04	68.70	2774	0	5
2025.09.16	20:00:00	68.70	68.94	68.61	68.75	1037	0	5
2025.09.17	00:00:00	68.78	68.78	68.69	68.70	116	0	6
2025.09.17	04:00:00	68.70	68.73	68.56	68.60	637	0	6
2025.09.17	08:00:00	68.59	68.73	68.16	68.26	1357	0	5
2025.09.17	12:00:00	68.25	68.53	68.03	68.43	1255	0	5
2025.09.17	16:00:00	68.42	68.80	68.17	68.44	2738	0	5
2025.09.17	20:00:00	68.45	68.51	67.86	68.11	1806	0	5
2025.09.18	00:00:00	68.16	68.20	67.96	67.97	157	0	6
2025.09.18	04:00:00	67.96	68.12	67.72	67.96	767	0	5
2025.09.18	08:00:00	67.95	68.37	67.72	68.30	1769	0	5
2025.09.18	12:00:00	68.31	68.58	67.56	68.29	2013	0	5
2025.09.18	16:00:00	68.30	68.64	67.63	67.65	3500	0	5
2025.09.18	20:00:00	67.64	67.83	67.41	67.78	1137	0	5
2025.09.19	00:00:00	67.64	67.73	67.61	67.67	119	0	6
2025.09.19	04:00:00	67.65	67.77	67.47	67.52	732	0	5
2025.09.19	08:00:00	67.53	67.72	67.21	67.24	1681	0	5
2025.09.19	12:00:00	67.23	67.69	67.05	67.48	1803	0	5
2025.09.19	16:00:00	67.49	67.60	66.64	66.85	3055	0	5
2025.09.19	20:00:00	66.86	66.99	66.80	66.84	864	0	5
2025.09.22	00:00:00	66.97	67.06	66.95	67.04	97	0	6
2025.09.22	04:00:00	67.03	67.27	67.01	67.25	530	0	6
2025.09.22	08:00:00	67.26	67.44	66.87	66.89	1333	0	6
2025.09.22	12:00:00	66.90	66.94	66.16	66.20	1505	0	5
2025.09.22	16:00:00	66.18	66.69	66.08	66.57	2315	0	5
2025.09.22	20:00:00	66.58	66.81	66.52	66.69	1010	0	5
2025.09.23	00:00:00	66.75	66.78	66.64	66.65	78	0	6
2025.09.23	04:00:00	66.64	66.64	66.25	66.32	794	0	6
2025.09.23	08:00:00	66.33	66.70	66.22	66.55	1353	0	6
2025.09.23	12:00:00	66.54	67.48	66.49	67.40	1701	0	6
2025.09.23	16:00:00	67.38	68.15	67.27	67.65	2984	0	5
2025.09.23	20:00:00	67.66	68.08	67.51	67.99	1331	0	5
2025.09.24	00:00:00	67.91	67.99	67.88	67.97	134	0	6
2025.09.24	04:00:00	67.96	67.97	67.74	67.74	548	0	5
2025.09.24	08:00:00	67.73	68.07	67.51	67.69	1458	0	5
2025.09.24	12:00:00	67.68	68.62	67.64	68.41	1589	0	5
2025.09.24	16:00:00	68.42	68.97	68.26	68.92	2662	0	5
2025.09.24	20:00:00	68.94	69.24	68.92	69.04	1027	0	5
2025.09.25	00:00:00	68.95	69.19	68.92	69.15	173	0	5
2025.09.25	04:00:00	69.16	69.17	68.87	68.90	657	0	5
2025.09.25	08:00:00	68.88	69.11	68.49	68.54	1480	0	5
2025.09.25	12:00:00	68.53	69.10	68.51	68.86	2090	0	5
2025.09.25	16:00:00	68.85	69.20	68.38	68.95	2828	0	5
2025.09.25	20:00:00	68.96	69.55	68.88	69.52	1413	0	5
2025.09.26	00:00:00	69.50	69.51	69.44	69.48	121	0	6
2025.09.26	04:00:00	69.45	69.61	69.36	69.37	516	0	6
2025.09.26	08:00:00	69.38	69.58	69.25	69.39	1474	0	6
2025.09.26	12:00:00	69.38	69.56	68.96	69.44	1393	0	5
2025.09.26	16:00:00	69.47	70.57	69.47	69.98	3154	0	5
2025.09.26	20:00:00	69.97	70.02	69.48	69.48	1472	0	5
2025.09.29	00:00:00	69.26	69.35	69.21	69.35	150	0	6
2025.09.29	04:00:00	69.34	69.55	69.23	69.50	846	0	6
2025.09.29	08:00:00	69.51	69.58	68.93	69.20	1639	0	5
2025.09.29	12:00:00	69.19	69.19	68.37	68.70	2069	0	5
2025.09.29	16:00:00	68.69	68.69	67.39	67.59	3277	0	5
2025.09.29	20:00:00	67.59	67.75	67.31	67.42	1142	0	5
2025.09.30	00:00:00	67.29	67.30	67.23	67.27	113	0	6
2025.09.30	04:00:00	67.26	67.42	67.12	67.28	770	0	6
2025.09.30	08:00:00	67.27	67.43	66.69	67.17	1802	0	5
2025.09.30	12:00:00	67.15	67.36	66.22	66.52	2794	0	5
2025.09.30	16:00:00	66.52	67.20	66.42	66.96	3708	0	5
2025.09.30	20:00:00	66.97	67.00	66.59	66.76	1131	0	5
2025.10.01	00:00:00	66.74	66.81	66.44	66.45	158	0	6
2025.10.01	04:00:00	66.46	66.87	66.46	66.87	524	0	6
2025.10.01	08:00:00	66.86	67.14	66.25	66.41	1909	0	5
2025.10.01	12:00:00	66.40	66.63	65.89	66.09	2436	0	5
2025.10.01	16:00:00	66.06	66.44	65.62	65.98	4204	0	5
2025.10.01	20:00:00	65.99	66.22	65.85	66.09	1360	0	5
2025.10.02	00:00:00	66.00	66.68	66.00	66.07	485	0	5
2025.10.02	04:00:00	66.08	66.43	66.01	66.19	742	0	5
2025.10.02	08:00:00	66.20	66.38	65.84	65.98	1876	0	6
2025.10.02	12:00:00	65.96	66.00	65.34	65.53	2304	0	5
2025.10.02	16:00:00	65.49	65.92	64.54	64.71	3766	0	5
2025.10.02	20:00:00	64.70	64.81	64.56	64.79	1098	0	5
2025.10.03	00:00:00	64.80	64.83	64.73	64.78	171	0	6
2025.10.03	04:00:00	64.77	65.05	64.77	65.04	501	0	5
2025.10.03	08:00:00	65.02	65.52	65.02	65.51	1715	0	6
2025.10.03	12:00:00	65.52	65.53	64.73	65.03	2046	0	5
2025.10.03	16:00:00	65.02	65.40	64.85	65.28	3399	0	5
2025.10.03	20:00:00	65.29	65.35	64.91	64.99	1095	0	5
2025.10.06	00:00:00	65.79	65.96	65.69	65.93	321	0	5
2025.10.06	04:00:00	65.92	66.04	65.83	65.99	426	0	6
2025.10.06	08:00:00	66.00	66.17	65.59	66.07	2065	0	5
2025.10.06	12:00:00	66.06	66.24	65.23	65.58	1947	0	5
2025.10.06	16:00:00	65.56	66.23	65.47	65.88	3240	0	5
2025.10.06	20:00:00	65.88	66.09	65.75	66.01	869	0	5
2025.10.07	00:00:00	65.97	65.98	65.90	65.95	102	0	6
2025.10.07	04:00:00	65.94	66.18	65.93	65.95	352	0	6
2025.10.07	08:00:00	65.96	66.29	65.73	65.74	1401	0	6
2025.10.07	12:00:00	65.73	66.08	65.52	65.59	1747	0	5
2025.10.07	16:00:00	65.59	66.00	64.98	65.60	3983	0	5
2025.10.07	20:00:00	65.61	66.25	65.56	66.23	997	0	5
2025.10.08	00:00:00	66.24	66.33	66.20	66.30	128	0	6
2025.10.08	04:00:00	66.28	66.47	66.28	66.36	350	0	6
2025.10.08	08:00:00	66.35	66.58	66.25	66.41	1466	0	6
2025.10.08	12:00:00	66.43	66.90	66.37	66.71	1536	0	6
2025.10.08	16:00:00	66.68	66.97	66.24	66.73	3081	0	5
2025.10.08	20:00:00	66.72	66.87	66.55	66.58	982	0	5
2025.10.09	00:00:00	66.21	66.22	66.03	66.11	172	0	5
2025.10.09	04:00:00	66.09	66.36	65.96	66.34	1227	0	5
2025.10.09	08:00:00	66.35	66.93	66.34	66.84	1754	0	5
2025.10.09	12:00:00	66.83	66.99	66.22	66.66	1857	0	5
2025.10.09	16:00:00	66.67	66.89	65.51	65.55	3443	0	5
2025.10.09	20:00:00	65.57	65.69	65.37	65.55	1355	0	5
2025.10.10	00:00:00	65.65	65.74	65.60	65.73	115	0	6
2025.10.10	04:00:00	65.74	65.74	65.27	65.29	643	0	6
2025.10.10	08:00:00	65.28	65.52	65.08	65.29	1721	0	5
2025.10.10	12:00:00	65.28	65.35	64.19	64.31	2034	0	5
2025.10.10	16:00:00	64.30	64.61	62.90	63.10	6147	0	5
2025.10.10	20:00:00	63.11	63.30	62.93	63.09	1848	0	5
2025.10.13	00:00:00	63.80	63.97	63.52	63.90	391	0	6
2025.10.13	04:00:00	63.84	64.15	63.78	63.86	1344	0	6
2025.10.13	08:00:00	63.85	64.21	63.82	64.18	2247	0	6
2025.10.13	12:00:00	64.16	64.28	63.47	63.53	2229	0	6
2025.10.13	16:00:00	63.54	64.15	63.39	63.78	3650	0	5
2025.10.13	20:00:00	63.79	63.92	63.59	63.82	1185	0	5
2025.10.14	00:00:00	63.81	63.93	63.78	63.91	120	0	6
2025.10.14	04:00:00	63.92	63.93	63.59	63.64	893	0	6
2025.10.14	08:00:00	63.63	63.64	62.11	62.36	3042	0	6
2025.10.14	12:00:00	62.35	62.55	61.80	62.20	3009	0	6
2025.10.14	16:00:00	62.22	62.83	62.00	62.66	4664	0	5
2025.10.14	20:00:00	62.67	62.93	62.36	62.42	1511	0	5
2025.10.15	00:00:00	62.57	62.61	62.51	62.57	153	0	6
2025.10.15	04:00:00	62.56	62.67	62.30	62.44	872	0	6
2025.10.15	08:00:00	62.45	62.81	62.38	62.56	1839	0	6
2025.10.15	12:00:00	62.57	63.31	62.47	63.23	1942	0	6
2025.10.15	16:00:00	63.21	63.22	62.06	62.40	3434	0	5
2025.10.15	20:00:00	62.41	62.58	62.12	62.41	1460	0	5
2025.10.16	00:00:00	62.76	62.94	62.69	62.75	197	0	6
2025.10.16	04:00:00	62.74	62.78	62.58	62.73	757	0	6
2025.10.16	08:00:00	62.74	63.01	62.49	62.57	2014	0	6
2025.10.16	12:00:00	62.58	62.80	62.32	62.43	1906	0	6
2025.10.16	16:00:00	62.39	62.55	61.33	61.61	4588	0	5
2025.10.16	20:00:00	61.62	61.74	61.11	61.36	2502	0	5
2025.10.17	00:00:00	61.21	61.30	61.15	61.29	226	0	6
2025.10.17	04:00:00	61.30	61.34	60.82	61.11	1404	0	6
2025.10.17	08:00:00	61.10	61.27	60.54	60.58	2381	0	6
2025.10.17	12:00:00	60.59	61.51	60.38	61.40	3226	0	6
2025.10.17	16:00:00	61.39	61.57	61.02	61.16	4941	0	5
2025.10.17	20:00:00	61.15	61.71	61.07	61.53	1595	0	5
2025.10.20	00:00:00	61.26	61.34	61.20	61.30	176	0	6
2025.10.20	04:00:00	61.29	61.37	61.07	61.29	828	0	6
2025.10.20	08:00:00	61.30	61.32	60.87	61.28	1521	0	6
2025.10.20	12:00:00	61.29	61.40	60.80	60.85	1690	0	6
2025.10.20	16:00:00	60.87	61.10	60.25	60.80	3616	0	5
2025.10.20	20:00:00	60.80	61.24	60.73	61.16	1268	0	5
2025.10.21	00:00:00	61.11	61.18	61.00	61.13	147	0	6
2025.10.21	04:00:00	61.12	61.14	60.75	61.04	713	0	6
2025.10.21	08:00:00	61.03	61.42	60.85	61.32	1715	0	6
2025.10.21	12:00:00	61.33	61.90	61.11	61.61	1833	0	6
2025.10.21	16:00:00	61.57	62.23	60.52	61.39	4512	0	5
2025.10.21	20:00:00	61.40	61.73	61.18	61.63	1499	0	5
2025.10.22	00:00:00	61.74	61.75	61.60	61.64	171	0	6
2025.10.22	04:00:00	61.63	62.61	61.52	62.46	1434	0	6
2025.10.22	08:00:00	62.44	62.75	62.28	62.49	2161	0	6
2025.10.22	12:00:00	62.50	62.82	62.15	62.39	1931	0	6
2025.10.22	16:00:00	62.37	63.12	62.35	62.89	3933	0	5
2025.10.22	20:00:00	62.88	64.07	62.60	63.65	2533	0	5
2025.10.23	00:00:00	64.47	64.57	64.21	64.26	328	0	6
2025.10.23	04:00:00	64.25	64.85	64.00	64.74	1881	0	6
2025.10.23	08:00:00	64.75	65.72	64.65	65.72	3661	0	5
2025.10.23	12:00:00	65.71	66.23	65.30	65.93	3704	0	5
2025.10.23	16:00:00	65.92	66.48	65.40	66.33	5125	0	5
2025.10.23	20:00:00	66.32	66.38	65.74	65.95	1904	0	5
2025.10.24	00:00:00	65.90	66.03	65.78	65.93	232	0	6
2025.10.24	04:00:00	65.91	65.92	65.54	65.85	1016	0	6
2025.10.24	08:00:00	65.86	66.41	65.63	65.98	1925	0	6
2025.10.24	12:00:00	65.95	66.90	65.93	66.22	2167	0	6
2025.10.24	16:00:00	66.21	66.78	66.18	66.47	3431	0	5
2025.10.24	20:00:00	66.46	66.49	65.98	66.06	1534	0	5
2025.10.27	00:00:00	66.22	66.24	66.00	66.02	462	0	6
2025.10.27	04:00:00	66.01	66.35	65.95	66.33	798	0	6
2025.10.27	08:00:00	66.32	66.42	65.09	65.26	2684	0	5
2025.10.27	12:00:00	65.27	66.20	65.22	66.15	2775	0	5
2025.10.27	16:00:00	66.16	66.33	65.72	65.82	3354	0	5
2025.10.27	20:00:00	65.81	65.97	65.49	65.91	1148	0	5
2025.10.28	00:00:00	65.44	65.74	65.44	65.72	417	0	6
2025.10.28	04:00:00	65.73	65.76	65.40	65.52	812	0	6
2025.10.28	08:00:00	65.55	65.62	64.23	64.69	3176	0	5
2025.10.28	12:00:00	64.71	65.06	64.45	64.90	3083	0	5
2025.10.28	16:00:00	64.89	65.02	64.15	64.62	3851	0	5
2025.10.28	20:00:00	64.63	64.65	64.29	64.58	1368	0	5
2025.10.29	00:00:00	64.57	64.81	64.56	64.72	333	0	6
2025.10.29	04:00:00	64.71	64.73	64.34	64.50	822	0	5
2025.10.29	08:00:00	64.49	64.88	64.09	64.59	2373	0	5
2025.10.29	12:00:00	64.62	64.94	64.47	64.81	2272	0	5
2025.10.29	16:00:00	64.82	65.41	64.82	65.15	3124	0	5
2025.10.29	20:00:00	65.13	65.22	64.85	64.94	1947	0	5
2025.10.30	00:00:00	64.95	64.97	64.74	64.82	464	0	5
2025.10.30	04:00:00	64.81	64.98	64.58	64.71	1479	0	5
2025.10.30	08:00:00	64.70	64.84	64.38	64.58	2181	0	5
2025.10.30	12:00:00	64.57	64.76	64.17	64.35	2561	0	5
2025.10.30	16:00:00	64.34	65.23	64.32	65.09	2979	0	5
2025.10.30	20:00:00	65.08	65.16	64.65	64.73	974	0	5
2025.10.31	00:00:00	64.66	64.86	64.66	64.76	308	0	6
2025.10.31	04:00:00	64.75	64.80	64.50	64.54	556	0	6
2025.10.31	08:00:00	64.53	64.99	64.49	64.56	1939	0	6
2025.10.31	12:00:00	64.59	65.82	64.48	65.61	3077	0	5
2025.10.31	16:00:00	65.59	65.62	64.91	65.33	3638	0	5
2025.10.31	20:00:00	65.31	65.49	65.24	65.32	743	0	5
2025.11.03	00:00:00	65.65	65.84	65.54	65.57	424	0	6
2025.11.03	04:00:00	65.58	65.86	65.51	65.84	560	0	5
2025.11.03	08:00:00	65.83	65.92	65.12	65.38	1736	0	5
2025.11.03	12:00:00	65.37	65.62	64.98	65.23	1792	0	5
2025.11.03	16:00:00	65.24	65.88	64.93	65.67	3366	0	5
2025.11.03	20:00:00	65.66	65.70	65.17	65.44	1207	0	5
2025.11.04	00:00:00	65.31	65.38	65.26	65.33	233	0	6
2025.11.04	04:00:00	65.32	65.34	65.18	65.26	537	0	6
2025.11.04	08:00:00	65.25	65.28	64.46	64.57	1688	0	5
2025.11.04	12:00:00	64.56	64.79	64.40	64.45	1728	0	6
2025.11.04	16:00:00	64.46	65.29	64.46	65.19	2975	0	5
2025.11.04	20:00:00	65.17	65.28	64.78	64.87	1474	0	5
2025.11.05	00:00:00	64.74	64.78	64.45	64.57	373	0	5
2025.11.05	04:00:00	64.58	65.11	64.55	65.10	766	0	5
2025.11.05	08:00:00	65.09	65.41	64.82	65.29	1921	0	5
2025.11.05	12:00:00	65.30	65.49	64.59	64.70	1994	0	5
2025.11.05	16:00:00	64.70	65.26	64.09	64.20	3966	0	5
2025.11.05	20:00:00	64.19	64.27	63.97	64.05	1209	0	5
2025.11.06	00:00:00	64.07	64.17	63.99	64.06	319	0	6
2025.11.06	04:00:00	64.05	64.30	64.01	64.30	615	0	6
2025.11.06	08:00:00	64.28	64.84	63.88	64.51	2135	0	5
2025.11.06	12:00:00	64.50	64.56	64.12	64.18	2148	0	5
2025.11.06	16:00:00	64.17	64.26	63.35	63.74	4277	0	5
2025.11.06	20:00:00	63.75	64.14	63.52	63.96	1554	0	5
2025.11.07	00:00:00	64.09	64.20	64.02	64.11	380	0	6
2025.11.07	04:00:00	64.12	64.29	64.02	64.29	744	0	6
2025.11.07	08:00:00	64.28	64.76	64.26	64.74	1836	0	5
2025.11.07	12:00:00	64.75	64.89	64.21	64.28	2157	0	5
2025.11.07	16:00:00	64.24	64.49	63.71	63.89	4420	0	5
2025.11.07	20:00:00	63.90	64.24	63.89	64.17	1494	0	5
2025.11.10	00:00:00	64.24	64.53	64.24	64.34	416	0	6
2025.11.10	04:00:00	64.33	64.63	64.29	64.60	715	0	5
2025.11.10	08:00:00	64.61	64.74	64.26	64.64	1756	0	5
2025.11.10	12:00:00	64.65	64.67	64.09	64.28	1643	0	5
2025.11.10	16:00:00	64.26	64.53	63.75	64.31	2929	0	5
2025.11.10	20:00:00	64.33	64.54	64.25	64.35	1191	0	5
2025.11.11	00:00:00	64.34	64.35	64.20	64.23	223	0	5
2025.11.11	04:00:00	64.22	64.46	64.12	64.14	530	0	5
2025.11.11	08:00:00	64.13	64.82	64.01	64.76	1698	0	5
2025.11.11	12:00:00	64.77	65.15	64.57	65.12	1432	0	5
2025.11.11	16:00:00	65.13	65.70	64.94	65.49	2665	0	5
2025.11.11	20:00:00	65.48	65.66	65.40	65.52	1110	0	5
2025.11.12	00:00:00	65.48	65.49	65.36	65.44	264	0	6
2025.11.12	04:00:00	65.45	65.47	65.26	65.30	541	0	6
2025.11.12	08:00:00	65.31	65.37	64.93	64.97	1283	0	5
2025.11.12	12:00:00	64.95	65.18	64.48	64.52	1780	0	5
2025.11.12	16:00:00	64.53	64.54	62.99	63.17	3739	0	5
2025.11.12	20:00:00	63.18	63.20	62.94	63.06	1253	0	5
2025.11.13	00:00:00	62.89	62.93	62.68	62.88	566	0	6
2025.11.13	04:00:00	62.87	63.11	62.86	62.99	684	0	6
2025.11.13	08:00:00	62.98	63.14	62.73	62.95	1693	0	6
2025.11.13	12:00:00	62.97	63.79	62.97	63.68	1632	0	6
2025.11.13	16:00:00	63.69	63.74	62.84	63.49	3159	0	5
2025.11.13	20:00:00	63.48	63.52	63.16	63.21	1677	0	5
2025.11.14	00:00:00	63.74	65.19	63.74	64.78	1128	0	5
2025.11.14	04:00:00	64.79	64.88	64.16	64.27	1730	0	5
2025.11.14	08:00:00	64.26	64.60	63.88	64.45	2515	0	5
2025.11.14	12:00:00	64.44	64.95	63.93	64.30	3224	0	5
2025.11.14	16:00:00	64.29	64.98	64.22	64.77	3854	0	5
2025.11.14	20:00:00	64.76	64.84	64.54	64.58	1470	0	5
2025.11.17	00:00:00	64.13	64.15	63.96	64.02	446	0	6
2025.11.17	04:00:00	64.03	64.14	63.94	64.03	596	0	6
2025.11.17	08:00:00	64.04	64.35	63.92	64.29	1705	0	6
2025.11.17	12:00:00	64.28	64.97	64.27	64.85	1695	0	5
2025.11.17	16:00:00	64.84	64.85	64.42	64.54	2909	0	5
2025.11.17	20:00:00	64.53	64.64	64.20	64.23	1328	0	5
2025.11.18	00:00:00	64.22	64.24	64.02	64.05	409	0	6
2025.11.18	04:00:00	64.06	64.17	63.94	64.01	603	0	6
2025.11.18	08:00:00	64.02	64.30	63.84	64.13	1976	0	6
2025.11.18	12:00:00	64.14	64.65	64.14	64.31	1909	0	5
2025.11.18	16:00:00	64.30	64.75	63.87	64.74	4512	0	5
2025.11.18	20:00:00	64.75	65.30	64.74	65.00	2502	0	5
2025.11.19	00:00:00	64.92	64.94	64.72	64.81	437	0	6
2025.11.19	04:00:00	64.82	65.05	64.81	64.95	818	0	6
2025.11.19	08:00:00	64.94	64.99	64.40	64.72	2061	0	6
2025.11.19	12:00:00	64.73	64.74	63.07	63.51	3126	0	5
2025.11.19	16:00:00	63.54	63.83	63.09	63.58	4216	0	5
2025.11.19	20:00:00	63.59	63.85	63.53	63.84	1647	0	5
2025.11.20	00:00:00	63.91	63.93	63.84	63.90	358	0	6
2025.11.20	04:00:00	63.91	64.00	63.79	63.84	690	0	6
2025.11.20	08:00:00	63.85	64.24	63.70	64.16	2003	0	6
2025.11.20	12:00:00	64.17	64.44	64.06	64.13	1935	0	6
2025.11.20	16:00:00	64.12	64.58	63.13	63.58	5451	0	5
2025.11.20	20:00:00	63.57	63.75	63.20	63.27	2590	0	5
2025.11.21	00:00:00	63.14	63.17	62.86	62.88	448	0	6
2025.11.21	04:00:00	62.87	62.93	62.59	62.87	924	0	6
2025.11.21	08:00:00	62.88	62.99	62.36	62.37	2531	0	6
2025.11.21	12:00:00	62.36	63.25	62.06	62.93	3078	0	6
2025.11.21	16:00:00	62.91	62.91	62.05	62.51	5453	0	5
2025.11.21	20:00:00	62.52	62.84	62.39	62.64	1825	0	5
2025.11.24	00:00:00	62.42	62.67	62.42	62.58	468	0	6
2025.11.24	04:00:00	62.57	62.75	62.52	62.71	730	0	6
2025.11.24	08:00:00	62.72	62.89	62.06	62.11	1866	0	6
2025.11.24	12:00:00	62.13	62.82	62.10	62.76	1878	0	6
2025.11.24	16:00:00	62.75	63.19	62.20	63.16	3726	0	5
2025.11.24	20:00:00	63.15	63.66	63.15	63.43	1203	0	5
2025.11.25	00:00:00	63.43	63.43	63.23	63.29	399	0	6
2025.11.25	04:00:00	63.28	63.36	63.09	63.14	492	0	6
2025.11.25	08:00:00	63.13	63.23	62.84	63.21	1624	0	6
2025.11.25	12:00:00	63.19	63.33	61.87	62.27	3202	0	6
2025.11.25	16:00:00	62.26	62.48	61.66	62.27	4389	0	5
2025.11.25	20:00:00	62.26	62.70	62.24	62.65	1622	0	5
2025.11.26	00:00:00	62.63	62.69	62.53	62.62	322	0	6
2025.11.26	04:00:00	62.63	62.80	62.55	62.71	480	0	6
2025.11.26	08:00:00	62.70	62.85	62.21	62.51	1786	0	6
2025.11.26	12:00:00	62.50	62.78	62.23	62.51	1918	0	6
2025.11.26	16:00:00	62.50	62.96	62.25	62.62	2925	0	5
2025.11.26	20:00:00	62.62	63.29	62.53	63.09	1406	0	5
2025.11.27	00:00:00	63.09	63.10	62.82	62.85	252	0	6
2025.11.27	04:00:00	62.87	62.98	62.81	62.88	368	0	6
2025.11.27	08:00:00	62.86	63.30	62.85	63.27	1270	0	6
2025.11.27	12:00:00	63.26	63.44	63.01	63.16	1156	0	6
2025.11.27	16:00:00	63.17	63.56	63.15	63.55	1311	0	5
2025.11.27	20:00:00	63.54	63.63	63.53	63.59	99	0	5
2025.11.28	00:00:00	63.47	63.58	63.37	63.45	246	0	6
2025.11.28	04:00:00	63.46	63.89	63.44	63.83	448	0	6
2025.11.28	08:00:00	63.84	63.91	63.61	63.70	1068	0	6
2025.11.28	12:00:00	63.69	63.72	63.21	63.26	1189	0	6
2025.11.28	16:00:00	63.27	64.04	63.20	63.85	1919	0	5
2025.11.28	20:00:00	63.86	63.96	62.77	62.98	1034	0	5
2025.12.01	00:00:00	63.58	63.79	63.50	63.78	466	0	6
2025.12.01	04:00:00	63.79	64.24	63.73	64.23	626	0	6
2025.12.01	08:00:00	64.22	64.42	63.99	64.17	1645	0	5
2025.12.01	12:00:00	64.15	64.20	63.32	63.41	1670	0	6
2025.12.01	16:00:00	63.39	64.04	63.37	63.66	3076	0	5
2025.12.01	20:00:00	63.67	63.96	63.63	63.88	1032	0	5
2025.12.02	00:00:00	63.88	63.93	63.73	63.74	233	0	6
2025.12.02	04:00:00	63.73	63.81	63.70	63.76	404	0	6
2025.12.02	08:00:00	63.77	63.90	63.44	63.58	1673	0	6
2025.12.02	12:00:00	63.59	63.79	63.26	63.34	1541	0	6
2025.12.02	16:00:00	63.33	63.80	62.74	63.30	4044	0	5
2025.12.02	20:00:00	63.30	63.52	62.84	62.92	1704	0	5
2025.12.03	00:00:00	62.99	63.10	62.88	62.88	238	0	6
2025.12.03	04:00:00	62.89	63.10	62.72	63.01	518	0	6
2025.12.03	08:00:00	63.00	63.78	62.97	63.78	1607	0	6
2025.12.03	12:00:00	63.79	63.92	63.37	63.67	1736	0	6
2025.12.03	16:00:00	63.65	63.89	63.16	63.48	3280	0	5
2025.12.03	20:00:00	63.47	63.58	63.10	63.31	1173	0	5
2025.12.04	00:00:00	63.25	63.40	63.25	63.32	186	0	6
2025.12.04	04:00:00	63.31	63.56	63.25	63.40	443	0	6
2025.12.04	08:00:00	63.41	63.62	63.27	63.38	1396	0	6
2025.12.04	12:00:00	63.39	63.67	63.29	63.58	1467	0	6
2025.12.04	16:00:00	63.57	64.15	63.06	63.93	3237	0	5
2025.12.04	20:00:00	63.92	64.05	63.74	63.83	1166	0	5
2025.12.05	00:00:00	63.75	63.83	63.72	63.75	223	0	6
2025.12.05	04:00:00	63.76	63.77	63.58	63.73	434	0	6
2025.12.05	08:00:00	63.72	63.94	63.61	63.85	1257	0	6
2025.12.05	12:00:00	63.84	63.88	63.58	63.75	1317	0	6
2025.12.05	16:00:00	63.76	64.60	63.64	64.45	3064	0	5
2025.12.05	20:00:00	64.44	64.46	64.18	64.26	1018	0	5
2025.12.08	00:00:00	64.12	64.26	64.08	64.19	233	0	6
2025.12.08	04:00:00	64.18	64.39	64.13	64.32	424	0	6
2025.12.08	08:00:00	64.31	64.41	63.63	63.75	1200	0	5
2025.12.08	12:00:00	63.76	63.76	63.31	63.59	1356	0	6
2025.12.08	16:00:00	63.57	63.63	63.09	63.15	2911	0	5
2025.12.08	20:00:00	63.14	63.17	62.78	62.90	1207	0	5
2025.12.09	00:00:00	62.95	62.96	62.80	62.83	202	0	6
2025.12.09	04:00:00	62.84	62.89	62.66	62.75	392	0	6
2025.12.09	08:00:00	62.74	62.95	62.66	62.84	1246	0	6
2025.12.09	12:00:00	62.87	63.20	62.73	62.86	1380	0	6
2025.12.09	16:00:00	62.88	62.93	62.25	62.29	2752	0	5
2025.12.09	20:00:00	62.28	62.51	62.26	62.49	1088	0	5
2025.12.10	00:00:00	62.46	62.52	62.40	62.48	221	0	6
2025.12.10	04:00:00	62.51	62.53	62.36	62.46	353	0	6
2025.12.10	08:00:00	62.47	62.56	62.16	62.31	1495	0	6
2025.12.10	12:00:00	62.32	62.71	62.30	62.39	1582	0	6
2025.12.10	16:00:00	62.38	62.39	61.75	62.19	2879	0	5
2025.12.10	20:00:00	62.20	63.13	62.17	63.04	2078	0	5
2025.12.11	00:00:00	62.79	63.01	62.79	62.91	384	0	6
2025.12.11	04:00:00	62.92	62.94	62.35	62.37	697	0	6
2025.12.11	08:00:00	62.36	62.37	61.74	61.78	1772	0	6
2025.12.11	12:00:00	61.80	61.97	61.57	61.68	1743	0	6
2025.12.11	16:00:00	61.67	61.70	61.14	61.39	3381	0	5
2025.12.11	20:00:00	61.38	61.98	61.33	61.94	1358	0	5
2025.12.12	00:00:00	61.93	62.03	61.89	62.00	276	0	6
2025.12.12	04:00:00	61.99	62.21	61.99	62.11	497	0	6
2025.12.12	08:00:00	62.12	62.15	61.58	61.60	1473	0	6
2025.12.12	12:00:00	61.62	61.66	61.35	61.59	1586	0	6
2025.12.12	16:00:00	61.60	61.71	61.17	61.67	3405	0	5
2025.12.12	20:00:00	61.67	61.69	61.38	61.51	1220	0	5
2025.12.15	00:00:00	61.61	61.70	61.60	61.66	230	0	6
2025.12.15	04:00:00	61.65	61.79	61.65	61.67	381	0	6
2025.12.15	08:00:00	61.68	61.79	61.43	61.53	1284	0	6
2025.12.15	12:00:00	61.54	61.58	60.99	61.09	1554	0	6
2025.12.15	16:00:00	61.11	61.21	60.42	60.67	3106	0	5
2025.12.15	20:00:00	60.66	60.90	60.43	60.66	1325	0	5
2025.12.16	00:00:00	60.64	60.65	60.46	60.46	408	0	6
2025.12.16	04:00:00	60.47	60.57	60.34	60.37	555	0	6
2025.12.16	08:00:00	60.36	60.56	59.86	59.88	1605	0	6
2025.12.16	12:00:00	59.89	60.03	59.63	59.74	1830	0	6
2025.12.16	16:00:00	59.73	59.73	58.97	59.29	3460	0	5
2025.12.16	20:00:00	59.30	59.50	59.01	59.10	1358	0	5
2025.12.17	00:00:00	59.58	59.73	59.50	59.62	598	0	6
2025.12.17	04:00:00	59.63	60.12	59.62	60.03	980	0	6
2025.12.17	08:00:00	60.02	60.56	59.78	60.42	2312	0	6
2025.12.17	12:00:00	60.41	60.63	60.10	60.25	1838	0	6
2025.12.17	16:00:00	60.24	60.29	59.72	60.08	3820	0	5
2025.12.17	20:00:00	60.07	60.90	59.88	60.83	1700	0	5
2025.12.18	00:00:00	60.83	60.90	60.75	60.78	355	0	6
2025.12.18	04:00:00	60.79	60.85	59.98	60.38	1069	0	6
2025.12.18	08:00:00	60.39	60.52	59.95	60.06	1471	0	6
2025.12.18	12:00:00	60.10	60.26	59.78	60.09	1644	0	6
2025.12.18	16:00:00	60.08	60.53	59.96	60.24	3087	0	5
2025.12.18	20:00:00	60.25	60.33	59.86	59.94	1218	0	5
2025.12.19	00:00:00	59.92	59.98	59.78	59.86	302	0	6
2025.12.19	04:00:00	59.85	60.02	59.81	59.84	547	0	6
2025.12.19	08:00:00	59.83	60.01	59.67	59.83	1612	0	6
2025.12.19	12:00:00	59.84	60.57	59.61	60.52	1779	0	6
2025.12.19	16:00:00	60.50	60.57	60.11	60.54	2591	0	5
2025.12.19	20:00:00	60.53	60.85	60.51	60.76	1130	0	5
2025.12.22	00:00:00	61.02	61.12	60.99	61.03	273	0	6
2025.12.22	04:00:00	61.04	61.39	61.02	61.27	568	0	6
2025.12.22	08:00:00	61.26	61.37	61.03	61.18	1394	0	6
2025.12.22	12:00:00	61.19	62.31	61.14	62.16	1391	0	6
2025.12.22	16:00:00	62.15	62.22	61.74	62.00	2319	0	5
2025.12.22	20:00:00	61.99	62.32	61.99	62.15	894	0	5
2025.12.23	00:00:00	62.06	62.20	62.06	62.10	234	0	6
2025.12.23	04:00:00	62.11	62.22	61.97	62.00	408	0	6
2025.12.23	08:00:00	62.01	62.32	61.96	62.25	1030	0	6
2025.12.23	12:00:00	62.24	62.42	62.16	62.34	1158	0	6
2025.12.23	16:00:00	62.33	62.41	61.90	62.37	2315	0	5
2025.12.23	20:00:00	62.38	62.64	62.36	62.54	927	0	5
2025.12.24	00:00:00	62.53	62.59	62.36	62.46	306	0	6
2025.12.24	04:00:00	62.47	62.60	62.29	62.53	607	0	6
2025.12.24	08:00:00	62.52	62.83	62.45	62.56	836	0	6
2025.12.24	12:00:00	62.57	62.76	62.45	62.56	1109	0	6
2025.12.24	16:00:00	62.54	62.71	62.18	62.40	1696	0	5
2025.12.26	00:00:00	62.48	62.62	62.45	62.48	357	0	6
2025.12.26	04:00:00	62.47	62.55	62.30	62.43	516	0	6
2025.12.26	08:00:00	62.44	62.63	62.29	62.42	1156	0	6
2025.12.26	12:00:00	62.41	62.84	61.98	61.98	1572	0	6
2025.12.26	16:00:00	61.94	61.95	61.18	61.26	2393	0	5
2025.12.26	20:00:00	61.25	61.34	60.72	60.98	1074	0	5
2025.12.29	00:00:00	61.17	61.34	61.11	61.18	369	0	6
2025.12.29	04:00:00	61.16	61.55	61.13	61.43	499	0	6
2025.12.29	08:00:00	61.42	62.07	61.31	61.98	1506	0	6
2025.12.29	12:00:00	61.99	62.22	61.74	62.07	1352	0	6
2025.12.29	16:00:00	62.06	62.24	61.85	61.91	2694	0	5
2025.12.29	20:00:00	61.91	62.11	61.70	61.73	1117	0	5
2025.12.30	00:00:00	61.67	61.85	61.49	61.82	334	0	6
2025.12.30	04:00:00	61.83	62.12	61.74	62.02	690	0	6
2025.12.30	08:00:00	62.03	62.34	61.82	62.27	1346	0	6
2025.12.30	12:00:00	62.26	62.38	62.07	62.26	1293	0	6
2025.12.30	16:00:00	62.24	62.32	61.78	61.87	1872	0	5
2025.12.30	20:00:00	61.87	61.93	61.74	61.83	759	0	5
2025.12.31	00:00:00	61.80	61.81	61.69	61.69	265	0	6
2025.12.31	04:00:00	61.68	62.11	61.66	61.73	852	0	6
2025.12.31	08:00:00	61.72	62.03	61.56	61.92	850	0	6
2025.12.31	12:00:00	61.89	62.42	61.79	62.32	1512	0	6
2025.12.31	16:00:00	62.31	62.34	61.62	61.65	2123	0	5
2025.12.31	20:00:00	61.64	61.68	61.12	61.40	873	0	5
2026.01.02	00:00:00	61.35	61.45	61.29	61.42	151	0	6
2026.01.02	04:00:00	61.43	61.66	61.41	61.63	305	0	6
2026.01.02	08:00:00	61.64	61.81	60.86	61.08	1334	0	6
2026.01.02	12:00:00	61.09	61.44	60.70	60.73	1586	0	6
2026.01.02	16:00:00	60.71	61.03	60.47	60.84	2932	0	5
2026.01.02	20:00:00	60.85	61.30	60.78	61.19	1274	0	5
2026.01.05	00:00:00	61.28	61.64	61.14	61.17	763	0	6
2026.01.05	04:00:00	61.16	61.29	60.70	60.77	969	0	6
2026.01.05	08:00:00	60.76	61.27	60.15	61.22	2109	0	6
2026.01.05	12:00:00	61.24	61.76	61.00	61.63	1889	0	6
2026.01.05	16:00:00	61.63	62.28	61.37	62.16	3454	0	5
2026.01.05	20:00:00	62.15	62.29	62.05	62.19	974	0	5
2026.01.06	00:00:00	62.08	62.14	61.86	61.89	423	0	6
2026.01.06	04:00:00	61.90	62.03	61.76	61.94	645	0	6
2026.01.06	08:00:00	61.93	62.54	61.70	62.29	1842	0	6
2026.01.06	12:00:00	62.30	62.71	62.25	62.61	1719	0	6
2026.01.06	16:00:00	62.59	62.66	61.49	61.55	3623	0	5
2026.01.06	20:00:00	61.54	61.62	60.79	60.90	1480	0	5
2026.01.07	00:00:00	60.45	60.75	60.38	60.48	929	0	6
2026.01.07	04:00:00	60.49	60.57	60.25	60.39	1016	0	6
2026.01.07	08:00:00	60.40	60.77	60.25	60.44	2027	0	6
2026.01.07	12:00:00	60.45	61.28	60.39	61.11	2511	0	6
2026.01.07	16:00:00	61.12	61.20	60.19	60.20	3630	0	5
2026.01.07	20:00:00	60.21	60.72	60.18	60.72	1421	0	5
2026.01.08	00:00:00	60.62	60.79	60.61	60.77	285	0	6
2026.01.08	04:00:00	60.76	60.77	60.47	60.60	703	0	6
2026.01.08	08:00:00	60.61	60.83	60.31	60.74	1535	0	6
2026.01.08	12:00:00	60.73	61.59	60.71	61.49	1807	0	6
2026.01.08	16:00:00	61.49	61.88	61.22	61.81	2808	0	5
2026.01.08	20:00:00	61.82	63.36	61.79	63.07	2228	0	5
2026.01.09	00:00:00	62.93	62.93	62.61	62.73	593	0	6
2026.01.09	04:00:00	62.74	62.84	62.63	62.77	694	0	6
2026.01.09	08:00:00	62.78	63.18	62.17	62.49	1979	0	6
2026.01.09	12:00:00	62.52	62.93	62.46	62.83	1698	0	6
2026.01.09	16:00:00	62.84	64.28	62.76	63.93	4213	0	5
2026.01.09	20:00:00	63.93	64.01	63.35	63.35	1602	0	5
2026.01.12	00:00:00	63.96	63.99	63.19	63.30	881	0	6
2026.01.12	04:00:00	63.31	63.83	63.31	63.82	1001	0	6
2026.01.12	08:00:00	63.81	63.84	63.19	63.41	2130	0	6
2026.01.12	12:00:00	63.42	63.66	63.05	63.35	2115	0	6
2026.01.12	16:00:00	63.33	64.16	63.12	63.93	3621	0	5
2026.01.12	20:00:00	63.94	64.57	63.66	64.50	1892	0	5
2026.01.13	00:00:00	64.35	64.66	64.29	64.33	625	0	6
2026.01.13	04:00:00	64.34	64.49	64.12	64.43	844	0	6
2026.01.13	08:00:00	64.42	65.48	64.37	65.12	2288	0	5
2026.01.13	12:00:00	65.10	65.46	64.80	65.15	2563	0	5
2026.01.13	16:00:00	65.17	66.20	64.92	65.41	4830	0	5
2026.01.13	20:00:00	65.40	66.04	65.02	65.68	2867	0	5
2026.01.14	00:00:00	65.65	65.65	65.42	65.62	497	0	5
2026.01.14	04:00:00	65.63	65.69	65.42	65.50	1024	0	5
2026.01.14	08:00:00	65.51	65.63	64.93	65.58	2456	0	5
2026.01.14	12:00:00	65.56	66.73	65.55	66.34	4159	0	5
2026.01.14	16:00:00	66.33	66.77	65.90	66.51	4614	0	5
2026.01.14	20:00:00	66.50	67.09	63.75	65.80	5295	0	5
2026.01.15	00:00:00	65.57	65.57	64.73	64.99	1441	0	5
2026.01.15	04:00:00	64.98	65.03	64.48	64.61	1536	0	5
2026.01.15	08:00:00	64.62	64.92	63.90	63.93	3534	0	5
2026.01.15	12:00:00	63.94	64.65	63.70	63.93	3492	0	6
2026.01.15	16:00:00	63.96	64.20	63.53	63.88	4343	0	5
2026.01.15	20:00:00	63.88	64.29	63.69	64.03	2163	0	5
2026.01.16	00:00:00	63.96	64.16	63.96	63.99	448	0	6
2026.01.16	04:00:00	64.00	64.02	63.75	63.76	1003	0	6
2026.01.16	08:00:00	63.75	64.75	63.67	64.50	2379	0	5
2026.01.16	12:00:00	64.51	65.00	64.47	64.90	2182	0	6
2026.01.16	16:00:00	64.88	65.00	64.38	64.67	3574	0	5
2026.01.16	20:00:00	64.67	64.82	64.24	64.44	1274	0	5
2026.01.19	00:00:00	64.22	64.39	64.06	64.35	489	0	6
2026.01.19	04:00:00	64.36	64.55	64.16	64.23	725	0	6
2026.01.19	08:00:00	64.22	64.24	63.46	63.49	2451	0	6
2026.01.19	12:00:00	63.52	64.01	63.48	63.96	1916	0	6
2026.01.19	16:00:00	63.94	64.42	63.88	64.11	2123	0	5
2026.01.19	20:00:00	64.10	64.38	64.10	64.33	390	0	5
2026.01.20	00:00:00	64.31	64.34	64.14	64.14	316	0	5
2026.01.20	04:00:00	64.13	64.34	64.08	64.16	716	0	5
2026.01.20	08:00:00	64.15	64.44	63.54	64.28	2650	0	5
2026.01.20	12:00:00	64.29	64.71	64.13	64.36	2636	0	5
2026.01.20	16:00:00	64.35	65.29	64.30	65.12	4090	0	5
2026.01.20	20:00:00	65.13	65.20	63.91	64.03	2715	0	5
2026.01.21	00:00:00	64.27	64.33	64.03	64.31	406	0	6
2026.01.21	04:00:00	64.30	64.47	64.23	64.37	917	0	6
2026.01.21	08:00:00	64.38	64.48	63.76	64.47	3098	0	6
2026.01.21	12:00:00	64.48	65.55	64.35	65.01	3444	0	5
2026.01.21	16:00:00	65.02	65.32	64.80	65.14	4078	0	5
2026.01.21	20:00:00	65.14	65.55	65.13	65.41	2066	0	5
2026.01.22	00:00:00	65.28	65.49	65.21	65.41	382	0	6
2026.01.22	04:00:00	65.43	65.50	65.29	65.40	678	0	6
2026.01.22	08:00:00	65.38	65.39	64.70	64.77	2241	0	6
2026.01.22	12:00:00	64.75	64.85	64.06	64.42	2757	0	5
2026.01.22	16:00:00	64.41	64.70	63.69	63.91	4256	0	5
2026.01.22	20:00:00	63.90	64.47	63.82	64.47	1419	0	5
2026.01.23	00:00:00	64.49	64.63	64.40	64.59	327	0	6
2026.01.23	04:00:00	64.61	64.76	64.49	64.64	569	0	6
2026.01.23	08:00:00	64.63	64.91	64.40	64.81	2071	0	6
2026.01.23	12:00:00	64.82	65.91	64.80	65.86	2033	0	5
2026.01.23	16:00:00	65.87	66.13	65.61	66.07	3743	0	5
2026.01.23	20:00:00	66.06	66.13	65.83	65.99	1478	0	5
2026.01.26	00:00:00	65.84	66.10	65.80	65.92	652	0	6
2026.01.26	04:00:00	65.91	66.13	65.75	66.06	910	0	5
2026.01.26	08:00:00	66.05	66.54	65.59	65.95	3623	0	5
2026.01.26	12:00:00	65.94	66.27	65.43	65.60	2531	0	5
2026.01.26	16:00:00	65.59	65.92	65.33	65.86	3744	0	5
2026.01.26	20:00:00	65.86	65.87	65.29	65.68	1826	0	5
2026.01.27	00:00:00	65.71	65.71	65.07	65.11	620	0	5
2026.01.27	04:00:00	65.10	65.30	65.03	65.27	767	0	6
2026.01.27	08:00:00	65.28	65.51	64.99	65.50	2203	0	5
2026.01.27	12:00:00	65.48	66.67	65.30	66.65	2823	0	5
2026.01.27	16:00:00	66.64	67.12	65.84	67.03	4257	0	5
2026.01.27	20:00:00	67.04	67.59	66.92	67.48	2323	0	5
2026.01.28	00:00:00	67.40	67.55	67.23	67.35	564	0	6
2026.01.28	04:00:00	67.34	67.77	67.31	67.76	918	0	6
2026.01.28	08:00:00	67.77	67.91	66.91	67.03	2409	0	5
2026.01.28	12:00:00	67.01	68.20	66.94	68.17	2935	0	5
2026.01.28	16:00:00	68.20	68.29	67.47	67.64	4306	0	5
2026.01.28	20:00:00	67.63	68.41	67.62	68.38	1793	0	5
2026.01.29	00:00:00	68.39	68.67	68.30	68.66	662	0	5
2026.01.29	04:00:00	68.65	69.21	68.48	68.96	1424	0	5
2026.01.29	08:00:00	68.94	70.03	68.85	69.80	2982	0	5
2026.01.29	12:00:00	69.76	70.49	69.23	70.32	3562	0	5
2026.01.29	16:00:00	70.33	71.37	69.51	70.34	8901	0	5
2026.01.29	20:00:00	70.32	70.84	69.74	70.44	3420	0	5
2026.01.30	00:00:00	70.41	70.48	69.62	69.73	1575	0	5
2026.01.30	04:00:00	69.74	69.79	68.53	69.38	3792	0	5
2026.01.30	08:00:00	69.37	70.01	68.84	69.52	4147	0	5
2026.01.30	12:00:00	69.51	70.31	69.07	70.25	4652	0	5
2026.01.30	16:00:00	70.22	70.98	69.20	69.41	7020	0	5
2026.01.30	20:00:00	69.41	70.81	69.03	70.69	3580	0	5
2026.02.02	00:00:00	68.47	68.47	67.31	67.76	2136	0	5
2026.02.02	04:00:00	67.74	67.84	66.09	66.26	3935	0	5
2026.02.02	08:00:00	66.25	67.13	66.10	66.90	5246	0	5
2026.02.02	12:00:00	66.87	67.07	66.27	66.81	4258	0	5
2026.02.02	16:00:00	66.82	67.24	66.50	66.62	6620	0	5
2026.02.02	20:00:00	66.66	67.11	66.42	67.09	2127	0	5
2026.02.03	00:00:00	66.74	67.20	66.74	67.06	751	0	5
2026.02.03	04:00:00	67.07	67.10	66.27	66.58	1881	0	5
2026.02.03	08:00:00	66.59	66.84	65.80	66.43	3577	0	5
2026.02.03	12:00:00	66.47	67.38	66.45	67.29	3150	0	5
2026.02.03	16:00:00	67.28	68.43	67.09	67.87	6751	0	5
2026.02.03	20:00:00	67.86	68.91	67.38	68.60	3794	0	5
2026.02.04	00:00:00	68.48	68.87	68.16	68.75	986	0	5
2026.02.04	04:00:00	68.76	68.84	68.25	68.41	1570	0	5
2026.02.04	08:00:00	68.40	68.49	67.58	68.37	2680	0	5
2026.02.04	12:00:00	68.34	68.45	67.63	67.66	2795	0	5
2026.02.04	16:00:00	67.69	70.37	67.63	69.97	7516	0	5
2026.02.04	20:00:00	69.98	70.36	68.59	69.33	4895	0	5
2026.02.05	00:00:00	69.25	69.34	68.89	68.90	1071	0	5
2026.02.05	04:00:00	68.89	68.92	68.30	68.53	3168	0	5
2026.02.05	08:00:00	68.52	69.26	68.50	69.05	2978	0	5
2026.02.05	12:00:00	69.04	69.52	68.09	68.20	4266	0	5
2026.02.05	16:00:00	68.22	68.65	67.51	68.41	7283	0	5
2026.02.05	20:00:00	68.40	68.50	67.78	67.94	2592	0	5
2026.02.06	00:00:00	67.73	67.94	67.42	67.86	1073	0	5
2026.02.06	04:00:00	67.87	69.08	67.81	68.89	3022	0	5
2026.02.06	08:00:00	68.90	69.37	68.45	69.00	4235	0	5
2026.02.06	12:00:00	68.97	69.00	67.13	67.29	4797	0	5
2026.02.06	16:00:00	67.25	69.37	67.15	69.30	5809	0	5
2026.02.06	20:00:00	69.31	69.39	68.28	68.44	2217	0	5
2026.02.09	00:00:00	68.03	68.20	67.96	68.12	614	0	6
2026.02.09	04:00:00	68.13	68.20	67.67	67.80	1190	0	5
2026.02.09	08:00:00	67.79	68.17	67.62	67.86	2623	0	5
2026.02.09	12:00:00	67.87	68.90	67.82	68.21	2994	0	5
2026.02.09	16:00:00	68.19	69.93	68.07	69.83	4750	0	5
2026.02.09	20:00:00	69.82	69.82	69.37	69.57	1661	0	5
2026.02.10	00:00:00	69.46	69.49	69.01	69.45	645	0	5
2026.02.10	04:00:00	69.46	69.51	69.26	69.28	1278	0	5
2026.02.10	08:00:00	69.27	69.88	69.26	69.34	2795	0	5
2026.02.10	12:00:00	69.31	69.93	69.21	69.81	2445	0	5
2026.02.10	16:00:00	69.82	69.93	69.06	69.34	4515	0	5
2026.02.10	20:00:00	69.34	69.70	68.94	69.44	2404	0	5
2026.02.11	00:00:00	69.49	69.65	69.43	69.61	352	0	5
2026.02.11	04:00:00	69.60	69.89	69.54	69.59	991	0	5
2026.02.11	08:00:00	69.59	70.25	69.59	70.09	1836	0	6
2026.02.11	12:00:00	70.08	70.83	69.99	70.77	2751	0	5
2026.02.11	16:00:00	70.78	71.14	70.03	70.11	5544	0	5
2026.02.11	20:00:00	70.11	70.39	69.70	70.06	2413	0	5
2026.02.12	00:00:00	70.11	70.18	69.95	70.04	448	0	6
2026.02.12	04:00:00	70.05	70.25	69.84	70.05	980	0	5
2026.02.12	08:00:00	70.06	70.20	69.46	69.59	2407	0	5
2026.02.12	12:00:00	69.57	69.75	69.06	69.33	3018	0	5
2026.02.12	16:00:00	69.34	69.47	67.61	67.69	6051	0	5
2026.02.12	20:00:00	67.70	68.16	67.49	67.94	2431	0	5
2026.02.13	00:00:00	67.93	68.06	67.80	67.90	771	0	6
2026.02.13	04:00:00	67.92	67.95	67.67	67.70	1019	0	6
2026.02.13	08:00:00	67.69	68.26	67.59	68.18	2795	0	5
2026.02.13	12:00:00	68.19	68.37	67.25	68.07	3735	0	5
2026.02.13	16:00:00	68.01	68.42	67.47	68.32	5619	0	5
2026.02.13	20:00:00	68.32	68.39	67.62	67.90	2111	0	5
2026.02.16	00:00:00	68.03	68.08	67.98	68.00	122	0	6
2026.02.16	04:00:00	67.98	68.12	67.90	68.00	786	0	6
2026.02.16	08:00:00	67.99	68.11	67.61	67.68	1461	0	6
2026.02.16	12:00:00	67.66	68.31	67.65	68.20	1698	0	5
2026.02.16	16:00:00	68.16	69.01	68.12	69.00	2184	0	5
2026.02.16	20:00:00	68.99	69.05	68.83	68.85	486	0	5
2026.02.17	00:00:00	68.79	68.88	68.65	68.70	275	0	5
2026.02.17	04:00:00	68.69	68.77	68.46	68.48	653	0	5
2026.02.17	08:00:00	68.49	68.51	68.11	68.39	1737	0	6
2026.02.17	12:00:00	68.40	69.30	67.51	67.64	3601	0	5
2026.02.17	16:00:00	67.62	68.17	67.08	67.42	6039	0	5
2026.02.17	20:00:00	67.43	67.84	67.39	67.63	2093	0	5
2026.02.18	00:00:00	67.62	67.73	67.59	67.68	232	0	5
2026.02.18	04:00:00	67.69	67.94	67.66	67.78	437	0	5
2026.02.18	08:00:00	67.79	68.10	67.70	67.86	1694	0	5
2026.02.18	12:00:00	67.88	69.60	67.88	69.27	3235	0	5
2026.02.18	16:00:00	69.28	70.52	69.13	70.49	3886	0	5
2026.02.18	20:00:00	70.48	70.93	70.04	70.44	3247	0	5
2026.02.19	00:00:00	70.50	70.64	70.39	70.63	253	0	6
2026.02.19	04:00:00	70.64	70.87	70.59	70.69	784	0	6
2026.02.19	08:00:00	70.70	71.81	70.63	71.28	2920	0	5
2026.02.19	12:00:00	71.26	72.07	71.19	71.92	3376	0	6
2026.02.19	16:00:00	71.91	72.23	70.92	72.02	5793	0	5
2026.02.19	20:00:00	72.00	72.25	71.35	72.13	2660	0	5
2026.02.20	00:00:00	71.90	72.15	71.78	72.02	408	0	5
2026.02.20	04:00:00	72.03	72.37	71.93	72.30	851	0	5
2026.02.20	08:00:00	72.31	72.53	71.30	71.45	2656	0	5
2026.02.20	12:00:00	71.46	71.86	71.27	71.69	3173	0	5
2026.02.20	16:00:00	71.70	72.04	71.22	71.82	5392	0	5
2026.02.20	20:00:00	71.82	72.09	71.65	71.71	2381	0	5
2026.02.23	00:00:00	71.08	71.36	70.95	71.28	378	0	6
2026.02.23	04:00:00	71.31	71.41	70.84	71.10	787	0	5
2026.02.23	08:00:00	71.09	71.66	70.88	71.56	2010	0	5
2026.02.23	12:00:00	71.53	72.23	71.33	72.20	2102	0	5
2026.02.23	16:00:00	72.20	72.56	71.43	71.54	4535	0	5
2026.02.23	20:00:00	71.53	71.81	71.43	71.58	1873	0	5
2026.02.24	00:00:00	71.55	71.78	71.37	71.75	1152	0	5
2026.02.24	04:00:00	71.76	72.28	71.71	72.15	1486	0	5
2026.02.24	08:00:00	72.14	72.16	71.56	71.81	2168	0	5
2026.02.24	12:00:00	71.83	72.40	71.40	72.17	2666	0	5
2026.02.24	16:00:00	72.16	72.16	71.05	71.25	5356	0	5
2026.02.24	20:00:00	71.24	71.92	71.01	71.53	2406	0	5
2026.02.25	00:00:00	71.55	71.75	71.42	71.54	590	0	5
2026.02.25	04:00:00	71.55	72.05	71.44	71.50	1355	0	6
2026.02.25	08:00:00	71.49	71.62	70.93	71.12	2405	0	5
2026.02.25	12:00:00	71.14	71.85	71.10	71.44	2619	0	5
2026.02.25	16:00:00	71.44	71.53	70.75	71.27	4467	0	5
2026.02.25	20:00:00	71.26	71.53	71.08	71.34	1799	0	5
2026.02.26	00:00:00	71.49	71.52	71.31	71.40	436	0	5
2026.02.26	04:00:00	71.39	71.45	71.12	71.32	988	0	5
2026.02.26	08:00:00	71.33	71.44	70.63	70.91	2404	0	5
2026.02.26	12:00:00	70.93	70.94	69.63	70.40	3642	0	5
2026.02.26	16:00:00	70.41	72.83	70.15	72.47	6586	0	5
2026.02.26	20:00:00	72.46	72.54	70.93	71.48	4133	0	5
2026.02.27	00:00:00	71.18	71.18	70.89	71.10	654	0	6
2026.02.27	04:00:00	71.11	71.70	70.95	71.60	1269	0	5
2026.02.27	08:00:00	71.59	72.55	71.51	72.53	2699	0	5
2026.02.27	12:00:00	72.54	73.96	72.18	73.92	4249	0	5
2026.02.27	16:00:00	73.93	74.01	72.40	73.01	6202	0	5
2026.02.27	20:00:00	73.00	73.75	72.97	73.66	2402	0	5
2026.03.02	00:00:00	78.65	78.72	76.10	76.52	2866	0	31
2026.03.02	04:00:00	76.50	78.42	76.23	78.41	5424	0	31
2026.03.02	08:00:00	78.42	80.59	78.40	79.40	9658	0	31
2026.03.02	12:00:00	79.39	79.89	77.83	79.63	8386	0	31
2026.03.02	16:00:00	79.62	79.76	77.04	77.45	9846	0	31
2026.03.02	20:00:00	77.43	79.92	77.13	78.01	6834	0	31
2026.03.03	00:00:00	79.04	79.35	78.74	78.92	1615	0	32
2026.03.03	04:00:00	78.93	80.77	78.70	80.33	4059	0	31
2026.03.03	08:00:00	80.34	82.67	79.70	82.33	8257	0	31
2026.03.03	12:00:00	82.31	85.44	81.94	83.89	12613	0	32
2026.03.03	16:00:00	83.91	85.22	81.66	82.71	12141	0	31
2026.03.03	20:00:00	82.70	82.73	78.72	82.20	9314	0	31
2026.03.04	00:00:00	82.23	83.08	81.60	82.26	3235	0	32
2026.03.04	04:00:00	82.23	83.92	82.05	83.42	6240	0	32
2026.03.04	08:00:00	83.43	84.79	83.13	84.31	8083	0	32
2026.03.04	12:00:00	84.32	84.32	80.62	81.32	10712	0	31
2026.03.04	16:00:00	81.33	82.61	80.83	82.00	10746	0	31
2026.03.04	20:00:00	82.01	82.98	81.31	82.80	5322	0	31
2026.03.05	00:00:00	82.51	83.92	82.51	83.70	2181	0	32
2026.03.05	04:00:00	83.69	85.05	83.54	84.67	5064	0	32
2026.03.05	08:00:00	84.68	84.71	81.82	83.25	9746	0	32
2026.03.05	12:00:00	83.26	84.07	82.85	83.88	7859	0	32
2026.03.05	16:00:00	83.90	85.34	83.67	85.07	10551	0	31
2026.03.05	20:00:00	85.07	86.59	83.81	84.31	9260	0	31
2026.03.06	00:00:00	83.87	84.76	83.46	84.74	2542	0	32
2026.03.06	04:00:00	84.71	85.39	84.20	85.28	5157	0	32
2026.03.06	08:00:00	85.29	87.96	85.07	87.83	7976	0	32
2026.03.06	12:00:00	87.80	90.57	87.02	90.10	11492	0	32
2026.03.06	16:00:00	90.05	94.86	89.76	94.46	13965	0	31
2026.03.06	20:00:00	94.44	94.50	92.01	92.46	8719	0	31
2026.03.09	00:00:00	108.94	115.30	108.52	114.96	3237	0	32
2026.03.09	04:00:00	114.99	119.86	106.53	107.13	14703	0	32
2026.03.09	08:00:00	107.13	110.39	101.48	104.25	15896	0	32
2026.03.09	12:00:00	104.23	106.90	100.33	101.96	14850	0	32
2026.03.09	16:00:00	101.92	105.98	97.91	99.66	16344	0	31
2026.03.09	20:00:00	99.63	99.82	84.13	89.71	13076	0	31
2026.03.10	00:00:00	90.68	90.79	88.30	88.84	3616	0	32
2026.03.10	04:00:00	88.84	95.28	88.54	93.71	10536	0	32
2026.03.10	08:00:00	93.69	94.32	89.51	90.87	12526	0	32
2026.03.10	12:00:00	90.94	94.32	89.90	91.22	13145	0	32
2026.03.10	16:00:00	91.21	92.01	81.21	84.52	17014	0	33
2026.03.10	20:00:00	84.51	91.86	83.99	91.54	10918	0	32
2026.03.11	00:00:00	87.25	89.00	86.73	87.56	3008	0	33
2026.03.11	04:00:00	87.55	89.09	86.23	87.75	7882	0	33
2026.03.11	08:00:00	87.76	92.92	86.89	92.68	10754	0	33
2026.03.11	12:00:00	92.68	92.68	88.17	88.56	13865	0	33
2026.03.11	16:00:00	88.71	93.12	87.27	92.17	13598	0	33
2026.03.11	20:00:00	92.13	93.75	91.60	93.66	6124	0	31
2026.03.12	00:00:00	98.59	98.99	96.92	98.16	3333	0	33
2026.03.12	04:00:00	98.17	101.47	97.85	98.55	10305	0	33
2026.03.12	08:00:00	98.56	99.20	95.17	96.44	12059	0	33
2026.03.12	12:00:00	96.37	100.30	95.88	99.67	11394	0	33
2026.03.12	16:00:00	99.60	101.53	97.67	98.97	14304	0	33
2026.03.12	20:00:00	98.94	101.76	98.56	101.68	6980	0	31
2026.03.13	00:00:00	100.38	100.91	99.46	100.45	2680	0	33
2026.03.13	04:00:00	100.44	101.40	99.85	100.09	6392	0	32
2026.03.13	08:00:00	100.15	102.64	99.50	100.97	9655	0	33
2026.03.13	12:00:00	100.96	101.11	97.65	99.80	10928	0	33
2026.03.13	16:00:00	99.78	102.89	99.44	102.70	11030	0	33
2026.03.13	20:00:00	102.63	103.76	101.67	103.65	6272	0	33
2026.03.16	00:00:00	102.75	104.43	102.21	104.23	2703	0	32
2026.03.16	04:00:00	104.21	105.16	103.80	104.09	5676	0	32
2026.03.16	08:00:00	104.09	106.61	103.71	104.95	7488	0	32
2026.03.16	12:00:00	104.94	105.09	100.05	100.52	10402	0	32
2026.03.16	16:00:00	100.47	103.41	100.02	101.08	10966	0	31
2026.03.16	20:00:00	101.07	101.39	99.78	100.85	5664	0	31
2026.03.17	00:00:00	102.74	103.19	102.45	103.08	1976	0	32
2026.03.17	04:00:00	103.10	104.92	102.59	104.76	4464	0	32
2026.03.17	08:00:00	104.78	105.13	102.71	102.99	8144	0	32
2026.03.17	12:00:00	102.98	103.92	101.29	102.26	7530	0	32
2026.03.17	16:00:00	102.28	103.36	101.02	103.25	8978	0	31
2026.03.17	20:00:00	103.23	104.03	102.94	103.58	3630	0	31
2026.03.18	00:00:00	102.61	102.99	102.22	102.83	1736	0	32
2026.03.18	04:00:00	102.84	103.04	100.67	101.05	5050	0	32
2026.03.18	08:00:00	101.04	103.69	100.47	103.56	6301	0	32
2026.03.18	12:00:00	103.57	109.31	103.29	109.26	10405	0	32
2026.03.18	16:00:00	109.24	110.10	106.61	106.74	11144	0	31
2026.03.18	20:00:00	106.73	112.04	105.87	109.66	7815	0	31
2026.03.19	00:00:00	111.63	112.68	110.78	112.63	2566	0	32
2026.03.19	04:00:00	112.56	113.17	110.94	112.82	6665	0	32
2026.03.19	08:00:00	112.82	119.28	112.69	115.03	11881	0	32
2026.03.19	12:00:00	115.04	115.55	110.56	111.39	12118	0	32
2026.03.19	16:00:00	111.33	112.94	108.17	108.55	13211	0	31
2026.03.19	20:00:00	108.57	109.59	103.89	107.61	8294	0	31
2026.03.20	00:00:00	107.66	107.81	105.15	105.51	2696	0	32
2026.03.20	04:00:00	105.53	107.91	105.51	106.82	5018	0	32
2026.03.20	08:00:00	106.85	110.99	106.67	110.62	8252	0	32
2026.03.20	12:00:00	110.64	111.33	106.51	109.03	9413	0	32
2026.03.20	16:00:00	109.01	111.33	108.20	111.08	10238	0	31
2026.03.20	20:00:00	111.05	113.22	110.26	112.63	7002	0	31
2026.03.23	00:00:00	111.39	112.35	111.33	112.10	2385	0	32
2026.03.23	04:00:00	112.09	113.06	111.62	112.44	4968	0	32
2026.03.23	08:00:00	112.46	114.38	112.22	113.24	9943	0	32
2026.03.23	12:00:00	113.25	113.87	96.03	100.88	15719	0	32
2026.03.23	16:00:00	100.89	104.16	96.80	100.22	15702	0	31
2026.03.23	20:00:00	100.22	101.16	97.85	100.03	6641	0	31
2026.03.24	00:00:00	101.78	103.92	101.78	103.40	2430	0	32
2026.03.24	04:00:00	103.42	104.36	103.20	103.36	5939	0	32
2026.03.24	08:00:00	103.35	103.36	100.57	101.62	9987	0	32
2026.03.24	12:00:00	101.64	103.78	100.23	103.27	9106	0	32
2026.03.24	16:00:00	103.29	104.60	101.73	103.09	9897	0	31
2026.03.24	20:00:00	103.09	104.19	97.83	99.46	7300	0	31
2026.03.25	00:00:00	98.26	98.48	96.91	97.81	2094	0	32
2026.03.25	04:00:00	97.82	100.37	97.49	100.18	5266	0	32
2026.03.25	08:00:00	100.19	100.59	97.34	98.70	7726	0	32
2026.03.25	12:00:00	98.63	100.26	97.14	99.56	8383	0	32
2026.03.25	16:00:00	99.53	101.19	99.29	100.62	8741	0	31
2026.03.25	20:00:00	100.64	102.08	100.45	101.61	3685	0	31
2026.03.26	00:00:00	101.59	102.05	101.36	101.63	1121	0	32
2026.03.26	04:00:00	101.64	102.70	101.35	102.69	3127	0	32
2026.03.26	08:00:00	102.68	104.60	102.44	104.05	5924	0	32
2026.03.26	12:00:00	104.10	105.82	103.39	104.18	6749	0	32
2026.03.26	16:00:00	104.27	106.20	103.72	106.05	7939	0	31
2026.03.26	20:00:00	106.06	106.09	100.63	103.62	5143	0	31
2026.03.27	00:00:00	104.97	105.13	103.83	103.95	1323	0	32
2026.03.27	04:00:00	103.93	105.19	102.72	105.16	3445	0	32
2026.03.27	08:00:00	105.13	107.83	104.78	107.01	5872	0	32
2026.03.27	12:00:00	106.98	108.48	106.56	107.79	6475	0	32
2026.03.27	16:00:00	107.77	108.74	106.41	108.71	7670	0	31
2026.03.27	20:00:00	108.72	110.55	108.04	110.48	5622	0	31
2026.03.30	00:00:00	111.97	112.88	110.32	112.88	1465	0	32
2026.03.30	04:00:00	112.88	112.92	110.38	111.62	5142	0	32
2026.03.30	08:00:00	111.63	112.85	110.81	111.21	6407	0	32
2026.03.30	12:00:00	111.17	112.06	109.61	110.49	5598	0	32
2026.03.30	16:00:00	110.44	112.28	110.06	110.76	8721	0	31
2026.03.30	20:00:00	110.77	112.45	110.47	112.14	5754	0	31
2026.03.31	00:00:00	112.77	113.39	111.33	111.36	1601	0	32
2026.03.31	04:00:00	111.41	112.11	107.96	110.55	5692	0	32
2026.03.31	08:00:00	110.54	111.23	109.47	109.99	5890	0	32
2026.03.31	12:00:00	109.99	111.69	109.20	110.83	7381	0	32
2026.03.31	16:00:00	110.77	111.42	105.89	107.98	9587	0	31
2026.03.31	20:00:00	108.01	108.25	105.83	106.49	8594	0	31
2026.04.01	00:00:00	106.65	107.92	106.65	107.58	919	0	32
2026.04.01	04:00:00	107.54	109.09	107.37	107.89	4093	0	32
2026.04.01	08:00:00	107.87	107.91	101.39	105.49	8879	0	32
2026.04.01	12:00:00	105.48	107.16	103.62	105.59	8296	0	32
2026.04.01	16:00:00	105.57	105.87	103.51	104.62	9587	0	31
2026.04.01	20:00:00	104.60	104.64	102.85	103.31	5794	0	31
2026.04.02	00:00:00	103.36	103.36	102.01	102.33	1312	0	32
2026.04.02	04:00:00	102.33	111.24	102.02	110.27	8379	0	32
2026.04.02	08:00:00	110.18	112.11	109.73	112.10	6298	0	14
2026.04.02	12:00:00	112.09	112.95	111.21	112.04	7512	0	14
2026.04.02	16:00:00	112.06	112.96	108.38	110.97	12162	0	13
2026.04.02	20:00:00	110.98	112.43	110.62	112.29	6973	0	13
2026.04.06	00:00:00	114.48	114.48	113.39	113.41	1353	0	14
2026.04.06	04:00:00	113.41	113.77	111.78	112.50	4921	0	14
2026.04.06	08:00:00	112.50	113.28	110.13	110.58	6628	0	14
2026.04.06	12:00:00	110.57	111.94	109.58	111.13	5825	0	14
2026.04.06	16:00:00	111.13	112.81	110.66	112.35	7888	0	13
2026.04.06	20:00:00	112.34	113.96	111.67	112.44	6528	0	13
2026.04.07	00:00:00	112.78	113.25	112.23	112.90	1038	0	14
2026.04.07	04:00:00	112.92	114.51	111.74	113.85	4634	0	14
2026.04.07	08:00:00	113.79	114.46	112.00	112.20	7092	0	14
2026.04.07	12:00:00	112.19	114.11	110.05	113.31	8825	0	14
2026.04.07	16:00:00	113.24	114.21	111.11	112.57	10490	0	13
2026.04.07	20:00:00	112.59	113.68	107.10	107.99	10880	0	13
2026.04.08	00:00:00	96.70	98.38	93.84	96.74	3198	0	14
2026.04.08	04:00:00	96.74	98.47	96.29	97.18	7012	0	14
2026.04.08	08:00:00	97.17	98.18	94.71	96.53	8359	0	14
2026.04.08	12:00:00	96.54	97.29	93.23	93.33	9427	0	14
2026.04.08	16:00:00	93.31	98.02	92.50	96.69	11749	0	13
2026.04.08	20:00:00	96.70	99.45	96.29	98.41	7979	0	13
2026.04.09	00:00:00	99.22	100.13	98.44	100.02	1448	0	14
2026.04.09	04:00:00	100.02	100.02	98.64	99.51	4164	0	14
2026.04.09	08:00:00	99.49	100.71	98.61	100.35	5980	0	14
2026.04.09	12:00:00	100.34	101.12	99.51	100.53	6513	0	14
2026.04.09	16:00:00	100.54	101.70	97.16	97.84	11425	0	13
2026.04.09	20:00:00	97.82	99.52	96.45	98.57	8064	0	13
2026.04.10	00:00:00	98.67	99.11	98.57	98.93	829	0	14
2026.04.10	04:00:00	98.91	99.05	98.08	98.70	3355	0	14
2026.04.10	08:00:00	98.69	100.33	98.37	100.09	4718	0	14
2026.04.10	12:00:00	100.08	100.08	96.98	97.93	6141	0	14
2026.04.10	16:00:00	97.91	99.48	97.16	98.81	8781	0	13
2026.04.10	20:00:00	98.80	99.13	96.22	96.24	5843	0	13
2026.04.13	00:00:00	104.95	105.35	104.23	104.23	1024	0	14
2026.04.13	04:00:00	104.23	104.27	103.25	104.01	3307	0	14
2026.04.13	08:00:00	104.01	105.18	102.99	104.65	4613	0	14
2026.04.13	12:00:00	104.66	104.83	103.30	103.73	4738	0	14
2026.04.13	16:00:00	103.74	104.08	100.59	101.70	10291	0	13
2026.04.13	20:00:00	101.68	101.91	99.38	99.82	6716	0	13
2026.04.14	00:00:00	98.88	99.31	98.14	98.29	1047	0	14
2026.04.14	04:00:00	98.31	100.35	98.31	99.53	3381	0	14
2026.04.14	08:00:00	99.55	101.08	99.13	99.76	6199	0	14
2026.04.14	12:00:00	99.75	100.97	99.12	99.38	5820	0	14
2026.04.14	16:00:00	99.38	99.67	96.25	96.89	9779	0	13
2026.04.14	20:00:00	96.87	97.14	96.04	96.76	5122	0	13
2026.04.15	00:00:00	95.56	96.30	95.56	95.74	963	0	14
2026.04.15	04:00:00	95.75	97.31	95.43	97.24	3673	0	14
2026.04.15	08:00:00	97.23	97.29	95.68	96.85	5346	0	14
2026.04.15	12:00:00	96.86	98.39	96.49	96.81	7150	0	14
2026.04.15	16:00:00	96.85	97.45	95.57	97.20	9071	0	13
2026.04.15	20:00:00	97.19	97.32	96.08	96.40	4730	0	13
2026.04.16	00:00:00	96.03	96.18	95.83	96.11	633	0	14
2026.04.16	04:00:00	96.13	96.69	95.94	96.42	2178	0	14
2026.04.16	08:00:00	96.43	98.27	96.01	97.77	4074	0	14
2026.04.16	12:00:00	97.77	98.01	96.84	97.90	4152	0	14
2026.04.16	16:00:00	97.88	101.14	97.58	101.02	8353	0	13
2026.04.16	20:00:00	101.00	101.28	99.40	99.43	4826	0	13
2026.04.17	00:00:00	99.71	99.81	99.28	99.65	657	0	14
2026.04.17	04:00:00	99.64	100.03	99.39	99.44	1847	0	14
2026.04.17	08:00:00	99.45	100.31	98.53	98.81	4443	0	14
2026.04.17	12:00:00	98.79	99.14	90.78	91.70	7259	0	14
2026.04.17	16:00:00	91.78	92.49	87.27	90.08	12874	0	13
2026.04.17	20:00:00	90.04	92.81	89.99	92.44	6274	0	13
2026.04.20	00:00:00	97.68	97.98	96.74	96.75	1157	0	14
2026.04.20	04:00:00	96.77	96.77	95.54	96.26	4027	0	14
2026.04.20	08:00:00	96.25	97.25	95.36	96.23	5946	0	14
2026.04.20	12:00:00	96.23	96.43	95.03	95.86	5967	0	14
2026.04.20	16:00:00	95.90	97.26	93.75	96.31	9736	0	13
2026.04.20	20:00:00	96.34	96.90	94.95	95.24	4442	0	13
2026.04.21	00:00:00	95.43	95.85	95.36	95.76	716	0	14
2026.04.21	04:00:00	95.75	96.09	95.53	95.53	1961	0	14
2026.04.21	08:00:00	95.51	96.58	94.76	95.86	4900	0	14
2026.04.21	12:00:00	95.89	96.55	95.03	96.15	5707	0	14
2026.04.21	16:00:00	96.14	99.83	95.57	99.82	8648	0	13
2026.04.21	20:00:00	99.82	102.11	97.48	100.14	10537	0	13
2026.04.22	00:00:00	100.12	100.19	98.60	99.45	1337	0	14
2026.04.22	04:00:00	99.42	99.54	98.78	99.43	3115	0	14
2026.04.22	08:00:00	99.40	101.25	97.37	100.41	6126	0	14
2026.04.22	12:00:00	100.42	101.36	99.70	101.13	6471	0	14
2026.04.22	16:00:00	101.12	103.18	99.91	103.08	9866	0	13
2026.04.22	20:00:00	103.08	103.16	102.02	102.64	4954	0	13
2026.04.23	00:00:00	102.34	106.89	102.34	102.79	1992	0	14
2026.04.23	04:00:00	102.81	104.95	102.65	103.78	4876	0	14
2026.04.23	08:00:00	103.79	104.90	103.02	104.74	6240	0	14
2026.04.23	12:00:00	104.75	105.48	102.05	102.98	6927	0	14
2026.04.23	16:00:00	102.97	104.67	102.80	104.15	8333	0	13
2026.04.23	20:00:00	104.16	107.78	104.16	106.77	8389	0	13
2026.04.24	00:00:00	106.39	106.99	106.02	106.63	775	0	14
2026.04.24	04:00:00	106.62	106.92	105.17	105.30	3010	0	14
2026.04.24	08:00:00	105.28	107.54	104.92	106.70	5050	0	14
2026.04.24	12:00:00	106.69	107.39	103.56	105.60	7586	0	14
2026.04.24	16:00:00	105.57	106.17	103.66	104.73	9799	0	13
2026.04.24	20:00:00	104.68	106.70	103.62	105.94	5522	0	13
2026.04.27	00:00:00	106.91	107.30	106.73	106.82	667	0	14
2026.04.27	04:00:00	106.82	106.82	105.55	106.30	2598	0	14
2026.04.27	08:00:00	106.31	107.89	106.28	107.24	4429	0	14
2026.04.27	12:00:00	107.23	107.52	105.15	106.77	5017	0	14
2026.04.27	16:00:00	106.78	108.13	106.27	107.43	7882	0	13
2026.04.27	20:00:00	107.42	108.34	106.94	107.57	4927	0	13
2026.04.28	00:00:00	107.34	107.99	107.18	107.89	580	0	14
2026.04.28	04:00:00	107.83	108.49	107.57	108.25	1910	0	14
2026.04.28	08:00:00	108.26	110.52	108.20	109.75	5751	0	14
2026.04.28	12:00:00	109.76	111.53	108.62	109.65	6729	0	14
2026.04.28	16:00:00	109.66	110.65	108.95	109.11	9998	0	13
2026.04.28	20:00:00	109.13	110.36	109.04	109.93	3862	0	13
2026.04.29	00:00:00	109.36	109.47	109.10	109.35	585	0	14
2026.04.29	04:00:00	109.29	110.63	108.72	109.81	3132	0	14
2026.04.29	08:00:00	109.82	113.64	109.82	113.21	5250	0	14
2026.04.29	12:00:00	113.22	114.27	112.62	113.99	5592	0	14
2026.04.29	16:00:00	114.00	117.08	113.67	116.75	9381	0	13
2026.04.29	20:00:00	116.74	117.81	115.85	117.74	6936	0	13
2026.04.30	00:00:00	116.76	117.20	115.90	116.99	1266	0	14
2026.04.30	04:00:00	116.94	120.48	116.31	119.43	6235	0	14
2026.04.30	08:00:00	119.43	120.01	117.00	117.56	7660	0	14
2026.04.30	12:00:00	117.54	118.19	112.54	114.85	9921	0	14
2026.04.30	16:00:00	114.85	116.73	113.58	115.60	11515	0	13
2026.04.30	20:00:00	115.58	117.45	114.15	116.80	7028	0	13
2026.05.01	00:00:00	116.87	117.31	116.48	117.15	638	0	14
2026.05.01	04:00:00	117.14	117.71	116.28	116.31	2202	0	14
2026.05.01	08:00:00	116.31	117.92	115.73	117.07	5537	0	14
2026.05.01	12:00:00	117.06	117.78	115.07	116.12	5818	0	14
2026.05.01	16:00:00	116.13	116.16	111.46	113.57	10183	0	13
2026.05.01	20:00:00	113.58	114.47	112.65	114.09	5354	0	13
2026.05.04	00:00:00	112.89	113.54	112.21	112.27	863	0	14
2026.05.04	04:00:00	112.25	113.53	112.23	112.85	1990	0	14
2026.05.04	08:00:00	112.90	115.80	111.18	114.38	5547	0	14
2026.05.04	12:00:00	114.39	119.26	113.90	115.35	8370	0	14
2026.05.04	16:00:00	115.37	120.31	114.56	119.84	11424	0	13
2026.05.04	20:00:00	119.85	119.94	118.05	118.80	6187	0	13
2026.05.05	00:00:00	118.55	118.85	118.14	118.58	649	0	14
2026.05.05	04:00:00	118.57	118.72	117.50	117.88	2032	0	14
2026.05.05	08:00:00	117.87	119.22	116.57	117.04	6084	0	14
2026.05.05	12:00:00	117.03	118.51	116.05	116.71	6233	0	14
2026.05.05	16:00:00	116.71	116.88	114.51	115.24	9308	0	13
2026.05.05	20:00:00	115.24	115.32	114.20	115.11	4517	0	13
2026.05.06	00:00:00	112.04	113.39	112.04	112.93	1189	0	14
2026.05.06	04:00:00	112.94	113.24	111.89	112.39	3327	0	14
2026.05.06	08:00:00	112.43	113.37	106.88	107.36	7592	0	14
2026.05.06	12:00:00	107.37	108.34	100.64	107.04	13828	0	14
2026.05.06	16:00:00	107.05	108.28	105.28	106.60	11063	0	13
2026.05.06	20:00:00	106.60	106.69	104.66	106.07	5510	0	13
2026.05.07	00:00:00	105.67	106.47	105.63	106.14	781	0	14
2026.05.07	04:00:00	106.15	106.38	105.01	105.64	2894	0	14
2026.05.07	08:00:00	105.65	105.87	101.21	102.86	6725	0	14
2026.05.07	12:00:00	102.86	103.32	99.72	100.57	7524	0	14
2026.05.07	16:00:00	100.59	104.87	100.03	104.68	10963	0	13
2026.05.07	20:00:00	104.64	107.33	103.77	106.99	9929	0	13
2026.05.08	00:00:00	106.25	106.69	105.59	105.88	966	0	14
2026.05.08	04:00:00	105.82	105.82	104.45	105.02	3392	0	14
2026.05.08	08:00:00	105.01	105.24	103.41	103.94	6485	0	14
2026.05.08	12:00:00	103.95	104.65	103.22	104.34	6743	0	14
2026.05.08	16:00:00	104.35	105.92	103.30	105.32	9229	0	13
2026.05.08	20:00:00	105.34	105.34	103.74	104.08	5266	0	13
2026.05.11	00:00:00	108.21	108.80	107.79	108.33	898	0	14
2026.05.11	04:00:00	108.32	109.29	107.75	109.24	2600	0	14
2026.05.11	08:00:00	109.24	109.27	106.48	107.26	4905	0	14
2026.05.11	12:00:00	107.28	107.94	106.13	107.16	5412	0	14
2026.05.11	16:00:00	107.23	108.95	106.06	108.37	8420	0	13
2026.05.11	20:00:00	108.38	108.38	107.20	107.58	5183	0	13
2026.05.12	00:00:00	107.44	108.00	107.39	107.96	789	0	14
2026.05.12	04:00:00	107.97	108.46	107.61	108.08	2097	0	14
2026.05.12	08:00:00	108.05	110.46	107.81	109.87	5174	0	14
2026.05.12	12:00:00	109.91	111.43	109.85	110.39	5947	0	14
2026.05.12	16:00:00	110.43	111.66	110.31	110.59	7694	0	13
2026.05.12	20:00:00	110.58	111.41	110.32	110.62	4396	0	13
2026.05.13	00:00:00	110.39	110.47	109.63	109.88	874	0	14
2026.05.13	04:00:00	109.89	110.18	109.17	109.27	2568	0	14
2026.05.13	08:00:00	109.27	110.53	109.11	110.36	4264	0	14
2026.05.13	12:00:00	110.35	111.30	110.07	110.65	4491	0	14
2026.05.13	16:00:00	110.64	111.22	108.58	109.31	7546	0	13
2026.05.13	20:00:00	109.30	109.43	108.24	108.54	4097	0	13
2026.05.14	00:00:00	108.36	108.68	108.28	108.45	519	0	14
2026.05.14	04:00:00	108.42	108.98	108.04	108.77	2610	0	14
2026.05.14	08:00:00	108.79	109.94	107.32	109.06	5526	0	14
2026.05.14	12:00:00	109.05	109.46	106.62	107.56	6971	0	14
2026.05.14	16:00:00	107.62	108.88	107.24	107.97	7810	0	13
2026.05.14	20:00:00	107.95	109.56	107.84	109.40	3542	0	13
2026.05.15	00:00:00	109.11	109.26	108.91	109.07	566	0	14
2026.05.15	04:00:00	109.05	110.12	108.87	109.55	3162	0	14
2026.05.15	08:00:00	109.56	112.12	109.56	111.71	5596	0	14
2026.05.15	12:00:00	111.72	112.35	109.81	110.94	6626	0	14
2026.05.15	16:00:00	110.98	112.44	110.45	111.81	6929	0	13
2026.05.15	20:00:00	111.84	112.32	111.50	111.80	3899	0	13
2026.05.18	00:00:00	112.65	113.38	112.29	113.17	1015	0	14
2026.05.18	04:00:00	113.13	114.16	112.77	113.36	3204	0	14
2026.05.18	08:00:00	113.35	113.66	111.83	112.11	5192	0	14
2026.05.18	12:00:00	112.10	113.51	109.06	109.61	6848	0	14
2026.05.18	16:00:00	109.64	113.78	109.46	113.13	9252	0	13
2026.05.18	20:00:00	113.15	114.91	110.13	111.43	7122	0	13
2026.05.19	00:00:00	110.99	111.49	110.95	111.20	807	0	14
2026.05.19	04:00:00	111.18	112.16	111.18	111.68	2811	0	14
2026.05.19	08:00:00	111.71	112.77	111.58	112.27	5312	0	14
2026.05.19	12:00:00	112.28	113.25	111.67	112.50	4916	0	14
2026.05.19	16:00:00	112.46	113.56	111.52	112.68	8162	0	13
2026.05.19	20:00:00	112.71	113.77	112.17	112.93	4374	0	13
2026.05.20	00:00:00	112.70	112.73	112.46	112.64	521	0	14
2026.05.20	04:00:00	112.67	113.28	111.93	112.66	3394	0	14
2026.05.20	08:00:00	112.65	112.77	110.46	110.70	5049	0	14
2026.05.20	12:00:00	110.73	111.30	109.26	110.17	5744	0	14
2026.05.20	16:00:00	110.19	111.20	104.94	106.37	11121	0	13
2026.05.20	20:00:00	106.33	107.23	105.53	107.15	5957	0	13
2026.05.21	00:00:00	106.74	108.12	106.71	107.32	956	0	14
2026.05.21	04:00:00	107.30	107.52	106.66	107.07	2688	0	14
2026.05.21	08:00:00	107.06	108.33	106.21	106.51	5459	0	14
2026.05.21	12:00:00	106.57	109.26	105.20	108.87	8026	0	14
2026.05.21	16:00:00	108.88	110.83	107.77	107.96	9662	0	13
2026.05.21	20:00:00	107.96	108.34	103.65	106.40	9566	0	13
2026.05.22	00:00:00	105.96	106.31	105.74	106.12	685	0	14
2026.05.22	04:00:00	106.10	106.47	105.08	105.55	2597	0	14
2026.05.22	08:00:00	105.60	107.70	105.55	107.05	5290	0	14
2026.05.22	12:00:00	107.07	107.39	103.98	104.37	5860	0	14
2026.05.22	16:00:00	104.37	106.13	103.75	104.93	7646	0	13
2026.05.22	20:00:00	104.89	105.17	102.66	104.86	6059	0	13
2026.05.25	00:00:00	99.82	100.01	98.74	99.81	930	0	14
2026.05.25	04:00:00	99.82	100.71	98.14	98.77	3949	0	14
2026.05.25	08:00:00	98.78	100.55	98.41	99.60	4816	0	14
2026.05.25	12:00:00	99.61	99.65	97.97	99.17	4181	0	14
2026.05.25	16:00:00	99.19	99.72	97.20	97.26	5554	0	13
2026.05.25	20:00:00	97.27	97.78	97.10	97.52	863	0	13
2026.05.26	00:00:00	98.39	99.11	98.35	98.95	1104	0	14
2026.05.26	04:00:00	98.96	99.45	98.72	99.37	2042	0	14
2026.05.26	08:00:00	99.40	101.01	98.79	100.59	5505	0	14
2026.05.26	12:00:00	100.57	100.68	98.88	100.10	5148	0	14
2026.05.26	16:00:00	100.14	101.71	99.86	100.95	7651	0	13
2026.05.26	20:00:00	100.96	101.15	100.05	100.49	4544	0	13
2026.05.27	00:00:00	100.17	100.23	99.61	99.76	805	0	14
2026.05.27	04:00:00	99.76	100.01	98.65	98.76	3172	0	14
2026.05.27	08:00:00	98.77	99.04	96.55	97.04	5373	0	14
2026.05.27	12:00:00	97.05	98.21	95.40	96.26	6703	0	14
2026.05.27	16:00:00	96.29	98.31	96.21	96.99	8556	0	13
2026.05.27	20:00:00	97.00	97.24	95.73	96.56	4196	0	13
2026.05.28	00:00:00	97.27	97.86	97.18	97.73	660	0	14
2026.05.28	04:00:00	97.72	99.64	97.12	99.35	3277	0	14
2026.05.28	08:00:00	99.34	99.39	97.81	97.98	4586	0	14
2026.05.28	12:00:00	98.00	98.72	97.06	97.45	5239	0	14
2026.05.28	16:00:00	97.46	98.44	94.29	95.32	9263	0	13
2026.05.28	20:00:00	95.34	97.01	95.29	95.95	5210	0	13
2026.05.29	00:00:00	95.64	95.91	95.12	95.76	788	0	14
2026.05.29	04:00:00	95.72	95.90	94.82	95.11	3866	0	14
2026.05.29	08:00:00	95.12	96.40	94.68	95.87	3847	0	14
2026.05.29	12:00:00	95.86	95.87	93.89	94.39	5590	0	14
2026.05.29	16:00:00	94.36	95.61	93.28	93.92	8749	0	13
2026.05.29	20:00:00	93.94	95.35	93.89	95.06	4450	0	13
2026.06.01	00:00:00	96.03	96.61	95.98	96.03	529	0	14
2026.06.01	04:00:00	96.03	96.69	95.71	96.17	2411	0	14
2026.06.01	08:00:00	96.17	97.77	96.04	97.38	3614	0	14
2026.06.01	12:00:00	97.41	97.64	95.73	96.13	3855	0	14
2026.06.01	16:00:00	96.11	101.05	96.05	99.13	10224	0	13
2026.06.01	20:00:00	99.12	99.57	97.30	98.52	5480	0	13
2026.06.02	00:00:00	97.81	98.47	97.78	98.38	636	0	14
2026.06.02	04:00:00	98.38	98.59	97.15	97.19	2723	0	14
2026.06.02	08:00:00	97.19	97.65	95.89	96.32	4829	0	14
2026.06.02	12:00:00	96.33	97.40	95.87	97.10	4391	0	14
2026.06.02	16:00:00	97.08	99.15	97.08	98.83	7590	0	13
2026.06.02	20:00:00	98.82	99.39	98.61	98.88	3703	0	13
2026.06.03	00:00:00	99.61	100.19	99.60	99.68	693	0	14
2026.06.03	04:00:00	99.63	100.32	99.48	100.11	1966	0	14
2026.06.03	08:00:00	100.09	101.75	100.01	101.53	4518	0	14
2026.06.03	12:00:00	101.54	102.07	100.68	101.03	5549	0	14
2026.06.03	16:00:00	101.00	101.24	99.82	100.76	7737	0	13
2026.06.03	20:00:00	100.74	101.38	100.48	100.93	3937	0	13
2026.06.04	00:00:00	100.16	100.34	99.83	99.84	653	0	14
2026.06.04	04:00:00	99.87	100.11	99.35	99.82	2118	0	14
2026.06.04	08:00:00	99.83	100.30	98.95	99.45	4416	0	14
2026.06.04	12:00:00	99.44	99.71	96.78	97.60	6467	0	14
2026.06.04	16:00:00	97.61	98.31	97.49	97.60	6468	0	13
2026.06.04	20:00:00	97.62	98.30	97.03	97.99	3610	0	13
2026.06.05	00:00:00	98.06	98.08	97.65	97.72	438	0	14
2026.06.05	04:00:00	97.71	98.66	97.53	98.10	1936	0	14
2026.06.05	08:00:00	98.10	98.31	96.42	97.69	4245	0	14
2026.06.05	12:00:00	97.70	98.20	96.79	97.31	5138	0	14
2026.06.05	16:00:00	97.30	97.48	95.35	95.67	7778	0	13
2026.06.05	20:00:00	95.68	95.98	95.44	95.55	3920	0	13
2026.06.08	00:00:00	97.86	97.97	97.53	97.61	646	0	14
2026.06.08	04:00:00	97.61	99.84	97.42	99.72	5399	0	14
2026.06.08	08:00:00	99.71	100.57	99.39	99.86	6718	0	14
2026.06.08	12:00:00	99.85	100.07	96.32	97.31	7520	0	14
2026.06.08	16:00:00	97.30	97.57	96.05	96.95	7277	0	13
2026.06.08	20:00:00	96.95	96.96	96.31	96.56	3765	0	13
2026.06.09	00:00:00	96.51	96.71	96.12	96.35	614	0	14
2026.06.09	04:00:00	96.34	96.42	95.38	95.78	2615	0	14
2026.06.09	08:00:00	95.79	95.84	94.24	94.78	5263	0	14
2026.06.09	12:00:00	94.80	95.32	94.25	94.74	4525	0	14
2026.06.09	16:00:00	94.75	95.14	91.78	93.64	9213	0	13
2026.06.09	20:00:00	93.62	94.18	92.96	94.03	5553	0	13
2026.06.10	00:00:00	94.65	95.40	94.27	94.37	967	0	14
2026.06.10	04:00:00	94.36	94.89	93.76	94.04	2803	0	14
2026.06.10	08:00:00	94.02	94.43	92.87	93.18	5500	0	14
2026.06.10	12:00:00	93.17	95.57	92.89	94.24	7559	0	14
2026.06.10	16:00:00	94.29	96.51	94.15	96.12	7478	0	13
2026.06.10	20:00:00	96.11	96.90	95.02	96.90	5002	0	13
2026.06.11	00:00:00	97.06	97.59	96.75	97.19	1216	0	14
2026.06.11	04:00:00	97.19	97.24	96.00	96.13	3441	0	14
2026.06.11	08:00:00	96.12	96.16	93.74	94.18	5360	0	14
2026.06.11	12:00:00	94.17	96.15	93.63	94.94	6322	0	14
2026.06.11	16:00:00	94.91	96.05	94.00	95.48	7662	0	13
2026.06.11	20:00:00	95.49	95.54	90.40	91.06	9573	0	13
2026.06.12	00:00:00	90.61	91.29	90.61	91.22	615	0	14
2026.06.12	04:00:00	91.20	91.57	90.38	90.42	2537	0	14
2026.06.12	08:00:00	90.41	90.68	87.59	88.36	6498	0	14
2026.06.12	12:00:00	88.37	90.27	88.01	89.87	6243	0	14
2026.06.12	16:00:00	89.87	91.72	88.44	89.15	8783	0	13
2026.06.12	20:00:00	89.17	89.35	88.50	88.53	3903	0	13
2026.06.15	00:00:00	84.66	85.02	84.16	84.71	831	0	13
2026.06.15	04:00:00	84.71	84.99	83.90	84.09	2846	0	13
2026.06.15	08:00:00	84.11	84.79	83.54	83.90	4658	0	13
2026.06.15	12:00:00	83.89	84.15	83.38	83.98	4125	0	13
2026.06.15	16:00:00	83.99	84.29	83.26	84.07	5244	0	13
2026.06.15	20:00:00	84.08	84.72	83.76	84.35	2788	0	13
2026.06.16	00:00:00	84.40	84.51	84.27	84.40	389	0	13
2026.06.16	04:00:00	84.39	84.44	83.55	83.58	1986	0	13
2026.06.16	08:00:00	83.59	83.81	81.69	81.83	4419	0	13
2026.06.16	12:00:00	81.84	82.49	80.18	80.67	4336	0	13
2026.06.16	16:00:00	80.69	81.39	78.98	79.27	6813	0	13
2026.06.16	20:00:00	79.27	80.50	79.01	79.95	4176	0	13
2026.06.17	00:00:00	79.82	79.92	79.66	79.87	383	0	13
2026.06.17	04:00:00	79.86	79.91	78.73	78.84	2178	0	13
2026.06.17	08:00:00	78.83	79.86	78.12	79.42	5096	0	13
2026.06.17	12:00:00	79.42	80.21	78.87	79.78	4270	0	13
2026.06.17	16:00:00	79.76	82.76	79.28	79.29	6900	0	13
2026.06.17	20:00:00	79.32	79.92	78.68	78.76	4757	0	13
2026.06.18	00:00:00	78.86	78.87	78.53	78.83	480	0	13
2026.06.18	04:00:00	78.82	78.96	77.71	77.75	2154	0	13
2026.06.18	08:00:00	77.77	78.34	77.06	77.65	4732	0	13
2026.06.18	12:00:00	77.66	78.91	77.51	78.38	4283	0	13
2026.06.18	16:00:00	78.40	78.51	76.54	78.04	6924	0	13
2026.06.18	20:00:00	78.05	80.00	77.83	79.41	4624	0	13
2026.06.19	00:00:00	78.98	79.04	78.71	78.82	367	0	13
2026.06.19	04:00:00	78.81	79.66	78.75	79.41	1415	0	13
2026.06.19	08:00:00	79.41	80.58	79.17	79.39	3973	0	13
2026.06.19	12:00:00	79.43	80.32	78.81	78.88	4362	0	13
2026.06.19	16:00:00	78.86	80.57	78.58	80.35	4313	0	13
2026.06.19	20:00:00	80.36	80.37	79.90	80.15	414	0	13
2026.06.22	00:00:00	81.10	81.17	80.26	80.34	756	0	13
2026.06.22	04:00:00	80.36	80.36	78.18	78.61	3470	0	13
2026.06.22	08:00:00	78.60	79.57	78.10	78.57	4617	0	13
2026.06.22	12:00:00	78.58	78.88	77.89	78.07	3989	0	13
2026.06.22	16:00:00	78.09	78.67	76.85	77.34	6336	0	14
2026.06.22	20:00:00	77.33	77.87	76.98	77.53	2759	0	14
2026.06.23	00:00:00	77.71	77.75	77.51	77.72	486	0	14
2026.06.23	04:00:00	77.70	77.80	77.06	77.22	2587	0	14
2026.06.23	08:00:00	77.22	77.32	76.07	76.99	4286	0	14
2026.06.23	12:00:00	77.00	77.59	76.69	77.11	3605	0	14
2026.06.23	16:00:00	77.13	77.25	76.18	76.54	5574	0	14
2026.06.23	20:00:00	76.57	76.99	76.49	76.52	2875	0	14
2026.06.24	00:00:00	76.23	76.46	76.19	76.31	492	0	14
2026.06.24	04:00:00	76.31	76.52	75.66	76.19	2598	0	14
2026.06.24	08:00:00	76.21	76.66	75.21	75.56	3954	0	14
2026.06.24	12:00:00	75.59	75.78	74.33	74.42	4191	0	14
2026.06.24	16:00:00	74.40	74.45	73.20	74.08	6436	0	14
2026.06.24	20:00:00	74.08	74.17	73.21	73.29	3101	0	14
2026.06.25	00:00:00	73.36	73.61	73.36	73.40	335	0	14
2026.06.25	04:00:00	73.40	73.51	72.51	72.88	2806	0	14
2026.06.25	08:00:00	72.86	73.38	72.41	72.60	4157	0	14
2026.06.25	12:00:00	72.57	73.47	72.32	73.07	3793	0	14
2026.06.25	16:00:00	73.06	75.02	73.00	74.92	6094	0	14
2026.06.25	20:00:00	74.92	75.98	74.71	74.90	3405	0	14
2026.06.26	00:00:00	74.93	75.31	74.90	75.30	388	0	14
2026.06.26	04:00:00	75.33	75.33	73.96	73.97	2429	0	14
2026.06.26	08:00:00	73.96	74.52	72.36	72.76	4020	0	14
2026.06.26	12:00:00	72.75	73.57	72.44	72.60	4049	0	14
2026.06.26	16:00:00	72.58	73.77	71.82	72.54	6864	0	14
2026.06.26	20:00:00	72.54	73.45	72.24	73.44	3276	0	14
2026.06.29	00:00:00	72.83	73.18	72.47	72.99	661	0	14
2026.06.29	04:00:00	72.98	73.37	72.85	73.04	2983	0	14
2026.06.29	08:00:00	73.03	73.38	72.54	73.17	3848	0	14
2026.06.29	12:00:00	73.19	73.74	72.67	73.12	3504	0	14
2026.06.29	16:00:00	73.14	74.09	72.99	73.86	5013	0	14
2026.06.29	20:00:00	73.87	74.11	73.46	73.53	2390	0	14
2026.06.30	00:00:00	73.37	73.53	73.32	73.40	367	0	14
2026.06.30	04:00:00	73.40	73.93	73.22	73.39	2354	0	14
2026.06.30	08:00:00	73.38	73.95	72.95	73.59	3878	0	14
2026.06.30	12:00:00	73.60	74.69	73.55	74.08	3912	0	14
2026.06.30	16:00:00	74.10	74.69	73.21	73.24	5329	0	14
2026.06.30	20:00:00	73.23	73.41	72.58	73.27	2545	0	14
2026.07.01	00:00:00	73.31	73.43	73.27	73.42	326	0	14
2026.07.01	04:00:00	73.43	73.44	72.98	73.10	1972	0	14
2026.07.01	08:00:00	73.09	73.22	71.67	71.72	3114	0	14
2026.07.01	12:00:00	71.71	72.36	71.62	71.80	3663	0	14
2026.07.01	16:00:00	71.85	72.24	71.05	71.29	5287	0	14
2026.07.01	20:00:00	71.29	71.70	71.02	71.15	2244	0	14
2026.07.02	00:00:00	71.18	71.22	70.84	71.01	408	0	14
2026.07.02	04:00:00	71.01	71.08	70.63	70.91	2232	0	14
2026.07.02	08:00:00	70.91	71.20	70.41	70.83	3625	0	14
2026.07.02	12:00:00	70.86	70.87	70.16	70.60	3214	0	14
2026.07.02	16:00:00	70.60	71.31	70.43	71.16	5059	0	14
2026.07.02	20:00:00	71.17	71.89	71.12	71.57	2185	0	14
2026.07.03	00:00:00	71.51	71.63	71.46	71.54	251	0	14
2026.07.03	04:00:00	71.54	72.36	71.45	72.18	2351	0	14
2026.07.03	08:00:00	72.18	72.47	71.33	72.03	2820	0	14
2026.07.03	12:00:00	72.02	72.08	71.28	71.46	2418	0	14
2026.07.03	16:00:00	71.46	72.22	71.42	72.06	3421	0	14
2026.07.03	20:00:00	72.06	72.08	71.86	71.89	263	0	14
2026.07.06	00:00:00	71.58	71.93	71.55	71.57	401	0	14
2026.07.06	04:00:00	71.56	72.39	71.48	71.86	2535	0	14
2026.07.06	08:00:00	71.85	72.41	71.03	71.50	3318	0	14
2026.07.06	12:00:00	71.50	72.07	71.44	71.77	3104	0	14
2026.07.06	16:00:00	71.77	72.56	71.54	71.76	4754	0	14
2026.07.06	20:00:00	71.78	72.17	71.66	71.99	1914	0	14
2026.07.07	00:00:00	72.13	72.35	72.12	72.31	319	0	14
2026.07.07	04:00:00	72.27	72.73	72.04	72.45	1747	0	14
2026.07.07	08:00:00	72.46	73.09	72.44	72.82	3482	0	14
2026.07.07	12:00:00	72.83	73.24	72.36	72.53	3446	0	14
2026.07.07	16:00:00	72.54	74.12	72.53	73.98	5377	0	14
2026.07.07	20:00:00	73.98	76.08	73.87	75.68	4351	0	14
2026.07.08	00:00:00	75.96	76.17	75.50	75.51	705	0	14
2026.07.08	04:00:00	75.48	76.03	75.24	75.93	2876	0	14
2026.07.08	08:00:00	75.93	78.39	75.49	78.27	6185	0	14
2026.07.08	12:00:00	78.28	78.76	76.86	77.53	7020	0	14
2026.07.08	16:00:00	77.56	80.14	77.22	78.55	9724	0	14
2026.07.08	20:00:00	78.55	79.14	77.58	78.97	5440	0	14
2026.07.09	00:00:00	78.62	78.63	78.20	78.21	556	0	14
2026.07.09	04:00:00	78.20	78.83	78.05	78.55	3116	0	14
2026.07.09	08:00:00	78.54	78.67	76.50	77.12	5686	0	14
2026.07.09	12:00:00	77.14	78.86	77.07	78.26	4965	0	14
2026.07.09	16:00:00	78.29	78.30	75.70	75.97	6921	0	14
2026.07.09	20:00:00	75.98	76.29	75.44	75.90	3482	0	14
2026.07.10	00:00:00	76.01	76.05	75.82	75.99	439	0	14
2026.07.10	04:00:00	75.98	76.66	75.75	76.36	2536	0	14
2026.07.10	08:00:00	76.37	76.48	75.24	76.01	4421	0	14
2026.07.10	12:00:00	76.02	76.92	75.60	76.19	4471	0	14
2026.07.10	16:00:00	76.20	77.28	75.18	75.48	6811	0	14
2026.07.10	20:00:00	75.49	76.08	75.46	75.87	2623	0	14
2026.07.13	00:00:00	78.25	78.88	78.19	78.67	691	0	14
2026.07.13	04:00:00	78.67	79.13	78.54	78.98	3674	0	14
2026.07.13	08:00:00	78.97	79.49	77.32	77.61	4530	0	14
2026.07.13	12:00:00	77.62	79.05	77.09	78.43	4654	0	14
2026.07.13	16:00:00	78.42	80.44	78.01	80.23	7040	0	14
2026.07.13	20:00:00	80.22	83.29	80.00	82.67	6531	0	14
2026.07.14	00:00:00	83.15	84.92	83.11	84.35	2117	0	14
2026.07.14	04:00:00	84.35	84.40	83.04	83.98	6157	0	14
2026.07.14	08:00:00	83.97	85.84	83.09	85.81	7853	0	14
2026.07.14	12:00:00	85.82	85.95	84.48	85.39	7763	0	14
2026.07.14	16:00:00	85.38	85.63	82.43	83.64	10218	0	14
2026.07.14	20:00:00	83.63	84.70	83.19	84.24	4897	0	14
2026.07.15	00:00:00	83.93	85.09	83.92	84.70	786	0	14
2026.07.15	04:00:00	84.67	84.92	84.14	84.29	3598	0	14
2026.07.15	08:00:00	84.28	85.20	83.54	83.60	5912	0	14
2026.07.15	12:00:00	83.59	84.63	83.44	83.91	4817	0	14
2026.07.15	16:00:00	83.90	84.44	82.46	83.72	7953	0	14
2026.07.15	20:00:00	83.71	84.87	83.07	84.49	4317	0	14
2026.07.16	00:00:00	84.20	84.28	83.96	84.18	416	0	14
2026.07.16	04:00:00	84.17	84.36	83.31	83.46	2827	0	14
2026.07.16	08:00:00	83.46	83.80	83.20	83.27	4697	0	14
2026.07.16	12:00:00	83.27	84.85	82.83	84.68	4866	0	14
2026.07.16	16:00:00	84.67	85.03	83.24	83.42	7265	0	14
2026.07.16	20:00:00	83.43	83.99	82.95	83.87	3603	0	14
2026.07.17	00:00:00	83.74	84.01	83.67	83.99	491	0	14
2026.07.17	04:00:00	83.97	84.42	83.61	83.99	2746	0	14
2026.07.17	08:00:00	84.00	84.01	82.67	83.88	5496	0	14
2026.07.17	12:00:00	83.90	85.18	83.87	85.08	4076	0	14
2026.07.17	16:00:00	85.07	86.38	84.75	86.29	6590	0	14
2026.07.17	20:00:00	86.28	86.87	85.94	86.55	3835	0	14
2026.07.20	00:00:00	88.51	88.59	88.20	88.25	687	0	14
2026.07.20	04:00:00	88.24	88.54	87.94	88.21	3704	0	14
2026.07.20	08:00:00	88.18	88.92	86.10	86.39	6053	0	14
2026.07.20	12:00:00	86.37	86.90	84.50	86.65	6700	0	14
2026.07.20	16:00:00	86.64	87.19	85.69	86.73	7650	0	14
2026.07.20	20:00:00	86.73	87.81	86.53	87.16	4147	0	14
2026.07.21	00:00:00	87.11	87.18	86.95	87.13	396	0	14
2026.07.21	04:00:00	87.14	87.15	86.52	86.76	2787	0	14
2026.07.21	08:00:00	86.76	87.56	86.15	86.98	4877	0	14
2026.07.21	12:00:00	86.99	88.79	86.77	88.48	6177	0	14
2026.07.21	16:00:00	88.50	89.34	88.13	88.77	7241	0	14
2026.07.21	20:00:00	88.75	89.09	88.35	88.98	3315	0	14
2026.07.22	00:00:00	88.89	89.05	88.74	88.89	487	0	14
2026.07.22	04:00:00	88.88	89.83	88.81	89.44	3268	0	14
2026.07.22	08:00:00	89.43	91.34	89.09	90.64	5660	0	14
2026.07.22	12:00:00	90.64	91.06	89.99	90.60	6507	0	14
2026.07.22	16:00:00	90.62	90.70	89.42	89.95	7122	0	14
2026.07.22	20:00:00	89.96	90.60	89.93	90.16	3364	0	14
2026.07.23	00:00:00	90.73	91.56	90.63	91.19	948	0	14
2026.07.23	04:00:00	91.18	91.87	91.02	91.53	3920	0	14
2026.07.23	08:00:00	91.53	92.86	91.15	92.58	6106	0	14
2026.07.23	12:00:00	92.59	93.88	92.27	93.63	6539	0	14
2026.07.23	16:00:00	93.68	94.72	93.35	94.45	8518	0	14
2026.07.23	20:00:00	94.44	95.39	93.40	94.13	5328	0	14
2026.07.24	00:00:00	93.86	94.39	93.74	93.75	840	0	14
2026.07.24	04:00:00	93.72	94.25	93.10	93.67	4062	0	14
2026.07.24	08:00:00	93.66	93.81	91.36	91.59	5954	0	14
2026.07.24	12:00:00	91.62	92.25	90.91	91.47	5992	0	14
2026.07.24	16:00:00	91.48	92.13	90.22	90.91	8612	0	14
2026.07.24	20:00:00	90.92	92.66	90.73	92.54	4689	0	14
2026.07.27	00:00:00	87.09	87.36	86.56	87.26	1137	0	14
2026.07.27	04:00:00	87.28	88.15	86.83	87.17	4387	0	14
2026.07.27	08:00:00	87.19	87.25	84.94	85.03	7385	0	14
2026.07.27	12:00:00	85.03	86.89	84.32	86.62	6900	0	14
2026.07.27	16:00:00	86.56	87.01	85.32	85.72	8021	0	14
2026.07.27	20:00:00	85.73	85.81	84.69	84.93	4448	0	14
2026.07.28	00:00:00	84.96	85.14	84.55	85.05	846	0	14
2026.07.28	04:00:00	85.04	85.16	83.69	84.44	3906	0	14
2026.07.28	08:00:00	84.45	85.17	82.50	82.88	6733	0	14
2026.07.28	12:00:00	82.96	84.30	82.96	83.33	5432	0	14
2026.07.28	16:00:00	83.33	84.02	80.33	81.09	9205	0	14
2026.07.28	20:00:00	81.09	82.05	80.77	81.44	5108	0	14
2026.07.29	00:00:00	83.61	84.46	83.59	84.30	1340	0	14
2026.07.29	04:00:00	84.29	85.11	83.94	84.14	3905	0	14
2026.07.29	08:00:00	84.14	84.46	83.76	84.12	5412	0	14
2026.07.29	12:00:00	84.11	86.60	84.06	86.25	6160	0	14
2026.07.29	16:00:00	86.28	87.61	86.01	87.25	7547	0	14
2026.07.29	20:00:00	87.24	87.97	86.91	87.54	6149	0	14
2026.07.30	00:00:00	86.94	87.50	86.27	87.41	1182	0	14
2026.07.30	04:00:00	87.37	87.38	86.13	86.87	3824	0	14
2026.07.30	08:00:00	86.88	88.60	86.82	87.40	7022	0	14
2026.07.30	12:00:00	87.40	87.50	86.10	86.78	6130	0	14
2026.07.30	16:00:00	86.78	86.88	85.53	86.38	8195	0	14
2026.07.30	20:00:00	86.37	86.65	86.03	86.45	3969	0	14
2026.07.31	00:00:00	86.39	86.57	86.01	86.01	586	0	14
2026.07.31	04:00:00	85.98	85.98	84.25	84.27	4256	0	14
2026.07.31	08:00:00	84.26	85.47	83.85	85.14	5400	0	14
2026.07.31	12:00:00	85.12	87.97	85.12	87.67	6315	0	14
2026.07.31	16:00:00	87.68	87.90	86.19	86.84	7828	0	14
2026.07.31	20:00:00	86.85	88.46	86.73	88.39	4201	0	14
2026.08.03	00:00:00	82.92	83.18	82.60	82.95	871	0	14
2026.08.03	04:00:00	82.96	83.14	82.35	82.35	3996	0	14
2026.08.03	08:00:00	82.36	83.62	81.72	83.12	5804	0	14
2026.08.03	12:00:00	83.13	83.19	81.90	82.04	5418	0	14
2026.08.03	16:00:00	82.04	83.47	81.78	82.51	7154	0	14
2026.08.03	20:00:00	82.51	83.08	82.00	82.52	4264	0	14
2026.08.04	00:00:00	82.72	83.37	82.69	83.31	740	0	14
2026.08.04	04:00:00	83.34	83.87	82.97	83.82	2867	0	14
2026.08.04	08:00:00	83.83	85.03	83.14	84.85	5154	0	14
2026.08.04	12:00:00	84.86	84.98	79.72	80.56	8254	0	14
2026.08.04	16:00:00	80.59	80.89	78.08	78.96	9514	0	14
2026.08.04	20:00:00	78.97	79.02	78.03	78.06	4129	0	14
2026.08.05	00:00:00	78.07	78.47	77.77	78.41	826	0	14
2026.08.05	04:00:00	78.41	79.10	77.43	78.15	3775	0	14
2026.08.05	08:00:00	78.16	79.81	77.81	79.61	6293	0	14
2026.08.05	12:00:00	79.60	80.10	79.06	79.87	5141	0	14
2026.08.05	16:00:00	79.88	79.89	77.64	78.23	8694	0	14
2026.08.05	20:00:00	78.20	78.82	77.84	78.60	4100	0	14
2026.08.06	00:00:00	78.34	78.61	78.15	78.40	645	0	14
2026.08.06	04:00:00	78.38	79.42	78.13	78.25	3401	0	14
2026.08.06	08:00:00	78.25	79.35	78.09	78.68	4988	0	14
2026.08.06	12:00:00	78.67	79.86	78.54	79.79	4292	0	14
2026.08.06	16:00:00	79.76	81.88	79.71	81.70	7096	0	14
2026.08.06	20:00:00	81.69	82.60	81.17	82.38	4617	0	14
2026.08.07	00:00:00	82.02	82.57	82.02	82.06	705	0	14
2026.08.07	04:00:00	82.05	83.10	81.85	82.55	3389	0	14
2026.08.07	08:00:00	82.56	82.60	81.72	81.78	4161	0	14
2026.08.07	12:00:00	81.78	81.89	80.49	80.65	4579	0	14
2026.08.07	16:00:00	80.59	82.71	80.57	82.54	6311	0	14
2026.08.07	20:00:00	82.52	82.63	80.90	81.23	4310	0	14
2026.08.10	00:00:00	83.04	83.18	82.80	82.85	593	0	14
2026.08.10	04:00:00	82.83	83.38	82.36	82.65	2972	0	14
2026.08.10	08:00:00	82.66	83.49	82.05	83.31	4953	0	14
2026.08.10	12:00:00	83.31	84.10	82.71	83.90	4595	0	14
2026.08.10	16:00:00	83.91	85.95	83.54	85.87	6707	0	14
2026.08.10	20:00:00	85.89	86.69	85.86	86.52	3698	0	14
2026.08.11	00:00:00	86.25	86.56	86.19	86.34	601	0	14
2026.08.11	04:00:00	86.35	86.67	86.09	86.40	3191	0	14
2026.08.11	08:00:00	86.40	88.44	86.31	88.33	5677	0	14
2026.08.11	12:00:00	88.34	88.45	85.72	86.55	6614	0	14
2026.08.11	16:00:00	86.55	87.40	85.39	87.14	7292	0	14
2026.08.11	20:00:00	87.15	87.73	86.99	87.38	3557	0	14
2026.08.12	00:00:00	87.43	87.92	87.39	87.78	758	0	14
2026.08.12	04:00:00	87.78	88.27	87.65	87.68	3044	0	14
2026.08.12	08:00:00	87.69	88.00	87.19	87.56	4814	0	14
2026.08.12	12:00:00	87.58	87.66	86.48	86.83	5973	0	14
2026.08.12	16:00:00	86.82	87.28	86.51	86.93	6933	0	14
2026.08.12	20:00:00	86.92	87.52	86.83	86.86	3380	0	14
2026.08.13	00:00:00	86.80	86.82	86.28	86.29	636	0	14
2026.08.13	04:00:00	86.28	87.14	86.11	87.14	3034	0	14
2026.08.13	08:00:00	87.15	87.36	85.82	85.97	4815	0	14
2026.08.13	12:00:00	85.96	86.22	85.36	85.60	4744	0	14
2026.08.13	16:00:00	85.61	86.99	84.53	86.21	7476	0	14
2026.08.13	20:00:00	86.23	86.42	85.35	85.54	3671	0	14
2026.08.14	00:00:00	85.58	85.72	85.38	85.39	517	0	14
2026.08.14	04:00:00	85.40	85.82	85.14	85.66	2893	0	14
2026.08.14	08:00:00	85.66	87.08	85.58	86.37	4278	0	14
2026.08.14	12:00:00	86.38	86.41	85.30	85.37	3933	0	14
2026.08.14	16:00:00	85.39	86.51	85.14	86.42	5845	0	14
2026.08.14	20:00:00	86.43	87.15	86.38	86.91	2880	0	14
2026.08.17	00:00:00	86.79	86.79	86.33	86.36	550	0	14
2026.08.17	04:00:00	86.36	87.43	86.14	86.65	4050	0	14
2026.08.17	08:00:00	86.65	87.17	86.27	87.16	4847	0	14
2026.08.17	12:00:00	87.19	87.72	86.50	87.54	5453	0	14
2026.08.17	16:00:00	87.55	87.66	86.82	87.65	6201	0	14
2026.08.17	20:00:00	87.66	89.48	87.60	89.40	4709	0	14
2026.08.18	00:00:00	89.32	89.44	89.16	89.16	602	0	14
2026.08.18	04:00:00	89.18	89.80	89.01	89.59	3200	0	14
2026.08.18	08:00:00	89.59	90.05	89.18	89.32	4107	0	14
2026.08.18	12:00:00	89.34	89.77	89.06	89.63	3679	0	14
2026.08.18	16:00:00	89.61	90.44	89.19	89.74	6646	0	14
2026.08.18	20:00:00	89.76	89.87	89.37	89.82	3058	0	14
2026.08.19	00:00:00	89.78	90.27	89.69	90.05	761	0	14
2026.08.19	04:00:00	90.02	90.47	89.92	89.97	3255	0	14
2026.08.19	08:00:00	89.98	90.39	89.64	90.35	4526	0	14
2026.08.19	12:00:00	90.33	90.75	88.89	89.38	5002	0	14
2026.08.19	16:00:00	89.40	90.83	89.33	90.76	6808	0	14
2026.08.19	20:00:00	90.77	90.96	89.39	89.75	4014	0	14
2026.08.20	00:00:00	89.62	90.00	89.60	89.98	574	0	14
2026.08.20	04:00:00	89.99	90.33	89.65	89.79	3418	0	14
2026.08.20	08:00:00	89.78	91.72	89.65	91.59	4665	0	14
2026.08.20	12:00:00	91.62	92.54	91.48	91.64	4301	0	14
2026.08.20	16:00:00	91.67	92.08	90.88	91.34	6704	0	14
2026.08.20	20:00:00	91.33	92.05	91.12	91.36	3171	0	14
2026.08.21	00:00:00	91.18	91.53	91.17	91.46	547	0	14
2026.08.21	04:00:00	91.47	92.07	91.35	91.39	2818	0	14
2026.08.21	08:00:00	91.39	91.97	91.15	91.16	4166	0	14
2026.08.21	12:00:00	91.15	92.49	91.05	92.12	4808	0	14
2026.08.21	16:00:00	92.13	92.55	91.77	92.40	6443	0	14
2026.08.21	20:00:00	92.40	92.87	92.03	92.11	3145	0	14
2026.08.24	00:00:00	91.23	91.43	90.84	91.04	611	0	14
2026.08.24	04:00:00	91.03	91.11	89.97	90.95	3588	0	14
2026.08.24	08:00:00	90.96	91.38	90.34	90.65	4647	0	14
2026.08.24	12:00:00	90.65	91.62	90.48	91.01	4389	0	14
2026.08.24	16:00:00	91.01	91.66	89.91	90.45	6840	0	14
2026.08.24	20:00:00	90.44	90.44	89.86	90.06	3322	0	14
2026.08.25	00:00:00	90.13	90.27	89.79	89.81	511	0	14
2026.08.25	04:00:00	89.79	90.89	89.75	90.14	3943	0	14
2026.08.25	08:00:00	90.13	90.17	88.11	88.27	5451	0	14
2026.08.25	12:00:00	88.28	88.35	87.18	87.46	5734	0	14
2026.08.25	16:00:00	87.45	88.26	86.45	86.73	7016	0	14
2026.08.25	20:00:00	86.74	87.02	84.71	85.55	4583	0	14
2026.08.26	00:00:00	85.52	85.62	85.07	85.18	850	0	14
2026.08.26	04:00:00	85.19	85.23	84.64	85.23	3540	0	14
2026.08.26	08:00:00	85.22	85.60	84.37	84.54	4856	0	14
2026.08.26	12:00:00	84.55	85.42	84.24	85.32	4740	0	14
2026.08.26	16:00:00	85.33	87.94	85.15	87.18	6648	0	14
2026.08.26	20:00:00	87.19	87.24	86.04	86.19	2872	0	14
2026.08.27	00:00:00	86.09	86.17	85.83	86.06	616	0	14
2026.08.27	04:00:00	86.09	86.42	85.68	86.08	3454	0	14
2026.08.27	08:00:00	86.10	86.12	84.92	86.10	4198	0	14
2026.08.27	12:00:00	86.11	87.21	86.08	86.94	4322	0	14
2026.08.27	16:00:00	86.96	87.58	86.33	87.12	6234	0	14
2026.08.27	20:00:00	87.12	88.68	87.03	88.06	4161	0	14
2026.08.28	00:00:00	87.95	87.98	87.73	87.75	526	0	14
2026.08.28	04:00:00	87.76	88.02	87.54	87.79	2715	0	14
2026.08.28	08:00:00	87.79	87.86	87.07	87.82	4546	0	14
2026.08.28	12:00:00	87.84	88.12	86.87	86.92	4387	0	14
2026.08.28	16:00:00	86.94	87.83	86.72	87.75	6421	0	14
2026.08.28	20:00:00	87.75	87.87	87.33	87.72	3015	0	14
2026.08.31	00:00:00	88.88	88.89	88.31	88.51	687	0	14
2026.08.31	04:00:00	88.51	89.95	88.50	89.56	4775	0	14
2026.08.31	08:00:00	89.56	90.58	88.82	90.49	5009	0	14
2026.08.31	12:00:00	90.48	90.73	89.85	89.96	4645	0	14
2026.08.31	16:00:00	89.97	90.50	89.36	89.63	6093	0	14
2026.08.31	20:00:00	89.64	90.05	89.47	89.99	3380	0	14
2026.09.01	00:00:00	90.09	90.34	90.09	90.21	662	0	14
2026.09.01	04:00:00	90.21	90.71	90.04	90.66	3207	0	14
2026.09.01	08:00:00	90.67	91.62	89.90	91.56	5440	0	14
2026.09.01	12:00:00	91.52	91.74	90.86	91.44	4485	0	14
2026.09.01	16:00:00	91.45	93.32	90.97	92.95	7589	0	14
2026.09.01	20:00:00	92.96	94.28	92.81	94.03	5296	0	14
2026.09.02	00:00:00	94.00	95.38	93.89	95.37	1442	0	14
2026.09.02	04:00:00	95.42	95.63	93.88	93.96	5045	0	14
2026.09.02	08:00:00	93.97	94.46	93.27	93.45	6122	0	14
2026.09.02	12:00:00	93.46	93.93	92.34	93.32	5841	0	14
2026.09.02	16:00:00	93.31	94.48	92.61	94.34	7117	0	14
2026.09.02	20:00:00	94.33	94.62	93.66	93.91	4422	0	14
2026.09.03	00:00:00	93.74	93.87	93.63	93.79	538	0	14
2026.09.03	04:00:00	93.78	94.43	93.51	93.57	3619	0	14
2026.09.03	08:00:00	93.58	94.34	92.65	94.33	6010	0	14
2026.09.03	12:00:00	94.34	95.74	94.04	94.38	6253	0	14
2026.09.03	16:00:00	94.40	95.33	93.83	94.21	7664	0	14
2026.09.03	20:00:00	94.22	94.59	93.57	94.22	3504	0	14
2026.09.04	00:00:00	94.25	94.26	93.81	93.97	548	0	14
2026.09.04	04:00:00	93.98	94.49	93.88	93.89	3609	0	14
2026.09.04	08:00:00	93.89	94.23	93.30	93.55	5207	0	14
2026.09.04	12:00:00	93.56	93.97	92.78	92.82	4647	0	14
2026.09.04	16:00:00	92.86	94.34	91.71	94.33	7867	0	14
2026.09.04	20:00:00	94.33	94.82	93.85	94.26	3790	0	14
2026.09.07	00:00:00	94.72	94.85	94.25	94.52	650	0	14
2026.09.07	04:00:00	94.55	95.34	94.23	95.24	3589	0	14
2026.09.07	08:00:00	95.25	95.84	94.06	94.66	4814	0	14
2026.09.07	12:00:00	94.64	95.56	94.55	95.21	3600	0	14
2026.09.07	16:00:00	95.23	95.87	94.97	94.98	4504	0	14
2026.09.07	20:00:00	94.98	95.35	94.83	95.30	357	0	14
2026.09.08	00:00:00	95.09	95.27	94.71	94.96	662	0	14
2026.09.08	04:00:00	94.93	95.63	94.83	95.52	3212	0	14
2026.09.08	08:00:00	95.53	97.16	95.44	96.85	5412	0	14
2026.09.08	12:00:00	96.87	97.06	95.70	95.70	4688	0	14
2026.09.08	16:00:00	95.70	96.27	95.18	95.45	6927	0	14
2026.09.08	20:00:00	95.45	97.30	94.90	97.26	5486	0	14
2026.09.09	00:00:00	97.19	97.39	96.98	97.09	829	0	14
2026.09.09	04:00:00	97.10	97.48	96.88	96.89	3383	0	14
2026.09.09	08:00:00	96.89	98.04	96.68	97.98	4822	0	14
2026.09.09	12:00:00	98.03	98.74	97.98	98.51	5168	0	14
2026.09.09	16:00:00	98.52	99.21	98.21	98.22	7530	0	14
2026.09.09	20:00:00	98.22	99.33	97.92	99.23	4053	0	14
2026.09.10	00:00:00	99.36	99.40	98.63	98.64	818	0	14
2026.09.10	04:00:00	98.65	99.22	98.36	98.55	4249	0	14
2026.09.10	08:00:00	98.56	99.77	97.78	99.71	4916	0	14
2026.09.10	12:00:00	99.72	103.03	98.61	102.39	6900	0	14
2026.09.10	16:00:00	102.38	104.74	101.14	103.89	9794	0	14
2026.09.10	20:00:00	103.90	105.97	103.85	105.90	6498	0	14
2026.09.11	00:00:00	106.15	106.15	104.76	105.18	1774	0	14
2026.09.11	04:00:00	105.19	105.49	104.09	104.40	7566	0	14
2026.09.11	08:00:00	104.40	104.42	101.35	101.37	9459	0	14
2026.09.11	12:00:00	101.35	101.94	100.67	101.64	8086	0	14
2026.09.11	16:00:00	101.63	102.41	100.84	101.93	9343	0	14
2026.09.11	20:00:00	101.92	102.01	101.01	101.46	5172	0	14
2026.09.14	00:00:00	103.80	104.13	103.55	103.89	1166	0	14
2026.09.14	04:00:00	103.90	104.60	103.08	103.43	6395	0	14
2026.09.14	08:00:00	103.43	104.70	102.77	104.22	7045	0	14
2026.09.14	12:00:00	104.23	105.61	103.36	104.83	6599	0	8
2026.09.14	16:00:00	104.83	105.37	101.66	102.18	10763	0	8
2026.09.14	20:00:00	102.17	102.86	101.53	102.67	6276	0	8
2026.09.15	00:00:00	102.78	103.36	102.69	103.26	1027	0	8
2026.09.15	04:00:00	103.24	103.71	102.54	103.64	4698	0	8
2026.09.15	08:00:00	103.64	104.48	103.12	104.21	6448	0	8
2026.09.15	12:00:00	104.22	104.56	101.74	102.30	6703	0	8
2026.09.15	16:00:00	102.33	105.05	102.00	104.98	9575	0	8
2026.09.15	20:00:00	104.98	105.45	104.34	104.56	5187	0	8
2026.09.16	00:00:00	104.28	104.34	103.62	104.16	983	0	8
2026.09.16	04:00:00	104.16	104.50	103.38	103.84	5323	0	8
2026.09.16	08:00:00	103.86	104.35	103.22	104.05	5868	0	8
2026.09.16	12:00:00	104.05	104.47	102.94	103.53	6121	0	8
2026.09.16	16:00:00	103.55	103.72	100.35	101.96	9131	0	8
2026.09.16	20:00:00	101.97	102.30	101.28	101.90	5891	0	8
2026.09.17	00:00:00	101.41	101.43	100.39	100.71	949	0	8
2026.09.17	04:00:00	100.69	102.18	100.60	101.82	4772	0	8
2026.09.17	08:00:00	101.82	101.88	100.12	100.76	6747	0	8
2026.09.17	12:00:00	100.77	101.37	98.68	99.27	7784	0	8
2026.09.17	16:00:00	99.28	101.09	98.87	100.85	8629	0	8
2026.09.17	20:00:00	100.85	101.10	100.16	100.40	4368	0	8
2026.09.18	00:00:00	100.12	100.37	99.94	100.33	765	0	8
2026.09.18	04:00:00	100.34	100.47	99.57	99.81	5111	0	8
2026.09.18	08:00:00	99.80	100.01	98.54	99.24	6628	0	8
2026.09.18	12:00:00	99.26	99.95	98.78	99.83	6636	0	8
2026.09.18	16:00:00	99.82	101.05	99.79	99.92	7894	0	8
2026.09.18	20:00:00	99.94	100.19	99.25	99.53	4648	0	8
2026.09.21	00:00:00	99.49	99.66	98.37	98.63	1170	0	8
2026.09.21	04:00:00	98.63	98.63	97.37	97.93	4579	0	8
2026.09.21	08:00:00	97.92	98.65	97.45	98.04	5506	0	8
2026.09.21	12:00:00	98.01	98.41	96.59	97.66	5608	0	8
2026.09.21	16:00:00	97.65	97.71	95.45	95.80	8152	0	8
2026.09.21	20:00:00	95.80	96.92	95.79	96.39	4048	0	8
2026.09.22	00:00:00	96.57	97.01	96.40	96.98	694	0	8
2026.09.22	04:00:00	96.98	97.79	96.97	97.75	3126	0	8
2026.09.22	08:00:00	97.76	98.21	95.18	95.46	5526	0	8
2026.09.22	12:00:00	95.45	96.43	93.95	95.24	9005	0	8
2026.09.22	16:00:00	95.28	96.78	94.31	96.30	9170	0	8
2026.09.22	20:00:00	96.29	96.31	93.93	95.05	6632	0	8
2026.09.23	00:00:00	94.60	95.43	94.60	95.25	1039	0	8
2026.09.23	04:00:00	95.26	95.65	94.23	94.42	3846	0	8
2026.09.23	08:00:00	94.42	96.24	94.36	95.76	6102	0	8
2026.09.23	12:00:00	95.78	96.67	95.18	96.56	5596	0	8
2026.09.23	16:00:00	96.58	98.62	96.29	97.91	9512	0	8
2026.09.23	20:00:00	97.91	99.00	97.46	98.65	5604	0	8
2026.09.24	00:00:00	98.06	98.06	97.40	97.50	846	0	8
2026.09.24	04:00:00	97.53	97.98	97.15	97.50	3340	0	8
2026.09.24	08:00:00	97.50	100.94	97.40	100.66	6514	0	8
2026.09.24	12:00:00	100.67	100.67	99.14	99.99	6076	0	8
2026.09.24	16:00:00	99.98	102.48	98.87	100.04	9362	0	8
2026.09.24	20:00:00	100.06	101.36	99.51	100.60	7026	0	8
2026.09.25	00:00:00	99.61	99.67	99.15	99.20	806	0	8
2026.09.25	04:00:00	99.19	99.34	98.47	98.81	2095	0	8
2026.09.25	08:00:00	98.80	99.45	97.85	98.03	5034	0	8
2026.09.25	12:00:00	98.03	98.95	97.68	98.17	5745	0	8
2026.09.25	16:00:00	98.17	99.57	96.33	96.99	10485	0	8
2026.09.25	20:00:00	96.98	97.85	96.50	97.36	5899	0	8
2026.09.28	00:00:00	98.06	98.17	97.56	97.93	1061	0	8
2026.09.28	04:00:00	97.93	98.76	97.16	98.65	5501	0	8
2026.09.28	08:00:00	98.66	100.30	97.81	100.30	7360	0	8
2026.09.28	12:00:00	100.31	100.76	98.27	98.50	6796	0	8
2026.09.28	16:00:00	98.52	99.93	96.55	97.57	11138	0	8
2026.09.28	20:00:00	97.62	98.26	95.81	98.11	6958	0	8
2026.09.29	00:00:00	97.95	98.39	97.86	98.39	993	0	8
